"name","type","lat","lon","color"
"Mannadi","metro",13.095369,80.286079,"#3281c4"
"அரசினர் தோட்டம்","metro",13.069713,80.273004,"#3281c4"
"Jungametta (u/c)","metro",17.335318,78.468389,""
"Charminar (u/c)","metro",17.361925,78.479991,""
"Shamserganj (u/c)","metro",17.34081,78.468387,""
"Shah Ali Banda (u/c)","metro",17.350774,78.47235,""
"Falaknuma Terminal (u/c)","metro",17.331714,78.469998,""
"Salar Jung Museum (u/c)","metro",17.371782,78.482261,""
"Mansarovar","metro",19.016434,73.080655,""
"Madavara","metro",13.057421,77.472806,"#009933"
"Chikkabidarakallu","metro",13.052362,77.487915,"#009933"
"Manjunathanagara","metro",13.05009,77.494446,"#009933"
"Nagawara (Proposed)","metro",13.042279,77.624858,""
"Khandeshwar","metro",19.00735,73.095283,""
"Kothrud","metro",18.503889,73.807673,"aqua"
"Begumpet","metro",17.437566,78.456934,"blue"
"Jayadeva Hospital","metro",12.916731,77.599966,"yellow"
"Benniganahalli","metro",12.996496,77.668479,"#e542de"
"Aluva","metro",10.110095,76.349516,"#7FFFD4"
"Ambattukavu","metro",10.079421,76.3387,"#7FFFD4"
"Changampuzha Park","metro",10.015102,76.302454,"#7FFFD4"
"Cochin University","metro",10.046679,76.318309,"#7FFFD4"
"Companypady","metro",10.087304,76.342568,"#7FFFD4"
"Edappally","metro",10.025487,76.307985,"#7FFFD4"
"JLN Stadium","metro",10.000272,76.299084,"#7FFFD4"
"Kalamassery Town","metro",10.058539,76.322167,"#7FFFD4"
"Kaloor","metro",9.994299,76.291666,"#7FFFD4"
"Muttom","metro",10.072725,76.333716,"#7FFFD4"
"Palarivattom","metro",10.00633,76.304928,"#7FFFD4"
"Pathadipalam","metro",10.035981,76.314485,"#7FFFD4"
"Pulinchodu","metro",10.095047,76.346784,"#7FFFD4"
"M. G. Road","metro",9.983322,76.282438,"#7FFFD4"
"Chembur","metro",19.05413,72.892806,""
"Dahanukarwadi","metro",19.206232,72.834807,"yellow"
"Kandivali (West)","metro",19.214004,72.837305,"yellow"
"Borivali (West)","metro",19.231392,72.840861,"yellow"
"Mandapeshwar - I.C. Colony","metro",19.249586,72.8458,"yellow"
"Kandarpada","metro",19.256634,72.850504,"yellow"
"Anand Nagar","metro",19.257209,72.866349,"yellow"
"Diamond Garden","metro",19.051719,72.901838,"yellow"
"Shimpoli","metro",19.222833,72.840943,"yellow"
"Eksar","metro",19.240377,72.843446,"yellow"
"CSMI Airport International T2","metro",19.102334,72.874469,"aqua"
"Bandra Kurla Complex (BKC)","metro",19.060663,72.85468,"aqua"
"Maharaja's College","metro",9.973375,76.285108,"#7FFFD4"
"Town Hall","metro",9.991205,76.288438,"#7FFFD4"
"Alandur","metro",13.004256,80.201453,"#53b848"
"Saint Thomas Mount","metro",12.995,80.198582,"#53b848"
"சென்னை விமான நிலையம்","metro",12.980773,80.164183,"#3281c4"
"மீனம்பாக்கம்","metro",12.987639,80.17647,"#3281c4"
"Nanganallur Road","metro",12.999848,80.194003,"#3281c4"
"Ekkattuthangal","metro",13.016922,80.205424,"#53b848"
"Ashok Nagar","metro",13.035477,80.211107,"#53b848"
"Vadapalani","metro",13.050937,80.212065,"#53b848"
"Arumbakkam","metro",13.061675,80.211656,"#53b848"
"சின்னமலை","metro",13.014623,80.224168,"#3281c4"
"கிண்டி","metro",13.009231,80.213095,"#3281c4"
"CMBT","metro",13.06852,80.203984,"#53b848"
"Koyambedu","metro",13.07345,80.194836,"#53b848"
"Pachaiyappa's College","metro",13.075547,80.232852,"#53b848"
"Kilpauk","metro",13.077637,80.242619,"#53b848"
"Nehru Park","metro",13.078784,80.250473,"#53b848"
"Egmore","metro",13.080281,80.263055,"#53b848"
"சைதாப்பேட்டை","metro",13.023939,80.228092,"#3281c4"
"நந்தனம்","metro",13.031681,80.241193,"#3281c4"
"தேனாம்பேட்டை","metro",13.036808,80.246455,"#3281c4"
"ஆயிரம் விளக்கு","metro",13.058516,80.258783,"#3281c4"
"ஏ ஜி டி.எம்.எஸ்","metro",13.045862,80.248303,"#3281c4"
"எல் ஐ சி","metro",13.064372,80.265846,"#3281c4"
"High Court","metro",13.087268,80.284984,"#3281c4"
"Washermanpet","metro",13.107847,80.280949,"#3281c4"
"Whitefield (Kadugodi)","metro",12.995743,77.757949,"#e542de"
"Hopefarm Channasandra","metro",12.987343,77.753803,"#e542de"
"Pattandur Agrahara","metro",12.987639,77.737772,"#e542de"
"Sri Sathya Sai Hospital","metro",12.981195,77.727536,"#e542de"
"Nallurahalli","metro",12.976641,77.724885,"#e542de"
"Kundalahalli","metro",12.977594,77.715559,"#e542de"
"Seetharampalya","metro",12.980856,77.708785,"#e542de"
"Hoodi","metro",12.988803,77.711326,"#e542de"
"Garudacharpalya","metro",12.99345,77.703677,"#e542de"
"Singayyanapalya","metro",12.996545,77.692718,"#e542de"
"Krishnarajapura","metro",12.999902,77.67767,"#e542de"
"Delta Electronics Bommasandra","metro",12.819394,77.688345,"yellow"
"Huskur Road","metro",12.839157,77.677372,"yellow"
"Infosys Foundation Konappana Agrahara","metro",12.84644,77.671187,"yellow"
"Electronic City","metro",12.856505,77.663523,"yellow"
"Beratena Agrahara","metro",12.863878,77.657904,"yellow"
"Hosa Road","metro",12.870749,77.652447,"yellow"
"Singasandra","metro",12.880818,77.644846,"yellow"
"Kudlu Gate","metro",12.889926,77.639216,"yellow"
"Hongasandra","metro",12.901695,77.631986,"yellow"
"Bommanahalli","metro",12.910616,77.626478,"yellow"
"Central Silk Board","metro",12.916582,77.620567,"yellow"
"BTM Layout","metro",12.916588,77.608118,"yellow"
"Ragigudda","metro",12.917081,77.588302,"yellow"
"SEEPZ","metro",19.125999,72.873727,"aqua"
"MIDC - Andheri","metro",19.117354,72.873597,"aqua"
"Marol Naka (Line 3)","metro",19.108504,72.878578,"aqua"
"Dasarahalli","metro",13.043261,77.512553,"#009933"
"Jalahalli","metro",13.03941,77.519735,"#009933"
"Srirampura","metro",12.996525,77.563196,"#009933"
"Andheri L1","metro",19.120564,72.848843,"blue"
"Meenambakkam","metro",12.987673,80.176479,"#3281c4"
"Chennai International Airport","metro",12.980809,80.164203,"#3281c4"
"Central Metro","metro",13.081688,80.273922,"#3281c4"
"வண்ணாரப்பேட்டை","metro",13.107959,80.281025,"#3281c4"
"Baiyappanahalli","metro",12.990759,77.652361,"#e542de"
"Swami Vivekananda Road","metro",12.985931,77.644897,"#e542de"
"Indiranagar","metro",12.978333,77.638661,"#e542de"
"Halasuru","metro",12.976499,77.626686,"#e542de"
"Trinity","metro",12.973022,77.61702,"#e542de"
"Mahatma Gandhi Road","metro",12.975526,77.60679,"#e542de"
"Cubbon Park","metro",12.980958,77.597576,"#e542de"
"Dr. B. R. Ambedkar Station, Vidhana Soudha","metro",12.978742,77.591639,"#e542de"
"Sir M. Visvesvaraya Stn., Central College","metro",12.97452,77.58422,"#e542de"
"Nadaprabhu Kempegowda Station, Majestic","metro",12.975708,77.572876,"#e542de"
"Krantivira Sangolli Rayanna Railway Station","metro",12.975877,77.565377,"#e542de"
"Magadi Road","metro",12.975632,77.555352,"#e542de"
"Sri Balagangadharanatha Swamiji Station, Hosahalli","metro",12.974293,77.545621,"#e542de"
"Vijayanagar","metro",12.970956,77.537404,"#e542de"
"Attiguppe","metro",12.961893,77.533579,"#e542de"
"Deepanjali Nagar","metro",12.952058,77.537012,"#e542de"
"Mysore Road","metro",12.946718,77.530159,"#e542de"
"Mantri Square Sampige Road","metro",12.990463,77.570729,"#009933"
"Mahakavi Kuvempu Road","metro",12.99853,77.556899,"#009933"
"Rajajinagar","metro",13.000525,77.549657,"#009933"
"Mahalakshmi","metro",13.008047,77.548807,"#009933"
"Sandal Soap Factory","metro",13.014654,77.553984,"#009933"
"Peenya","metro",13.033019,77.533201,"#009933"
"Peenya Industry","metro",13.036318,77.525492,"#009933"
"Yelachenahalli","metro",12.89605,77.570119,"#009933"
"Jaya Prakash Nagar","metro",12.907475,77.573128,"#009933"
"Banashankari","metro",12.915221,77.573598,"#009933"
"Rashtreeya Vidyalaya Road","metro",12.921581,77.580202,"#009933"
"Jayanagar","metro",12.929507,77.580144,"#009933"
"South End Circle","metro",12.938257,77.580056,"#009933"
"Lalbagh","metro",12.946526,77.580016,"#009933"
"National College","metro",12.950527,77.57369,"#009933"
"Krishna Rajendra Market","metro",12.960879,77.574658,"#009933"
"Chickpete","metro",12.966897,77.574557,"#009933"
"S. R. Nagar","metro",17.441707,78.441608,"red"
"HITEC City","metro",17.449005,78.383138,"blue"
"Nagole","metro",17.390768,78.558822,"blue"
"Ameerpet (Red Line)","metro",17.435721,78.444793,"red"
"Yusufguda","metro",17.435113,78.427322,"blue"
"Ameerpet (Blue Line)","metro",17.435286,78.444783,"blue"
"Kadavanthra","metro",9.966677,76.298204,"#7FFFD4"
"Elamkulam","metro",9.967267,76.308436,"#7FFFD4"
"Thykoodam","metro",9.96011,76.323729,"#7FFFD4"
"Ernakulam South","metro",9.968617,76.289458,"#7FFFD4"
"Jubilee Hills Checkpost","metro",17.428197,78.413714,"blue"
"Kukatpally","metro",17.485088,78.411638,"red"
"Uppal","metro",17.399938,78.560159,"blue"
"Stadium","metro",17.4074,78.554253,"blue"
"NGRI","metro",17.414826,78.546335,"blue"
"Habsiguda","metro",17.42018,78.540548,"blue"
"Tarnaka","metro",17.428296,78.528441,"blue"
"Mettuguda","metro",17.435521,78.519575,"blue"
"Secunderabad East","metro",17.435718,78.505462,"blue"
"Parade Grounds (Blue Line)","metro",17.443194,78.497469,"blue"
"Paradise","metro",17.443467,78.486244,"blue"
"Rasoolpura","metro",17.443612,78.476405,"blue"
"Prakash Nagar","metro",17.444889,78.465875,"blue"
"Madhura Nagar","metro",17.436965,78.439099,"blue"
"Road No 5 Jubilee Hills","metro",17.430049,78.423207,"blue"
"Peddamma Gudi","metro",17.430651,78.408372,"blue"
"Raidurg","metro",17.44218,78.377182,"blue"
"Parade Grounds (Green Line)","metro",17.444478,78.497584,"green"
"JBS","metro",17.448818,78.496484,"green"
"RTC Cross Roads","metro",17.407032,78.496802,"green"
"Mahatma Gandhi Bus Station (Red Line)","metro",17.379857,78.486202,"red"
"Mahatma Gandhi Bus Station (Green Line)","metro",17.379695,78.485863,"green"
"Malakpet","metro",17.377189,78.493936,"red"
"Musarambagh","metro",17.371073,78.511948,"red"
"Sultan Bazar","metro",17.384447,78.484024,"green"
"Narayanaguda","metro",17.394366,78.489958,"green"
"Chikkadpally","metro",17.400363,78.494896,"green"
"Musheerabad","metro",17.417874,78.499505,"green"
"Gandhi Hospital","metro",17.425515,78.501956,"green"
"Secunderabad West","metro",17.433803,78.499518,"green"
"Kengeri","metro",12.907928,77.476575,"#e542de"
"Jayadeva Interchange (u/c)","metro",12.916733,77.599976,"yellow"
"Pettah","metro",9.952496,76.330185,"#7FFFD4"
"Shivajinagar","metro",18.530475,73.848571,"purple"
"Phugewadi","metro",18.591106,73.831147,"purple"
"Balewadi Stadium","metro",18.579709,73.761542,""
"Doehler India","metro",18.588102,73.702895,""
"Range Hills","metro",18.550287,73.845807,"purple"
"Megapolis Circle","metro",18.57922,73.688,""
"Dapodi","metro",18.583765,73.833766,"purple"
"PMC Bhavan","metro",18.522744,73.85335,"aqua"
"Infosys","metro",18.594195,73.709223,""
"Ruby Hall Clinic","metro",18.532718,73.877749,"aqua"
"District Court (Aqua Line)","metro",18.52672,73.857748,"aqua"
"Quadron","metro",18.584018,73.694818,""
"Sant Tukaram Nagar","metro",18.614525,73.815746,"purple"
"Agriculture College","metro",18.533006,73.841487,""
"Wipro","metro",18.59659,73.717161,""
"Kasarwadi","metro",18.59962,73.827264,"purple"
"RBI","metro",18.536371,73.836692,""
"Wakad Chowk","metro",18.590299,73.757559,""
"Nashik Phata","metro",18.609303,73.820097,"purple"
"Kothrud Bus Depot","metro",18.508126,73.792952,""
"Swargate","metro",18.499745,73.85746,"purple"
"Bopodi","metro",18.569661,73.838103,"purple"
"Vadakkekotta","metro",9.95281,76.339488,"#7FFFD4"
"InfoPark I Station","metro",10.008351,76.362724,""
"SN Junction","metro",9.954677,76.346035,"#7FFFD4"
"Kapurbawdi Station","metro",19.224143,72.977424,"green"
"Sir Theagaraya College","metro",13.115754,80.284744,"#3281c4"
"Tondiarpet","metro",13.124528,80.288856,"#3281c4"
"Wimco Nagar","metro",13.17929,80.307344,"#3281c4"
"Thiruvottriyur","metro",13.171803,80.305269,"#3281c4"
"Kaladipet","metro",13.150667,80.299393,"#3281c4"
"சுங்கச்சாவடி","metro",13.143134,80.296329,"#3281c4"
"புது வண்ணாரப்பேட்டை","metro",13.134519,80.293001,"#3281c4"
"Gaimukh Station","metro",19.284435,72.946808,"green"
"Gowniwada Station","metro",19.276747,72.958227,"green"
"Lokmanya Nagar Bus Depot","metro",19.208858,72.95146,""
"Azad Nagar Bus Stop","metro",19.241037,72.980999,""
"Jnanabharathi","metro",12.935436,77.512406,"#e542de"
"Pantharapalya - Nayandahalli","metro",12.941671,77.525117,"#e542de"
"Kengeri Bus Terminal","metro",12.914689,77.487856,"#e542de"
"Rajarajeshwari Nagar","metro",12.9366,77.519679,"#e542de"
"Pattanagere","metro",12.92425,77.498351,"#e542de"
"Subhash Chandra Bose Ground","metro",19.294238,72.843129,""
"Airport Colony Station","metro",19.105818,72.854017,""
"Anik Nagar Bus Depot Station","metro",19.045827,72.878634,"green"
"Madhapur","metro",17.437264,78.400426,"blue"
"Manpada","metro",19.235478,72.971299,""
"Thiruvottiyur Theradi","metro",13.160215,80.302448,"#3281c4"
"Vanaz","metro",18.507185,73.805195,"aqua"
"Anandnagar","metro",18.509572,73.814075,"aqua"
"Paud Phata","metro",18.508885,73.822144,"aqua"
"SNDT College","metro",18.507357,73.828782,"aqua"
"Garware College","metro",18.511989,73.83805,"aqua"
"Dahisar (East) [Line 7]","metro",19.250698,72.866666,"red"
"Dahisar (East) [Line 2]","metro",19.251733,72.867332,"yellow"
"Aarey","metro",19.169324,72.858792,"red"
"Dindoshi","metro",19.179758,72.858298,"red"
"Kurar","metro",19.1873,72.858455,"red"
"Akurli","metro",19.198159,72.86049,"red"
"Poisar","metro",19.203517,72.863104,"red"
"Magathane","metro",19.216797,72.866801,"red"
"Devipada","metro",19.224036,72.864325,"red"
"Rashtriya Udyan","metro",19.234614,72.863137,"red"
"Ovaripada","metro",19.243149,72.864138,"red"
"Wimco Nagar Depot","metro",13.183971,80.308994,"#3281c4"
"Challaghatta","metro",12.897354,77.461288,"#e542de"
"Silk Institute","metro",12.86173,77.529955,"#009933"
"Thalaghattapura","metro",12.87141,77.538396,"#009933"
"Vajarahalli","metro",12.877437,77.544741,"#009933"
"Doddakallasandra","metro",12.884643,77.552755,"#009933"
"Konanakunte Cross","metro",12.888967,77.562667,"#009933"
"Pimpri Chinchwad Municipal Corporation (PCMC)","metro",18.629319,73.803286,"purple"
"New Market","metro",17.373427,78.503178,"red"
"Shahid Bhagat Singh Garden","metro",19.294812,72.849362,""
"Gundavali","metro",19.114513,72.855156,"red"
"Mogra","metro",19.128436,72.855456,"red"
"Jogeshwari (East)","metro",19.142945,72.855185,"red"
"Goregaon (East)","metro",19.152449,72.856597,"red"
"Andheri (West)","metro",19.129134,72.831431,"yellow"
"Lower Oshiwara","metro",19.140698,72.831714,"yellow"
"Oshiwara","metro",19.146035,72.833952,"yellow"
"Goregaon (West)","metro",19.153024,72.835666,"yellow"
"Lower Malad","metro",19.173098,72.83648,"yellow"
"Malad (West)","metro",19.185285,72.835861,"yellow"
"Valnai-Meeth Chowky","metro",19.196829,72.833775,"yellow"
"Shivaji Nagar","metro",18.532172,73.84966,"purple"
"District Court (Purple Line)","metro",18.526786,73.856899,"purple"
"Chhatrapati Sambhaji Udyan","metro",18.520081,73.847383,"aqua"
"Deccan Gymkhana","metro",18.516448,73.844446,"aqua"
"CBD Belapur","metro",19.0206,73.040266,"#77248B"
"RBI Colony","metro",19.022985,73.047943,"#77248B"
"Biocon Hebbagodi","metro",12.829033,77.681374,"yellow"
"Thrippunithura Terminal","metro",9.950573,76.351724,"#7FFFD4"
"Bund Garden","metro",18.540593,73.883439,"aqua"
"Yerwada","metro",18.545317,73.886688,"aqua"
"Kalyani Nagar","metro",18.544481,73.905698,"aqua"
"Ramwadi","metro",18.557028,73.908563,"aqua"
"JNTU College","metro",17.498656,78.388866,"red"
"KPHB Colony","metro",17.493803,78.401765,"red"
"Miyapur","metro",17.496539,78.373025,"red"
"Victoria Memorial","metro",17.361854,78.54393,"red"
"Dilsukh Nagar","metro",17.368552,78.525717,"red"
"L. B. Nagar Metro Station","metro",17.349829,78.547914,"red"
"Osmania Medical College","metro",17.382347,78.481133,"red"
"Nampally","metro",17.392399,78.470148,"red"
"Moosapet","metro",17.47197,78.426036,"red"
"Lakdi-ka-pul","metro",17.403906,78.465025,"red"
"Khairatabad","metro",17.411532,78.460846,"red"
"Irrum Manzil","metro",17.420556,78.456101,"red"
"Gandhi Bhavan","metro",17.386107,78.4731,"red"
"ESI Hospital","metro",17.447404,78.43835,"red"
"Erragadda","metro",17.457328,78.433462,"red"
"Chaitanyapuri","metro",17.368286,78.535941,"red"
"Bharat Nagar","metro",17.46416,78.430005,"red"
"Balanagar","metro",17.476822,78.421965,"red"
"Assembly","metro",17.398109,78.470818,"red"
"Panjagutta","metro",17.428631,78.451132,"red"
"Nagasandra","metro",13.047954,77.500142,"#009933"
"Yeshwantpur","metro",13.023268,77.549875,"#009933"
"Kadugodi Tree Park","metro",12.98565,77.747012,"#e542de"
"Bandra Colony","metro",19.069963,72.84936,"aqua"
"Santacruz","metro",19.079289,72.847118,"aqua"
"CSMI Airport Domestic T1","metro",19.093899,72.853577,"aqua"
"Sahar Road","metro",19.102196,72.865236,"aqua"
"Bangur Nagar","metro",19.162472,72.834871,"yellow"
"Kasba Peth कसबा पेठ","metro",18.521375,73.859623,"purple"
"Regional Transport Office,Meenambakkam","metro",12.999319,80.200989,""
"miyapur metro","metro",17.496382,78.372749,"red"
"Kukatpally Metro","metro",17.485205,78.411579,"red"
"Balanagar Metro","metro",17.476869,78.421908,"red"
"Dadar","metro",19.023624,72.839221,"aqua"
"Shitala Devi Mandir","metro",19.038464,72.841965,"aqua"
"Dharavi","metro",19.046261,72.849741,"aqua"
"Acharya Atre Chowk","metro",18.99782,72.81772,"aqua"
"Worli","metro",19.008606,72.819274,"aqua"
"Siddhivinayak Temple","metro",19.015894,72.83092,"aqua"
"Jagannath Shankar Sheth Metro","metro",18.969992,72.821179,"aqua"
"Mahalaxmi","metro",18.979467,72.825401,"aqua"
"Science Centre","metro",18.990895,72.821352,"aqua"
"Cuffe Parade","metro",18.913569,72.820715,"aqua"
"Vidhan Bhavan","metro",18.924781,72.825493,"aqua"
"Churchgate","metro",18.931495,72.826939,"aqua"
"Hutatma Chowk","metro",18.934185,72.832504,"aqua"
"Chhatrapati Shivaji Maharaj Terminus","metro",18.940833,72.831861,"aqua"
"Kalbadevi","metro",18.946329,72.827193,"aqua"
"Girgaon","metro",18.952102,72.822206,"aqua"
"Grant Road","metro",18.963218,72.818044,"aqua"
"Mandale","metro",19.049592,72.938661,"yellow"
"Shivaji Chowk (Chembur)","metro",19.047938,72.906981,"yellow"
"Deonar","metro",19.044833,72.917495,"yellow"
"Mankhurd","metro",19.049217,72.931231,"yellow"
"District Court (Pink Line)","metro",18.528328,73.856089,"purple"
"Wagle Circle","metro",19.196284,72.94925,""
"Shivai Nagar","metro",19.21739,72.954171,""
"Neelkanth Terminal","metro",19.221187,72.959392,""
"Ghandi Nagar","metro",19.219113,72.967518,""
"Dr. Kashinath Ghanekar Natyagruha","metro",19.229168,72.969884,""
"Dongripada","metro",19.248771,72.974732,"green"
"Vijay Nagari","metro",19.255467,72.973519,""
"Waghbil","metro",19.263921,72.979427,""
"Waterfront","metro",19.262495,72.988409,""
"Patlipada","metro",19.247301,72.983182,""
"Yervada Metro Station","metro",18.545278,73.886533,"aqua"
"Shivaji Nagar Railway Station","metro",18.532398,73.851385,"purple"
"District Court Metro Station","metro",18.526713,73.857569,"aqua"
"Khadki","metro",18.562262,73.842083,"purple"
"Savitribal Phule Pune University","metro",18.542347,73.827173,""
"YASHADA","metro",18.546325,73.819665,""
"Krushi Anusandhan","metro",18.550269,73.808227,""
"Baner","metro",18.554964,73.797938,""
"Baner Gaon","metro",18.559196,73.790598,""
"Balewadi Phata","metro",18.564186,73.779766,""
"High Street","metro",18.570512,73.774838,""
"NICMAR","metro",18.575034,73.766062,""
"Jakat Naka","metro",18.590967,73.7463,""
"Hinjawadi","metro",18.592395,73.737357,""
"Bhakti Shakti","metro",18.662561,73.774574,""
"Nigdi","metro",18.658399,73.778398,""
"Akurdi","metro",18.65116,73.784747,""
"Chinchwad","metro",18.639173,73.794931,""
"Vitthalwadi","metro",18.598036,74.004574,""
"Bakori Phata","metro",18.590216,73.997801,""
"Siddharth Nagar","metro",18.582664,73.988709,""
"Wagholi","metro",18.58061,73.983649,""
"Wagheshwar Temple","metro",18.580696,73.978999,""
"Upper Kharadi Rd","metro",18.575658,73.962641,""
"Ubale Nagar","metro",18.572609,73.95594,""
"Tuljabhavani Nagar","metro",18.567097,73.946837,""
"Kharadi Bypass","metro",18.562359,73.937809,""
"Somnath Nagar","metro",18.562864,73.928401,""
"Viman Nagar","metro",18.561482,73.920388,""
"Karve Putala","metro",18.502603,73.817815,""
"Nal Stop","metro",18.505488,73.824285,"aqua"
"Dahanukar Colony","metro",18.495987,73.81348,""
"Karve Nagar","metro",18.488076,73.813461,""
"Warje","metro",18.47996,73.805508,""
"Daulat Nagar","metro",18.472616,73.811385,""
"Manik Baug","metro",18.467138,73.817952,""
"Dalvewadi","metro",18.454999,73.797143,""
"Nanded City","metro",18.457185,73.802869,""
"Dhayari Phata","metro",18.45892,73.809396,""
"Hingane Chowk","metro",18.481056,73.825802,""
"Rajaram Pul","metro",18.488103,73.829398,""
"Deshpande Udyan","metro",18.494875,73.837048,""
"Dandekar Pul","metro",18.50084,73.84518,""
"Swargate North","metro",18.500704,73.856872,"purple"
"Chandani Chowk","metro",18.507636,73.786698,""
"Market Yard","metro",18.487786,73.857518,""
"Bibwewadi","metro",18.475233,73.856249,""
"Padmavati","metro",18.461007,73.858097,""
"Balaji Nagar","metro",18.453227,73.858379,""
"Katraj","metro",18.446573,73.859009,""
"Seven Loves Chowk","metro",18.501458,73.869616,""
"Pune Cantonment Board","metro",18.502756,73.878369,""
"Race Course","metro",18.506465,73.889388,""
"Fatima Nagar","metro",18.506547,73.900526,""
"Ramtekadi","metro",18.506308,73.911628,""
"Hadapsar","metro",18.50367,73.922775,""
"Dahisar (East) [Line 9]","metro",19.25108,72.867452,"red"
"Pandurang Wadi","metro",19.260099,72.87264,"red"
"Miragaon","metro",19.271007,72.880698,"red"
"Kashigaon","metro",19.277666,72.88024,"red"
"Porur Junction","metro",13.035861,80.156761,"#FFDF00"
"Poonamallee Bypass","metro",13.048021,80.081814,"#FFDF00"
"Thelliyaragaram","metro",13.036864,80.141862,"#FFDF00"
"Porur Bypass","metro",13.036226,80.149971,"#FFDF00"
"Kumananchavadi Metro","metro",13.044683,80.118909,"#FFDF00"
"Poonamallee Government Hospital Metro","metro",13.049712,80.101998,"#FFDF00"
"Poonamallee Bus Stand Metro","metro",13.050922,80.094923,"#FFDF00"
"Kattupakkam","metro",13.041979,80.125382,"#FFDF00"
"Karayanchavadi Metro","metro",13.046711,80.110905,"#FFDF00"
"Iyappanthangal Metro","metro",13.038183,80.134988,"#FFDF00"
"Madhavaram Milk Colony","metro",13.149667,80.241421,"#800080"
"Sholinganallur Metro","metro",12.900958,80.227965,"#800080"
"Kodambakkam Metro","metro",13.052118,80.231127,""
"Panagal Park Metro","metro",13.041026,80.233453,""
"Boat Club Metro","metro",13.02935,80.247704,""
"Bharathidasan Road Metro","metro",13.035814,80.254976,""
"Alwarpet Metro","metro",13.038301,80.259646,""
"Thirumayilai Metro","metro",13.036832,80.267649,""
"Kutchery Road Metro","metro",13.034363,80.273232,""
"Lighthouse Metro","metro",13.043838,80.280042,""
"Madhavaram Depot","metro",13.155758,80.238664,"#FF0000"
"Royapettah Metro","metro",13.054508,80.264239,""
"மைலாப்பூர்","bus",13.033434,80.267946,""
"Foreshore Estate Bus Terminus","bus",13.022402,80.276327,""
"V House Bus Terminus","bus",13.051211,80.277839,""
"Poonamallee MTC Terminus","bus",13.05116,80.094955,""
"GingerBread","bus",13.080216,80.173696,""
"Nanganallur Bus Terminus","bus",12.977807,80.181248,""
"Ramanattukara","bus",11.17824,75.86531,""
"Palayam Bus Stand","bus",11.249439,75.784203,""
"Puratchi Thalaivar Dr. M.G.R Bus Terminus","bus",13.06846,80.205125,""
"Ramapuram Bus Stand","bus",13.034805,80.173857,""
"Taramani","bus",12.985477,80.240563,""
"Saligramam Bus Terminus","bus",13.053339,80.197083,""
"Perambur MTC Terminus","bus",13.108569,80.248252,""
"ICF MTC Terminus","bus",13.100243,80.214714,""
"Kovilpalayam Main Bus Stop","bus",11.135418,77.033752,""
"Minjur MTC Terminus","bus",13.28201,80.253705,""
"Manali MTC Terminus","bus",13.169977,80.257159,""
"மாதவரம் மாநகர பேருந்து முனையம்","bus",13.152368,80.228345,""
"Tarnaka Bus Stop","bus",17.426317,78.531326,""
"Kundrathur Temple MTC Terminus","bus",12.987217,80.093238,""
"Hasthinapuram MTC Terminus","bus",12.940444,80.150586,""
"Tambaram MTC Terminus","bus",12.925339,80.116745,""
"Tambaram East MTC Terminus","bus",12.923598,80.117091,""
"பழவேற்காடு","bus",13.417722,80.313942,""
"BANDA BUS STAND","bus",15.81894,73.86246,""
"Ayanavaram MTC Terminus","bus",13.098591,80.242004,""
"Town Bus Stand","bus",10.086309,77.06008,""
"மகாபலிபுரம்","bus",12.617473,80.193882,""
"Yercaud Bus Stand","bus",11.776765,78.209127,""
"Erumaivettipalayam Bus Stand","bus",13.242455,80.120113,""
"Puzhuthivakkam Bus Stand","bus",12.97398,80.202931,""
"Ayyapanthangal","bus",13.037793,80.134942,""
"Ennore MTC Terminus","bus",13.214722,80.320837,""
"Old Bus Stand","bus",10.786954,79.137605,""
"KK Nagar West MTC Terminus","bus",13.044159,80.193303,""
"Kannagi Nagar MTCTerminus","bus",12.925654,80.238308,""
"NGO Colony Bus Terminus","bus",12.994789,80.206816,""
"Thiruverkadu MTC Bus Terminus","bus",13.069585,80.124022,""
"Semmanchery MTC Terminus","bus",12.874697,80.209765,""
"Elango Nagar MTC Terminus","bus",13.090602,80.185474,""
"Parvathi Nagar MTC Terminus","bus",13.145751,80.250441,""
"Tambaram Bus Stand","bus",12.927719,80.118742,""
"Madipakkam Bus Stand","bus",12.962861,80.198284,""
"Mysore City Bus Stand","bus",12.307989,76.653633,""
"Chikkamaranahalli","bus",13.036222,77.566348,""
"Uttarahalli Bus Station","bus",12.905273,77.543288,""
"Jalahalli Village","bus",13.04523,77.547996,""
"Bhavani Bus Stand","bus",11.452748,77.688559,""
"Thiruvayar Bus Stand","bus",10.787695,79.138529,""
"Kolathur Bus Stand","bus",10.94716,76.137633,""
"Tirumayam Bus Stop","bus",10.245785,78.746841,""
"Afzalgunj","bus",17.373007,78.476656,""
"Kalyan","bus",19.236388,73.130362,""
"Channarayapatna Bus Station","bus",12.898085,76.391215,""
"Sirkazhi Bus Stand","bus",11.234463,79.738467,""
"Bus stand","bus",12.456739,75.960191,""
"Srirangapatna","bus",12.42079,76.691512,""
"KPHB 3rd Phase Bus Stop","bus",17.487951,78.395392,""
"Vinayakapuram","bus",13.139863,80.20568,""
"Bhaucha Dhakka / Ferry Wharf","bus",18.95694,72.849529,""
"Kamalapura Bus Stand","bus",15.305775,76.474029,""
"509","bus",18.575184,73.899559,""
"Pune Railway Station Bus Depot","bus",18.526529,73.877141,""
"Karamadai Bus Stand","bus",11.23952,76.959869,""
"Gorai Bus Depot","bus",19.232396,72.829636,""
"Maralawadi","bus",12.612133,77.525212,""
"Harohalli Bus Stand","bus",12.680082,77.469908,""
"Srinagar Bus Station","bus",12.944438,77.554664,""
"Borivali  RS (East)","bus",19.229955,72.857632,""
"Hosapete Bus Stand","bus",15.275187,76.389262,""
"Padappai Bus Stand","bus",12.886724,80.021501,""
"TGSRTC Bus Station ,  Narketpalle","bus",17.204123,79.193972,""
"Private Bus Stand","bus",12.318726,76.64828,""
"Tallada","bus",17.215505,80.421762,""
"Wyra bustand","bus",17.191886,80.361948,""
"Kasaragod Muncipal Bus stand","bus",12.506862,74.99429,""
"Mohanur Bus Stand","bus",11.061753,78.138621,""
"Rajgurunagar Bus Stop","bus",18.854108,73.888357,""
"Bus Stand Kovalam","bus",12.786607,80.250199,""
"Bus Stand","bus",12.611072,80.056511,""
"APSRTC Bus Station , Puttur","bus",13.435212,79.552878,""
"Guduvancheri MTC Terminus","bus",12.844796,80.061804,""
"வால்பாறை - വാൽപ്പാറ","bus",10.326354,76.954998,""
"Krishnarajanagara Bus Stand","bus",12.438599,76.381234,""
"Private bus stand","bus",10.301936,76.335926,""
"Sulur Bus Stand","bus",11.025944,77.125217,""
"Local Bus Stand","bus",11.405584,76.704222,""
"Sembatti Bus Stand","bus",10.28104,77.871426,""
"Vadipatti Bus Stand","bus",10.082445,77.966555,""
"Guruvayur Private Bus Stand","bus",10.593332,76.04386,""
"TGSRTC  Bus Station , Warangal","bus",17.974546,79.605348,""
"Avadi Market","bus",13.116052,80.106263,""
"Ooralpatty","bus",10.284046,77.630297,""
"APSRTC Bus Station , Ongole","bus",15.511204,80.041844,""
"TGSRTC Bus Station , Medchal","bus",17.634199,78.485753,""
"Uttangarai","bus",12.267338,78.53567,""
"Sun City","bus",18.474876,73.813655,""
"குன்னூர்","bus",11.343729,76.794665,""
"Vallam main bus station","bus",10.718151,79.062459,""
"Marol Depot","bus",19.117908,72.865721,""
"Vellore Old Bus Stand","bus",12.922152,79.132522,""
"Kurla East","bus",19.064502,72.880323,""
"Trombay","bus",19.033651,72.950364,""
"KK Nagar MTC Terminus","bus",13.035422,80.205717,""
"IOC MTC Terminus","bus",13.139069,80.282031,""
"Thirovttriyur MTC Terminus","bus",13.172164,80.305091,""
"Bandra Terminus","bus",19.062949,72.841537,""
"Narshinhavadi Bus Stand","bus",16.693824,74.5997,""
"Thiruporur Bus Stand","bus",12.722079,80.187714,""
"Mangammanapalya","bus",12.907083,77.635161,""
"Mathur MMDA","bus",13.171374,80.247506,""
"Chaphekar Chowk","bus",18.630087,73.779897,""
"Bus Stop","bus",17.39868,78.481781,""
"Kalanad bus station","bus",12.450749,75.022493,""
"Mangad Bus Stop","bus",12.455054,75.033286,""
"Hosa Hagaribommanahalli Bus Station","bus",15.044509,76.209524,""
"Kabbur Bus Stand","bus",16.348547,74.729925,""
"Bus Terminal, Kakkanad","bus",10.02075,76.343682,""
"BMTC","bus",13.036732,77.523703,""
"Harihar KSRTC bus station","bus",14.514736,75.810133,""
"APSRTC Bus Station , Nellore","bus",14.442024,79.977364,""
"Iritty","bus",11.989648,75.678415,""
"Kuvempunagar 2nd Stage","bus",13.073049,77.541338,""
"Horanadu","bus",13.275973,75.344407,""
"Paleru","bus",17.207973,79.922607,""
"Shimoga KSRTC Bus Stand","bus",13.928988,75.568065,""
"Shimoga Bus Stand (Pvt)","bus",13.929488,75.567737,""
"Wadala Depot","bus",19.014778,72.852397,""
"Mulund Depot","bus",19.175698,72.946488,""
"Ghatkopar Station (W)","bus",19.08754,72.908163,""
"Manapa Bhavan","bus",18.523025,73.853423,""
"Samata Nagar","bus",19.206861,72.869745,""
"Sahar Cargo Complex","bus",19.097537,72.865288,""
"Kandivali (E)","bus",19.201696,72.85373,""
"Majas Depot","bus",19.138936,72.86476,""
"Thennambulam Mill","bus",10.432519,79.775646,""
"Thennambulam Road","bus",10.430285,79.777706,""
"Sathiraththadi Bus Stop","bus",10.424892,79.783529,""
"Karuppambulam Road Bus Stop","bus",10.422503,79.785823,""
"Kuravappulam Kadaitheru","bus",10.421332,79.787869,""
"Pallipalayam Bus Stop","bus",11.364648,77.747779,""
"Ksrtc Depot, Thalassery","bus",11.760962,75.482038,""
"Lakshmeshwar KSRTC Bus stand","bus",15.12373,75.474117,""
"Karuppambulam","bus",10.388013,79.788576,""
"Banjara Hills Rd12","bus",17.414529,78.424731,""
"Dharmasthala Private Bus Station","bus",12.953288,75.38091,""
"Pilathara Bus Stand","bus",12.080294,75.263337,""
"Payyanur New","bus",12.108134,75.215101,""
"Vatakara Old Bus Stand","bus",11.597402,75.587553,""
"Medavakkam Bus Terminus","bus",12.919728,80.182261,""
"Kateel Bus Stand","bus",13.045135,74.870793,""
"KSRTC Bus Station","bus",13.994226,74.549868,""
"Sangama Mekedatu Bus Service","bus",12.288048,77.433759,""
"JK Hill Park Bus Stop","bus",18.451306,73.811043,""
"Tirthahalli Main Bus Stop","bus",13.690441,75.249774,""
"Kotty Railway Gate","bus",12.097602,75.193481,""
"Mysore Road Bus Station","bus",12.953409,77.543571,""
"Private Bus Station","bus",13.260185,76.475204,""
"Peenya 2nd Stage","bus",13.010859,77.506929,""
"mahalaxmi bus stop","bus",18.570792,73.879203,""
"Shirdi Bus Stand","bus",19.763043,74.476686,""
"Chintamani Busstand","bus",13.400327,78.056145,""
"SRS Bus Station","bus",12.980379,77.57602,""
"VRL Bus Station","bus",12.980325,77.575473,""
"Ullal Bus Station","bus",12.821071,74.840745,""
"Krishnagiri Town Bus Station கிருஷ்ணகிரி டவுன்","bus",12.52864,78.217862,""
"Perdur Bus Station","bus",13.386475,74.905371,""
"Malpe Bus Stand","bus",13.348426,74.703315,""
"Ranebennur","bus",14.615852,75.633997,""
"Omassery","bus",11.36389,75.964552,""
"Mukkam","bus",11.320866,75.997163,""
"கும்பகோணம்","bus",10.958716,79.388067,""
"KSRTC Bus Stand","bus",12.557179,75.393417,""
"Melur","bus",10.029882,78.335159,""
"TNSTC Bus Stand , Kallakurichi","bus",11.738688,78.964777,""
"Banavara Bus Stand","bus",13.408836,76.161607,""
"Gudiyattam New Bus Stand","bus",12.945364,78.8715,""
"Murudeshwara Bus Stand","bus",14.095086,74.489745,""
"Thottil Palam Bus Stand","bus",11.677324,75.780267,""
"Karur Mini Bus Station","bus",10.961245,78.075655,""
"കോതമംഗലം","bus",10.060455,76.628751,""
"Bhadravati KSRTC Bus Station","bus",13.843071,75.696217,""
"Sangareddy Old Bus Stand","bus",17.626898,78.08607,""
"NLC Central Bus Stand","bus",11.60533,79.507189,""
"Main bus stand","bus",11.442455,77.694326,""
"GPR Quarters","bus",17.440024,78.355767,""
"KPHB","bus",17.49396,78.400841,""
"New Kundapur Bus Terminal","bus",13.636024,74.689542,""
"Indira Vasahat","bus",18.481568,73.900633,""
"Shravanabelagola Bus Stand","bus",12.858753,76.4853,""
"Punjai Puliampatti Bus Stand","bus",11.349744,77.166971,""
"Vetapalem Bus Stop","bus",15.780829,80.306536,""
"Arakkonam Bus stand","bus",13.085404,79.660698,""
"Junnar ST Stand","bus",19.205177,73.869971,""
"Sannati","bus",16.831112,76.91958,""
"Kattumannarkoil","bus",11.276905,79.55101,""
"Chikkalasandra Bus Stop","bus",12.915167,77.552159,""
"AGS Layout Bus Stand","bus",12.91238,77.537175,""
"Aduturai","bus",11.017347,79.480246,""
"Vaitheeshwaran Koil","bus",11.192714,79.709468,""
"Vettavalam Bus Stand","bus",12.107903,79.246345,""
"Manapparai Bus Stand","bus",10.606314,78.420078,""
"Valluvar Nagar Bus Stop","bus",12.893383,80.183493,""
"Secunderabad","bus",17.435954,78.50005,""
"Shankaranarayana","bus",13.605971,74.859955,""
"KSRTC Bus stand","bus",13.739812,76.902237,""
"Itagi Cross","bus",14.35227,74.777157,""
"Devarayana Durga Bus Stop","bus",13.37357,77.207527,""
"Arekere MICO Layout Bus Station","bus",12.88945,77.594037,""
"Bajpe","bus",12.980744,74.884153,""
"City Bus Stand","bus",15.460688,75.011676,""
"New Bus Stand","bus",14.771057,75.128052,""
"Bus Station","bus",15.451994,75.301205,""
"Chembur Colony Bus Depot","bus",19.045259,72.893527,""
"City Bus Terminus","bus",15.344683,75.145329,""
"Hunsur Government Bus Stand","bus",12.308888,76.294535,""
"Old Government bus station","bus",12.308457,76.291106,""
"Mulki Bus stand","bus",13.090817,74.787423,""
"Edavannappara Bustand","bus",11.245024,75.975512,""
"RTC WORKSHOP","bus",18.45942,79.11975,""
"Haliya","bus",16.780157,79.32359,""
"Mallinatha Pura","bus",12.3415,76.439743,""
"Manchar ST Stand","bus",19.001109,73.943994,""
"Malleswaram 18th Cross","bus",13.009851,77.569177,""
"Wipro EC Bus Stand","bus",12.838921,77.659722,""
"Infosys Bus Station","bus",12.358177,76.599394,""
"Surpur Bus Station","bus",16.525678,76.757065,""
"TGSRTC  Bus Stand , Shadnagar","bus",17.067512,78.204774,""
"Mundargi bus stop","bus",16.774129,77.182457,""
"Azheekal Bus Terminal","bus",11.943817,75.305116,""
"Worli Village","bus",19.016916,72.820083,""
"Chendani Koliwada (C.I.D.C.O)","bus",19.187833,72.97991,""
"TGSRTC Bus Station , Kacheguda","bus",17.390295,78.499034,""
"Golconda Fort","bus",17.385011,78.403384,""
"TGSRTC Bus Station , Midhani","bus",17.340029,78.503388,""
"TGSRTC Bus Station , Patancheru","bus",17.528742,78.264136,""
"Hutti Camp Bus Stand","bus",16.195621,76.656479,""
"Devgad ST Stand","bus",16.377516,73.381432,""
"Hegdekatta Mosque","bus",14.606882,74.718028,""
"Kadabala","bus",14.64185,74.726326,""
"Salkani","bus",14.663386,74.716605,""
"Kolagibees","bus",14.558881,74.760772,""
"Kuntemane","bus",14.595565,74.796075,""
"APSRTC Bus Station , Rayachoti","bus",14.05742,78.748648,""
"Ram Nagar","bus",11.245999,77.10149,""
"Sellanur","bus",11.255127,77.099296,""
"Kolli Pannai","bus",11.262408,77.097585,""
"Vadakkalur","bus",11.268064,77.098057,""
"Karia Goundanur","bus",11.272331,77.098142,""
"Karia Goundanur Kovil","bus",11.276197,77.097982,""
"TSRTC BUS BHAVAN","bus",17.406679,78.498622,""
"Gingee Bus Station","bus",12.254202,79.416502,""
"Kannur Government Hospital Private Bus Stand","bus",11.861949,75.371398,""
"Kerala State Road Transport Corperation, Mananthavadi","bus",11.804587,76.007154,""
"Churchgate","bus",18.933108,72.828595,""
"Reddipalli Cheruvukatta","bus",14.083047,79.236705,""
"Bilagi","bus",16.346268,75.621938,""
"Bus station","bus",15.909587,75.501904,""
"bus stop","bus",17.497287,78.381492,""
"TGSRTC Bus Station , Nagar Kurnool","bus",16.487073,78.311972,""
"Mayiladuthurai Old Bus Stand","bus",11.101996,79.650491,""
"Hiriyuru","bus",13.941671,76.619814,""
"Hubli Railway Station","bus",15.352323,75.145596,""
"Edakkara Bus Stand","bus",11.356582,76.306033,""
"KSRTC","bus",9.977111,76.579792,""
"APSRTC Bus Station , Gudur","bus",14.144398,79.855249,""
"Chavakkad","bus",10.582042,76.022201,""
"Athani Bus station","bus",16.722144,75.064839,""
"Ichalkaranji Bus Station","bus",16.689,74.460129,""
"Koorachundu Bus Stand","bus",11.540186,75.84307,""
"Sakharayapattana Bus Station","bus",13.433904,75.917263,""
"बस स्थानक (Bus Stand, Shirur Anantpal)","bus",18.334009,76.830191,""
"Hulakoti Bus Station","bus",15.423239,75.543745,""
"Chamundi Hill","bus",12.2749,76.671111,""
"Kunigal KSRTC Bus Stand","bus",13.025181,77.029384,""
"Bidkin Bus Stand","bus",19.703899,75.299605,""
"Siddipet Old Bus Stop","bus",18.101606,78.851597,""
"Paolo Travel","bus",15.279015,76.388575,""
"Paolo bus station","bus",15.289314,73.954323,""
"Uppal","bus",17.40174,78.568726,""
"Chembarambakkam","bus",13.031804,80.055528,""
"Guindy Bus Stand","bus",13.009059,80.210793,""
"Sanath Nagar Bus Depot","bus",17.45498,78.447872,""
"Colva Beach","bus",15.276286,73.914571,""
"HSR Layout","bus",12.912736,77.638005,""
"TGSRTC BUS STATION , V . M BANJARA","bus",17.206822,80.659539,""
"Chandrugonda","bus",17.390286,80.643307,""
"Hutti Bus Station","bus",16.201075,76.666304,""
"Attibele","bus",12.777898,77.771193,""
"Tatacherla Bus Stop","bus",16.812264,80.249358,""
"bus station","bus",17.282261,79.088485,""
"Gudiyattam Old Bus Stand","bus",12.943819,78.870045,""
"TGSRTC  Bus Station , Mancherial","bus",18.881519,79.445358,""
"riban bus station","bus",19.362029,79.292853,""
"bus stand","bus",19.500829,75.747293,""
"Vadavalli Bus Stand","bus",11.026755,76.90583,""
"Aniyapuram Bus Stop","bus",11.14108,78.158563,""
"Sathagalli","bus",12.333111,76.693177,""
"Loni Bus Stand","bus",19.5777,74.468303,""
"Hassan Bus Station","bus",12.99818,76.104636,""
"Moolakkal","bus",10.966099,75.885098,""
"Tanur","bus",10.977916,75.880539,""
"Kuttiady New Bus Stand","bus",11.654526,75.751435,""
"KSRTC Depot","bus",14.62731,74.847517,""
"Government Bus Station","bus",14.169147,75.020897,""
"Udupi City Bus Terminus","bus",13.343661,74.747895,""
"parthasarathy bus station","bus",11.325973,75.790124,""
"Cherukulam Bus Station","bus",11.334642,75.771755,""
"Mallikadave Bus Stand","bus",11.309627,75.785281,""
"Narikkuni Bus Stand","bus",11.367698,75.864159,""
"Chaudapura Bus Stand","bus",17.236281,76.553655,""
"Poompuhar Bus Stand","bus",11.144219,79.853389,""
"Kuttiady Bus Stand","bus",11.654169,75.753143,""
"bus stand vengara","bus",11.050499,75.977098,""
"Malebennur Bus Station","bus",14.354725,75.740542,""
"Sikkal Bus Stop","bus",10.757349,79.800102,""
"Cheranalloor Ferry Bus Station","bus",10.072223,76.282758,""
"Vedaranyam","bus",10.376529,79.851678,""
"Pattambi Bus Stand","bus",10.801267,76.179124,""
"Goregaon Bus Depot","bus",19.154244,72.835773,""
"Oshiwara Bus Depot","bus",19.153133,72.835898,""
"Kurla Depot","bus",19.074566,72.876058,""
"SRE Ananth Group Bus Station","bus",14.465297,75.924775,""
"മലപ്പുറം കെ.എസ്.ആർ.ടി.സി","bus",11.042552,76.080073,""
"Nidagundi Bus Stand","bus",16.355343,75.935711,""
"Local Bus Stand;தர்மபுரி","bus",12.134852,78.162584,""
"Hogenakkal","bus",12.120847,77.778683,""
"Pennagaram","bus",12.133658,77.897348,""
"Siddapura Bus Stand","bus",12.297289,75.875302,""
"Vaishali Nagar","bus",19.187297,72.94553,""
"Santacruz Bus Depot","bus",19.090568,72.838283,""
"Kalasapura Bus Stand","bus",13.277081,75.93471,""
"Bus stop","bus",17.417168,78.481773,""
"Tagachguppe Bus Stop","bus",12.959423,77.288422,""
"APSRTC Bus Station , Aluru","bus",15.399282,77.224122,""
"Aluru Bus Stop","bus",15.395207,77.226251,""
"Thermal Bus Station","bus",11.59685,79.478,""
"Old Gudahalli","bus",12.960995,77.550894,""
"mahedipatnam","bus",17.395515,78.432049,""
"Bus Station Puttanahalli","bus",13.11105,77.579749,""
"Kaukuntla Bus Stop","bus",16.52313,77.859829,""
"ottupara bus stand","bus",10.666158,76.254386,""
"Mangaon Bus Station","bus",18.239312,73.280658,""
"Goregaon Bus Station","bus",18.153558,73.294672,""
"Thudupathi Bus Station","bus",11.302424,77.549236,""
"Kandanakam Kerala State Road Transport Corporation","bus",10.813916,76.014015,""
"Marical","bus",16.604159,77.727743,""
"Stand","bus",16.816374,74.643305,""
"Nandhavaram","bus",14.702682,79.470709,""
"Shirol Bus Stand","bus",16.736284,74.601689,""
"Palapetty beach","bus",10.362378,76.108148,""
"SHIRALA BUS STAND","bus",16.990288,74.142136,""
"Gondpipri","bus",19.71463,79.683553,""
"Rajura","bus",19.783361,79.367048,""
"Payyoli","bus",11.515017,75.620078,""
"Jayapura Bus Stand","bus",13.401063,75.371374,""
"sri sai dhaba zahirabad","bus",17.686401,77.58723,""
"Nandi Nagar bus stand","bus",17.42008,78.430837,""
"Old ST Stand","bus",16.697166,74.455404,""
"thazhe chovva","bus",11.865846,75.407175,""
"mele chovva","bus",11.871707,75.396983,""
"Munekolala bus stand","bus",12.948695,77.708076,""
"TGSRTC  Bus Station , Koti","bus",17.384431,78.484429,""
"K.K.Nagar Bus Station","bus",10.757342,78.692068,""
"TGSRTC  Bus Depot , Siddipet","bus",18.093333,78.852838,""
"Panthrandil","bus",12.186741,75.129415,""
"Siddapura Bus Station","bus",14.345472,74.894176,""
"Thozhuvanoor","bus",10.900761,76.059206,""
"APSRTC Bus Station / Bus Shelter , Sundipenta","bus",16.073887,78.911476,""
"Muslim Chowk Kalaburagi","bus",17.345064,76.84466,""
"T.S.R.T.C District Bus","bus",17.344846,78.55364,""
"Dharavi Depot","bus",19.051096,72.858191,""
"ESI Bus Stop","bus",11.007115,77.010998,""
"Napoklu","bus",12.306819,75.687804,""
"Molakalmuru Bus Station","bus",14.718549,76.746311,""
"Munnar Local bus stand","bus",10.086325,77.061182,""
"Agali Bus Stop","bus",13.785101,77.054003,""
"Nerul Sector 46/48 NMMT Bus Depot","bus",19.007865,73.016347,""
"TNEB bus stop","bus",12.956587,79.141792,""
"Shewalewadi Bus Depot","bus",18.495486,73.971356,""
"Keezhur kunnu","bus",11.970788,75.65907,""
"Punnad","bus",11.96421,75.655176,""
"kothakota bustop","bus",16.381286,77.941699,""
"Alathur private Bus staion","bus",10.646923,76.541739,""
"Guduru sc","bus",15.938854,75.916624,""
"Vadalur Bus Stand","bus",11.555689,79.555404,""
"Turuvekere","bus",13.162666,76.66572,""
"New bus stand koyilandy","bus",11.441063,75.695578,""
"Emlibun","bus",17.332495,78.530328,""
"A.P.R.T.C BUS STOP","bus",17.344657,78.553918,""
"Shirur S.T Stand","bus",18.827521,74.37334,""
"Chakan","bus",18.756648,73.858668,""
"Talegaon Phata S.T. Stand","bus",18.755574,73.859125,""
"Perambakkam Bus Depo","bus",13.037318,79.813589,""
"Mogappair West Bus Terminus","bus",13.082209,80.170411,""
"Vembuva","bus",12.065979,75.579921,""
"Payyavoor","bus",12.06102,75.581181,""
"Electronic City Wipro Main Gate","bus",12.835998,77.657169,""
"Kozhinjampara Bus Stand","bus",10.737547,76.833696,""
"Nutakki Bus Stop","bus",16.413682,80.648346,""
"Lam Bus Stop","bus",16.382489,80.434158,""
"SRM Travels","bus",13.071098,80.202996,""
"Bus shulter","bus",16.406407,80.62216,""
"Cheak Post","bus",14.549692,74.325459,""
"Chilakaluripeta Bus Stop","bus",16.232709,80.05317,""
"Vinkonda Bus Stop","bus",16.232192,80.053064,""
"Narasaraopet bus station","bus",16.22532,80.065488,""
"Jetty to Ayitti, Padne, Kotty","bus",12.144303,75.14815,""
"Reddy Nagar Busstop","bus",16.239622,80.038326,""
"KSRTC bus stand","bus",14.905037,76.388003,""
"TGSRTC  Bus Station , Bhainsa","bus",19.10513,77.962659,""
"Pachoor Bus Stop","bus",12.593064,78.462992,""
"Vaiyampatti","bus",10.55079,78.303671,""
"Agarabannihatti stop","bus",14.05599,75.932452,""
"Musiri","bus",10.951872,78.440335,""
"Molekkurish Bus Stop","bus",10.036662,76.416278,""
"Koduvally Bustand","bus",11.361259,75.910378,""
"Akkampeta Bus Stop","bus",13.643239,80.017065,""
"Perkit Bus Stand","bus",18.792045,78.307915,""
"Perkit Bus Station","bus",18.792045,78.307915,""
"Vellikulangara Bus Stand","bus",10.360531,76.410899,""
"Sarjapura Bus Stand","bus",12.861384,77.785574,""
"Wai ST Stand","bus",17.949675,73.883586,""
"ST Stand Depot","bus",17.949388,73.884835,""
"C.B.D.Belapur Railway Station","bus",19.020912,73.039889,""
"Kurinjipadi Bustand","bus",11.562529,79.597126,""
"Hampi Bus Stand","bus",15.33434,76.462211,""
"Viralimalai","bus",10.607542,78.546825,""
"Mayiladuthurai new bus stand","bus",11.099623,79.651287,""
"மருதமலை பேருந்து நிலையம்","bus",11.043499,76.863919,""
"vadavalli bus stand","bus",11.027921,76.905941,""
"Somanur Bus Stand","bus",11.084525,77.187703,""
"टी.एस्.आर्.टी.सी. बोधन् बस् स्टांड्","bus",18.658903,77.895091,""
"Форт Кабо де Рама","bus",15.088956,73.922196,""
"Отель Гена","bus",15.180995,73.952897,""
"Ganpatipule MSRTC Bus Stand","bus",17.15074,73.271359,""
"Тупик","bus",15.1477,73.950659,""
"Наша Кармона","bus",15.206696,73.950486,""
"APSRTC Bus Station , Pedanandipadu","bus",16.073741,80.329133,""
"Tiruninravur Bus Stand","bus",13.124774,80.032386,""
"TGSRTC  Bus Stand , Nalgonda","bus",17.055604,79.274697,""
"rajeevgandhi nagar","bus",17.35975,78.557816,""
"Parbhani Bus Station","bus",19.260097,76.770325,""
"Religious bus stop","bus",16.512556,80.604936,""
"Vijayawada Railway Station Bus Stop","bus",16.517291,80.61939,""
"Bus no.301,345 to Vijayawada ( Undavalli Cave Temple Bus Stop )","bus",16.497359,80.582178,""
"TGSRTC Bus Station , Rathifile ( Secundrabad )","bus",17.434677,78.504757,""
"Dharmapuri Bus Station","bus",18.947356,79.094815,""
"TGSRTC Bus Station , Husnabad","bus",18.127032,79.210191,""
"Old Bus Stand Yellandu","bus",17.589486,80.321907,""
"TGSRTC  Bus Stand , Kodangal","bus",17.110393,77.622112,""
"Chigurumamidi Bus Stand","bus",18.237537,79.194965,""
"Toopran Bus Stand","bus",17.846643,78.476717,""
"TGSRTC  Bus Station , Gadwal","bus",16.236902,77.803681,""
"Area Hospital Bus Stop","bus",18.92217,79.476799,""
"Kadamba Bus Stand","bus",15.850342,74.508401,""
"Adda Road","bus",16.086362,80.161751,""
"TGSRTC  Bus Station , Karimnagar","bus",18.432564,79.129434,""
"thekkekara bus stop","bus",10.760042,76.536145,""
"TGSRTC Bus Station , Dilshuknagar","bus",17.368953,78.52506,""
"Kolhar Bus Stand","bus",19.538625,74.53579,""
"nadapuram bus stand","bus",11.684513,75.653475,""
"Bus Stand Aheri","bus",19.412311,79.998823,""
"Karuvarakund Bus stand","bus",11.125597,76.342483,""
"APSRTC Bus Station , Markapuram","bus",15.733537,79.268248,""
"Main bus station","bus",17.326226,76.817455,""
"Kolahara bus stand","bus",16.472001,75.694861,""
"Kolhara bus stand","bus",16.465995,75.692984,""
"thriprayar privet bus stand","bus",10.415044,76.107365,""
"Omni Bus stand","bus",10.796953,78.682597,""
"choppadandi bustop","bus",18.577387,79.170998,""
"TGSRTC New Bus Station , Sircilla","bus",18.384016,78.800151,""
"Mulugu bus stand (bus to palampet)","bus",18.191684,79.946188,""
"Vadakara","bus",11.594192,75.594132,""
"wadakkanchery bus station","bus",10.65732,76.246579,""
"Thiruvambady Bus Stand","bus",11.361163,76.009957,""
"Koodaranji Bus stand","bus",11.348189,76.036184,""
"Aashramum Bus Stop;Ashramam bustop","bus",10.552825,76.161268,""
"TGSRTC  Bus Station , Choutuppal","bus",17.254391,78.894519,""
"APSRTC Bus Station , Nandigama","bus",16.774416,80.289491,""
"TSRTC City Bus Station , Khammam","bus",17.250822,80.142269,""
"தாம்பரம் சானடோரியம் பேருந்து நிலையம்","bus",12.937195,80.127285,""
"അങ്കമാലി ബസ് സ്റ്റാന്റ്","bus",10.195854,76.386546,""
"TGSRTC Old Bus Station , Sircilla","bus",18.391434,78.810266,""
"Pallikkare Bus Stop","bus",12.390606,75.041848,""
"Kavumkara Bus Station/Market Bus Stand","bus",9.989176,76.584512,""
"Kerala State Road Transport Corporation Regional Workshop","bus",10.09244,76.344839,""
"Vazhakulam Private Stand","bus",9.944152,76.640835,""
"Rajakad Bus Stand","bus",9.961674,77.098409,""
"Thanjoor Mala Colony","bus",10.021408,76.607404,""
"vattoli busstand","bus",11.39927,75.8885,""
"Edoor BusStand &Goods Carrier Stand","bus",11.996406,75.725014,""
"bus stand ambalapady","bus",9.994881,76.783278,""
"Muthalamad","bus",11.031179,75.954851,""
"Kadukutty Bus Stand","bus",10.270093,76.309524,""
"Muthukurussi bus stand","bus",10.898325,76.256709,""
"Pothanicad Bus Waiting Station","bus",10.00692,76.681229,""
"Manalinmmel Bus Stand","bus",11.193431,76.235333,""
"Mukkam Old Bus Stand","bus",11.320679,75.997204,""
"KSRTC Bus Terminus","bus",11.794974,76.000014,""
"Chengam Bus Stand","bus",12.30408,78.792552,""
"New Wakadewadi MSRTC Bus Stand","bus",18.543415,73.852399,""
"Khopoli Msrtc Bus Stand","bus",18.785621,73.343318,""
"Khopoli City Bus Terminal","bus",18.785616,73.343895,""
"peechi bus stand","bus",10.528305,76.367749,""
"Nigdi","bus",18.659813,73.777282,""
"PMPML Bus Parking","bus",18.533851,73.860269,""
"Pattur Bus Stand","bus",13.023185,80.118511,""
"Kesnand Phata","bus",18.580714,73.987587,""
"Saswad Pmpml Bus Stand","bus",18.345023,74.031349,""
"Vashi","bus",19.068863,72.998352,""
"Nerul L.P","bus",19.046407,73.025438,""
"Anna Nagar West","bus",13.093755,80.198494,""
"Avinashi New Bus stand","bus",11.187599,77.278265,""
"Ambattur O.T","bus",13.119713,80.15001,""
"Puthenvelikkara Bus Stand","bus",10.187443,76.245428,""
"Medical College Station","bus",11.271119,75.836899,""
"Chiplun","bus",17.525341,73.515567,""
"Thiruppathur","bus",10.111057,78.595267,""
"Sai Nagar Bus Stop","bus",17.530815,78.388749,""
"Edathanattukara","bus",11.059738,76.349275,""
"chungam pattikkad","bus",11.016298,76.228801,""
"edneer","bus",12.523699,75.07171,""
"kunnamkulam bus stand","bus",10.650846,76.069726,""
"KSRTC Bus Stop","bus",10.749229,79.112779,""
"TGSRTC  Bus Station , Mahabubabad","bus",17.603612,80.004264,""
"Nekkonda Bus station","bus",17.797246,79.803451,""
"Koduvayur Bus Stand 1","bus",10.68492,76.654109,""
"Pilathra Bus Stand","bus",12.078217,75.266798,""
"Pazhayangadi Bustand","bus",12.026888,75.265995,""
"Vijayapuri South Bus stand","bus",16.56207,79.311159,""
"Municipal Bus Stand Thankalam","bus",10.068883,76.612793,""
"ksrtc bus stand irinjakuda","bus",10.346076,76.194967,""
"irinjalakuda bus stand","bus",10.34719,76.20695,""
"New bustand payyanur","bus",12.108095,75.214975,""
"Bustand payyanur","bus",12.105817,75.20731,""
"Changaramkulam Bus Stand","bus",10.73485,76.027755,""
"Vengad","bus",11.872749,75.53894,""
"Bus Stand Edavanna","bus",11.215243,76.139812,""
"Sholavandhan Bus Stand","bus",10.022595,77.963651,""
"Veppa Maram bus stop","bus",10.018313,77.962814,""
"Thiruppathu Bus Stand","bus",10.110531,78.599979,""
"Vadakke stand","bus",10.530444,76.214779,""
"chungam","bus",10.657258,76.500681,""
"TGSRTC  Bus Station , Korutla","bus",18.825228,78.716368,""
"Chemperi Bus Stop","bus",12.096418,75.547064,""
"Alanallur bus stand","bus",11.007082,76.352194,""
"omassery bus terminal","bus",11.383192,75.982235,""
"Kendriya Vidyalaya Lohgaon","bus",18.577826,73.903067,""
"Anakaputhur Bus Stand","bus",12.985252,80.12308,""
"Abbihal","bus",16.79002,75.03299,""
"Aasanur","bus",11.674273,77.128544,""
"Sathyamangalam","bus",11.498625,77.245595,""
"Koyil Vazhi bus stand, Tiruppur","bus",11.05822,77.388707,""
"Asst Transport Office","bus",10.195752,76.386723,""
"Vikravandi Bus Station","bus",12.037624,79.543218,""
"திருச்செங்கோடு பழைய பேருந்து நிலையம்","bus",11.380736,77.895605,""
"Palayi bus stop","bus",11.846358,75.574916,""
"Kongad Bus Stand","bus",10.854164,76.521362,""
"TNSTC Bus depot","bus",11.472527,78.157693,""
"Perumba","bus",12.109753,75.218618,""
"LIC Junction","bus",12.113459,75.210573,""
"Krishnapilla Smaraka Waiting Shed","bus",12.112915,75.205416,""
"Kotti","bus",12.09096,75.194302,""
"Punchakkad","bus",12.079871,75.194807,""
"Punnakadavu","bus",12.07545,75.19469,""
"Vadakkumbad","bus",12.074962,75.183157,""
"CM Musahaji Sahib Smaraka Waiting Shelter","bus",12.077267,75.186132,""
"Vadukkumbad","bus",12.07576,75.187849,""
"Punnakkadavu","bus",12.07395,75.191932,""
"Kunnaru","bus",12.070802,75.190766,""
"Ramanthali Bank","bus",12.063153,75.189982,""
"Lions Bus Shelter","bus",12.100511,75.2315,""
"Payyannur New Stand","bus",12.108263,75.21487,""
"Thayineri","bus",12.122875,75.207944,""
"Kandoth Mukku","bus",12.13203,75.216626,""
"Ayurveda","bus",12.128616,75.21623,""
"Kandoth","bus",12.119631,75.217185,""
"Thachangod bus stop","bus",11.189654,76.269744,""
"Olavara","bus",12.101619,75.186296,""
"School Stop","bus",12.119186,75.182899,""
"Udumbunthala","bus",12.109043,75.185401,""
"Beericheri","bus",12.13601,75.177106,""
"Trikaripur","bus",12.14183,75.176653,""
"badiadka bus stand","bus",12.588881,75.072236,""
"Ratnagiri Bus Depot","bus",16.991604,73.288839,""
"Pawas","bus",16.873687,73.321825,""
"Perumbakkam Bus Depot","bus",12.886663,80.209688,""
"IC colony","bus",19.247667,72.847986,""
"Supa Bus Station","bus",18.337498,74.379722,""
"Koramukku Bus Stop","bus",11.99876,75.708397,""
"Bus stand SHANKARPALLY","bus",17.455813,78.131122,""
"Auto Stand","bus",17.511529,78.424826,""
"KSRTC Pickup Point","bus",13.022047,77.5514,""
"Eenadu Bus Stop","bus",16.496775,80.658312,""
"DSK Vishwa Bus Stand;DSK Vishwa Bus Stop","bus",18.443267,73.799002,""
"Mannarkkad Bus Stand","bus",10.992029,76.45505,""
"Atlas Copco","bus",18.596463,73.828836,""
"Colaba Bus Depot","bus",18.920963,72.830548,""
"Worli Depot","bus",19.013515,72.820006,""
"Magathane Bus Depot","bus",19.221361,72.866379,""
"Malad Depot","bus",19.183696,72.835708,""
"Poisar Bus Depot","bus",19.213723,72.850715,""
"Sangharsh Nagar","bus",19.108489,72.901148,""
"Domestic Airport Terminal 1","bus",19.093453,72.855769,""
"TGSRTC Bus Station , Parkal","bus",18.197447,79.700517,""
"Mogudampally Bus stop","bus",17.615514,77.499867,""
"Vile Parle Station (E)","bus",19.100728,72.844562,""
"Dabaspete KSRTC Bus Stand","bus",13.227358,77.242231,""
"KSRTC Bus Stand, Urdigere","bus",13.342599,77.230594,""
"Vikhroli Station (W)","bus",19.110694,72.927689,""
"APSRTC Bus Station , Nandyal","bus",15.490344,78.479438,""
"Otur Bus Stand","bus",19.260502,73.983292,""
"Mecheri","bus",11.834154,77.942514,""
"Annur Bus Stand","bus",11.234004,77.102301,""
"Mangalwedha  Bus Station","bus",17.515784,75.446067,""
"APSRTC Bus Station , Rajampeta","bus",14.200051,79.155012,""
"Podaturpet bus stand","bus",13.283268,79.483686,""
"Harur Bus Stand","bus",12.053452,78.483548,""
"Rajur Bus Stand","bus",19.521183,73.871099,""
"Sangamner Bus Stand","bus",19.573353,74.207217,""
"APSRTC Bus Station , Kanigiri","bus",15.400085,79.509885,""
"APSRTC Bus Station , Palamaneru","bus",13.202038,78.744441,""
"APSRTC Bus Station , Penukonda","bus",14.082371,77.598962,""
"APSRTC Bus Station , Puttaparthi","bus",14.164446,77.812089,""
"APSRTC Bus Station , Gorantla","bus",13.986534,77.765759,""
"APSRTC Bus Station  , Singanamala","bus",14.800031,77.716864,""
"APSRTC Bus Station , Chittoor","bus",13.219499,79.105984,""
"APSRTC Bus Station , Punganur","bus",13.368305,78.569169,""
"APSRTC Bus Station , Badvel","bus",14.736329,79.060981,""
"APSRTC Bus Station , Dharmavaram","bus",14.409646,77.715119,""
"APSRTC Bus Station , Madakasira","bus",13.944655,77.277247,""
"APSRTC Bus Station , Kalyanadurgam","bus",14.545122,77.112055,""
"APSRTC Bus Station , Rayadurgam","bus",14.695684,76.859559,""
"APSRTC Bus Station ,  Uravakonda","bus",14.936573,77.255882,""
"APSRTC Bus Station , Anantapur","bus",14.6853,77.599963,""
"APSRTC Bus Station , Pamidi","bus",14.949907,77.593063,""
"APSRTC Bus Station , Gooty","bus",15.113233,77.636398,""
"APSRTC Bus Station , Madanapalle","bus",13.557925,78.507888,""
"APSRTC Bus Station , Lepakshi","bus",13.8036,77.611109,""
"Hindupur Old Bus Stand","bus",13.831469,77.492434,""
"APSRTC Bus Station , Hindupuram","bus",13.835451,77.496697,""
"APSRTC Bus Station ,  Guntakal","bus",15.161263,77.379484,""
"APSRTC Bus Station , Kuppam","bus",12.748914,78.345529,""
"APSRTC Bus Station , VenkatagiriKota","bus",13.000856,78.490586,""
"APSRTC Bus Station , Sadum","bus",13.546603,78.906767,""
"APSRTC Bus Station , Kanipakam","bus",13.275543,79.035179,""
"Puthalapattu Bus Stop","bus",13.346283,79.092948,""
"Srihari APSRTC Bus Station Terminal","bus",13.629412,79.426171,""
"APSRTC Bus Station , Ramabhagicha ( Tirumala)","bus",13.683985,79.351775,""
"APSRTC Bus Station , Tirumala","bus",13.677075,79.349867,""
"APSRTC Bus Station , Renigunta","bus",13.637104,79.505653,""
"APSRTC Bus Station , Srikalahasti","bus",13.752341,79.707299,""
"APSRTC Bus Station , Pichchatur","bus",13.400725,79.740081,""
"APSRTC Bus Station , Nagalapuram","bus",13.390804,79.793688,""
"UTHUKOTTAI BUS STAND","bus",13.334483,79.893781,""
"APSRTC Bus Station , Satyavedu","bus",13.434839,79.954101,""
"APSRTC Bus Station , Kota","bus",14.038637,80.047151,""
"APSRTC Bus Station ,Vakadu","bus",14.001274,80.066366,""
"APSRTC Bus Station , Nayudupeta","bus",13.906059,79.900922,""
"APSRTC Bus Station , Venkatagiri","bus",13.950406,79.58534,""
"APSRTC Bus Station , Kodur ( Railway Koduru )","bus",13.964702,79.351343,""
"Rajampeta Old Bus Stand","bus",14.194861,79.16315,""
"APSRTC Bus Station , Pileru","bus",13.654575,78.944494,""
"APSRTC Bus Station , Kalikiri","bus",13.64605,78.803923,""
"APSRTC Bus Station , Kalakada","bus",13.826144,78.789683,""
"APSRTC Bus Station  , Peapully","bus",15.236064,77.738574,""
"APSRTC Bus Station , Adoni","bus",15.618986,77.285901,""
"APSRTC Bus Station ,  Pattikonda","bus",15.394264,77.498426,""
"APSRTC Bus Station , Veldurthi","bus",15.548541,77.92785,""
"APSRTC Bus Station , Dhone","bus",15.40369,77.875931,""
"APSRTC Bus Station , Owk","bus",15.209773,78.115422,""
"APSRTC Bus Station  , Banaganapalli","bus",15.320749,78.22159,""
"APSRTC Bus Station ,  Yemmiganuru","bus",15.764327,77.48155,""
"Mugati Junction Bus Stop","bus",15.79749,77.473078,""
"APSRTC Bus Station ,  Mantralayam","bus",15.93892,77.424871,""
"APSRTC Bus Station , Kurnool","bus",15.824001,78.027828,""
"APSRTC BUS DEPOT 2 , KURNOOL","bus",15.823579,78.026434,""
"APSRTC Bus Station , Nandikotkur","bus",15.855883,78.260999,""
"APSRTC Bus Station , Atmakur ( K )","bus",15.877555,78.582723,""
"APSRTC Bus Station . Velugodu","bus",15.717269,78.565943,""
"APSRTC Bus Station , Koilakuntla","bus",15.229441,78.312994,""
"APSRTC Bus Station , Jammalamagudu","bus",14.841488,78.386535,""
"Simhadripuram Bus Stop","bus",14.627515,78.12633,""
"APSRTC New Bus Station , Pulivendula","bus",14.433978,78.232343,""
"APSRTC Bus Station , Yerraguntla","bus",14.637118,78.5407,""
"Proddutur Old Bus Stand","bus",14.753812,78.55467,""
"APSRTC Bus Station , Proddutur","bus",14.744586,78.562401,""
"APSRTC Bus Station , Mydukuru","bus",14.723989,78.731779,""
"Mydukuru Bypass Bus Stop","bus",14.727499,78.722087,""
"APSRTC Bus Station , Chagalamarri","bus",14.965549,78.584264,""
"APSRTC Bus Station , Tadipatri","bus",14.906395,78.015571,""
"APSRTC BUS STAND , GALIVEEDU","bus",14.022957,78.505105,""
"APSRTC Bus Station ,  Kowthalam","bus",15.776414,77.139149,""
"APSRTC Bus Station ,  Kosigi","bus",15.857055,77.241647,""
"APSRTC Bus Station , Orvakal","bus",15.683265,78.174611,""
"Orvakal Bus Stop","bus",15.683254,78.174002,""
"APSRTC Bus Station , Allagadda","bus",15.131631,78.50457,""
"APSRTC Bus Station , Kadapa","bus",14.464692,78.831318,""
"Nandipadu X Roads Bus Stop","bus",14.800533,79.349079,""
"APSRTC Bus Station , Udayagiri","bus",14.882554,79.297823,""
"Seetharampuram Bus Stop","bus",15.017098,79.139484,""
"Chintalapalem Bus Stop","bus",14.457784,79.385686,""
"APSRTC Bus Station , Atmakur (N)","bus",14.624941,79.621774,""
"Atmaku (N) Old Bus Stand","bus",14.618674,79.626034,""
"APSRTC BUS STAND , KALUVAYA","bus",14.511915,79.410975,""
"APSRTC P.S.R Bus Station ,Nellore","bus",14.457063,79.989602,""
"APSRTC Bus Station , Chimakurthy","bus",15.586326,79.862746,""
"Penchelakona Bus Stop","bus",14.338289,79.414547,""
"Podalakur X Roads Bus Stop","bus",14.379479,79.729341,""
"Duttalur X Roads Bus Stop","bus",14.84403,79.405085,""
"Komarolu Bus Stop","bus",15.269048,79.00057,""
"APSRTC Bus Station , Giddalur","bus",15.378825,78.933856,""
"Taticherla X Roads Bus Stop","bus",15.381063,79.033196,""
"Bestavaripeta Bus Stop","bus",15.551384,79.102624,""
"Cumbum X Roads Bus Stop","bus",15.582049,79.113611,""
"Devarajugattu Bus Stop","bus",15.795881,79.256888,""
"APSRTC Bus Station , Dornala","bus",15.908089,79.093815,""
"Chintala Bus Stop","bus",15.961502,78.999849,""
"Tokapalle Junction Bus Stop","bus",15.878823,79.2875,""
"APSRTC Bus Station , Podili","bus",15.60244,79.606603,""
"APSRTC Bus Station , Pamuru","bus",15.100315,79.412245,""
"Chandrasekharapuram Bus Stop","bus",15.183212,79.278685,""
"APSRTC Bus Station , Buchireddypalem","bus",14.532472,79.881653,""
"APSRTC Bus Station , Muttukuru","bus",14.290857,80.09457,""
"Rajupalem Bypass Bus Stop","bus",14.544187,79.991595,""
"Rajupalem Town Bus Stop","bus",14.55548,79.989395,""
"APSRTC BUS STAND , KOTHAPATNAM","bus",15.446699,80.165077,""
"APSRTC Bus Station , Tanguturu","bus",15.338112,80.032547,""
"APSRTC Bus Station , Kondapai","bus",15.413539,79.8556,""
"APSRTC Bus Station , Kandukur","bus",15.218166,79.899376,""
"APSRTC Bus Station , Singarayakonda","bus",15.255336,80.023012,""
"Singarayakonda Bypass Bus Stop","bus",15.243238,80.005887,""
"APSRTC Bus Station , Kaligiri","bus",14.829321,79.692361,""
"APSRTC Bus Station , Vinjamur","bus",14.836196,79.580919,""
"APSRTC Bus Station , Kavali","bus",14.91048,79.993495,""
"Tippa Bus Stop","bus",14.761065,80.001585,""
"Bitragunta  Bus Stop","bus",14.763936,79.989467,""
"APSRTC Bus Station , Darsi","bus",15.774132,79.685666,""
"APSRTC Bus Station , Mundlamuru","bus",15.804267,79.833806,""
"APSRTC Bus Station , Medarametla","bus",15.723475,80.016806,""
"APSRTC Bus Station , Vinukonda","bus",16.055373,79.739879,""
"APSRTC Bus Station , Yerragondapalem","bus",16.039963,79.304891,""
"APSRTC Bus Station , Tripuranthakam","bus",16.002057,79.456392,""
"APSRTC Bus Station , Macherla","bus",16.476325,79.439265,""
"APSRTC Bus Station , Gurazala","bus",16.559024,79.638412,""
"Dachepalli","bus",16.591808,79.74339,""
"APSRTC Bus Station , Piduguralla","bus",16.481737,79.877624,""
"APSRTC Bus Station , Sattenapally","bus",16.393083,80.156438,""
"APSRTC NTR Bus Station , Guntur","bus",16.295686,80.456454,""
"APSRTC Palnadu Bus Station","bus",16.297336,80.456743,""
"APSRTC Bus Station , Narasaraopeta","bus",16.227554,80.050368,""
"APSRTC Bus Station , Ponnuru","bus",16.076211,80.54828,""
"APSRTC Bus Station , Bapatla","bus",15.908563,80.478566,""
"APSRTC  Arrival Block","bus",16.508448,80.615161,""
"APSRTC Departure Block","bus",16.508444,80.61621,""
"APSRTC Bus Station , Kanchikacherla","bus",16.685945,80.389262,""
"APSRTC Bus Station , Jagayyapeta","bus",16.891539,80.098414,""
"Jagayyapeta Highwaay Bus Stop","bus",16.914362,80.105373,""
"APSRTC Bus Station , Mylavaram","bus",16.761741,80.642467,""
"APSRTC Bus Station , Tenali","bus",16.244548,80.644334,""
"APSRTC Bus Station , Inkollu","bus",15.826008,80.192928,""
"APSRTC Bus Station , Parchuru","bus",15.964787,80.273878,""
"APSRTC Bus Stand , Naguluppalapadu","bus",15.640408,80.111168,""
"Chilakaluripeta Four Road Junction","bus",16.086212,80.161079,""
"APSRTC Bus Station , Chilakaluripeta","bus",16.098356,80.168289,""
"APSRTC Bus Station , Manglagiri","bus",16.433851,80.565518,""
"Benz Circle Bus Stop","bus",16.497587,80.654121,""
"APSRTC Bus Station  , Alipiri","bus",13.647994,79.409108,""
"Chittoor Old Bus Stand","bus",13.216281,79.099794,""
"APSRTC Balaji Bus Station , Tirumala","bus",13.677155,79.350369,""
"APSRTC Bus Station , Bethamcherla","bus",15.458068,78.15224,""
"APSRTC Bus Station , Rajvihar  ( Kurnool )","bus",15.828262,78.038896,""
"Ahobilam Bus Stop","bus",15.13165,78.675017,""
"APSRTC Old Bus Station , Kadapa","bus",14.475575,78.821439,""
"APSRTC ZONAL WORK SHOP , KADAPA","bus",14.4437,78.86878,""
"APSRTC Bus Station , Sullurupeta","bus",13.698883,80.014587,""
"APSRTC Bus Station , Podalakur","bus",14.388093,79.736185,""
"APSRTC Bus Station , Amaravathi","bus",16.569498,80.358514,""
"APSRTC Bus Station , Pakala","bus",13.449209,79.119484,""
"Madhavaram Mofussil Bus Terminus","bus",13.146104,80.2217,""
"PERIYAPALAYAM BUS STAND","bus",13.308127,80.046225,""
"Tiruttani Bus Stand","bus",13.174315,79.613294,""
"Thiruvannamalai Bus Stand","bus",12.239974,79.073379,""
"Kanchipuram Bus Stand","bus",12.835645,79.705241,""
"Krishnagiri Moffusil Bus Stand","bus",12.533195,78.207014,""
"Pondicherry Bus Stand","bus",11.932186,79.817464,""
"Tenagallu Bus Stop","bus",14.352391,77.113298,""
"Obaganapalli Bus Stop","bus",14.361939,77.151057,""
"Ranipet New Bus Station","bus",12.928863,79.331711,""
"Red Hills MTC Bus Terminus","bus",13.192939,80.183987,""
"Vadamalpeta Bus Stop","bus",13.549125,79.523911,""
"Srinivasa Mangapuram Bus Stop","bus",13.607091,79.448777,""
"Red Hills Bypass Bus Stop","bus",13.196737,80.181051,""
"Madhavarm APSRTC , TNSTC Bus Terminus","bus",13.145566,80.221364,""
"Janappanchataram Bus Stop","bus",13.262437,80.154631,""
"Kannampalayam Bus Stop","bus",10.997527,77.099384,""
"TGSRTC  Bus Station , Miryalaguda","bus",16.870405,79.561426,""
"Badem Bus Stand","bus",15.608165,73.749933,""
"Koyambedu Mofussil Bus Terminal","bus",13.065835,80.205601,""
"TNSTC Tanthiperiyar Bus Depot , Tiruvannamalai","bus",12.213783,79.056561,""
"TNSTC Bus Depot , Tiruvannamalai","bus",12.252044,79.067277,""
"TGSRTC Bus Station , Ibrahimpatnam","bus",17.191737,78.647465,""
"TSRTC BUS DEPOT , IBRAHIMPATNAM","bus",17.186849,78.648746,""
"TSRTC Bus Stand , Falaknuma","bus",17.329741,78.470299,""
"TSRTC BUS DEPOT , MEHADIPATANM","bus",17.392257,78.44059,""
"Mehdipatnam  Bus Stop","bus",17.392158,78.441849,""
"TSRTC WORKSHOP , RTC X ROADS","bus",17.406325,78.50012,""
"TSRTC Bus Station , Prashant Nagar","bus",17.473504,78.426743,""
"VIDYANAGAR BUS STOP","bus",17.404321,78.510287,""
"Kushaiguda Bus Stop","bus",17.468956,78.565445,""
"L.B Nagar Bus Stop","bus",17.342188,78.557663,""
"TSRTC BUS STAND , N.G.O""S COLONY","bus",17.324908,78.566462,""
"TSRTC BUS DEPOT, MIYAPUR 1","bus",17.513361,78.359976,""
"TGSRTC Bus Building Unit Depot","bus",17.510389,78.360808,""
"APSRTC BUS DEPOT PARKING AREA , RAMACHANDRAPURAM","bus",17.516823,78.289059,""
"MANGALAMPETA BUS STOP","bus",13.576639,79.093852,""
"Damalacheruvu Bus Stop","bus",13.481877,79.042967,""
"K.KothapetaBus Stop","bus",13.550088,79.088224,""
"Krishnapuram Bus Stop","bus",13.487507,79.085693,""
"Edukondalu APSRTC Bus Station Terminal","bus",13.629994,79.427417,""
"Srinivasa APSRTC Bus Station Terminal","bus",13.629896,79.426739,""
"Donakonda Bus Stop","bus",15.831266,79.486157,""
"Atmakur-N Highway Bus Stop","bus",14.645099,79.617399,""
"Thatichetlapalem Bus Stop","bus",14.774063,80.094888,""
"Uppalapadu Bus Stop","bus",14.620876,79.91875,""
"Ulavapadu Bypass Bus Stop","bus",15.167293,80.00136,""
"Ulavapadu Bua Stop","bus",15.164553,80.009529,""
"Tarlupadu Bus Stop","bus",15.657642,79.22278,""
"Machavaram Bus Stop","bus",15.369423,79.486778,""
"Pathapadu ( Kanigiri ) Bus Stop","bus",15.264093,79.421523,""
"Guravajipeta Bus Stop","bus",15.228345,79.398722,""
"Komatigunta Bus Stop","bus",15.177537,79.337582,""
"Paradarami Bus Stand","bus",13.06958,78.973485,""
"Pernumbut Bus Stand","bus",12.933465,78.717364,""
"Allagadda Bypass Bus Stop","bus",15.150114,78.500385,""
"Uyyalavada Bus Stop","bus",15.099691,78.395791,""
"APSRTC Bus Station , Thullur","bus",16.529251,80.471216,""
"Konduru Bus Stop","bus",16.574821,80.067337,""
"MSRTC Bus Depot","bus",18.3986,76.562684,""
"Srikalahasthi Bypass Bus Stop","bus",13.749035,79.688517,""
"Gudur Bypass Bus Stop","bus",14.137961,79.863612,""
"Chakrampeta Bus Stop","bus",14.245737,79.242803,""
"Chitvel Bus Stop","bus",14.170828,79.333423,""
"Hemavathi Bus Stop","bus",14.025297,76.995144,""
"Amarapuram Bus Stop","bus",14.129866,76.978196,""
"Kotanka Bus Stop","bus",14.770227,77.528186,""
"Martadu Bus Stop","bus",14.793375,77.564608,""
"Garladinne Bus Stop","bus",14.820493,77.597794,""
"Vadiyampeta  Bus Stop","bus",14.750179,77.60228,""
"Vadiyampeta Bypass Bus Stop","bus",14.747559,77.603111,""
"Samaladoddi Bus Stop","bus",14.725412,77.604516,""
"Katikavakikunta  Bus Stop","bus",15.37216,78.11584,""
"Yaganti Bus Stop","bus",15.346362,78.14901,""
"Patapadu Bus Stop","bus",15.329548,78.158565,""
"kodenchery bus station","bus",11.430951,76.006881,""
"ST Workshop","bus",18.406538,76.566972,""
"Majalgaon Bus Point","bus",18.398368,76.572929,""
"Old Railway Station Bus Stand","bus",18.398042,76.57845,""
"APSRTC Bus Station , Vayalapadu","bus",13.638694,78.631396,""
"APSRTC Bus Station , Marturu","bus",15.977713,80.098684,""
"Samireddypalli Bus Stop","bus",13.052691,78.95723,""
"Gondivallavuru  Bus Stop","bus",13.090619,78.957665,""
"Patrapalle Bus Stop","bus",13.096122,78.979389,""
"Airport Feeder Bus Stop","bus",10.109473,76.349658,""
"Old Bus stand Manjeri","bus",11.119855,76.120228,""
"Namakkal New Bus Stand","bus",11.256637,78.171259,""
"Tirupathi Airport APSRTC Bus Stop","bus",13.638725,79.547534,""
"Pedapadu Bus Stop","bus",14.826216,79.761282,""
"Gangadhara Nellore Bus Stop","bus",13.230762,79.180955,""
"Balija Khandriga Bus Stop","bus",13.222139,79.443846,""
"Nochili Bus Stop","bus",13.230345,79.474276,""
"Vanadurgapuram Bus Stop","bus",13.24746,79.400648,""
"Satellite Bus Stand","bus",16.832054,75.70183,""
"New bus station","bus",15.30773,76.474412,""
"APSRTC Bus Station , yerpedu","bus",13.69438,79.594614,""
"Dasarapalle Bus Stop","bus",13.131015,79.036899,""
"Krishnampalle Bus Stop","bus",13.099309,79.033172,""
"Kottalam Bus Stop","bus",13.077543,79.025859,""
"Yadamari Bus Stop","bus",13.160032,79.038672,""
"Kasiralla Bus Stop","bus",13.125497,79.013582,""
"Patrapalle X Roads Bus Stop","bus",13.098589,78.989529,""
"Tellarallapalle BUs Stop","bus",13.081351,78.959527,""
"Kannikapuram Bus Stop","bus",13.086336,78.984587,""
"Vepanapalle Bus Stop","bus",13.098921,79.018245,""
"Singupallli Bus Stop","bus",16.188213,79.541048,""
"Tellagatla Bus Stop","bus",16.156385,79.493616,""
"Marrivemula Bus Stop","bus",16.235367,79.553716,""
"Ungaranigundla Bus Stop","bus",15.365305,77.829021,""
"U . Kottapalli Bus Stop","bus",15.375261,77.836374,""
"Rekhalakunta Bus Stop","bus",15.331475,77.808322,""
"U . Kottapalli Bypass Bus Stop","bus",15.371783,77.833495,""
"Obulapuram Bus Stop","bus",15.347136,77.794795,""
"Eddupenta X Roads Bus Stop","bus",15.364578,77.783105,""
"Yapadinne  Bus Stop","bus",15.382451,77.776073,""
"Malliyala Bus Stop","bus",15.395028,77.770583,""
"Katarakonda Bus Stop","bus",15.42136,77.751512,""
"Alamkonda Bus Stop","bus",15.43911,77.736275,""
"Lakkasagaram Bus Stop","bus",15.471973,77.713771,""
"Pandirlapalli Bus Stop","bus",15.466063,77.683129,""
"Gundlakonda Bus Stop","bus",15.47687,77.650952,""
"Gundlakonda X Roads Bus Stop","bus",15.475245,77.64894,""
"Gundamralla Bus Stop","bus",15.495623,77.661298,""
"Nelatalamari Bus Stop","bus",15.49598,77.598179,""
"Devanakonda Bus Stop","bus",15.540137,77.546395,""
"Bestharapalli Bus Stop","bus",14.292188,77.101283,""
"Bestharapalli x Roads Bus Stop","bus",14.29389,77.096296,""
"Jambugampala Bus Stop","bus",14.256777,77.063903,""
"Ratnagiri Bus Stop","bus",13.810986,77.126977,""
"Gollapalli Bus Stop","bus",13.90834,77.530591,""
"Chalakuru Bus Stop","bus",13.939504,77.556928,""
"Brahmanapalli Bus Stop","bus",13.96649,77.573153,""
"Chakarlapalli Bus Stop","bus",13.995573,77.582075,""
"Challapalli Bus Stop","bus",14.004551,77.557097,""
"Malugur X Roads Bus Stop","bus",13.895672,77.524204,""
"Nnadavaram Bus Stop","bus",15.853508,77.485224,""
"Mahanandi Bus Stop","bus",15.471014,78.625274,""
"Govindapalle Bus Stop","bus",15.352185,78.517215,""
"Yerraguntla Bus Stop","bus",15.282106,78.507274,""
"Maturu X Roads Bus Stop","bus",16.959189,80.400872,""
"Rolupadi Bus Stop","bus",17.051152,80.571291,""
"TGSRTC Bus Station , Kodada","bus",16.996907,79.96595,""
"TSRTC BUS DEPOT, KODADA","bus",16.995687,79.965915,""
"TGSRTC Hi-Tech Bus Stand , Suryapeta","bus",17.152201,79.620031,""
"TGSRTC New Bus Stand , Suryapeta","bus",17.150493,79.622588,""
"TGSRTC Bus Station , Kothagudem","bus",17.548181,80.615643,""
"Indapur","bus",18.497275,75.81564,""
"T . Kottapalli Bus Stop","bus",14.844082,78.78825,""
"Jyothi Bus Stop","bus",15.060781,78.796183,""
"Mudireddipalle Bus Stop","bus",14.856632,78.798326,""
"Mallepalle Bus Stop","bus",14.888865,78.880704,""
"Amagampalle Bus Stop","bus",14.920262,78.906234,""
"Vankamarri Bus Stop","bus",14.938757,78.941972,""
"Narsingpalle Bus Stop","bus",14.972397,78.977551,""
"Sankhavaram Bus Stop","bus",15.048617,78.978879,""
"Narasapuram Bus Stop","bus",15.052888,78.934418,""
"Ganganapalle Bus Stop","bus",15.05673,78.909288,""
"Balayapalle Bus Stop","bus",15.067151,78.890231,""
"Varikunta Bus Stop","bus",15.051532,78.865362,""
"Tegacherla Bus Stop","bus",14.396645,79.41526,""
"Sydadupalli Bus Stop","bus",14.237974,79.534079,""
"Yepuru Bus Stop","bus",14.256544,79.519074,""
"Akilavalasa Bus Stop","bus",14.290639,79.506004,""
"Penubarthi Bus Stop","bus",14.335123,79.480373,""
"Gonupalle Bus Stop","bus",14.342234,79.47275,""
"Garimenapeta Bus Stop","bus",14.381262,79.462909,""
"Koturupalle  Bus Stop","bus",14.413675,79.39869,""
"Uyyalapalle Bus Stop","bus",14.424857,79.39084,""
"Venkataramarajupeta Bus Stop","bus",14.456305,79.372398,""
"Kulluru Bus Stop","bus",14.492404,79.36745,""
"Budawada Bus Stop","bus",16.875803,80.033347,""
"VSP Town Ship vBus Stop","bus",16.87365,80.090053,""
"Kadirepalli Bus Stop","bus",13.986987,77.54315,""
"Krosuru Bus Stop","bus",16.547208,80.136863,""
"Vipparla Bus Stop","bus",16.555223,80.175823,""
"Utukuru Bus Stop","bus",16.566355,80.201892,""
"Bayyavaram Bus Stop","bus",16.55183,80.210549,""
"mUNUGODU bUS sTOP","bus",16.567763,80.23972,""
"Jupudi Bus Stop","bus",16.566072,80.257409,""
"Malladi Bus Stop","bus",16.573536,80.278475,""
"Tammavaram  Bus Stop","bus",16.574929,80.286803,""
"Didugu Bus Stop","bus",16.579872,80.299367,""
"Muttayapalem Bus Stop","bus",16.581163,80.319484,""
"Dharanikota Bus Stop","bus",16.577647,80.347563,""
"Narukullapadu Bus Stop","bus",16.531867,80.366606,""
"Endroyi  Bus Stop","bus",16.514262,80.376569,""
"Mothadaka  Bus Stop","bus",16.471664,80.402989,""
"Thadikonda X Roads Bus Stop","bus",16.410338,80.419882,""
"Lam Farms Bus Stop","bus",16.367039,80.434439,""
"Gorantla Bus Stop","bus",16.342453,80.439173,""
"Government Hospital Bus Stop","bus",16.330411,80.43834,""
"Pottempadu Bus Stop","bus",14.321169,80.029431,""
"Eedulavaripalem Bus Stop","bus",14.342893,80.054912,""
"Brahmadevam Bus Stop","bus",14.344486,80.066267,""
"Kakupalle Bus Stop","bus",14.389497,80.03264,""
"Mettur Bus Stand","bus",11.791703,77.799168,""
"Nuthalapadu Bus Stop","bus",15.934958,80.230305,""
"APSRTC Bus Station , Rapur","bus",14.199269,79.534823,""
"SALEM BUS PORT","bus",11.703533,78.111931,""
"Dasegowniyur Bus Stop","bus",12.755009,78.383694,""
"Paluru Bus Stop","bus",12.76927,78.418219,""
"Varatanapalli Bus Stop","bus",12.580225,78.301,""
"Malliur X Road Bus Stop","bus",13.986266,78.705256,""
"Kurmmaampalle Bus Stop","bus",14.339236,78.475087,""
"Gandi Bus Stop","bus",14.3246,78.486957,""
"Marlagunta Bus Stop","bus",14.123931,79.549796,""
"Uadayagiri Road Junction Bus Stop","bus",14.691748,79.185211,""
"Garudayyagaari Satram Bus Stop","bus",14.731613,79.121276,""
"Raviguntapalle Bus Stop","bus",14.197719,79.569965,""
"Marlapudi Bus Stop","bus",14.196872,79.628589,""
"Kommipadu  Bus Stop","bus",14.200638,79.641274,""
"Saidapuram Bus Stop","bus",14.176557,79.74052,""
"Thippavarappadu X Road Bus Stop","bus",14.165653,79.783867,""
"Goginenipuram Bus Stop","bus",14.156313,79.821541,""
"Anumpalli Bus Stop","bus",14.170375,79.391937,""
"Petluru X Roads Bus Stop","bus",13.937735,79.627294,""
"Panjam X Roads Bus Stop","bus",13.932507,79.657053,""
"Attivaram X Roads Bus Stop","bus",13.915208,79.785023,""
"Timmaji Khandriga Bus Stop","bus",13.91262,79.877163,""
"Amuduru X Roads Bus Stop","bus",13.780213,79.591008,""
"Padmavathi Flour Mill Bus Stop","bus",13.631525,79.469478,""
"APSRTC Bus Station ,Tirupathi","bus",13.629939,79.425808,""
"Mallam Gunta Bus Stop","bus",13.597036,79.41074,""
"Anjaneya swami Gudi Bus Stop","bus",13.512765,79.378017,""
"Pathagunta Bus Stop","bus",13.435759,79.283264,""
"Garigadona Bus Stop","bus",13.442671,79.410483,""
"Vengalrajukuppam Bus Stop","bus",13.20855,79.383048,""
"Eguva Kammakandriga Bus Stop","bus",13.233835,79.324895,""
"Maruvani X Road Bus Stop","bus",15.789468,77.422222,""
"Urukunda","bus",15.79869,77.177556,""
"Malapalli Bus Stop","bus",15.835786,77.326389,""
"Singarajanahalli Bus Stop","bus",15.819108,77.346371,""
"Kambaladinne Bus Stop","bus",15.802606,77.372438,""
"Jalavadi Bus Stop","bus",15.799562,77.378079,""
"Goldoddi Bus Stop","bus",15.786137,77.445316,""
"Jakkidonna Bus Stop","bus",13.40803,79.234631,""
"Penumur Bus Stop","bus",13.372494,79.196914,""
"Nelavoy Bus Stop","bus",13.321921,79.386676,""
"Srirangarajapuram Bus Stop","bus",13.310902,79.360173,""
"Pulicherla Bus Stop","bus",13.599593,79.041573,""
"Mittamidapalle Bus Stop","bus",13.610891,79.016305,""
"Yerraguntlapalle Bus Stop","bus",13.631178,78.963728,""
"Yallampalle Bus Stop","bus",13.625108,78.985806,""
"Chavanapalle Bus Stop","bus",13.405817,79.300077,""
"Devaragudipalle Bus Stop","bus",13.358331,79.253495,""
"Morava Bus Stop","bus",13.38625,79.279573,""
"Devalampeta Bus Stop","bus",13.329285,79.246982,""
"Kothapalli Mitta Bus Stop","bus",13.292714,79.255753,""
"Etteri Bus Stop","bus",13.266458,79.213657,""
"Sivaramapuram Bus Stop","bus",13.621585,78.93028,""
"Balamvaripalle Bus Stop","bus",13.593805,78.924858,""
"Nadigadda Bus Stop","bus",13.521238,78.89679,""
"Cherukuvaripalle Bus Stop","bus",13.477108,78.9033,""
"Booragamanda Bus Stop","bus",13.519341,78.935939,""
"Gopalapuram Bus Stop","bus",13.545949,79.117779,""
"Mulapalle Bus Stop","bus",13.598906,79.215836,""
"Ammapalli  Bus Stop","bus",13.363279,79.363212,""
"Nindra X Roads Bus Stop","bus",13.39921,79.714716,""
"Bare Last Stop","bus",14.819251,74.488549,""
"Shikaram Bus Stop","bus",16.044694,78.916937,""
"China Arutla Bus Stop","bus",16.042265,78.955597,""
"APSRTC Bus Station , Chirala","bus",15.830632,80.355755,""
"APSRTC Bus Station , Addanki","bus",15.80958,79.975487,""
"Bus to Mamallapuram","bus",13.06852,80.204936,""
"APSRTC Bus Station , Cumbum","bus",15.579579,79.109287,""
"APSRTC BUS STOP , PEDDA ARAVEEDU","bus",15.816494,79.223422,""
"Avalakonda Bus Stop","bus",13.194695,79.263319,""
"MukkundramBus Stop","bus",12.986651,78.862083,""
"APSRTC Bus Station , Pedakakani","bus",16.33513,80.487506,""
"Pallipattu Bus Stand","bus",13.33949,79.43766,""
"TGSRTC Bus Station , Narsapur","bus",17.740231,78.281915,""
"Kowkuntla Bus Stop","bus",14.793432,77.247338,""
"Rakatla Bus Stop","bus",14.825527,77.251613,""
"Jntu Bus Station","bus",17.495777,78.394867,""
"Rajupalem Bus Stop","bus",14.032175,79.895116,""
"Etteyar Bus Stop","bus",11.990765,75.47161,""
"APSRTC Bus Station , Srisailam","bus",16.073798,78.875069,""
"Ongole Bus Stand, Kanigiri","bus",15.406962,79.501271,""
"Pamuru Bus Stand, Kanigiri","bus",15.403792,79.504269,""
"N.S Agricultural College Bus Stop","bus",15.805882,79.261732,""
"APSRTC Bus Station , Kadiri","bus",14.115641,78.161117,""
"APSRTC Bus Station , Vempalle","bus",14.370738,78.459107,""
"Parlapalle Bus Stop","bus",14.564975,80.03959,""
"Pallepalem Bus Stop","bus",14.583281,80.164695,""
"Gadela Dinne Bus Stop","bus",14.625859,80.097604,""
"Indupuru Bus Stop","bus",14.657209,80.066414,""
"Mokkalapudi Bus Stop","bus",13.961065,79.533414,""
"Nekkanti Jungle Ride Bus Stop","bus",16.044415,78.940489,""
"Kotta Mudivemula Bus Stop","bus",16.018619,79.537429,""
"Rajwada Bustand","bus",17.683281,73.98878,""
"गेवराई बस स्थानक","bus",19.268129,75.746267,""
"College Bus Stand","bus",13.182259,74.932689,""
"Besant Nagar MTC Terminus","bus",13.000348,80.265776,""
"Zambada Bus Stop","bus",13.235579,79.714838,""
"14 TH Mile Bus Stop","bus",14.834075,79.814868,""
"Abbarajupalem Bus Stop","bus",16.496387,80.277401,""
"Nandigam Bus Stop","bus",16.402436,80.196637,""
"Ramakrishanapuram / Nandigam X Roads Bus Stop","bus",16.381849,80.187166,""
"Lingapuram Bus Stop","bus",16.536892,80.325624,""
"Balusupadu Bus Stop","bus",16.532206,80.319261,""
"Kasipadu Bus Stop","bus",16.527435,80.307653,""
"Parasa Bus Stop","bus",16.516174,80.302479,""
"75 - Thallur Bus Stop","bus",16.514195,80.29078,""
"APSRTC Bus Station , Peddakurapadu","bus",16.467459,80.258064,""
"Pedamakkena Bus Stop","bus",16.434944,80.24413,""
"Gudipudi Bus Stop","bus",16.418236,80.217845,""
"Amaravathi (Amareswara) Temple","bus",16.58043,80.3589,""
"Reddy Nayak Thanda Bus Stop","bus",16.884211,80.028681,""
"Tripuravaram X Road Bus Stop","bus",16.907577,80.072867,""
"Kasarbada Bus Stop","bus",16.667505,80.146219,""
"Bestawaripeta Junction Bus Stop","bus",15.540851,79.099003,""
"Podili  X Roads","bus",15.559485,79.322386,""
"N Konthalapadu Bus Stop","bus",15.647784,78.148354,""
"Guttapadu Highway Bus Stop","bus",15.662636,78.1754,""
"Guttapadu Village Bus Stop","bus",15.666511,78.164384,""
"Pudicherla Bus Stop","bus",15.706681,78.128517,""
"Nannuru Bus Stop","bus",15.72004,78.087856,""
"Bandi Tandrapadu Bus Stop","bus",15.757964,78.06425,""
"Sakunala Bus Stop","bus",15.663711,78.238456,""
"Kalava Bus Stop","bus",15.625373,78.197926,""
"Husainpuram Highway Bus Stop","bus",15.630699,78.174106,""
"Husainpuram  Village Bus Stop","bus",15.628918,78.185615,""
"H. Kottala Bus Stop","bus",15.653334,78.176717,""
"Maddileti Sri Lakshmi Narasimha Swamy Temple Bus Stop","bus",15.362456,78.089871,""
"Rangapuram Bus Stop","bus",15.406636,78.075115,""
"Gorumanukonda  / Garumanukonda Bus Stop","bus",15.519703,78.176188,""
"Sitaramapuram Bus Stop","bus",15.534153,78.157805,""
"Venkatapuram Bus Stop","bus",15.552933,78.172624,""
"Chennamsetti Palle Bus Stop","bus",15.573758,78.175669,""
"Somayajulapalli Bus Stop","bus",15.582037,78.175858,""
"Kalvabugga Bus Stop","bus",15.605616,78.17233,""
"Gadivemula Bus Stop","bus",15.677815,78.422634,""
"Talamudi Bus Stop","bus",15.680922,78.388352,""
"Manchalakatta Bus Stop","bus",15.680602,78.354008,""
"Gani Bus Stop","bus",15.670043,78.314593,""
"APSRTC Bus Station ,  Kadavakuduru","bus",15.724089,80.253708,""
"Teachers Colony","bus",13.129995,80.202191,""
"APSRTC Bus Stand , Uppugunduru","bus",15.670886,80.167066,""
"Pedda Bangarunatham Bus Stop","bus",12.716536,78.367075,""
"Vanaguttapalli Bus Stop","bus",12.686232,78.389669,""
"Mallanur Bus Stop","bus",12.661819,78.409337,""
"Gandhi Nagar Bus Stop","bus",12.627316,78.435754,""
"Kothur Bus Stop","bus",12.617197,78.440837,""
"Natrampalli Bus Stop","bus",12.590085,78.509472,""
"Mottur bUS sTOP","bus",12.542848,78.506731,""
"Adavi Budugur Bus Stop","bus",12.657954,78.431748,""
"Gundlamadugu Bus Stop","bus",12.657541,78.455544,""
"Sivanandhapuram Bus Stop","bus",12.658315,78.462052,""
"Nayanacheruvu Bus Stop","bus",12.614914,78.496472,""
"Bus","bus",15.446112,79.13036,""
"1.32 Bus Stand","bus",15.447564,79.131675,""
"Kottaindlu Bus Stop","bus",12.734611,78.372564,""
"Erramannuguntalu Bus Stop","bus",12.642077,78.457121,""
"Chandam Bus Stop","bus",12.732509,78.376106,""
"Mittapalle Junction  Bus Stop","bus",12.689621,78.402404,""
"Vepur Mittapalli Junction Bus Stop","bus",12.68416,78.400993,""
"Vepur Mittapalli Village Bus Stop","bus",12.683374,78.408558,""
"Mittapalle Village  Bus Stop","bus",12.691523,78.407729,""
"Thagarakuppam Bus Stop","bus",12.653424,78.484339,""
"Nattrampalli Bus Stand","bus",12.592289,78.515497,""
"China Irlapadu Bus Stop","bus",15.384785,79.541788,""
"Hazis Puram Bus Stop","bus",15.362362,79.57818,""
"Peda Alavala Padu Bus Stop","bus",15.329583,79.62475,""
"Kotapadu Agraharam Bus Stop","bus",15.317078,79.68657,""
"Venkupalem Bus Stop","bus",15.303904,79.744501,""
"Ponnaluru Bus Stop","bus",15.27142,79.799716,""
"Muttarajupalem Bus Stop","bus",15.248687,79.840881,""
"Marella Bus Stop","bus",15.289413,79.597469,""
"Pedacherlopalle Bus Stop","bus",15.277293,79.571208,""
"Pedda Varimudugu  Bus Stop","bus",15.248856,79.584821,""
"Peda Irla Padu Bus Stop","bus",15.203163,79.58204,""
"Doddavenkatapalle Bus Stop","bus",15.171453,79.376959,""
"Vaggampalle Bus Stop","bus",15.164549,79.441225,""
"Manneru Brg Bus Stop","bus",15.128897,79.41881,""
"Kattakinda Palli BuS Stop","bus",15.161744,79.380634,""
"Lingareddy Palli Bus Stop","bus",15.323048,79.471733,""
"Kancharlavaripalli Bus Stop","bus",15.307417,79.467955,""
"Vangapadu X Roads Bus Stop","bus",15.276027,79.467938,""
"Vangapadu Bus Stop","bus",15.239011,79.375928,""
"Raviguntapalle  Bus Stop","bus",15.229096,79.460349,""
"Bhumireddipalle Bus Stop","bus",15.201738,79.452053,""
"Inimerla Bus Stop","bus",15.090431,79.45761,""
"Botla Gudur Bus Stop","bus",15.086589,79.522159,""
"Appamambhapuram Bus Stop","bus",15.064178,79.544341,""
"Sriranga Puram Bus Stop","bus",15.426568,79.454342,""
"Hanumathunipadu Bus Stop","bus",15.460729,79.407311,""
"Moramvaripalle Bus Stop","bus",15.466908,79.39677,""
"Thimmareddypalli Bus Stop","bus",15.484238,79.37068,""
"Gayamvaripalle Bus Stop","bus",15.514097,79.357131,""
"Vemula Padu Bus Stop","bus",15.530157,79.339472,""
"Gollapalli / Rolugampadu Bus Stop","bus",15.568306,79.208571,""
"Ravipadu Bus Stop","bus",15.559628,79.166359,""
"Salakalaveedu Bus Stop","bus",15.55617,79.157406,""
"Kalagotla Bus Stop","bus",15.545472,79.126892,""
"Ayyavaripalle Junction  Road Bus Stop","bus",15.105801,79.576004,""
"Bodavada Bus Stop","bus",15.074581,79.609089,""
"Gollapalle / Rollamadugu Bus Stop","bus",15.607784,79.224432,""
"Meerja Peta Bus Stop","bus",15.619035,79.206566,""
"Seetanagulavaram Bus Stop","bus",15.688522,79.242562,""
"Hanumakonda Palem Bus Stop","bus",14.848916,79.861765,""
"Golukondaltopu Bus Stop","bus",14.62596,80.066433,""
"Dampuru Bus Stop","bus",14.611104,80.079522,""
"Vavilla Bus Stop","bus",14.604092,80.077918,""
"Chowkacherla Bus Stop","bus",14.606985,80.046325,""
"Gundalammapalem Bus Stop","bus",14.581424,80.010149,""
"Uppinangadi Bus Stand","bus",12.839823,75.248862,""
"APSRTC Bus Station , Porumamilla","bus",15.001267,78.990967,""
"SJCIT Bus Stand","bus",13.394209,77.729728,""
"Hosapalya Bus Stop","bus",12.89728,77.645485,""
"APSRTC Bus Station , Prathipadu","bus",16.184259,80.338263,""
"Peddavanka Bus Stop","bus",12.704336,78.49572,""
"Vaniyambadi Bus Station","bus",12.678112,78.620754,""
"APSRTC Bus Station , Varadaiahpalem","bus",13.601256,79.932202,""
"Kalyanidam Bus Stop","bus",13.645321,79.269823,""
"Vidyanikethan and Marrimanu Center Bus Stop","bus",13.623785,79.28953,""
"Dam X Roads Bus Stop","bus",14.300964,79.640889,""
"Devarajapuram Bus Stop","bus",12.762734,78.563847,""
"பள்ளப்பட்டி","bus",10.723013,77.891689,""
"KSRTC Jagalur-Bethur Road Station","bus",14.480695,75.931459,""
"Poladpur Bus station","bus",17.98315,73.465486,""
"Kalamangalam Bus stand","bus",12.604674,77.854016,""
"Mallasamudram Bus Station","bus",11.494195,78.028536,""
"பேறிகை பேருந்து நிலையம்","bus",12.806806,77.96748,""
"பாகலூர் பேருந்து நிலையம்","bus",12.830319,77.866158,""
"TGSRTC  Bus Station , Gajwel","bus",17.844882,78.683048,""
"Irala Bus Stop","bus",13.387358,78.982028,""
"Y.S.Gate Bus Stop","bus",13.344449,79.011143,""
"Omerga Bus Stand","bus",17.839726,76.61885,""
"Udayagiri Old Bus Stand","bus",14.878282,79.303164,""
"Muttil","bus",11.64251,76.110598,""
"Puducherry Bus Stand (Temporary)","bus",11.927731,79.819279,""
"Ukkadam Bus Stand","bus",10.988599,76.961668,""
"Govt Polytechnic Bus Stop ( Adoni  )","bus",15.58182,77.317333,""
"Ranibavi Bus Stop","bus",14.71509,78.926954,""
"Marikuppe","bus",13.042256,77.29842,""
"HYDERABAD Bus Terminal , ONGOLE","bus",15.511146,80.041526,""
"New Mallampet Bus Stop","bus",17.559351,78.364628,""
"Kottampatti Bus stand","bus",10.224377,78.374373,""
"Maruthamalai Bus Ticket counter","bus",11.044379,76.862349,""
"Neeleswaram Bus Stand","bus",12.255699,75.130325,""
"Khed ST Bus Stand","bus",17.719483,73.397894,""
"TMT Mulund Bus Station","bus",19.173512,72.95772,""
"TNSTC Bus Depot , Palani","bus",10.451329,77.517216,""
"M.G.R Mattuthavani Bus Stand , Madurai","bus",9.944091,78.156043,""
"Tiruchirapalli New Bus Stand","bus",10.75504,78.655764,""
"Palani Bus Stand","bus",10.449561,77.515576,""
"palakurthy busstop","bus",17.657312,79.426829,""
"Vikhroli Depot","bus",19.101758,72.919323,""
"Marathon Chowk Teen Hath Naka","bus",19.187461,72.962439,""
"Neermarga Junction Bustop","bus",12.893798,74.909513,""
"Kotha Kodur Bus Stop","bus",14.411368,80.158668,""
"Satrawada Bus Stop","bus",13.31954,79.549974,""
"Pannuru Bus Stop","bus",13.317067,79.713622,""
"APSRTC Bus Station , Tiruvuru","bus",17.117268,80.610238,""
"APSRTC Bus Terminal 1 , Tenali","bus",16.244099,80.644122,""
"P.S.R Bus Station , Nellore","bus",14.456719,79.989429,""
"APSRTC Bus Parking Area","bus",14.910016,79.993468,""
"Atmakuru Bus Stop ( Nandyala )","bus",15.485217,78.48643,""
"APSRTC Bus Station , Chinnamandem","bus",13.94155,78.684028,""
"APSRTC Bus Station , Kodumur","bus",15.683391,77.766828,""
"bus stop kairupala","bus",15.552112,77.470868,""
"AIIMS City Bus Stop","bus",16.444588,80.585938,""
"APSRTC Old Bus Stand , Veldurthy","bus",15.553807,77.929384,""
"APSRTC and Private New Bus Station , Atmakur ( N )","bus",14.618478,79.625776,""
"Shantigrama","bus",12.983868,76.213803,""
"Chalivendra Bus Stop","bus",15.796827,79.646177,""
"Chandaluru Bus Stop","bus",15.800609,79.599761,""
"Thummedalapadu Bus Stop","bus",15.8066,79.561107,""
"Gudipadu Bus Stop","bus",15.796819,79.516808,""
"Villupuram Bus Stand","bus",11.930639,79.482801,""
"SALEM OLD BUS STAND","bus",11.652604,78.159538,""
"BrahmeswaramBus Stop","bus",14.853098,79.448609,""
"Sangam Highway Bus Stop","bus",14.594302,79.751218,""
"Dharmapuri Mofussil Bus Stand","bus",12.133744,78.162309,""
"Martuvaripalle Bus Stop","bus",13.482563,78.934713,""
"Hanuman Temple Bus Stop , Rayachoti","bus",14.089955,78.755696,""
"Bandlapalli Bus Stop","bus",14.133183,78.756039,""
"Mhalunge Gaon (Bajirao Padale Chowk)","bus",18.564616,73.735792,""
"Bus Stand , Terekanambhi","bus",11.815629,76.792201,""
"APSRTC Bus Station , Guduru ( Kurnool )","bus",15.777006,77.800944,""
"Railway Koduru Highway / Main Road Bus Stop","bus",13.960014,79.349962,""
"Venkatagirikota X Roads Bus Stop","bus",13.001687,78.479669,""
"Pulivendula Old Bus Stand Circle","bus",14.415018,78.225532,""
"Nidigurthu Bus Stop","bus",13.885813,80.158353,""
"Chinnatota Bus Stop","bus",13.854387,80.210155,""
"Kondurupalem Bus Stop","bus",14.004845,80.15181,""
"Raviguntapalem Bus Stop","bus",13.92115,80.145314,""
"Pambali Bus Stop","bus",13.920808,80.178049,""
"Srinivasapuram Bus Stop","bus",13.959762,80.18037,""
"Puli Kalva Bus Stop","bus",13.968872,80.060629,""
"Madakasira X Roads Bus Stop","bus",13.941545,77.276242,""
"Gudur Railway Station Bus stop","bus",14.148611,79.84619,""
"Jangampalle Bus Stop","bus",14.009318,78.592899,""
"Katarupalle Bus Stop","bus",14.101336,78.240782,""
"Kamatampalle Bus Stop","bus",14.106238,78.207011,""
"Dandigunta Bus Stop","bus",14.631856,80.114718,""
"Modegunta Bus Stop","bus",14.551999,80.046701,""
"Sri Gowripuram  Village Bus Stop","bus",14.632337,80.149353,""
"Nellore Bus Stand ,Ongole","bus",15.496216,80.04922,""
"Upparapalem Bus Stop","bus",15.192509,80.038499,""
"Karedu Bus Stop","bus",15.188847,80.054457,""
"Karedu Ramp Bus Stop","bus",15.201179,80.015121,""
"Mundlamuri Varipalem Bus Stop","bus",15.270886,79.741983,""
"Sunki Reddy Palem Bus Stop","bus",15.261878,79.736334,""
"Cherukuru Bus Stop","bus",15.264187,79.749458,""
"Chevuru Bus Stop","bus",15.001086,79.997976,""
"Orugantivaripalem  Bus Stop","bus",15.360674,79.656926,""
"Balireddy Palem Bus Stop","bus",15.34945,79.704387,""
"Chennipadu Bus Stop","bus",15.33616,79.736167,""
"Marlapadu Bus Stop","bus",15.427657,79.968436,""
"Sarvireddipalem Bus Stop","bus",15.472821,79.984503,""
"Vengamukka Palem Bus Stop","bus",15.475885,80.015256,""
"Alakurapadu Bus Stop","bus",15.361294,80.066208,""
"Ponduru Bus Stop","bus",15.416628,79.926076,""
"Lakshmakka Palem Bus Stop","bus",15.414367,79.904028,""
"Isukapalle Bus Stop","bus",15.053304,79.775763,""
"Saioeta Bus Stop","bus",15.03241,79.757765,""
"Pakala Bus Stop","bus",15.275724,80.07305,""
"Shuvarampuram X Roads Bus Stop","bus",15.674065,79.865122,""
"Tatepuram  Bus Stop","bus",15.345941,80.096441,""
"Tadukupeta Bus Stop","bus",13.271573,79.582112,""
"Tadukupetq Bus Stop","bus",13.270025,79.582108,""
"Pothapi Bus Stop","bus",14.346173,79.229434,""
"Chintakayalapalle Bus Stop","bus",14.329195,79.219994,""
"Lebaka  X Roads Bus Stop / Lebaka Bus stop","bus",14.300484,79.182715,""
"Mantapampalle Bus Stop","bus",14.320523,79.083537,""
"Sankarpuram Bus Stop","bus",16.628513,79.7308,""
"Bhatrapalem Bus Stop","bus",16.678154,79.733433,""
"Katrapadu Bus Stop","bus",16.713744,79.755624,""
"Kamalapadu Bus Stop","bus",15.06477,77.377853,""
"Gulapalyam ( Gulapalem ) Bus Stop","bus",15.092539,77.368061,""
"Budhagavi Bus Dtop","bus",14.96168,77.233452,""
"Cheekalaguriki Bus Stop","bus",14.965778,77.231694,""
"Kottalapalli Bus Stop","bus",15.011994,77.208596,""
"Malapuram Bus Stop","bus",15.044449,77.194057,""
"APSRTC Bus Station , Vidapanakallu \","bus",15.060358,77.181591,""
"Thatrakal Bus Stop","bus",15.003101,77.364178,""
"Ganji Kunta Bus Stop","bus",15.009529,77.368501,""
"Vajrakarur Bus Stop","bus",15.02655,77.383917,""
"Konakondla Bus Stop","bus",15.109073,77.364144,""
"Ramapuram Kottala ( R . Kottala ) Bus Stop","bus",15.088387,77.206383,""
"Gadekal Bus Stop","bus",15.114676,77.243528,""
"Pepili Cross Bus Stop","bus",14.979307,77.318831,""
"Kadamalakunta Bus Stop","bus",14.980272,77.32965,""
"Ragulapadu Bus Stop","bus",14.987696,77.350542,""
"Nancherla Bus Stop","bus",15.205921,77.403919,""
"Kasapuram Bus Stop","bus",15.194625,77.391923,""
"Maddikera Bus Stop","bus",15.248402,77.412377,""
"Maddikera Agraharam Bus Stop","bus",15.265686,77.433738,""
"Burujula Bus Stop","bus",15.334284,77.445598,""
"Hosur Bus Stop","bus",15.380905,77.457842,""
"Dudekonda Bus Stop","bus",15.4523,77.523275,""
"Kothiralla Bus Stop","bus",15.47399,77.528191,""
"Kanakadinne Bus Stop","bus",15.487124,77.531152,""
"Velamakuru Bus Stop","bus",15.507786,77.537314,""
"Kottapeta Bus Stop","bus",15.562113,77.55311,""
"Kappatralla Bus Stop","bus",15.606833,77.630695,""
"Karidikonda Bus Stop","bus",15.579528,77.577951,""
"Karivemula Bus Stop","bus",15.597575,77.599031,""
"Edula Devarabanda Bus Stop","bus",15.630759,77.670878,""
"Machapuram Bus Stop","bus",15.649569,77.703223,""
"Lingamdinne Bus Stop","bus",15.674882,77.749722,""
"Chanugondla Bus Stop","bus",15.710308,77.803038,""
"Pyalakurthy Bus Stop","bus",15.716795,77.819346,""
"Kuruvanagalapuram Bus Stop","bus",15.756329,77.905085,""
"K.Markapuram Bus Stop","bus",15.773429,77.937438,""
"Salkapuram Bus Stop","bus",15.785218,77.954653,""
"A.Gokulapadu Bus Stop","bus",15.7764,77.941406,""
"Peddapadu Bus Stop","bus",15.805155,77.981631,""
"Thimmasamudram Bus Stop","bus",13.965078,78.913694,""
"Papannagari Palli Bus Stop","bus",13.892557,78.947894,""
"Gundlapalli Bus Stop","bus",13.913395,78.937434,""
"Kottapalle Bus Stop","bus",13.937944,78.93645,""
"Rachapalle Bus Stop","bus",13.960929,78.983212,""
"Kadirayacheruvu Bus Stop","bus",13.791832,78.675216,""
"Late Rajiv Gandhi Udyan BRT","bus",18.453457,73.858424,""
"Kummarapalle Bus Stop","bus",14.044664,78.815171,""
"Anumpalle Bus Stop","bus",14.023805,78.857676,""
"Rachamvandlapalle Bus Stop","bus",14.00252,78.889979,""
"T. Sundupalle Bus Stop","bus",13.981461,78.915913,""
"Madithadu Bus Stop","bus",13.985674,78.961486,""
"Rayavaram Bus Stop","bus",13.986995,78.989838,""
"Pincha Bus Stop","bus",13.91346,78.999056,""
"Peddinenikalva Bus Stop","bus",13.954163,78.9822,""
"Vandadi Bus Stop","bus",13.999695,78.693324,""
"Balijapalle Bus Stop","bus",13.989028,78.667637,""
"T.Sakibanda Bus Stop","bus",13.992348,78.649407,""
"Kammapalle Bus Stop","bus",13.989275,78.620348,""
"Goramchervu Bus Stop","bus",14.008965,78.563269,""
"Gaaliveedu Bus Stop","bus",14.021391,78.514311,""
"Gondhipalle Bus Stop","bus",13.910869,79.012276,""
"Kondalaturupu Bus Stop","bus",13.914725,78.96647,""
"Sontam Vari PaIIe Bus Stop","bus",13.899657,78.964657,""
"Krishna Puram Bus Stop","bus",13.794839,78.634249,""
"Papireddigaripalle Bus Stop","bus",13.805498,78.729961,""
"Bojjiguntapalle Bus Stop","bus",13.810861,78.746034,""
"Peddakaivapalle Bus Stop","bus",14.054024,78.718804,""
"Boyapalle Bus Stop","bus",14.039167,78.681152,""
"Vadlapalle Bus Stop","bus",14.020115,78.645211,""
"RamapuramBus Stop","bus",14.008699,78.610279,""
"Veligallu Bus Stop","bus",14.042155,78.444715,""
"Nambula Pulakunta Bus Stop","bus",14.056248,78.411626,""
"Bandaruchetlapaalle Bus Stop","bus",14.067467,78.392261,""
"Dhaniyanicheruvu Bus Stop","bus",14.0797,78.356499,""
"Rekkamanu Bus Stop","bus",14.093417,78.314763,""
"Gandlapenta Bus Stop","bus",14.095203,78.272066,""
"Garugupalle Bus Stop","bus",14.076594,78.518876,""
"Battinivandlapalle Bus Stop","bus",14.110877,78.522896,""
"Nuliveedu Bus Stop","bus",14.10007,78.553858,""
"Gundlacheruvu Junction Bus Stop","bus",14.058891,78.536325,""
"Pandikunta Bus Stop","bus",14.123369,78.53423,""
"Talamudipi Bus Stop","bus",14.150398,78.515987,""
"Thumukunta Bus Stop","bus",14.077572,78.476772,""
"Madarsab Garipalle Bus Stop","bus",14.078374,78.451202,""
"Mamillavari Palle Bus Stop","bus",13.791651,78.55988,""
"Turakapalle Bus Stop","bus",13.824458,78.550965,""
"Kalicherla Bus Stop","bus",13.886624,78.542142,""
"Peddamandyam Bus Stop","bus",13.928538,78.537997,""
"Papepalle Bus Stop","bus",13.954125,78.528657,""
"Araveedu X Roads Bus Stop","bus",13.98802,78.517572,""
"Chittiboyanapalle Bus Stop","bus",13.800544,78.609002,""
"Nadimicherla Bus Stop","bus",13.831543,78.684935,""
"Kona Bus Stop","bus",13.830805,78.72624,""
"Yellama Gudibanda Bus Stop","bus",13.833655,78.737277,""
"Bonga Vandlapalle Bus Stop","bus",14.167098,78.873338,""
"Brhamagundam Temple Bus Stop","bus",15.554304,77.965901,""
"Bandapalli  Bus Stop","bus",14.126507,78.735399,""
"Maddirevula Bus Stop","bus",14.145637,78.721989,""
"Lakkireddipalle Bus Stop","bus",14.185476,78.697087,""
"Konapeta Bus Stop","bus",14.209606,78.649526,""
"Payalapalle Bus Stop","bus",14.214796,78.59855,""
"Bālatimmayagāripalle Bus Stop","bus",14.219502,78.553231,""
"Chilekampalle Bus Stop","bus",14.24756,78.509594,""
"Chekrayapeta Bus Stop","bus",14.263764,78.496774,""
"Vepulamitta Bus Stop","bus",14.228543,78.957577,""
"Gadikota Bus Stop","bus",14.201626,78.934166,""
"YadaballeBus Stop","bus",14.190925,78.910516,""
"Tarpupalle Bus Stop","bus",14.155205,78.86915,""
"Veeraballe Bus Stop","bus",14.156787,78.858042,""
"Rachakuntapalle Village Cross Bus Stop","bus",14.367721,78.27796,""
"Nakkalapalle Bus Stop","bus",14.511993,78.206497,""
"Gotlamitta Village Bus Stop","bus",14.162954,78.537711,""
"Sangameshwar","bus",17.169118,73.534222,""
"Deorukh","bus",17.062801,73.623201,""
"APSRTC BUS STATION , PULLALACHERUVU","bus",16.155186,79.430018,""
"Alluri Bus Stop","bus",14.686417,80.053893,""
"Vemalaagardi Bus Stop","bus",14.256898,78.406386,""
"Peddannavaripalle Bus Stop","bus",14.253869,78.338447,""
"Vepamanipeta Bus Stop","bus",14.266724,78.301045,""
"Talupula Bus Stop","bus",14.241039,78.259086,""
"Thogata Vandla Pllli Bus Stop","bus",14.20537,78.26527,""
"Obulareddipalle Bus Stop","bus",14.191444,78.291989,""
"Gudalagondi Bus Stop","bus",14.147891,78.30471,""
"Obulapuram Thanda Bus Stop","bus",14.162092,78.310264,""
"Pedda Kambaloor Bus Stop","bus",15.3024,78.613118,""
"Chinna Kambaloor Bus Stop","bus",15.283799,78.56971,""
"Reppalapattu Bus Stop","bus",13.417327,79.746488,""
"Sadasiva Puram Bus Stop","bus",13.501995,79.732646,""
"Maddi Khandriga Bus Stop","bus",13.460195,79.726495,""
"Sivanadhapuram Bus Stop","bus",13.713124,79.725818,""
"Birajukandriga Bus Stop","bus",13.666931,79.733371,""
"Kotturu Bus Stop","bus",13.626433,79.73349,""
"Matham Bus Stop","bus",13.578799,79.747243,""
"Bodireddikandriga Bus Stop","bus",13.548855,79.741694,""
"Puttapasham Bus Stop","bus",15.70245,77.671515,""
"Tiruvannamalai New Bus Stand","bus",12.237892,79.079444,""
"Alamuru Bus Stop","bus",14.642542,77.540275,""
"Bhavapuram Bus Stop","bus",15.259933,78.982472,""
"TGSRTC Bus Station , Alampuram","bus",15.879134,78.132132,""
"Pernadu Bus astop","bus",13.78551,80.151499,""
"Atakanitippa Bus Stop","bus",13.724341,80.12257,""
"Koridi Bis Stop","bus",13.763006,80.140004,""
"SHAR Gate","bus",13.724253,80.163101,""
"APSRTC Bus Station , Epuru","bus",16.229674,79.777229,""
"Chikli Bus Stop","bus",18.683787,73.814199,""
"APSRTC Bus Station , Kudair","bus",14.730491,77.425551,""
"Pmpml Bus Stand","bus",18.786957,73.776502,""
"Srinivasa mangapuram Bus and car Temple parking","bus",13.610722,79.326554,""
"Sri Vaari Mettu Bus Stop","bus",13.660236,79.336588,""
"Pampml Bus Stand","bus",18.766219,73.774913,""
"Kamalamarri Bus Stop","bus",14.061393,78.584896,""
"Cheemalacheruvu Palli Bus Stop","bus",14.083892,78.595216,""
"Kadapavandlapalle Bus Stop","bus",14.099056,78.614993,""
"Katimayakunta Bus Stop","bus",14.080266,78.672746,""
"Pedda Kowkuntla Village Bus Stop","bus",14.792854,77.250605,""
"APSRTC Bus Stop  - Andhra Pradesh High Court Parking Area","bus",16.521066,80.487506,""
"APSRTC Bus Parking at Andhra Pradesh High Court","bus",16.521054,80.487027,""
"APSRTC Bus Stop , Andhra Pradesh High Court","bus",16.521355,80.487173,""
"Kachapur bus stop","bus",18.329824,79.358819,""
"Gaddapaka Bus stop","bus",18.345205,79.358052,""
"கரூர் புதிய பேருந்து நிலையம்","bus",10.945167,78.081157,""
"TGSRTC Bus Station , Aiza","bus",16.015237,77.665916,""
"TGSRTC Bus Station , Achampet","bus",16.397713,78.633425,""
"TGSRTC Bus Station , Pebbair","bus",16.208038,77.99183,""
"TGSRTC Bus Station , Bijinapalli","bus",16.53361,78.20446,""
"TGSRTC Bus Station , Wanaparthy","bus",16.358373,78.060461,""
"TGSRTC Bus Station. Devuni Palem","bus",16.525278,78.233596,""
"TGSRTC Bus Station , Kollapur","bus",16.108348,78.318809,""
"TGSRTC Bus Station , Jadcherla","bus",16.773296,78.129889,""
"TGSRTC  Bus Station , Kalwakurthy","bus",16.664628,78.490981,""
"TGSRTC Bus Station , Adilabad","bus",19.669422,78.527443,""
"TGSRTC Bus Station , Banswada","bus",18.383078,77.875676,""
"TGSRTC Bus Station , Bhupalapally","bus",18.439931,79.863978,""
"TGSRTC Bus Station , Bodhan","bus",18.658761,77.895435,""
"TGSRTC Old Bus Station , Devarakonda","bus",16.691564,78.919519,""
"TGSRTC Bus Station , Pragnapur","bus",17.831528,78.706067,""
"TGSRTC Jublee Bus Station , Hyderabaf","bus",17.447775,78.49825,""
"TGSRTC JBS Bus Station","bus",17.447749,78.497755,""
"JBS","bus",17.447612,78.498632,""
"TGSRTC  Bus Station , Godavarikhani","bus",18.760126,79.508289,""
"TGSRTC Bus Station , Hanumakonda","bus",18.003041,79.566207,""
"TGSRTC Bus Station , Dubbaka","bus",18.172186,78.663469,""
"TGSRTC New Bus Station , Gajwel","bus",17.842373,78.660502,""
"TGSRTC Bus Station, Huzurabad","bus",18.202908,79.396294,""
"TGSRTC New Bus Station , Jagityal","bus",18.789433,78.913505,""
"TGSRTC Old Bus Station , Jagityala","bus",18.798075,78.920682,""
"TGSRTC Bus Station , Janagaon","bus",17.719297,79.16269,""
"TGSRTC New Bus Station , Khammam","bus",17.260951,80.14956,""
"TGSRTC Bus Station, ECIL","bus",17.472488,78.570112,""
"TGSRTC Bus Station , Kosigi","bus",16.987056,77.711361,""
"TGSRTC Bus Station , Madhira","bus",16.922469,80.367132,""
"TGSRTC Bus Station , Mahbubnagar","bus",16.74804,77.995764,""
"TGSRTC Bus Station , Maheshwaram","bus",17.135846,78.435379,""
"TGSRTC Bus Station , Manthani","bus",18.651397,79.66775,""
"TGSRTC Bus Station , Medak","bus",18.050724,78.269886,""
"TGSRTC Bus Station , Narayanakhed","bus",18.036985,77.779591,""
"TGSRTC Bus Station , Narsampet","bus",17.925373,79.886235,""
"TGSRTC Bus Station , Narayanapet","bus",16.741841,77.497495,""
"TGSRTC Bus Station , Nirmal","bus",19.100414,78.341291,""
"TGSRTC Bus Station , Pargi","bus",17.175763,77.880912,""
"TGSRTC Bus Station , Nizamabad","bus",18.676072,78.099539,""
"TGSRTC Bus Station , Sangareddy","bus",17.615349,78.081956,""
"TGSRTC Bus Station , Siddipet","bus",18.094263,78.852897,""
"TGSRTC Bus Station , Thorrur","bus",17.586308,79.656003,""
"TGSRTC Bus Station , Tandur","bus",17.25345,77.590819,""
"TGSRTC Bus Station , Utnur","bus",19.371695,78.779758,""
"TGSRTC Bus Station , Vemulavada","bus",18.461325,78.868019,""
"TGSRTC Bus Station , Warangal","bus",17.973889,79.606726,""
"TGSRTC Bus Station ( Near Warangal Railway Station ) , Warangal","bus",17.973963,79.606234,""
"TGSRTC Bus Station , Yadagirigutta","bus",17.58274,78.946127,""
"TGSRTC Bus Station , Zaheerabad","bus",17.681504,77.614118,""
"sirikonda bus stip","bus",18.58195,78.456847,""
"Shrivari Paadaalu Bus Stop","bus",13.678116,79.332736,""
"Silathoranam Natural Stone Arch Bus Stop","bus",13.685976,79.341154,""
"Gundrevari Palli Bus Stop","bus",13.865928,78.896207,""
"Anjanadri Bus Stop","bus",13.659913,79.384822,""
"T.Sadum Bus Stop","bus",13.664538,78.100623,""
"Kattubavi Bus Stop","bus",13.466544,78.426731,""
"Donduvaripalle Bus Stop","bus",13.516251,78.478267,""
"Pulivallem Bus Stop","bus",13.623849,79.995318,""
"Taluk Office Bus Stop","bus",15.227175,78.324297,""
"Nernoor Bus Stop","bus",14.420443,79.595407,""
"TGSRTC Bus Station. Yellandu","bus",17.595195,80.321919,""
"Hadpsar Gadi Tal","bus",18.500419,73.939268,""
"Gownivaripalli Bus Stop","bus",13.882169,78.561726,""
"Pasalavandla Palle Bus Stop","bus",13.886766,78.619762,""
"Dhanujavari Palli  Bus Stop","bus",13.500818,79.146134,""
"Dasukuppam Bus Stop","bus",13.337805,79.89105,""
"Mogili Highway Bus Stop","bus",13.186611,78.832454,""
"Mogili Village  Bus Stop","bus",13.185305,78.836183,""
"Kasturibaipet Bus Stop","bus",16.507085,80.639995,""
"State Guest House Bus Stop","bus",16.509211,80.634098,""
"JNNURM Colony Bus Stop","bus",16.553187,80.617641,""
"Vengamvaripalle Bus Stop","bus",13.046179,78.617073,""
"KEC Bus Stand","bus",11.273405,77.608255,""
"Madhavaram Village Bus Stop","bus",13.29799,78.842691,""
"Puthramaddi Village Bus Stop","bus",13.322061,78.991956,""
"Isukatripuravaram Village Bus Stop","bus",16.085631,79.505359,""
"Chandrabhavi Bus Stop - ( Andhrapradesh - Karnataka Boarder )","bus",13.904123,77.245157,""
"Mallapalem Bus Stop","bus",16.139217,79.33401,""
"Juhu Chowpati Bus Station","bus",19.09609,72.827547,""
"Broadway Bus Terminus","bus",13.086923,80.28417,""
"Mandaveli Bus Terminus","bus",13.026626,80.265738,""
"Thyagaraya Nagar Bus Terminus","bus",13.034561,80.23008,""
"Minjur Bus Stand","bus",13.282039,80.253714,""
"Sriperumbudur Bus Stand","bus",12.966503,79.94505,""
"Kulgaon Bus Station","bus",19.168713,73.236782,""
"Erode Bus Stand","bus",11.347065,77.71997,""
"Domlur Bus Station","bus",12.961802,77.63873,""
"Vitthalwadi","bus",19.227107,73.148971,""
"Chennai Mofussil Bus Terminus","bus",13.067044,80.205648,""
"Kalpetta New Bus stand","bus",11.605675,76.084706,""
"Anna Square Bus Station","bus",13.06641,80.284296,""
"Vadakara Old Bus Stand","bus",11.597452,75.587691,""
"KR Market Bus Terminus","bus",12.964073,77.577792,""
"Kalasipalyam Bus Stand","bus",12.960397,77.577151,""
"Pudukkottai New Bus Stand","bus",10.377503,78.814494,""
"Thavakkara New Bus Stand","bus",11.866943,75.371817,""
"Taliparamba Municipal Bus Stand","bus",12.036958,75.360076,""
"K S R T C Bus Stand","bus",12.502633,74.988091,""
"Cheruvathur Busstand","bus",12.215936,75.161914,""
"Kottachery Bus Stand","bus",12.32218,75.086767,""
"Thanjavur New Bus Stand","bus",10.750124,79.112323,""
"Mumbai Central Bus Station","bus",18.969326,72.822056,""
"SETC Bus Stand","bus",10.78629,79.136278,""
"Hampinagara Bus Station","bus",12.958979,77.535479,""
"Gandhipuram Town Bus Stand","bus",11.016461,76.969318,""
"Goregaon Bus Station (W)","bus",19.163637,72.848986,""
"Goregaon Bus Station East","bus",19.16573,72.850443,""
"Brindavan Garden Bus Station","bus",12.422045,76.577078,""
"Central Bus Stand","bus",17.921689,77.507463,""
"Central Bus Station","bus",16.824946,75.715397,""
"Old Bus Station","bus",15.350369,75.136165,""
"Dharwad New NWKRTC Bus Station","bus",15.469373,74.993112,""
"SEEPZ Bus Station","bus",19.12599,72.872978,""
"CBIT bus stop","bus",17.393733,78.320177,""
"Perundurai Bus Stand","bus",11.273538,77.580015,""
"Hullahalli Bus Stand","bus",12.098248,76.555706,""
"Kondapur Bus Depot","bus",17.465385,78.364109,""
"Pulgate","bus",18.506064,73.882099,""
"Anushakti Nagar Bus Stand","bus",19.042615,72.926397,""
"Koramangala TTMC","bus",12.940967,77.625052,""
"Central Bus Terminus","bus",15.344637,75.145415,""
"Karwar Bus stand","bus",14.805652,74.12799,""
"Vadapalani Bus Terminus","bus",13.04919,80.207094,""
"Chromepet Bus Stand","bus",12.951576,80.140084,""
"சென்னை சென்ட்ரல்","bus",13.082012,80.275622,""
"Anna Nagar West Depot","bus",13.093925,80.198087,""
"Pallavaram Bus Stand","bus",12.969295,80.150249,""
"Kelambakkam Bus Station","bus",12.786247,80.222007,""
"Thiruverkadu Bus Depot","bus",13.069503,80.12401,""
"Thiruvanmiyur MTC Terminus","bus",12.986836,80.259333,""
"Saidapet MTC Terminus","bus",13.023427,80.22772,""
"Swargate ST Stand","bus",18.499364,73.859266,""
"Kadugodi Bus Station","bus",12.995701,77.75851,""
"Jeevan Bhima Nagar Bus Depot","bus",12.965759,77.658083,""
"Ghatkopar Bus Station","bus",19.087792,72.918026,""
"Mandya Bus Stand","bus",12.527989,76.889609,""
"KSRTC Gadag New Bus Stand","bus",15.417611,75.63631,""
"Gadag Old Bus Stand","bus",15.429062,75.632938,""
"Belgavi Railway Station Bus Sand","bus",15.850085,74.508399,""
"Vijayanagar Bus Stand","bus",12.965467,77.534673,""
"Sharada Colony Bus Depot","bus",12.988425,77.533666,""
"New Busstand","bus",11.030278,76.951732,""
"Mannargudi Bus Station‎","bus",10.66558,79.448648,""
"Prabhodankar Thakre Charkop Bus Station","bus",19.220434,72.829287,""
"P.Thakre Bus Station","bus",18.997845,72.85251,""
"JVPD Bus Station","bus",19.116431,72.829291,""
"Thane Station (W)","bus",19.186938,72.97565,""
"Ooty","bus",11.40365,76.695786,""
"Hanagal KSRTC Bus stand","bus",14.771104,75.12798,""
"Dharmasthala Bus Stand","bus",12.956358,75.385444,""
"Payyanur","bus",12.111552,75.218137,""
"Payyanur Old Bus Stand","bus",12.105802,75.207339,""
"Moodabidri Bus Stand","bus",13.068141,74.995685,""
"Kollegal Bus Stand","bus",12.153729,77.104152,""
"Karkala Bus Stand","bus",13.212918,74.998598,""
"KSRTC Mangalore Bus Stand","bus",12.885244,74.841677,""
"Kurugodu Bus Stand","bus",15.343488,76.832646,""
"VRL IT Park Bus stand","bus",15.353082,75.132679,""
"Atal Bihari Vajpayee Bus Stand","bus",12.917327,77.589157,""
"Banashankari TTMC","bus",12.917765,77.572995,""
"Rankala Bus Stand","bus",16.695681,74.218346,""
"Main Bus Stand","bus",13.690379,75.249611,""
"Veerulapadu","bus",16.820213,80.400257,""
"Tiptur KSRTC Depot","bus",13.266523,76.47421,""
"Old Busstand(Town Bus station)","bus",12.528667,78.217767,""
"Gudalur Bus Stand","bus",11.505874,76.491974,""
"Udupi Service Bus Station","bus",13.342702,74.747212,""
"KGF Bus Station","bus",12.958097,78.271916,""
"Bhor","bus",18.153764,73.845748,""
"Dapoli ST","bus",17.756789,73.191413,""
"KSRTC Garage Palakkad","bus",10.76708,76.649457,""
"Cuddalore","bus",11.746307,79.755695,""
"Shivajinagar Bus Stand","bus",17.525729,73.522925,""
"Chiplun Bus Stand","bus",17.525367,73.515225,""
"Stadium Bus Stand","bus",10.773991,76.662654,""
"Nelamangala BMTC Bus Stand","bus",13.097774,77.394133,""
"Mysore City Bus Station","bus",12.307603,76.653415,""
"Kalaghatgi KSRTC Bus Stand","bus",15.18057,74.972026,""
"Subrahmanya Bus Stand","bus",12.665892,75.613857,""
"7 Bungalows Bus Depot","bus",19.131033,72.819921,""
"Villupuram New Bus Stand","bus",11.930777,79.482275,""
"Kerala State Road & Transport Corporation","bus",10.767619,76.649173,""
"Arasikere Bus Stand","bus",13.315971,76.254187,""
"Vemulawada","bus",18.461362,78.867984,""
"Bhuvanagiri","bus",17.516134,78.886748,""
"Trichy Central Bus Stand","bus",10.798441,78.68028,""
"Vellakovil","bus",10.951041,77.712913,""
"Kozhikode Moffusil Bus Stand","bus",11.258576,75.786914,""
"Sultanabad bus station","bus",18.529616,79.319155,""
"Shivajinagar Bus Station","bus",12.983209,77.603076,""
"Kadambazhipuram Bus Stand","bus",10.872779,76.446094,""
"Panjim KTC Bus Stand","bus",15.495417,73.836704,""
"Egmore Railway Station","bus",13.079456,80.262775,""
"Guindy Estate MTC Terminus","bus",13.0092,80.210746,""
"Bhimashankar Bus Stand","bus",19.076351,73.534793,""
"Chairman Balasubramaniam Bus Station","bus",11.073905,77.886508,""
"MMDA Colony","bus",13.062514,80.215383,""
"Villivakkam MTC Bus Terminus","bus",13.105383,80.208366,""
"Tardeo Bus Depot","bus",18.964507,72.820982,""
"Naragunda Bus station","bus",15.718917,75.385668,""
"Navalgund Bus Station","bus",15.555297,75.353983,""
"RR Bus Station","bus",15.862851,74.525605,""
"Belguam City Bus Station","bus",15.862755,74.521396,""
"Baramati Bus Stand","bus",18.14565,74.57549,""
"Dharwad Old Bus Stand","bus",15.459601,75.010792,""
"Hangal Bus Depot","bus",14.782121,75.135648,""
"Hebsur Bus Stop","bus",15.45201,75.301236,""
"Ranebennur Bus Station","bus",14.615956,75.634038,""
"Vaduj Bus Depot","bus",17.595433,74.450175,""
"Shikaripalya","bus",12.83598,77.657182,""
"Sangli Bus Stand","bus",16.853002,74.563112,""
"Tirur Bus Stand","bus",10.918157,75.924804,""
"Mulund Check Naka","bus",19.183182,72.954087,""
"Vashi Bus Depot","bus",19.075219,72.997188,""
"Asudgaon Bus Depot","bus",19.013893,73.108149,""
"Inter State Bus Terminal-ISBT","bus",19.042005,72.878668,""
"Asiad MSRTC Stand","bus",19.015631,72.846133,""
"Bandra Reclamation Bus Station","bus",19.047945,72.826703,""
"Hosur Main Bus Stand","bus",12.735158,77.827399,""
"Charminar Bus Station","bus",17.35914,78.473848,""
"Surathkal Bus Stand","bus",12.990219,74.79987,""
"Kempegowda Bus Station","bus",12.978153,77.572425,""
"Balussery Bus Stand","bus",11.4479,75.8289,""
"Koottalida Bus Stand","bus",11.496283,75.811581,""
"Balussery","bus",11.447924,75.828731,""
"Beed Bus Stand","bus",18.993015,75.753562,""
"Thrissur KSRTC Bus Station","bus",10.517684,76.210455,""
"Kanakapura Bus Stand","bus",12.548398,77.425604,""
"Pimpri-Chinchwad Bus Stand","bus",18.615092,73.815925,""
"Annamanada Bus Terminal","bus",10.239381,76.328471,""
"Kuvempunagara Bus Station","bus",12.915689,77.616245,""
"Intercity Bus Stand","bus",11.01728,76.970219,""
"Cherupuzha Bus Stand","bus",12.274541,75.363971,""
"Bhor Bus Station","bus",18.153564,73.845952,""
"Sirsi New Bus Stand","bus",14.622135,74.822451,""
"Sidlaghatta New Bus stand","bus",13.392433,77.864372,""
"Sidlaghatta Bus Stand","bus",13.384475,77.862387,""
"Thiruvallur Bus Depot","bus",13.140313,79.908288,""
"Chitradurga KSRTC Bus Station","bus",14.226802,76.396035,""
"Ambur","bus",12.78328,78.719494,""
"Malur Bus Stand","bus",13.004205,77.937559,""
"MTC Bus Terminus","bus",12.844758,80.061639,""
"Madha Bus Stop","bus",18.031926,75.517686,""
"Channarayapattana Bus Stand","bus",12.898108,76.391182,""
"VRL Truck and Bus Depot","bus",14.191601,76.452642,""
"Mananthavady Panchayath Bus Stand","bus",11.798325,76.005234,""
"Guhagar Bus Station","bus",17.482746,73.19169,""
"Paithan Bus Station","bus",19.475346,75.386548,""
"Bus Agencies","bus",18.970706,72.821214,""
"Haliyal KSRTC Bus Stand","bus",15.332376,74.76507,""
"State Bank Bus Stand","bus",12.86317,74.837354,""
"Rasipuram Bus Stand","bus",11.457195,78.190592,""
"ISRO Layout Bus Stand","bus",12.89948,77.558449,""
"Backbay Depot","bus",18.909766,72.816998,""
"Tarakpur Bus Stand","bus",19.106433,74.74055,""
"Karlekhind Bus Station","bus",18.695297,72.930993,""
"Katraj-Sarpodyan Bus Depot","bus",18.455254,73.859242,""
"Angamaly","bus",10.195628,76.386384,""
"BUS STAND","bus",18.289075,79.475369,""
"Kizhakambalam","bus",10.03625,76.408264,""
"Gokarna Bus Station","bus",14.546153,74.319175,""
"Feroke","bus",11.176636,75.831655,""
"Bus stand Parappanangadi","bus",11.048346,75.859919,""
"Batlagundu Bus stand","bus",10.163716,77.75592,""
"Kaloor Private Bus Station","bus",9.994167,76.29188,""
"North Paravur","bus",10.149981,76.231719,""
"Irinjalakuda","bus",10.347192,76.206955,""
"Dandeli Bus Stand","bus",15.247967,74.621802,""
"Ulliyeri Bus Stand","bus",11.450928,75.769965,""
"Kunnamangalam","bus",11.304748,75.877826,""
"Choudeshwari Bus Stand","bus",13.03283,77.554012,""
"Koparkhairane NMMT Bus Station","bus",19.104976,73.003892,""
"Kulappully Bus Stand","bus",10.781548,76.278538,""
"Shahpur Bus Stand","bus",16.694401,76.846462,""
"TNSTC Coimbatore Central Bus Depot","bus",11.01411,76.967066,""
"Kanhangad Bus stand","bus",12.305679,75.096989,""
"Panchayat Bus Stand","bus",10.593502,76.599816,""
"Vedasandur Busstand","bus",10.530023,77.948082,""
"Theni New Bus Stand","bus",10.009869,77.493715,""
"Kollengode Bus Stand","bus",10.615688,76.694776,""
"Sankari Old Bus Station","bus",11.47485,77.869368,""
"Sankagiri Bus Stand","bus",11.479707,77.880394,""
"Gobichettipalayam","bus",11.454519,77.436684,""
"Dr. MGR Central Bus Stand - Salem","bus",11.66909,78.139402,""
"Hindupuram Town ( Parigi Bus Stand )","bus",13.831212,77.492439,""
"Lonavala Bus Stand","bus",18.753811,73.406463,""
"Kuvempunagar","bus",12.276683,76.625589,""
"Shanti Ashram Bus Depo","bus",19.241741,72.846606,""
"Anekal Bus Stand","bus",12.709008,77.696369,""
"Lokmanya Nagar Bus Depot","bus",19.209329,72.952163,""
"KSRTC New Bus stand","bus",12.941192,75.781418,""
"MHADA Bus Station","bus",19.169272,72.968127,""
"Latur Bus stand","bus",18.400367,76.579994,""
"KSRTC Bus Terminal 3","bus",12.975059,77.571691,""
"Viveknagar Bus Station","bus",12.954345,77.622696,""
"Basaveshwara Bus Station","bus",13.044906,77.525668,""
"Bodi City Main Bus Station","bus",10.00801,77.349808,""
"Hutti New Bus Station","bus",16.198807,76.660269,""
"Hukkeri Bus Station","bus",16.231659,74.603865,""
"Sira Private Bus stand","bus",13.740975,76.901984,""
"Sindagi Bus Station","bus",16.922065,76.233401,""
"Sagara Government Bus Station","bus",14.169799,75.021105,""
"Jog Road Stand","bus",14.162802,75.02859,""
"Ghanpur Bus Stand","bus",17.85347,79.370378,""
"MGR Paerundhu Nilaiyam","bus",9.943831,78.156206,""
"Bandra East","bus",19.055996,72.845075,""
"Khairatabad","bus",17.413221,78.460853,""
"Keerthi Mahal Bus Stop","bus",17.496688,78.297397,""
"Kundgol Bus Stand","bus",15.260241,75.244364,""
"Basavanagar Bus Stand","bus",12.966891,77.682646,""
"Lingasuguru Bus Station","bus",16.15667,76.527141,""
"Aluru Bus Station","bus",12.978288,75.990251,""
"Motkur Bus Station","bus",17.465378,79.265489,""
"Hesaghatta Bus Terminal","bus",13.137631,77.479423,""
"Kadampuzha Bus Stand","bus",10.943126,76.042086,""
"Valanchery Bus Stand","bus",10.888878,76.073072,""
"Ballari New Bus Terminal","bus",15.137357,76.918848,""
"Ballari Local Bus Terminal","bus",15.146302,76.927742,""
"Private Bus Terminal","bus",15.138759,76.916133,""
"IGBT Bus Stand, Manjeri","bus",11.109552,76.119804,""
"New Bus Stand, Manjeri","bus",11.119531,76.12294,""
"Kondhwa Bus Stop","bus",18.473068,73.889048,""
"Erode Mini Bus Stand","bus",11.346107,77.720881,""
"Hosur Interchange Terminal","bus",15.355849,75.127585,""
"TSRTC - Old Bus Stand","bus",16.894214,79.872212,""
"TSRTC - New Bus Station","bus",16.903016,79.876662,""
"Bus stand - Kattumankoil","bus",11.276969,79.550997,""
"PK Stop","bus",18.631575,73.77181,""
"rajani miss","bus",18.537934,73.863038,""
"PMPML Marketyard Depot","bus",18.483609,73.870828,""
"Chinchwad Bus Station","bus",18.627923,73.782377,""
"Kotagiri Bus Stand","bus",11.421219,76.86264,""
"Bus Stand Udgir","bus",18.386727,77.119761,""
"OPD City Bus Station","bus",15.154958,76.898969,""
"Ottappalam Municipal Bus Stand","bus",10.772049,76.376839,""
"Perumbavoor KSRTC Bus Stand","bus",10.110643,76.482825,""
"Ksrtc Bus Station","bus",13.318041,75.771747,""
"Municipal Main Bus Stand","bus",10.064539,76.620833,""
"Bidadi Bus Station","bus",12.797119,77.38464,""
"മണ്ണാർക്കാട് ബസ് സ്റ്റാൻഡ്","bus",10.991408,76.454869,""
"Kadur KSRTC Bus Stand","bus",13.549446,76.010113,""
"Beluru Bus Stand","bus",13.165646,75.866361,""
"Cherpulassery Muncipal Bus Stand","bus",10.87827,76.312647,""
"KSRTC Bus Terminal 1","bus",12.976757,77.573931,""
"Kalaburagi Bus Station","bus",17.326239,76.81732,""
"Sri Gudneshwar Swamiya Bus Stand, Kuknoor","bus",15.489705,75.993983,""
"Velanthavalam Bus Stand","bus",10.818857,76.863097,""
"SALEM TOWN BUS STAND","bus",11.652807,78.159249,""
"Kongad","bus",10.853951,76.521612,""
"KSRTC Putturu Bus Stand","bus",12.761504,75.204684,""
"KSRTC Bus Depot","bus",14.221305,76.409015,""
"Municipal Bus Stand Kunnamkulam","bus",10.650419,76.070084,""
"Pandikkad Bus Stand","bus",11.095017,76.221897,""
"Melattur Bus Stand","bus",11.05975,76.273717,""
"Shornur Bus Stand","bus",10.763416,76.269948,""
"Bannerghatta BMTC Bus Stand","bus",12.800696,77.577675,""
"Kelakam","bus",11.895254,75.81047,""
"Kottakkal Bus stand","bus",11.001724,76.004783,""
"Kuttippuram Bus Stand","bus",10.8445,76.033973,""
"Kinnigoli Bus Stand","bus",13.063663,74.846703,""
"Nagapattinam","bus",10.773288,79.842008,""
"Cherkala","bus",12.508334,75.057614,""
"Humnabad KSRTC Bus Stand","bus",17.771994,77.124478,""
"Kerala State Road Transport Cooperation Bus Station, Irinjalakuda","bus",10.346094,76.194982,""
"Panoor Bus Stand","bus",11.756504,75.579141,""
"Andheri West","bus",19.119252,72.845818,""
"Govandi Bus Depot","bus",19.054233,72.915764,""
"Kerala State Road Transport Corporation Bus Stand, Ponnani","bus",10.765519,75.925285,""
"Kalpetta Old Bus Stand","bus",11.61344,76.08302,""
"Canacona","bus",15.008456,74.044062,""
"Khardi Bus Stop","bus",19.585757,73.388292,""
"Bas Stop","bus",19.586041,73.388983,""
"VRL Basava Vana Bus Stand","bus",15.353162,75.13547,""
"Badami Bus Station","bus",15.923418,75.678466,""
"Thiruthuraipundi Bus Stand","bus",10.539309,79.639623,""
"Yeshwanthapura TTMC","bus",13.018104,77.556525,""
"Hebbal Bus Station","bus",13.042788,77.592016,""
"Kempegowda International Airport Bus Station","bus",13.199143,77.708076,""
"Shivaji Nagar Bus Depot","bus",19.066042,72.929153,""
"Sutarwadi Bus Terminus","bus",18.54165,73.779095,""
"Rural Bus Stand","bus",12.528604,76.901333,""
"Vidyaranyapura Bus Terminus","bus",13.083524,77.560804,""
"Tumkur KSRTC Bus Stand","bus",13.341157,77.102516,""
"Tumkur Private Bus Stand","bus",13.3425,77.101175,""
"Naduvannur Bus stand","bus",11.485705,75.775514,""
"Neelasandra","bus",12.95764,77.614153,""
"Namakkal Bus Stand","bus",11.220069,78.168043,""
"Kurla West","bus",19.067442,72.8789,""
"Manazhi Bus Stand Perinthalmanna","bus",10.976407,76.240688,""
"പെരിന്തൽമണ്ണ","bus",10.975404,76.229653,""
"Tharayil Bus Stand Perinthalmanna","bus",10.982776,76.221711,""
"Panruti Bus Station","bus",11.771263,79.552936,""
"New bus stand","bus",13.245647,77.712849,""
"Yelahanka Satellite Town","bus",13.105729,77.572528,""
"Pandavapura Bus Station","bus",12.497614,76.674812,""
"Vignananagar Bus Station","bus",12.972627,77.677734,""
"General Hospital Bus Stand","bus",10.994563,76.969327,""
"Shri Vidhyanagara BMTC Bus station","bus",12.934135,77.539655,""
"C V Raman Nagar Bus Stand","bus",12.985643,77.664081,""
"Yelahanka Old Town","bus",13.100955,77.594781,""
"Peravoor","bus",11.901952,75.734051,""
"Andheri East","bus",19.119067,72.848199,""
"Nalasopara","bus",19.417464,72.817596,""
"Private Bus Stand Jagalur","bus",14.52068,76.335483,""
"Chittapura Bus Stand","bus",17.123322,77.0862,""
"We one arts and sports club","bus",10.648562,76.13807,""
"Vellarannur Bus Stop","bus",10.658265,76.150902,""
"Jhon kuttikattil bus stop","bus",10.657118,76.15769,""
"Velur Society Bus Stop","bus",10.640258,76.164603,""
"Kolhapur Central Bus Stand","bus",16.703347,74.243217,""
"Pazhayanur Bus Stand","bus",10.686117,76.422304,""
"Bandra Bus Station (W)","bus",19.054017,72.839734,""
"Kokkarne","bus",13.459485,74.839422,""
"Denkanikottai Bus Stand","bus",12.527147,77.78886,""
"MSRTC Latur Bus Depot","bus",18.398494,76.562574,""
"Kengeri TTMC","bus",12.913707,77.487041,""
"Chandra Layout Bus Station","bus",12.959163,77.526892,""
"Margao KTC Bus Stand","bus",15.287814,73.956116,""
"Virar","bus",19.452191,72.809986,""
"Kankavli Bus Depot","bus",16.26324,73.707934,""
"Tindivanam Old Bus Stand","bus",12.226586,79.64872,""
"Tindivanam Bus Stand","bus",12.226421,79.651087,""
"Vasai","bus",19.344583,72.80586,""
"NES Office","bus",13.0977,77.591487,""
"Koppal Bus Station","bus",15.351798,76.148997,""
"Kaviarasu Kannadasan Nagar(KKD) Nagar Bus Terminus","bus",13.136177,80.256762,""
"Kodungaiyur Parvathi Nagar Bus Terminus","bus",13.142555,80.24916,""
"Sreekrishnapuram Bus stand","bus",10.904702,76.408154,""
"Chemmad Bus Stand","bus",11.042949,75.912761,""
"ചാവക്കാട്","bus",10.580224,76.025672,""
"Haveri Bus Stand","bus",14.788137,75.397851,""
"Mala private bus station","bus",10.239987,76.265448,""
"Vadakara Ksrtc Depot","bus",11.594319,75.594059,""
"Jambu Savari Dinne Bus Bay","bus",12.865741,77.581431,""
"Gadhinglaj Bus Stand","bus",16.222982,74.351386,""
"Kondotty Bus Stand","bus",11.145946,75.963279,""
"Pulamanthole Bus Stand","bus",10.901659,76.194024,""
"Kerala State Road Transport Cooperation Bus Stand","bus",10.14547,76.231695,""
"Oddanchatram Bus Stand","bus",10.486867,77.750114,""
"KSRTC City 2 Depot","bus",12.276994,76.626752,""
"Bagalakote bus station","bus",16.184064,75.702266,""
"Kodaikanal Bus Stand","bus",10.235402,77.493109,""
"Bhalki Bus Stand","bus",18.046035,77.211646,""
"Bhekrainagar Depot","bus",18.484417,73.953035,""
"Chandakunnu Bus Stand","bus",11.287699,76.240175,""
"Jawaharlal Nehru Bus Stand","bus",11.275831,76.225579,""
"Wandoor","bus",11.196215,76.23675,""
"Vazhikkadavu Bus Stand","bus",11.389196,76.347319,""
"Gundlupet Bus Station","bus",11.810527,76.686404,""
"Areekode","bus",11.234672,76.051202,""
"Mavoor Bus Station","bus",11.260883,75.954295,""
"Alandi Darshan","bus",18.674461,73.897246,""
"Yallammagudda Bus Stand","bus",15.752741,75.148422,""
"Mukai Chowk, Kiwale Terminal","bus",18.660385,73.731568,""
"Theradi Bus Stop","bus",10.88039,79.107251,""
"Thiruvaiyaru Bus Stand","bus",10.878425,79.103207,""
"Vadakkencherry Bus Stand","bus",10.589406,76.479971,""
"N. R. Colony Bus Station","bus",12.93807,77.569026,""
"Bus Depot","bus",12.897267,76.391011,""
"Theni old Bus Stand","bus",10.009384,77.477046,""
"City Bus Station","bus",13.006441,76.09899,""
"Gandhipuram Central Bus Stand","bus",11.014124,76.966916,""
"Omni bus stand","bus",11.022949,76.971505,""
"Vidyavihar (W)","bus",19.080036,72.89632,""
"Vadakke chira bus hub","bus",10.530325,76.214778,""
"Thiruvilwamala Grama Panchayath Bus Stand","bus",10.732653,76.428706,""
"Thanal Bus Stop","bus",10.613088,76.19695,""
"industrial area bus stop","bus",10.618487,76.205056,""
"Maduranthakam Bus Stand","bus",12.512126,79.885135,""
"Kecheri Bus Stop","bus",10.617791,76.121079,""
"ST Bus Stand - Khopat","bus",19.201246,72.97275,""
"Private Buses Station","bus",13.598006,75.973943,""
"Harur Bus stand","bus",12.053521,78.483461,""
"New KSRTC Bus Station","bus",12.950644,78.271462,""
"Old Bowenpally Bus stop","bus",17.476561,78.478855,""
"Hasmathpet Bus stop","bus",17.475426,78.485675,""
"പഴയങ്ങാടി ബസ് സ്റ്റാന്റ്","bus",12.026611,75.266446,""
"Pattabiram Bus Depo","bus",13.122957,80.061147,""
"Anna bus stand","bus",12.510947,79.126594,""
"Channapatna Bus Station","bus",12.652964,77.204205,""
"Chungam Bus Stand","bus",11.663662,76.263369,""
"Sultan Bathery Town Bus Stand","bus",11.662603,76.25661,""
"KSRTC  Bus Station","bus",11.670732,76.259771,""
"Seawoods Bus Station","bus",19.015243,73.015034,""
"SETC bus depot","bus",11.931844,79.820409,""
"K-Pudur","bus",9.947162,78.14529,""
"old bus stop","bus",11.599794,78.597897,""
"Aranthagi Bus Station","bus",10.172713,78.999365,""
"Panvel Bus Station","bus",18.990795,73.116588,""
"Mattannur","bus",11.930694,75.572115,""
"Bus Parking","bus",16.200374,80.055705,""
"Artist Colony Sector-8 Depot","bus",19.035068,73.043,""
"Vashi Sector-6 Bus Depot","bus",19.070486,72.987139,""
"Nerul Bus Station","bus",19.040024,73.019796,""
"CBD Belapur Bus Station","bus",19.024874,73.041896,""
"Kerala State Road Transport Corporation Bus Depot","bus",10.690795,76.717613,""
"Angamaly Municipal Bus Stand","bus",10.1836,76.378883,""
"Sanpada Railway Station","bus",19.066998,73.009231,""
"New Bus Stand Koyilandy","bus",11.441152,75.695692,""
"Rahuri Bus Station","bus",19.391508,74.648487,""
"Airoli Bus Station","bus",19.156569,72.998463,""
"Belapur Bus Depot","bus",19.020968,73.039918,""
"Sarsole Bus Station","bus",19.040315,73.014151,""
"Kalamboli Bus Depot","bus",19.027574,73.10081,""
"ISKON BRT Station","bus",15.404742,75.070007,""
"RTO BRT Station","bus",15.400625,75.077294,""
"Antop Hill Bus Depot","bus",19.02578,72.866619,""
"Dr. B. R. Ambedkar Udyan","bus",19.059927,72.901162,""
"Pattukkottai","bus",10.419434,79.317665,""
"Rayapur BRT Station","bus",15.406712,75.065026,""
"KMF1 BRT Station","bus",15.409349,75.060749,""
"Navalur Railway BRT Station","bus",15.415155,75.053843,""
"Navanagar BRT Station","bus",15.39715,75.082543,""
"APMC BRT Station","bus",15.393669,75.092154,""
"Shantinikethan BRT Station","bus",15.391352,75.098157,""
"Bairidevarakoppa BRT Station","bus",15.387034,75.105381,""
"Unkal Lake BRT Station","bus",15.382329,75.11188,""
"Vidyanagar BRT Station","bus",15.364002,75.124867,""
"Hosur Circle BRT Station","bus",15.354759,75.130456,""
"Hosur Interchange BRT Station","bus",15.357265,75.128937,""
"KIMS BRT Station","bus",15.36021,75.12715,""
"BVB College BRT Station","bus",15.367615,75.121185,""
"Unakal Cross BRT Station","bus",15.370132,75.118875,""
"SDM Hospital BRT Station","bus",15.417388,75.047967,""
"Sattur BRT Station","bus",15.418304,75.042541,""
"Marol Maroshi","bus",19.118045,72.879799,""
"Chamarajanagar KSRTC Bus Stand","bus",11.924063,76.940318,""
"Dindoshi","bus",19.176044,72.865483,""
"Chidambaram Bus Stand","bus",11.396738,79.700698,""
"Kerala State Road Transport Corporation, Perumbavoor","bus",10.111055,76.482701,""
"Omalur Bus Stand","bus",11.743639,78.047673,""
"Unkal Village BRT Station","bus",15.375645,75.114143,""
"Dharwad BRTS Terminal","bus",15.46016,75.009428,""
"Murbad","bus",19.2578,73.389898,""
"Jubilee Circle BRT Station","bus",15.458058,75.007491,""
"Court Circle BRT Station","bus",15.455642,75.007025,""
"Belgavi KSRTC Central Bus Stand","bus",15.861422,74.520413,""
"Aluva Private Bus Stand","bus",10.108236,76.350887,""
"East Kadungallor","bus",10.115057,76.32937,""
"CSMT Bus Station","bus",18.939166,72.835424,""
"NTTF BRT Station","bus",15.453608,75.00913,""
"Hosa Yallapura BRT Station","bus",15.449703,75.011221,""
"Toll Naka BRT Station","bus",15.446085,75.012697,""
"Vidyagiri BRT Station","bus",15.44085,75.016861,""
"Gandhinagar BRT Station","bus",15.437785,75.019192,""
"Lakamanahalli BRT Station","bus",15.432911,75.024929,""
"Shaktan Thampuran Private Bus Stand","bus",10.515136,76.214728,""
"orathanadu Bus Stand","bus",10.627406,79.251065,""
"Pollachi New Bus Stand","bus",10.66141,77.0064,""
"Pollachi Old Bus Stand","bus",10.662554,77.006266,""
"Niravilpuzha","bus",11.741618,75.860868,""
"Temple Bus Stand","bus",10.739698,76.429257,""
"TGSRTC  Bus Station , Mehdipatnam","bus",17.394751,78.440319,""
"Karad Bus Stand","bus",17.283258,74.182449,""
"Shrirampur Bus Stand","bus",19.618538,74.661211,""
"TNSTC Bus Depot","bus",11.007221,77.564295,""
"Kangeyam Bus stand","bus",11.006335,77.560569,""
"SETC Bus Depot","bus",10.788157,78.697081,""
"Nileshwar Bus Stand","bus",12.256428,75.131508,""
"Rajeevgandhi nagar","bus",17.359751,78.557819,""
"KTC Valpoi Bus Station","bus",15.532875,74.141502,""
"Dombivali MSRTC Bus Terminal","bus",19.212804,73.099742,""
"Kalyan Nagar BMTC Depot","bus",13.026564,77.638343,""
"KSRTC Bus Station Gubbi","bus",13.309704,76.943382,""
"Yedshi Bus Stand","bus",18.318778,75.964399,""
"Old Bus Stand, Thamarassery","bus",11.414941,75.936609,""
"HDBRTS Hubballi Depot","bus",15.349077,75.11809,""
"Kerala State Road Transportation Corperation Stand Thamarassery","bus",11.409053,75.935453,""
"Fort Kochi Bus Stand","bus",9.967958,76.244729,""
"Vijayapura bus station","bus",13.295064,77.802073,""
"Mallasandra Bus Station","bus",13.059074,77.507693,""
"Tirupattur Bus Stop","bus",10.110649,78.600067,""
"Engapuzha bus stand","bus",11.471512,75.968579,""
"Naduvil Bus Stand","bus",12.121226,75.483404,""
"Chettipadi-Tirur","bus",11.071577,75.853899,""
"Ayancheri Bus stand","bus",11.625321,75.67635,""
"MSRTC Bus Station","bus",18.351331,74.029353,""
"Kanhangad Muncipal Bus Stand","bus",12.305784,75.097083,""
"Vettathur Bus Stop","bus",11.007987,76.314295,""
"Jayanagar TTMC","bus",12.928249,77.584341,""
"Gudneppana Matha","bus",15.503573,76.009561,""
"Omni Paerundhu Nilaiyam","bus",9.945362,78.15803,""
"Irikkur Bus satnd","bus",11.983905,75.554139,""
"Ernakulam Boat Jetty","bus",9.972791,76.279191,""
"Kaipamangalam Bus Stand","bus",10.323213,76.144804,""
"bus","bus",10.609134,76.137387,""
"Kaiparambu Bus Stop","bus",10.60897,76.137951,""
"Private Bus Stand, North Paravur","bus",10.145282,76.232225,""
"Dharapuram Main Bus Stand","bus",10.733121,77.519067,""
"Vypin","bus",9.973429,76.24414,""
"Villupuram old Bus Stand","bus",11.940452,79.491595,""
"Ottupara Stand","bus",10.664488,76.249007,""
"Pvuvathoor Bus Stand","bus",10.553702,76.073521,""
"Challakere KSRTC Bus Stand","bus",14.315229,76.652288,""
"Meppadi","bus",11.553026,76.134475,""
"Juhu Bus Station","bus",19.108084,72.826589,""
"Thiyagadurgam Bus Stand","bus",11.742072,79.073064,""
"police line bus stop","bus",17.436855,78.423595,""
"Adimaly prvt.stand","bus",10.014967,76.953018,""
"Hubballi Railway BRT Station","bus",15.349537,75.14845,""
"Sanguem Bus Stand","bus",15.228008,74.151736,""
"Payyoli Bus stand","bus",11.514682,75.620155,""
"Meppayur Bus stand","bus",11.531074,75.711603,""
"Prashanth nagar bus stop","bus",17.474801,78.425528,""
"curchorem bus stand","bus",15.261203,74.106616,""
"Kengeri Uppanagara Bus Stand","bus",12.916249,77.482537,""
"Arappalayam Bus Stand","bus",9.934778,78.103747,""
"Manwath Bus Terminal","bus",19.295406,76.490453,""
"Kuruppampady bus stand","bus",10.111219,76.519091,""
"Chalode","bus",11.929423,75.503295,""
"Kalady Private Bus Stand","bus",10.167001,76.436791,""
"Nannilam Bus Stand","bus",10.880636,79.610943,""
"Thaira Bus Stand","bus",12.487977,75.073571,""
"Payyanur New Bus stand","bus",12.108169,75.214886,""
"Edavanna bus stand","bus",11.215234,76.139826,""
"Pulpally Bus Stand","bus",11.792247,76.166752,""
"vatakara old bustand","bus",11.597578,75.587699,""
"Adimali bus stand","bus",10.015021,76.95328,""
"Kakathode bus station","bus",12.042239,75.357343,""
"Ksrtc Bust stand Kothamangalam","bus",10.060413,76.629554,""
"idimuzhikkal bus stop","bus",11.163459,75.877836,""
"mathamangalam bus stand","bus",12.13693,75.302625,""
"Muvattupuzha Private Bus Stand","bus",9.97981,76.586087,""
"Perambra bus station","bus",11.557745,75.76079,""
"Koottilangadi bus stop","bus",11.033514,76.103057,""
"Private Bus Stand,Perumbavoor","bus",10.113235,76.473753,""
"Muncipal Bus Stand,Thankalam","bus",10.068714,76.6126,""
"Medical College Kalamassery Bus Terminal","bus",10.053216,76.352008,""
"Aripra Bus Waiting Shed","bus",10.99078,76.165325,""
"Muncipal Bus Stand Sreekandapuram","bus",12.0442,75.508334,""
"Vazhakulam Private Bus Stand","bus",9.944076,76.640763,""
"kannapilavu bus station","bus",12.004914,75.392657,""
"kolenchery","bus",9.981189,76.473583,""
"Hospital Junction Bus Stand","bus",9.943477,76.491332,""
"Aloor Bus Stop","bus",12.484172,75.089974,""
"Paingotoor Bus Stand","bus",10.007074,76.710546,""
"Perumanna bus stand","bus",11.23975,75.879105,""
"Neriamangalam bus stand","bus",10.054016,76.774524,""
"Chalakudy KSRTC Bus Stand","bus",10.301498,76.33295,""
"Chelachuvadu Bus Stand","bus",9.918702,76.963653,""
"bottu kadavu bus stop","bus",10.41749,76.119286,""
"seraphic bus stop","bus",10.428518,76.120691,""
"Bus Station, Alakode","bus",12.189364,75.465299,""
"Depots Enquiry - Kerala State Road Transport Corporation","bus",11.362285,76.011276,""
"Railway Station Bus Stop ( Shar )","bus",13.697235,80.018717,""
"Kaliyar Bus Stand","bus",9.976354,76.781711,""
"Marady Canal Bus Stop","bus",9.941838,76.575831,""
"Marady Canal-side Bus Stop","bus",9.94185,76.575655,""
"Shappipady Bus Stop","bus",9.945824,76.574056,""
"Pallikavala Bus Stop","bus",9.956503,76.575034,""
"Kerala State Road Transport Corporation","bus",9.977191,76.580016,""
"mallapuram muncipal bus stand","bus",11.044095,76.076289,""
"Kattoor Bus Stand","bus",10.378684,76.151527,""
"Shirur Anantpal Bus Stand","bus",18.33405,76.830131,""
"Kunggippara","bus",12.224432,75.191602,""
"Chakkarakkal Bus Stand","bus",11.89054,75.468785,""
"Kannur HQ Bus Stand","bus",11.862252,75.371336,""
"parassiniKadavvu Bus stand","bus",11.983925,75.398672,""
"paraghaadi bus stop","bus",10.30742,76.288989,""
"Kerala State Road Transport Bus Depot Thalasserry","bus",11.760983,75.482199,""
"kolmotta bus stop","bus",11.994157,75.394551,""
"Old Bus Stand Kunnamangalam","bus",11.305174,75.878099,""
"Mukkam New Bus Stand","bus",11.319692,75.99798,""
"kunnupara","bus",11.996208,75.393379,""
"Parappanangadi bus stand","bus",11.048374,75.859916,""
"chorukkala bus station","bus",12.03993,75.410058,""
"manjeri","bus",11.119772,76.123203,""
"Ulikkal Bus Stand","bus",12.040316,75.66525,""
"Mananthavady KSRTC Bus Terminal","bus",11.794838,76.000407,""
"kadamberi bus stop","bus",12.003535,75.385028,""
"Pattambi Bus Station","bus",10.801305,76.179049,""
"KSRTC Bus Station Ernakulam","bus",9.977411,76.289004,""
"kadalundi panchayath","bus",11.150324,75.825977,""
"Mayyil","bus",11.993288,75.448774,""
"ksrtc Depot Vadakkencherry","bus",10.595379,76.480019,""
"Khopoli KMT Bus Depot","bus",18.791159,73.340285,""
"VRL Logistics Akurdi","bus",18.649414,73.765106,""
"Dehu Gaon","bus",18.720831,73.766072,""
"Rudra Bus Parking Nigdi","bus",18.656507,73.780805,""
"Talegaon Dabhade ST Stand","bus",18.734686,73.671279,""
"Sangamwadi BRT Stop","bus",18.537438,73.863277,""
"Sangamwadi Private Bus Stand 1","bus",18.535342,73.860728,""
"Sangamwadi Private Bus Stand 2","bus",18.537125,73.863612,""
"Kothrud Depot","bus",18.50652,73.795247,""
"Swargate MSRTC Bus Stand","bus",18.499955,73.859007,""
"Swargate MSRTC Bus Stand-2","bus",18.499513,73.859714,""
"Swargate PMPML Bus Stand","bus",18.499154,73.857899,""
"PMPML Bhosari Depot","bus",18.627144,73.850665,""
"Private Bus Parking Bhosari","bus",18.627545,73.851511,""
"Ambajogai Bus Station","bus",18.731081,76.390112,""
"Bhosari Terminal","bus",18.624455,73.851472,""
"PMPML Ashok Leyland Workshop","bus",18.679779,73.786148,""
"Bhakti Shakti Pmpml Terminal","bus",18.66547,73.772324,""
"Bhakti Shakti Electric Bus Depot","bus",18.66531,73.770545,""
"Wagholi Kesnand Phata PMPML Bus Stand","bus",18.580947,73.987639,""
"Saswad Pmpml Stand","bus",18.344993,74.031387,""
"Bhosari Sadgurunagar Depot","bus",18.632172,73.849452,""
"Saswad ST Stand","bus",18.350638,74.02947,""
"Pothukal Bus Station, Pothukal","bus",11.404544,76.252118,""
"Nambiyur Bus Stand","bus",11.356263,77.319413,""
"Tiruchengode New Bus Stand","bus",11.383141,77.895439,""
"Natepute ST Stand","bus",17.902067,74.75234,""
"Phaltan ST Stand","bus",17.990968,74.437481,""
"Hosanagara Bus Station","bus",13.916681,75.06561,""
"Vashi Railway Station","bus",19.064162,72.997857,""
"bust stand karulai","bus",11.287918,76.29783,""
"Juinagar Railway Station","bus",19.057005,73.018773,""
"Karuvarakundu Bus Stand","bus",11.125584,76.342524,""
"Chundale Bus Stand","bus",11.574228,76.058008,""
"Kozhikode KSRTC Bus Terminal","bus",11.259399,75.782554,""
"TNSTC Bus Depo","bus",11.741808,78.962997,""
"Vasantrao Naik Chowk Tardeo Bus Station","bus",18.969764,72.815456,""
"Hubli OCBS BRT Station","bus",15.351148,75.13626,""
"HDMC BRT Station","bus",15.350859,75.140701,""
"Dr.Ambedkar BRT Station","bus",15.352889,75.145388,""
"Uppal X Road Bus Stop ( Towards Nagole )","bus",17.401018,78.560541,""
"Uppal _ Nagole Bus Stop","bus",17.400856,78.560498,""
"Lakeshore stop","bus",9.918672,76.317066,""
"kattangal bus station","bus",11.318473,75.939922,""
"Omassery Bus station","bus",11.364176,75.964324,""
"Parassinikadavu","bus",11.983989,75.398994,""
"Kottiyoor","bus",11.874609,75.861216,""
"Anjarakkandi","bus",11.882136,75.509893,""
"Main Bus stop","bus",17.26214,74.714432,""
"Arcot","bus",12.907866,79.3251,""
"Koyananagar ST Stand","bus",17.393103,73.742141,""
"Mettupalayam Bus Stand","bus",11.302478,76.937652,""
"Nhavare Bus Stand","bus",18.662683,74.37171,""
"SVITS College Bus Stop","bus",16.64672,77.859155,""
"Pampakuda Private Bus Stand","bus",9.920348,76.521197,""
"kunnathpalam","bus",11.2262,75.834252,""
"Velankanni Bus Station","bus",10.682144,79.848205,""
"Katraj PMPML Bus Stand","bus",18.446902,73.858508,""
"puzkakkattiri bus stop","bus",10.978276,76.156745,""
"thottasseriara bus stop","bus",11.094998,75.954723,""
"kunnumpuram bus stop","bus",11.085502,75.952588,""
"vettom cheerp bus station","bus",10.857824,75.903041,""
"pookkottukavu","bus",11.042463,76.21792,""
"thottasseriara kakkad bus waiting centre","bus",11.091707,75.954588,""
"kadappadi karuvankallu bus stop","bus",11.112933,75.943284,""
"kadappadi padikkal bus stop","bus",11.112644,75.942506,""
"PUTHANATHANI BUS STAND","bus",10.934,76.005123,""
"Vellarikund Bus Stand","bus",12.364965,75.286462,""
"Uthralikkavu Bus Stop","bus",10.672482,76.261533,""
"Thekkethazham Bus Stop","bus",10.14988,76.263015,""
"Pennadam Bus Stand","bus",11.402774,79.242091,""
"Virdhachalam Bus Stand","bus",11.522478,79.324264,""
"Singanallur Bus Stand","bus",11.002421,77.029091,""
"KSRTC Bus Terminal","bus",12.881824,75.027596,""
"Iritty Bus Station","bus",11.989548,75.678316,""
"Manapa Bhavan PMPML Bus Station","bus",18.523076,73.853724,""
"Shikrapur Bus Stand","bus",18.691785,74.134171,""
"Chuna Bhatti","bus",19.051515,72.868698,""
"Muthukadai","bus",12.931821,79.335288,""
"Aarani old bus stand","bus",12.672541,79.285461,""
"Nanded Bus Stand","bus",19.159408,77.306119,""
"Pawar Nagar","bus",19.228858,72.96597,""
"Kagal Msrtc Bus Stand","bus",16.579123,74.313,""
"Depot-40 Dasanapura BMTC Bus Garage","bus",13.078106,77.446131,""
"Kannur KSRTC Bus Stand","bus",11.875359,75.37442,""
"Doddaballapura","bus",13.293296,77.542284,""
"Vandavasi Bus Interchange","bus",12.497519,79.608704,""
"Perubadavu bus stop","bus",12.167414,75.391707,""
"Kenichira Bus Stand","bus",11.724204,76.147542,""
"K S R T C Bus Depo Puthukkad","bus",10.425764,76.268087,""
"Amangal Bus Stand","bus",16.849083,78.52972,""
"Kadukutty Bus Stand Complex","bus",10.270193,76.309641,""
"ksrtc depo","bus",10.995153,76.469742,""
"Hadapsar Gadital PMPML Bus Stand","bus",18.500293,73.9392,""
"Hiranandani Powai","bus",19.118094,72.906008,""
"Malampuzha Bus Stand","bus",10.823982,76.688617,""
"Ottapalam Bus Terminal","bus",10.771992,76.376839,""
"Pushpak Airport Liner Bus Stop","bus",17.440891,78.506256,""
"Chottanikara Private Bus Stand","bus",9.928803,76.390624,""
"chirangara bus stop","bus",10.252144,76.367938,""
"Gauribidanur KSRTC Bus Terminal","bus",13.60877,77.519904,""
"Maddur Bus Stand","bus",12.588814,77.044984,""
"Madduru Bus Stand","bus",12.589643,77.044686,""
"Kunnamkulam New Bus Stand","bus",10.649245,76.067185,""
"காரைக்குடி","bus",10.07372,78.781431,""
"காரைக்குடி பழைய பேருந்து நிலையம்","bus",10.06921,78.761555,""
"Sindhanuru State Bus Station","bus",15.771053,76.753574,""
"Hattiguduru Bus Station","bus",16.604213,76.881668,""
"Manvi Bus Station","bus",15.997251,77.049119,""
"Ponda Bus Station","bus",15.406458,73.997414,""
"Bhekrainagar PMPML Bus Depot Road","bus",18.484219,73.952944,""
"Kulithalai Bus Stand","bus",10.939162,78.421969,""
"Chemperi Bus Stand","bus",12.099331,75.549602,""
"Palladam Paerarignar Anna Paerundhu Nilaiyam","bus",10.994488,77.283097,""
"Koombara Bus Stand","bus",11.323735,76.075846,""
"Vesave/Yari Road Bus Station","bus",19.139138,72.808483,""
"Checkanurani Bus Stand","bus",9.941111,77.973294,""
"Morgaon MSRTC ST Stand","bus",18.27657,74.321256,""
"Panamaram Bus Stand","bus",11.739117,76.073256,""
"Petta Bus Stop","bus",9.949758,76.331796,""
"Bustap Chennaram","bus",16.344581,78.200917,""
"Ariyalur Bus Stand","bus",11.135611,79.076996,""
"Osmanabad Bus stand","bus",18.18687,76.04308,""
"Alibag Bus Station","bus",18.647629,72.875119,""
"Ganagapur Bus Stand","bus",17.341384,76.594064,""
"Koyil vazhi bus stand, Tiruppur","bus",11.058222,77.38837,""
"New Bus Stand, Tiruppur","bus",11.132049,77.341207,""
"Vishrantwadi","bus",18.573223,73.881342,""
"Methanam Bus Stand","bus",10.094627,76.291518,""
"thadikal bus station","bus",18.311794,79.289931,""
"Thrippunithura Bus Stand","bus",9.943276,76.346204,""
"Bus Stand, Neyveli-2","bus",11.540597,79.464055,""
"Devakottai Bus Station","bus",9.947539,78.820912,""
"Sankeshwar Bus stand","bus",16.259163,74.485304,""
"Marcela Bus Stand","bus",15.515885,73.961399,""
"வாலாஜா","bus",12.925679,79.364341,""
"Shoolagiri Bus Stand","bus",12.664073,78.008813,""
"Paranur Bus Station","bus",12.730288,79.984787,""
"Avadi MTC Terminus","bus",13.120051,80.102118,""
"கரூர் பழைய பேருந்து நிலையம்","bus",10.959962,78.075199,""
"Yavat PMPML Bus Stand","bus",18.47477,74.273706,""
"Roha ST Stand","bus",18.438842,73.119104,""
"Oros Bus Stand","bus",16.116649,73.704457,""
"MSRTC Bus Stand","bus",19.711387,77.143444,""
"ST Bus Stand Aundha Nagnath","bus",19.537747,77.038466,""
"ST Bus Stand","bus",19.32159,77.160669,""
"Murud Bus Stand","bus",18.334041,72.96065,""
"Upper Depot","bus",18.460525,73.872053,""
"Keelkattalai Bus Stand","bus",12.956027,80.186129,""
"Vandalur Kelambakkam Bus Terminus","bus",12.872569,80.082142,""
"Vandalur Mofussil Bus Terminus","bus",12.873379,80.079212,""
"Kilambakkam Moffusil Terminus","bus",12.872302,80.082137,""
"Khandala","bus",17.236374,73.269203,""
"Mudigere Bus Depot","bus",13.122332,75.620302,""
"Jaysingpur Bus Stop","bus",16.780067,74.557098,""
"Sambhaji Nagar Bus Stand","bus",16.680021,74.219768,""
"Gujarwadi Phata (Katraj) PMPML Bus Stand","bus",18.440518,73.860244,""
"Bhiwandi ST Stand","bus",19.302565,73.065442,""
"solapur Bus Stand","bus",17.680844,75.898147,""
"Akkalkot Bus Stand","bus",17.526652,76.203658,""
"Aland Bus Station","bus",17.563566,76.564035,""
"Koyambedu Omni Bus Station","bus",13.07078,80.198793,""
"Vashi Highway","bus",19.068383,72.996362,""
"Chalakudy Bus Stand","bus",10.300962,76.336477,""
"M M School","bus",18.614203,73.78517,""
"Chatram bus stand","bus",10.831487,78.693651,""
"NEKRTC Raichur Bus Station","bus",16.201606,77.346144,""
"MP Group","bus",18.491277,73.811631,""
"Pimple Nilakh Bus Stand","bus",18.571525,73.794087,""
"Gopalpet Bustop","bus",16.394776,78.14392,""
"Veppampattu Bus Depot","bus",13.128905,80.008449,""
"Vikhroli Station (E)","bus",19.110562,72.929066,""
"Mulund Railway Station (W)","bus",19.172805,72.95652,""
"Bhandup Railway Station (W)","bus",19.144236,72.937971,""
"Filter Pada","bus",19.13912,72.894439,""
"Ghatkopar Station (E)","bus",19.084696,72.907346,""
"Parner Bus Top","bus",19.000991,74.442315,""
"Kannamwar Nagar","bus",19.12058,72.938578,""
"KSRTC Bus Stand Honnavar","bus",14.279468,74.443833,""
"Huskuru Bus Stop","bus",12.861619,77.705304,""
"Kannur Old Bus stand","bus",11.876057,75.366024,""
"Vallalar Nagar Bus Depot","bus",13.104335,80.276257,""
"M.G.R Nagar Bus stop","bus",11.522864,77.45025,""
"Podaturpet Bus Station","bus",13.283146,79.483547,""
"Kiwale Goan Bus Stop","bus",18.657823,73.722295,""
"Vydehi TTMC","bus",12.977165,77.726503,""
"Padmavati Bus Depot","bus",18.47731,73.855945,""
"Shirur ST Stand","bus",18.827514,74.373331,""
"Bandra Colony","bus",19.06154,72.850688,""
"Mapusa KTC Bus Stand","bus",15.589109,73.810071,""
"Anna Bus Stand","bus",9.924761,78.13858,""
"Pillaiyarpatti","bus",10.122642,78.671338,""
"Panjim Private Bus Stand","bus",15.494451,73.836252,""
"Chaparappadavu bus stand","bus",12.126795,75.409992,""
"Buses parts","bus",17.508339,78.580646,""
"Kandhar Bus Stop","bus",18.874443,77.183831,""
"Selu Bus Stand","bus",19.451472,76.432816,""
"Panjappur Integrated Bus Terminus","bus",10.754373,78.655932,""
"Metro Bus Station  Uppal","bus",17.390054,78.559245,""
"New Mapusa Bus Stand","bus",15.588143,73.809262,""
"Dr. Puratachi Thalavi Amma Paerundhu Nilaiyam","bus",11.028807,77.129591,""
"Vasco KTC Bus Stand","bus",15.400157,73.820885,""
"Santa Cruz Station (E)","bus",19.081328,72.842302,""
"Tambaram","bus",12.928162,80.11905,""
"Vellore New Bus Stand","bus",12.934667,79.137093,""
"Ramanagara Bus Stand","bus",15.423389,74.491611,""
"RAJGURUNAGAR ST STAND","bus",18.854049,73.888306,""
"RAJGURUNAGAR ST DEPOT","bus",18.853629,73.88848,""
"Korattur MTC Terminus","bus",13.111587,80.184212,""
"Mattancherry","bus",9.958662,76.259888,""
"State Transport Work Shop","bus",16.989555,73.307706,""
"Puducherry New Bus Stand","bus",11.933137,79.816151,""
"Vallalar Nagar Bus Terminal","bus",13.105908,80.280433,""
"Islampur Bus Station","bus",17.046178,74.26036,""
"kaliyamuzha bus stop","bus",11.393079,76.032386,""
"Uppal Bus Station","bus",17.401797,78.56849,""
"Omassery bus stand","bus",11.36402,75.964568,""
"Bus Terminal 2, 2A","bus",12.976718,77.57192,""
"Panchgani Bus Stand","bus",17.923399,73.798238,""
"Satara MSRTC Bus Stand","bus",17.693014,74.00448,""
"Tarale ST Stand","bus",17.498427,73.980666,""
"Sankhali KTC Bus Stand","bus",15.56118,74.00996,""
"Bicholim Bus Stand","bus",15.588428,73.949775,""
"Kadampuzha Bus Stand & Comfort Station","bus",10.943199,76.042021,""
"Yelahanka New Town","bus",13.095655,77.579035,""
"KSRTC Mysore Road Satellite Bus Station","bus",12.953204,77.543723,""
"Thottilpalam KSRTC Depot","bus",11.678294,75.782891,""
"APSRTC  Pandit Nehru Bus Station , Vijayawada","bus",16.508804,80.615601,""
"ST Stand","bus",18.6121,74.701775,""
"Nagiri Bus Stand","bus",13.318998,79.585728,""
"Kunnamkulam bus stand","bus",10.649363,76.067149,""
"Kerala State Road Transport Corporation Bus Stand, Munnar","bus",10.072712,77.061999,""
"Paud Bus Stand","bus",18.524085,73.619063,""
"Thalayad Bus Stand","bus",11.506821,75.89176,""
"Kumaraswamy Layout","bus",12.902935,77.561716,""
"Nandini Layout","bus",13.011582,77.535844,""
"Kolhar Bust Stand","bus",19.538629,74.535794,""
"Vangara Bus Stand","bus",18.129877,79.335696,""
"Hupari Bus Stand","bus",16.620366,74.402845,""
"Bus Station Georai","bus",19.268129,75.746325,""
"College Bus stand","bus",13.182315,74.932831,""
"ntr bus stand","bus",16.296031,80.456372,""
"Mahim Bus Depot","bus",19.043095,72.840539,""
"Kstrc Bus Stand","bus",13.801169,76.284488,""
"Atit ST Stand","bus",17.526851,74.068923,""
"Annai Indira Gandhi Bus Stand, Karumandurai","bus",11.825615,78.627969,""
"Vasco Market Bus Stand","bus",15.39848,73.811094,""
"Cuncolim","bus",15.182355,73.997245,""
"Calangute Beach","bus",15.546036,73.758628,""
"Chapora Jetty Bus Stand","bus",15.606669,73.739558,""
"Padinjarathara","bus",11.679508,75.97506,""
"Ambalavayal Bus Station","bus",11.617683,76.212743,""
"Chulliyode Bus Stand","bus",11.601515,76.256998,""
"Kattikulam Bus Stand","bus",11.848086,76.063374,""
"Vaduvanchal Bus Stand","bus",11.557073,76.223673,""
"Maraimalai Nagar Bus Stand","bus",12.791908,80.032185,""
"Rani Laxmibai Chowk (Sion)","bus",19.04374,72.863757,""
"Assonora Bus Stand","bus",15.618848,73.901281,""
"Gudur Old Bus Stand","bus",14.146947,79.847636,""
"Aalephata Bus Stand","bus",19.182541,74.095889,""
"Tirupur Old Bus Stand","bus",11.098185,77.348264,""
"Lokapur Bus Station","bus",16.161858,75.367932,""
"Bus Staand","bus",18.465048,77.802067,""
"Mallasamudram Bus Depot","bus",11.49405,78.028881,""
"VRL Vadagaon Budruk Pune Bus Stand","bus",18.463244,73.820018,""
"New Private Bus Stand","bus",12.424989,75.732078,""
"Vandavasi Bus Stand","bus",12.5069,79.603912,""
"Honda Bus Stand","bus",15.546053,74.052103,""
"Panathur Bus Stand","bus",12.455268,75.365812,""
"Chincholi","bus",17.457439,77.420087,""
"Kharghar Railway Station","bus",19.026555,73.058924,""
"Dharavi T-junction","bus",19.047548,72.85278,""
"Bhekrai Nagar PMT Depot","bus",18.484424,73.952967,""
"Mayiladuthurai New Bus Stand","bus",11.099519,79.651313,""
"Chityal Bus Station","bus",17.232882,79.124091,""
"Bande Maramma","bus",12.966786,77.516068,""
"Konaraopet Bus Stand","bus",18.481876,78.693528,""
"Kancharla Bus Stand","bus",18.463483,78.635942,""
"GOX Mopa Airport","bus",15.730761,73.869595,""
"Pernem KTC Bus Stand","bus",15.716354,73.798981,""
"Vengurla Bus Stand","bus",15.855889,73.63279,""
"Sawantwadi Bus Stand","bus",15.909931,73.821991,""
"Terminal 2","bus",12.940803,77.690013,""
"Holalkere Bus Station","bus",14.04223,76.184,""
"Kiwalegaon  last bus stop","bus",18.656398,73.7206,""
"Adoni Old Bus Stand","bus",15.61695,77.269389,""
"Indapur MSRTC Bus Stand","bus",18.116897,75.028372,""
"Mahatma Gandhi Bus Station","bus",17.37811,78.484631,""
"Malawale Nagar","bus",18.662054,73.735175,""
"Aadarshnagar","bus",18.664344,73.739256,""
"Gharkul Ravet","bus",18.665459,73.743432,""
"Mhaske Wasti Corner Ravet","bus",18.663679,73.746221,""
"Bhondve Patil Estate Ravet","bus",18.662808,73.749389,""
"Ganesh Nagar Ravet","bus",18.661098,73.752788,""
"Durga Devi Tekadi / Appughar","bus",18.661329,73.764528,""
"Vahatuknagari","bus",18.662506,73.76901,""
"Pali ST Stand","bus",18.540511,73.217911,""
"Makhjhan Bus Stand","bus",17.270091,73.500196,""
"Monica NC Bus Stand","bus",10.321015,76.91863,""
"TNSTC Bus Stand","bus",10.322548,76.949561,""
"Purathur Bus stand","bus",10.79704,75.923371,""
"Rayadurgam ( Anantapur ) Bus Stop","bus",14.697972,76.85,""
"Bhakti-Shakti Bus stop","bus",18.665467,73.772834,""
"Injapur Bus Stop","bus",17.29947,78.582102,""
"B.N Reddy Nagar Bus Stop","bus",17.321909,78.559795,""
"Injapur Bus Stop (Sagar Ring Road side)","bus",17.298738,78.582543,""
"Red Water Tank Stop","bus",17.329018,78.568975,""
"Ganesh Temple Bus Stop","bus",17.331092,78.569174,""
"Kinwat Bus Stand","bus",19.626036,78.201032,""
"we one nagar","bus",10.363147,76.205112,""
"TGSRTC New Bus Station , Devarakonda","bus",16.690451,78.91981,""
"TGSRTC Jublee Bus Station , Secunderabad","bus",17.445289,78.498054,""
"chandarlapdu bus stand","bus",16.770808,80.28518,""
"sirikonda bus stop","bus",18.581913,78.456731,""
"ksrtc bus stand","bus",13.413531,76.621866,""
"Sangvi Gaon Bus Stand","bus",18.575135,73.825986,""
"Sangvi Phata BRTS","bus",18.572611,73.807278,""
"Temple Road Bus stop","bus",16.119245,77.699325,""
"Old Bus stand, Maldakal","bus",16.121949,77.701117,""
"KEC BUS STAND","bus",11.273355,77.608292,""
"Pune Station Bus Stand","bus",18.527465,73.87276,""
"Pune Railway Station Bus Terminus","bus",18.527998,73.872197,""
"Ambattur OT Bus Shelter","bus",13.119637,80.15017,""
"Ambattur Estate Bus Terminus","bus",13.099488,80.169631,""
"Tirupathur District Bus Stand","bus",12.496241,78.569618,""
"New Bus Station","bus",15.349302,75.116417,""
"Thalassery","bus",11.749697,75.494551,""
"Amberpet Bus Station","bus",17.390263,78.516481,""
"Navanagara Bus Stand","bus",16.158982,75.671304,""
"MTC Bus Stand","bus",12.87316,80.079082,""
"Kilambakkam Bus Terminus","bus",12.872222,80.081215,""
"Vyttila Mobility Hub","bus",9.968563,76.321777,""
"Vasai Road","railway",19.382668,72.832025,""
"Naigaon","railway",19.351093,72.846523,""
"Bhayandar","railway",19.310185,72.852699,""
"Kharbhav","railway",19.298321,72.984468,""
"Ranjangaon Road","railway",18.878166,74.606712,""
"Bhivandi Road","railway",19.268874,73.046312,""
"Dahisar","railway",19.249357,72.85963,""
"Santa Cruz","railway",19.081522,72.841757,""
"Bangalore Cantonment","railway",12.993687,77.598,""
"Thane","railway",19.186483,72.975766,""
"Chennai Chetpet","railway",13.074342,80.242421,""
"Bisanattam","railway",12.842245,78.249858,""
"Kuppam","railway",12.74728,78.340363,""
"Mulanur","railway",12.662548,78.406755,""
"Patchur","railway",12.586531,78.469733,""
"Pattaravakkam","railway",13.11439,80.166398,""
"Bengaluru East","railway",13.001146,77.618345,""
"Kanchipuram","railway",12.848311,79.705073,""
"Walajabad","railway",12.796826,79.818583,""
"Kanchipuram East","railway",12.840861,79.712198,""
"Pattabiram Military Siding","railway",13.137376,80.060118,""
"Tirumalpur","railway",12.956567,79.673763,""
"Kozhikode","railway",11.245909,75.780386,""
"Ambivli","railway",19.268291,73.172246,""
"Titwala","railway",19.296383,73.203066,""
"Khadavli","railway",19.356724,73.219037,""
"Vithalwadi","railway",19.22842,73.149108,""
"Ambarnath","railway",19.210061,73.184688,""
"Badlapur","railway",19.166624,73.238906,""
"Lonavala","railway",18.750369,73.406944,""
"Wellington","railway",11.356078,76.786104,""
"Aruvankadu","railway",11.359534,76.769611,""
"Ketti","railway",11.381791,76.737613,""
"Udhagamandalam","railway",11.405169,76.696339,""
"Hill Grove","railway",11.342014,76.835665,""
"Kallar","railway",11.338553,76.882906,""
"Lovedale","railway",11.384835,76.705102,""
"Erode Junction","railway",11.328626,77.72579,""
"Khairatabad","railway",17.412974,78.461058,""
"Necklace Road","railway",17.423336,78.463186,""
"Hyderabad Deccan Nampally","railway",17.392422,78.467596,""
"Mangaluru Junction","railway",12.866628,74.879231,""
"Mulki","railway",13.068958,74.805273,""
"Padil","railway",12.875297,74.894361,""
"Anna Nagar West","railway",13.098539,80.201006,""
"Cheruvattur","railway",12.214518,75.154426,""
"Malakpet","railway",17.376503,78.494826,""
"Kacheguda","railway",17.389311,78.49924,""
"Hejjala","railway",12.848411,77.418328,""
"Kengeri","railway",12.917657,77.483757,""
"Nayandahalli","railway",12.941325,77.521212,""
"Chikka Banavara","railway",13.074679,77.505637,""
"Moula Ali","railway",17.440739,78.55067,""
"Settigunta","railway",13.870358,79.384176,""
"Yelahanka Junction","railway",13.105007,77.591894,""
"Pune Junction","railway",18.528877,73.874415,""
"Nature Cure Hospital","railway",17.445657,78.452149,""
"Begumpet","railway",17.438695,78.458097,""
"Chalakudi","railway",10.302385,76.321561,""
"Khar Road","railway",19.068241,72.840041,""
"Dharmapuri","railway",12.125861,78.154221,""
"Hosur","railway",12.718336,77.822948,""
"Rayakkottai","railway",12.514501,78.027275,""
"Pugalur","railway",11.051413,77.991614,""
"Karur Junction","railway",10.965808,78.084956,""
"Palayam.I","railway",10.718816,78.129209,""
"Caranzol","railway",15.360373,74.306105,""
"Dudhsagar","railway",15.31653,74.306362,""
"Omalur Junction","railway",11.738293,78.04493,""
"Chikhale","railway",18.973755,73.151941,""
"Thondebhavi","railway",13.503993,77.514955,""
"Devarapalli","railway",13.723234,77.511948,""
"Malugur","railway",13.891793,77.541664,""
"Penukonda Junction","railway",14.100066,77.59458,""
"Hirehalli","railway",13.280665,77.188783,""
"Kyatsandra","railway",13.31561,77.147748,""
"Banaswadi","railway",13.005836,77.628132,""
"Channasandra","railway",13.011857,77.662814,""
"Malavli","railway",18.744214,73.480164,""
"Chiplun","railway",17.542353,73.522233,""
"Khed","railway",17.71257,73.410664,""
"Apta","railway",18.863708,73.153299,""
"Vaitarna","railway",19.518652,72.849977,""
"Saphale","railway",19.577132,72.821881,""
"Khandala","railway",18.754847,73.376709,""
"Chamarajapuram","railway",12.298154,76.637862,""
"Padubidri","railway",13.196988,74.768065,""
"Bhatkal","railway",13.989357,74.56563,""
"Karwar","railway",14.820248,74.182591,""
"Karmali","railway",15.490454,73.924552,""
"Roha","railway",18.44658,73.123872,""
"Belagavi","railway",15.849057,74.508943,""
"Siddampalli","railway",13.159867,79.137119,""
"Pakala Junction","railway",13.450904,79.114505,""
"Gadwal","railway",16.225195,77.809493,""
"Chigicherla","railway",14.516567,77.684094,""
"Zangalapalli","railway",14.590082,77.641803,""
"Ramaraju Palli","railway",15.041212,77.617495,""
"Turkapalli","railway",15.087287,77.628137,""
"Gooty Junction","railway",15.149548,77.625239,""
"Pendekallu Junction","railway",15.374304,77.648589,""
"Malliyala","railway",15.396921,77.775341,""
"Dhone Junction","railway",15.395332,77.868066,""
"Veldurti","railway",15.553559,77.927454,""
"Dupadu","railway",15.742985,78.013105,""
"Kurnool City","railway",15.832599,78.032622,""
"Alampur Road","railway",15.89552,78.046814,""
"Ramanagaram","railway",12.721048,77.283738,""
"Kalva","railway",19.195224,72.996333,""
"Kanjur Marg","railway",19.128653,72.928039,""
"Vidyavihar","railway",19.079542,72.897117,""
"Lower Parel","railway",18.99568,72.830276,""
"Diva Junction","railway",19.188756,73.041417,""
"Grant Road","railway",18.963355,72.815826,""
"Karjat","railway",18.909965,73.320963,""
"Maddur","railway",12.604671,77.0497,""
"Londa Junction","railway",15.448949,74.495498,""
"Alnavar Junction","railway",15.424511,74.738303,""
"Kundgol","railway",15.258883,75.250045,""
"Ranebennuru","railway",14.625888,75.635724,""
"Sambre","railway",15.884318,74.577209,""
"Miraj Junction","railway",16.81866,74.639763,""
"Bhavani Nagar","railway",17.156921,74.313328,""
"Takari","railway",17.133002,74.358228,""
"Shirvade","railway",17.36089,74.157712,""
"Targaon","railway",17.514317,74.15621,""
"Karad","railway",17.309634,74.216865,""
"Satara","railway",17.688336,74.063183,""
"Bhanapur","railway",15.38657,76.038971,""
"Guledgudda Road","railway",16.067305,75.694556,""
"Bagalkot","railway",16.179322,75.699932,""
"Almatti","railway",16.345046,75.901225,""
"Vijayapura","railway",16.830361,75.739477,""
"Neral Junction","railway",19.027431,73.318437,""
"Chitradurga","railway",14.230797,76.386473,""
"Latur Railway Station","railway",18.429456,76.555797,""
"Shrirangapattana","railway",12.424144,76.677873,""
"Channarayapatna","railway",12.892715,76.393964,""
"Dharwad","railway",15.442435,75.001935,""
"Bantawal","railway",12.878167,75.034092,""
"Solapur","railway",17.664529,75.893494,""
"Minchnal","railway",16.970561,75.821783,""
"Basavana Bagewadi Road","railway",16.480299,75.828287,""
"Reddigudem","railway",16.441876,80.050511,""
"Guntur Junction","railway",16.301083,80.443132,""
"Nalgonda","railway",17.060637,79.283285,""
"Palasdhari","railway",18.884354,73.320813,""
"Adoni","railway",15.617614,77.274694,""
"Yadgir","railway",16.744649,77.129702,""
"Shahabad","railway",17.121932,76.943397,""
"Nanjangud Town","railway",12.122068,76.684341,""
"Kasarwadi","railway",18.608093,73.820868,""
"Heelalige","railway",12.813289,77.711074,""
"Anekal Road","railway",12.723608,77.71053,""
"Sewri","railway",18.99878,72.854422,""
"Cotton Green","railway",18.987187,72.843896,""
"Nimbal","railway",17.118795,75.860337,""
"Nawandgi","railway",17.216357,77.427161,""
"Tandur","railway",17.250936,77.584126,""
"Bidar","railway",17.911886,77.515435,""
"Krishnapuram","railway",14.495962,78.774316,""
"Hastavaramu","railway",14.218932,79.122011,""
"Razampet","railway",14.185647,79.152304,""
"Nellore","railway",14.461974,79.990227,""
"Kadapa Junction","railway",14.451567,78.829278,""
"Kolar","railway",13.123993,78.132928,""
"Chamarajanagar","railway",11.934601,76.932821,""
"Kabaka Puttur","railway",12.768714,75.204724,""
"Kadagaravalli","railway",12.838038,75.696014,""
"Yedekumeri","railway",12.823225,75.664001,""
"Munirabad","railway",15.308008,76.336383,""
"Talaguppa","railway",14.21431,74.914409,""
"Sri Satya Sai Prashanthi Nilayam Railway Station","railway",14.161031,77.758879,""
"Tanguturu","railway",15.337746,80.033529,""
"Tettu","railway",15.04312,80.005594,""
"Sangam Jagarlamudi","railway",16.246405,80.570402,""
"Mangalagiri","railway",16.437656,80.564645,""
"Khanapur Junction","railway",17.9425,77.384221,""
"Nagireddipalli","railway",17.423689,78.940581,""
"Vikarabad Junction","railway",17.337403,77.909693,""
"Shri Chatrapati Shahu Maharaj Terminus","railway",16.702736,74.23768,""
"Makkapeta","railway",16.912749,80.189395,""
"Chikjajur Junction","railway",14.123821,76.139893,""
"Chintalpalli","railway",17.914395,79.702165,""
"Kesamudram","railway",17.686246,79.896983,""
"Nekkonda","railway",17.794898,79.804542,""
"Garla","railway",17.486212,80.139564,""
"Jangaon","railway",17.724031,79.15371,""
"Giddalur","railway",15.379383,78.926331,""
"Kurichedu","railway",15.912589,79.572042,""
"Kallayi","railway",11.233819,75.788954,""
"Nizamabad Junction","railway",18.678787,78.103517,""
"Dichpalli","railway",18.613695,78.195304,""
"Gate Vanampalli","railway",17.443161,77.890068,""
"Tuggali","railway",15.311038,77.530242,""
"Rangapuram","railway",15.407163,78.059992,""
"Nandyal","railway",15.469221,78.47046,""
"Madanapalle Road","railway",13.644358,78.555665,""
"Kalikiri","railway",13.643861,78.800191,""
"Cochin Harbour Terminus","railway",9.960295,76.267619,""
"Hazur Sahib Nanded","railway",19.16018,77.309882,""
"Parbhani Junction","railway",19.257703,76.773751,""
"Tanakallu","railway",13.92249,78.201045,""
"Kadiri","railway",14.114615,78.165397,""
"Nallacheruvu","railway",14.020815,78.177784,""
"Mudigubba","railway",14.348838,77.996084,""
"Chinnekuntapalle","railway",14.443625,77.845363,""
"Mudkhed Junction","railway",19.148005,77.509748,""
"Donakonda","railway",15.833709,79.484318,""
"Parli-Vaijnath","railway",18.852726,76.524826,""
"Latur Road","railway",18.506444,76.845125,""
"Yedshi","railway",18.31753,75.976853,""
"Gangakher","railway",18.973867,76.7556,""
"Hingoli Deccan","railway",19.726712,77.147765,""
"Kalluru Junction","railway",14.925015,77.581539,""
"Chikballapur","railway",13.42744,77.732143,""
"Yerraguntla","railway",14.643568,78.533822,""
"Macherla","railway",16.470524,79.438775,""
"Nadikudi Junction","railway",16.590834,79.724803,""
"Jaggayyapeta Town","railway",16.891915,80.113933,""
"Rentachintala","railway",16.545882,79.552566,""
"Hagari Bommanahalli","railway",15.049997,76.20871,""
"Kotturu","railway",14.825463,76.21236,""
"Ranjitpura","railway",15.056111,76.599554,""
"Swamihalli","railway",14.97615,76.608903,""
"Yeshwanthnagar","railway",15.03931,76.502708,""
"Karepalli","railway",17.510799,80.271188,""
"Bhadrachalam Road","railway",17.551292,80.614453,""
"Shivajinagar","railway",18.532591,73.851311,""
"Ramagundam","railway",18.763986,79.434826,""
"Wangapalli","railway",17.581246,78.984645,""
"Wihirgaon","railway",19.725596,79.441452,""
"Palsi","railway",17.812062,74.11145,""
"Bonakalu","railway",17.02936,80.263411,""
"Gubbi","railway",13.321408,76.938757,""
"Puntamba Junction","railway",19.761445,74.621966,""
"Sainagar Shirdi","railway",19.7806,74.480662,""
"Rahuri","railway",19.413539,74.677391,""
"Taklimiya","railway",19.457799,74.679135,""
"Padhegaon","railway",19.537303,74.692324,""
"Sedam","railway",17.181207,77.285694,""
"Kasara","railway",19.648232,73.473589,""
"Asangaon","railway",19.439747,73.308012,""
"Atgaon","railway",19.503542,73.328257,""
"Khardi","railway",19.580216,73.393825,""
"Vasind","railway",19.406509,73.267468,""
"Dodballapur","railway",13.279688,77.550505,""
"Magnesite Junction","railway",11.694788,78.097414,""
"Mallasandra","railway",13.334971,77.015439,""
"Tumakuru","railway",13.333899,77.101958,""
"Hafeezpet","railway",17.4824,78.363014,""
"James Street","railway",17.432952,78.487322,""
"Arag","railway",16.822554,74.788261,""
"Sulgare","railway",16.893041,74.903902,""
"Dolavli","railway",18.833163,73.320344,""
"Chowk","railway",18.902596,73.24025,""
"Davanagere","railway",14.467981,75.919568,""
"Khopoli","railway",18.788473,73.346071,""
"Peddapalli Junction","railway",18.613757,79.392325,""
"Chimalpahad","railway",17.493159,80.383419,""
"Tadikalapudi","railway",17.516212,80.464647,""
"Bethampudi","railway",17.529359,80.528633,""
"Gajulagudem","railway",17.611178,80.65939,""
"Chittoor","railway",13.219366,79.103313,""
"Mallemadugu","railway",17.3247,80.160559,""
"Papatapalli","railway",17.372992,80.175986,""
"Ashokapuram","railway",12.274088,76.636011,""
"Krishnarajasagara","railway",12.401038,76.567177,""
"Naganahalli","railway",12.378628,76.650774,""
"Cauvery","railway",11.351082,77.760971,""
"Venkatachalam Junction","railway",14.327081,79.927326,""
"Vedayapalem","railway",14.405308,79.957492,""
"Chinna Salem","railway",11.631424,78.874325,""
"Nalwar","railway",16.936031,77.019441,""
"Dudhani","railway",17.362639,76.380285,""
"Bhivpuri Road","railway",18.970549,73.331437,""
"Shelu","railway",19.063516,73.317926,""
"Pandillapalli","railway",17.172286,80.170325,""
"Bhadravati","railway",13.842643,75.703469,""
"Rasipuram","railway",11.453734,78.178458,""
"Namakkal","railway",11.226012,78.179062,""
"Devangonthi","railway",12.985148,77.831294,""
"Kannur","railway",11.871821,75.367606,""
"Virinchipuram","railway",12.9622,79.029915,""
"Magudanchavadi","railway",11.551401,77.987712,""
"Vijayamangalam","railway",11.196285,77.521714,""
"Totiyapalayam","railway",11.291998,77.681165,""
"Karuppur","railway",11.724174,78.089885,""
"Anangur","railway",11.398425,77.820989,""
"Danishpet","railway",11.858515,78.138037,""
"Tinnappatti","railway",11.812362,78.098332,""
"Falaknuma","railway",17.33266,78.475198,""
"Raichur","railway",16.192803,77.338997,""
"Proddatur","railway",14.758565,78.522124,""
"Karimnagar","railway",18.458966,79.142478,""
"Gauribidanur","railway",13.613449,77.513135,""
"Kasaragod","railway",12.491472,74.987761,""
"Koduru","railway",13.948665,79.346574,""
"Kelve Road","railway",19.624053,72.791175,""
"Talaku","railway",14.446083,76.675072,""
"Rayadurg Junction","railway",14.705194,76.856916,""
"Molakalmuru","railway",14.709643,76.746219,""
"Arsikere Junction","railway",13.313782,76.253199,""
"Daroji","railway",15.226661,76.701114,""
"Toranagallu Junction","railway",15.202933,76.663142,""
"Challakere","railway",14.315222,76.659932,""
"Gadiganuru","railway",15.218547,76.599233,""
"Koppala","railway",15.353869,76.144906,""
"Anantapur","railway",14.686288,77.595246,""
"Khadarpet","railway",14.982781,77.54255,""
"Kadur Junction","railway",13.550251,76.008702,""
"Chikkamagaluru","railway",13.303215,75.788716,""
"Manikgarh Junction","railway",19.787695,79.3986,""
"Pandar Pawani","railway",19.757385,79.279245,""
"Baiyyappanahalli Junction","railway",12.991209,77.651714,""
"Whitefield","railway",12.9964,77.761423,""
"New Guntur","railway",16.310102,80.457214,""
"Nagasamudram","railway",14.32184,77.643464,""
"Tiruppur","railway",11.108222,77.339869,""
"Tripunittura","railway",9.949766,76.352631,""
"Khanapur","railway",15.637775,74.499703,""
"Chakarlapalli","railway",13.99759,77.582855,""
"Periyanaga Thunai","railway",12.559396,77.911213,""
"Karavadi","railway",15.552646,80.113532,""
"Ammanabrolu","railway",15.596591,80.148985,""
"Chandanagar","railway",17.487298,78.332214,""
"Ambewadi","railway",15.272911,74.617434,""
"Devanahalli","railway",13.247542,77.705408,""
"Mantatti","railway",17.227497,77.509741,""
"Kadakola","railway",12.19082,76.663885,""
"Sagar Jambagaru","railway",14.170083,75.023513,""
"Mumbra","railway",19.189943,73.023075,""
"Dativali","railway",19.187105,73.059181,""
"Navalur","railway",15.41521,75.056203,""
"Kumta","railway",14.43724,74.421244,""
"Gokarna Road","railway",14.583847,74.367729,""
"Honnavar","railway",14.315901,74.432402,""
"Sidlagatta","railway",13.392071,77.864154,""
"Sangli","railway",16.858441,74.588084,""
"Jayasingpur","railway",16.790733,74.550985,""
"Udupi","railway",13.336099,74.770758,""
"Baramati","railway",18.153718,74.5782,""
"Maladgaon","railway",18.373481,74.592518,""
"Ettimadai","railway",10.898476,76.895974,""
"Karaimadai","railway",11.239301,76.958363,""
"HITEC City","railway",17.469814,78.385378,""
"Karaikkudi Junction","railway",10.069667,78.793967,""
"Bibinagar","railway",17.470742,78.794704,""
"Hindupur","railway",13.818776,77.499936,""
"Cavalry Barracks","railway",17.49535,78.519068,""
"Malkajgiri","railway",17.448344,78.528973,""
"Borabanda","railway",17.459069,78.407866,""
"Bharath Nagar","railway",17.462603,78.430156,""
"Gadag Junction","railway",15.436474,75.642161,""
"Lottegollahalli","railway",13.04347,77.563084,""
"Hulkoti","railway",15.433187,75.528884,""
"Harihar","railway",14.515354,75.811048,""
"Chikodi Road","railway",16.371995,74.769678,""
"Narasambudhi","railway",12.075519,76.749501,""
"Mettupalayam","railway",11.299052,76.93547,""
"Pandavapura","railway",12.463777,76.681066,""
"Narasaraopet","railway",16.23013,80.040382,""
"Malkhaid Road","railway",17.14741,77.174304,""
"Padugupadu","railway",14.498067,79.990046,""
"Krishna Junction","railway",16.410567,77.32885,""
"Kudachi","railway",16.62429,74.858412,""
"Ugar Khurd","railway",16.67012,74.821032,""
"Raybag","railway",16.483705,74.807112,""
"Hosapete Junction","railway",15.286535,76.386583,""
"Humanabad","railway",17.771508,77.139369,""
"Krishna Canal Junction","railway",16.477258,80.606004,""
"Balganur","railway",15.594704,75.602769,""
"Banni Koppa","railway",15.406497,75.941753,""
"Lonand","railway",18.04068,74.190221,""
"Nira","railway",18.105446,74.208078,""
"Phaltan","railway",18.008609,74.415433,""
"Tiptur","railway",13.255759,76.475633,""
"Mulund","railway",19.172137,72.956697,""
"King's Circle","railway",19.031682,72.857737,""
"Vedaranniyam","railway",10.377622,79.855367,""
"Topputurai","railway",10.396298,79.848868,""
"Kuruvappulam","railway",10.419606,79.787167,""
"Agastiyampalli","railway",10.355047,79.850209,""
"Kariyappattinam","railway",10.452742,79.738125,""
"Thalassery","railway",11.753893,75.492306,""
"Gudageri","railway",15.124597,75.359553,""
"Neyvilakku","railway",10.408638,79.811383,""
"Sakleshpur","railway",12.945377,75.77895,""
"Ganagapur Road","railway",17.340746,76.589503,""
"Asnoti","railway",14.87629,74.147593,""
"Revur Ramapuram","railway",16.852008,80.006795,""
"Indi Road","railway",17.21085,75.918869,""
"Elimala","railway",12.068728,75.23089,""
"Castle Rock","railway",15.398753,74.333893,""
"Mayakonda","railway",14.277983,76.087015,""
"Surathkal","railway",12.990243,74.805352,""
"Krishnaraja Nagar","railway",12.444993,76.388419,""
"Bisale Halli","railway",13.481428,75.967047,""
"Mantralayam Road","railway",15.944317,77.298439,""
"Kudal","railway",16.017235,73.678052,""
"Sawantwadi Road","railway",15.866463,73.785083,""
"Sanvordem Curchorem","railway",15.264103,74.108541,""
"Valapattanam","railway",11.927376,75.346371,""
"Payangadi","railway",12.021666,75.260195,""
"Chandar Goa","railway",15.264771,74.047636,""
"Sonalium","railway",15.30957,74.298593,""
"Hole Alur","railway",15.82027,75.646746,""
"Kundapura","railway",13.613374,74.728686,""
"Coromandel","railway",12.975655,78.257805,""
"Yediyur","railway",12.979001,76.86386,""
"Chandragiri","railway",13.611712,79.312278,""
"Chintakani","railway",17.123911,80.203115,""
"Nagalawancha","railway",17.074722,80.228478,""
"Motumari","railway",16.956019,80.320781,""
"Madhira","railway",16.922272,80.365554,""
"Tondalagopavaram","railway",16.867925,80.43071,""
"Gangineni","railway",16.744965,80.519639,""
"Errupalem","railway",16.825095,80.47167,""
"Cheruvu Madhavaram","railway",16.688481,80.542161,""
"Damalcheruvu","railway",13.478555,79.056011,""
"Piler","railway",13.662599,78.928078,""
"Hole Narsipur","railway",12.785365,76.246634,""
"Mahabubabad","railway",17.597554,80.000593,""
"West Hill","railway",11.285163,75.765038,""
"Srirampuram","railway",17.117701,79.213157,""
"Banasandra","railway",13.265551,76.660606,""
"Ammasandra","railway",13.264938,76.712066,""
"Bhokar","railway",19.213974,77.667109,""
"Palakkodu","railway",12.297022,78.071678,""
"Marandahalli","railway",12.389297,78.017355,""
"Kardi","railway",13.267193,76.572312,""
"Banashankari","railway",13.266642,76.524653,""
"Akkurti","railway",13.783337,79.669141,""
"Yellakaru","railway",13.846557,79.649569,""
"Kommarapudi","railway",14.276923,79.901934,""
"Sampige Road","railway",13.270964,76.762269,""
"Nittur","railway",13.302648,76.855952,""
"Oorgaum","railway",12.954284,78.259983,""
"Makkajipalli","railway",14.195996,77.628475,""
"Rangepalli","railway",14.024487,77.575685,""
"Venkatagiri","railway",13.944251,79.604487,""
"Desur","railway",15.752854,74.498563,""
"Channapatna","railway",12.659373,77.203893,""
"Savalyapuram Junction","railway",16.102885,79.820179,""
"Murdeshwar","railway",14.100819,74.505423,""
"Timmanacherla","railway",15.16254,77.395122,""
"Edduladoddi","railway",15.329145,77.590573,""
"Birur Junction","railway",13.593229,75.973015,""
"Pullampadi","railway",10.93968,78.917111,""
"Lingampalli","railway",17.483123,78.317773,""
"Karukkutty","railway",10.225705,76.373726,""
"Masarahalli","railway",13.810586,75.730578,""
"Donigal","railway",12.904538,75.734809,""
"Charlapalli","railway",17.458597,78.606606,""
"Ghanpur","railway",17.849779,79.376345,""
"Yadadri (Raigir)","railway",17.551034,78.941663,""
"Pagidipalli","railway",17.484575,78.82059,""
"Ghatkesar","railway",17.452856,78.678298,""
"Aler","railway",17.645626,79.048895,""
"Bhongir","railway",17.523976,78.898362,""
"Raghunathpalli","railway",17.75703,79.256673,""
"Honnavalli Road","railway",13.275391,76.368309,""
"Neralakatte","railway",12.816757,75.127256,""
"Nelamangala","railway",13.112186,77.392503,""
"Vetapalem","railway",15.783148,80.300675,""
"Palayasivaram","railway",12.776791,79.877801,""
"Takkolam","railway",13.024346,79.677491,""
"Metpalli","railway",18.854372,78.638204,""
"Lingampet Jagityal","railway",18.782483,78.887499,""
"Kanjikode","railway",10.800281,76.754774,""
"Jammalamadugu","railway",14.847339,78.397813,""
"Kondapuram","railway",14.773284,78.19354,""
"Garladinne","railway",14.827341,77.592786,""
"Dharashiv","railway",18.247843,76.02293,""
"Adilabad","railway",19.680767,78.536079,""
"Himayatnagar","railway",19.417082,77.869045,""
"Makudi","railway",19.537404,79.478834,""
"Kinwat","railway",19.618782,78.202791,""
"Kosai","railway",19.638506,78.334967,""
"Wirur","railway",19.641294,79.431279,""
"Umram","railway",19.661933,78.437735,""
"Ambari(Deccan)","railway",19.688637,78.216035,""
"Rajura","railway",19.771207,79.369635,""
"Bodhan","railway",18.645959,77.888359,""
"Tummanamgutta","railway",13.711815,78.370701,""
"Mulakala Cheruvu","railway",13.801718,78.264925,""
"Ghoti","railway",19.723749,73.636307,""
"Betamcherla","railway",15.449368,78.148454,""
"Bugganpalle Cement Nagar","railway",15.486708,78.19532,""
"Ulindakonda","railway",15.65243,77.968449,""
"Sitaphalmandi","railway",17.427295,78.520723,""
"Indalvai","railway",18.549361,78.245131,""
"Pernem","railway",15.708996,73.81676,""
"Matheran","railway",18.990225,73.270959,""
"Jumma Patti","railway",19.001746,73.302625,""
"Water Pipe","railway",19.008933,73.289749,""
"Yermaras","railway",16.272695,77.347257,""
"Manubolu","railway",14.225784,79.877118,""
"Kalem","railway",15.291982,74.184418,""
"Canacona","railway",15.006842,74.039489,""
"Kulem","railway",15.33416,74.244595,""
"Thivim","railway",15.629878,73.877045,""
"Sakharayapatna","railway",13.42996,75.927854,""
"Harangul","railway",18.390464,76.495872,""
"Basmat","railway",19.33286,77.151575,""
"Harapanahalli","railway",14.773768,75.985247,""
"Intakanne","railway",17.728548,79.861218,""
"Tadlapusapalli","railway",17.625968,79.955252,""
"Yelgur","railway",17.861102,79.747283,""
"Gundratimadugu","railway",17.532081,80.079997,""
"Ippuguda","railway",17.801764,79.327164,""
"Hasanparthi Road","railway",18.077948,79.502276,""
"Jammikunta","railway",18.29003,79.476688,""
"Potkapalli","railway",18.428664,79.464191,""
"Bisugir Sharif","railway",18.347362,79.483275,""
"Uppal","railway",18.182484,79.481985,""
"Kolanoor","railway",18.496553,79.419029,""
"Peddampet","railway",18.804149,79.427212,""
"Ravindrakhani","railway",18.936903,79.461861,""
"Mandamari","railway",18.970183,79.469817,""
"Bellampalli","railway",19.052348,79.485937,""
"Bidadi","railway",12.800623,77.390173,""
"Shahad","railway",19.243584,73.158075,""
"Jinti Road","railway",18.324973,74.877941,""
"Sandhurst Road","railway",18.960924,72.839372,""
"Parali","railway",10.800543,76.559828,""
"Dornakal Junction","railway",17.445355,80.1529,""
"Ghorpuri","railway",18.528148,73.893932,""
"Aralaguppe","railway",13.253224,76.613447,""
"Banavar","railway",13.395824,76.140481,""
"Umri","railway",19.041985,77.64335,""
"Kondapalli","railway",16.623708,80.54688,""
"Rayanapadu","railway",16.578414,80.561256,""
"Nimblak","railway",19.118905,74.689093,""
"Chirala","railway",15.830914,80.354362,""
"Pindial","railway",17.926395,79.455634,""
"Sri Kalahasti","railway",13.745832,79.683259,""
"Anandapuram","railway",14.074744,75.209857,""
"Ghataprabha","railway",16.240983,74.75993,""
"Phursungi","railway",18.4572,74.002157,""
"Sasvad Road","railway",18.472818,73.954518,""
"Shindawane","railway",18.425843,74.118156,""
"Alandi","railway",18.462903,74.06419,""
"Shadnagar","railway",17.064859,78.213014,""
"Jejuri","railway",18.287168,74.171669,""
"Rajevadi","railway",18.384333,74.155524,""
"Ambale","railway",18.413774,74.187037,""
"Balanagar","railway",16.947992,78.189476,""
"Dapodi","railway",18.581447,73.832686,""
"Pimpri","railway",18.622953,73.802512,""
"Chinchwad","railway",18.640355,73.791713,""
"Akurdi","railway",18.648636,73.764716,""
"Thakurli","railway",19.226281,73.098017,""
"Dockyard Road","railway",18.967477,72.844548,""
"Reay Road","railway",18.977551,72.844101,""
"Currey Road","railway",18.993749,72.832856,""
"Nandikoor","railway",13.132638,74.806045,""
"Chembur","railway",19.062632,72.90114,""
"Agran Dhulgaon","railway",16.955191,74.921615,""
"Sahasrakund","railway",19.403327,78.008359,""
"Chennai Park Town","railway",13.079587,80.276295,""
"Chennai Park","railway",13.080754,80.273088,""
"Kodambakkam","railway",13.051662,80.230689,""
"Mambalam","railway",13.038066,80.227775,""
"Saidapet","railway",13.02331,80.223719,""
"Puratchi Thalaivar Dr. M. G. Ramachandran Central","railway",13.082423,80.275962,""
"Chepauk","railway",13.061931,80.280596,""
"Thiruvallikeni","railway",13.055935,80.280604,""
"Malur","railway",12.992853,77.938737,""
"Aman Lodge","railway",19.001379,73.281714,""
"Sarola","railway",18.939079,74.647868,""
"Visapur","railway",18.824762,74.59948,""
"Kem","railway",18.17681,75.274367,""
"Padli","railway",19.798199,73.672129,""
"Chiluvur","railway",16.380282,80.617224,""
"Kolanukonda","railway",16.448422,80.604512,""
"Raghavapuram","railway",18.681214,79.411736,""
"Asifabad Road","railway",19.257162,79.416689,""
"Ralapet","railway",19.318622,79.432371,""
"Sirpur Kagaznagar","railway",19.346563,79.489989,""
"Vempalli","railway",19.405104,79.529518,""
"Manoharabad","railway",17.755586,78.454429,""
"Wadiaram","railway",17.972733,78.455249,""
"Mirzapalli","railway",18.017598,78.41597,""
"Akanapet","railway",18.101935,78.39802,""
"Talmadla","railway",18.239456,78.357431,""
"Kamareddi","railway",18.325198,78.336002,""
"Jankampet","railway",18.702716,78.053888,""
"Navipet","railway",18.766298,78.016882,""
"Bandarupalli","railway",16.365319,80.362671,""
"Piduguralla","railway",16.47823,79.876866,""
"Pondugula","railway",16.643307,79.677988,""
"Vajirabad","railway",16.68364,79.648806,""
"Valigonda","railway",17.367221,79.008585,""
"Nallapadu","railway",16.307683,80.397039,""
"Tsunduru","railway",16.156722,80.58579,""
"Valliveru","railway",16.189668,80.606027,""
"Peddavadlapudi","railway",16.414143,80.612933,""
"Ipurupalem","railway",15.851928,80.385263,""
"Appikatla","railway",15.970606,80.514293,""
"Nidubrolu","railway",16.067979,80.557544,""
"Uppugunduru","railway",15.650054,80.193497,""
"Ulavapadu","railway",15.166996,80.013063,""
"Singarayakonda","railway",15.252381,80.026241,""
"Surareddipalem","railway",15.408138,80.046019,""
"Sri Venkateswarapalem","railway",14.806338,79.982319,""
"Kodavaluru","railway",14.564467,79.994628,""
"Talamanchi","railway",14.606494,79.997918,""
"Alluru Road","railway",14.710492,79.988793,""
"Namburu","railway",16.358447,80.496247,""
"Phirangipuram","railway",16.292344,80.256271,""
"Perecherla","railway",16.319165,80.339803,""
"Malkapuram","railway",15.368963,77.967522,""
"Diguvametta","railway",15.39506,78.82658,""
"Linganenidoddi","railway",15.398957,77.703038,""
"Chelama","railway",15.422308,78.695898,""
"Gazulapalle","railway",15.430522,78.599569,""
"Somidevipalle","railway",15.453136,79.038153,""
"Panyam","railway",15.500516,78.340627,""
"Tarlupadu","railway",15.656357,79.209049,""
"Markapur Road","railway",15.715284,79.303648,""
"Gajjelakonda","railway",15.777803,79.402257,""
"Cheekategalapalem","railway",16.017038,79.693273,""
"Vinukonda","railway",16.050657,79.74772,""
"Maddikera","railway",15.256394,77.41216,""
"Imampuram","railway",15.012893,77.517034,""
"Venkatampalle","railway",15.037864,77.462392,""
"Jakkalacheruvu","railway",15.10868,77.72794,""
"Regadipalli","railway",14.814454,78.136313,""
"Challavaripalli","railway",14.876214,78.033996,""
"Komali","railway",14.932749,77.933011,""
"Jutturu","railway",14.978447,77.897517,""
"Vemulapadu","railway",15.018139,77.854082,""
"Rayalcheruvu","railway",15.055219,77.819743,""
"Kamalapuram","railway",14.592867,78.666325,""
"Yerragudipad","railway",14.620798,78.595661,""
"Kalamalla","railway",14.668089,78.469691,""
"Gangayapalle","railway",14.5531,78.71739,""
"Ontimitta","railway",14.392622,79.017633,""
"Bhakarapeta","railway",14.409202,78.970008,""
"Kanamalopalle","railway",14.43216,78.92017,""
"Anantarajupet","railway",13.999789,79.302725,""
"Obulavaripalli Junction","railway",14.040412,79.267828,""
"Pullampet","railway",14.120516,79.205209,""
"Nandalur","railway",14.270797,79.104387,""
"Mantapapalle","railway",14.321823,79.080225,""
"Mamanduru","railway",13.744763,79.461025,""
"Balapalle","railway",13.811555,79.406482,""
"Renigunta Junction","railway",13.637874,79.506253,""
"Yerpedu","railway",13.6874,79.575062,""
"Rachagunneri","railway",13.714793,79.631251,""
"Vendodu","railway",14.026783,79.728794,""
"Molagavalli","railway",15.357441,77.372394,""
"Nagarur","railway",15.542867,77.313631,""
"Kuppagal","railway",15.726864,77.219766,""
"Dharur","railway",17.289124,77.758232,""
"Godamgura","railway",17.290053,77.866747,""
"Chitgidda","railway",17.394179,77.973697,""
"Nagalapalli","railway",17.460242,78.230083,""
"Fateh Nagar","railway",17.456201,78.449924,""
"Kohir Deccan","railway",17.609163,77.712509,""
"Hirenanduru","railway",17.258181,76.872141,""
"Budvel","railway",17.30986,78.424984,""
"Umdanagar","railway",17.263407,78.393171,""
"Hadapsar Railway Station","railway",18.526967,73.927825,""
"Loni","railway",18.490847,74.020808,""
"Manjari Budruk","railway",18.512209,73.971934,""
"Ankola","railway",14.645359,74.331925,""
"Balli","railway",15.151774,74.021181,""
"Barkur","railway",13.477027,74.759868,""
"Bijoor","railway",13.822007,74.642619,""
"Harwada","railway",14.74039,74.259398,""
"Manki","railway",14.174644,74.493679,""
"Senapura","railway",13.717875,74.684472,""
"Kedgaon","railway",18.482087,74.376715,""
"Khutbav","railway",18.486004,74.315655,""
"Yavat","railway",18.489012,74.256651,""
"Haveri","railway",14.794753,75.411144,""
"Ratnagiri","railway",17.002851,73.358339,""
"Sangameshwar","railway",17.201592,73.546396,""
"Sawarda","railway",17.404653,73.515195,""
"Zarap","railway",15.948357,73.734153,""
"Hunasenahalli","railway",13.400327,77.946714,""
"Chintamani","railway",13.410988,78.053996,""
"Bitragunta","railway",14.766979,79.98383,""
"Pappinisseri","railway",11.942291,75.347026,""
"Thokur","railway",12.963423,74.829541,""
"Minjur","railway",13.28134,80.260244,""
"Alapakkam","railway",11.618815,79.727654,""
"Capper Quarry","railway",11.681022,79.747741,""
"Kille","railway",11.438452,79.723258,""
"Lowjee","railway",18.809571,73.335185,""
"Hanakere","railway",12.565589,76.981021,""
"Mankhurd","railway",19.048209,72.931714,""
"Nahur","railway",19.15464,72.946652,""
"Bandra","railway",19.054979,72.84022,""
"Byculla","railway",18.976622,72.832794,""
"Charni Road","railway",18.951844,72.81824,""
"Dadar","railway",19.017376,72.843026,""
"Mahim Junction","railway",19.040663,72.846604,""
"Marine Lines","railway",18.945764,72.823719,""
"Panvel","railway",18.989424,73.122695,""
"Vile Parle","railway",19.09991,72.844004,""
"Virar","railway",19.455306,72.811816,""
"Devarkadre","railway",16.631263,77.838655,""
"Kattur","railway",10.896101,78.855536,""
"Valadi","railway",10.872555,78.75801,""
"Uttamar Kovil","railway",10.877529,78.702267,""
"Chuna Bhatti","railway",19.05177,72.869097,""
"Sion","railway",19.046521,72.863283,""
"Kurla","railway",19.06528,72.87938,""
"Udgir","railway",18.390853,77.109879,""
"Krantivira Sangolli Rayanna (Bengaluru)","railway",12.978174,77.56956,""
"Tiruchchirappalli Junction","railway",10.794268,78.685294,""
"Vijayawada Junction","railway",16.517968,80.619572,""
"Guntakal Junction","railway",15.173713,77.369864,""
"Mangaluru Central","railway",12.863404,74.843239,""
"Salem Junction","railway",11.670755,78.113543,""
"Tirupati","railway",13.628291,79.419528,""
"Banaganapalli","railway",15.322303,78.250716,""
"Wanparti Road","railway",16.382106,77.88549,""
"Lakdi-ka-pul","railway",17.403833,78.463502,""
"Kazipet Town","railway",17.983445,79.518877,""
"Kaukuntla","railway",16.538885,77.85077,""
"Gollapally","railway",16.818351,78.157441,""
"Sattenapalli","railway",16.404999,80.152997,""
"Pedakurapadu","railway",16.459481,80.254168,""
"Khammam","railway",17.249035,80.139167,""
"Diviti Palli","railway",16.741248,78.084504,""
"Panduranga Swamy Road","railway",16.247873,77.57778,""
"Bageshapura","railway",13.143223,76.229337,""
"Dhanora(Deccan)","railway",19.46536,78.132725,""
"Bolarum","railway",17.533068,78.515457,""
"Alwal","railway",17.505037,78.514663,""
"Kodi","railway",19.702662,76.015445,""
"Lingeri","railway",16.668765,77.189729,""
"Saidapur","railway",16.570787,77.250003,""
"Chegunta","railway",16.485737,77.301563,""
"Sirpur Town","railway",19.478833,79.560717,""
"Rechni Road","railway",19.14072,79.451668,""
"Repalliwada","railway",19.184751,79.430298,""
"Komatipalli","railway",18.023444,79.516146,""
"Nukapalli Mallial","railway",18.705853,78.920165,""
"Basar","railway",18.86579,77.93886,""
"Masaipet","railway",17.880153,78.466875,""
"Medchal","railway",17.639925,78.475344,""
"Gundla Pochampally","railway",17.56871,78.488237,""
"Shankarpalli","railway",17.450555,78.130793,""
"Mailaram","railway",17.280148,77.809669,""
"Rukmapur","railway",17.276051,77.680754,""
"Marpalli","railway",17.545689,77.771883,""
"Matalkunta","railway",17.772134,77.560517,""
"Sadashivapet Road","railway",17.483512,77.873088,""
"Timmapur","railway",17.16914,78.288978,""
"Itikyala","railway",16.073809,77.852724,""
"Manopad","railway",15.993472,77.942139,""
"Manyamkonda","railway",16.683285,77.905865,""
"Sriramnagar","railway",16.304149,77.867702,""
"Tipparthi","railway",17.005784,79.423912,""
"Kondrapol","railway",16.78531,79.601039,""
"Vishnupuram","railway",16.70976,79.637293,""
"Vejandla","railway",16.239949,80.516666,""
"Duggirala","railway",16.328919,80.62385,""
"Bellamkonda","railway",16.470618,80.001513,""
"Siripuram","railway",16.414481,80.294385,""
"Sitaramapuram","railway",16.474018,79.92434,""
"Tummalacheruvu","railway",16.528774,79.80159,""
"Pagidirai","railway",15.272875,77.602258,""
"Pamidi","railway",14.980537,77.599284,""
"Kosgi","railway",15.847702,77.236377,""
"Basampalle","railway",14.311241,77.745521,""
"Narayanapuram","railway",14.128847,77.696046,""
"Prasannayanapalli","railway",14.649507,77.595078,""
"Aspari","railway",15.455801,77.356166,""
"Iranagallu","railway",15.892604,77.263743,""
"Nancherla","railway",15.25621,77.369464,""
"Kalasamudram","railway",14.217828,78.09885,""
"Mungilipattu","railway",13.556393,79.241245,""
"Panapakam","railway",13.500002,79.204091,""
"Kurabalakota","railway",13.66719,78.485426,""
"Pulicherla","railway",13.598648,79.040789,""
"Vayalpad","railway",13.634332,78.62331,""
"Ramapuram Railway Station","railway",13.098106,79.179433,""
"Yesvantpur Junction","railway",13.023773,77.55077,""
"Hebbal","railway",13.042548,77.586249,""
"Bapatla","railway",15.908348,80.468724,""
"Chinna Ganjam","railway",15.689378,80.236717,""
"Stuartpuram","railway",15.874476,80.415671,""
"Kavali","railway",14.915534,79.988971,""
"Kondagunta","railway",14.080356,79.794553,""
"Nidigallu","railway",13.988617,79.661542,""
"Yataluru","railway",13.893192,79.626428,""
"Cumbum","railway",15.592824,79.112672,""
"Jaggambhotla Krishnapuram","railway",15.552028,79.072105,""
"Gundlakamma Junction","railway",15.984582,79.644877,""
"Munumaka","railway",16.189898,79.980818,""
"Santamagulur","railway",16.146647,79.915455,""
"Satulur","railway",16.254483,80.138775,""
"Vemuluripadu","railway",16.309275,80.297573,""
"Chikkasuguru","railway",16.335928,77.344844,""
"Yadalapur","railway",16.384916,77.327456,""
"Matmari","railway",16.046499,77.302479,""
"Marichethal","railway",16.109887,77.309439,""
"Isivi","railway",15.657554,77.229794,""
"Nemkallu","railway",15.29289,77.372618,""
"Trikaripur","railway",12.142943,75.175537,""
"Jagannath Temple Gate","railway",11.738577,75.508182,""
"Belanki","railway",16.851938,74.870325,""
"Uppalavai","railway",18.424706,78.316142,""
"Thangundi","railway",16.803401,77.06795,""
"Kodaganuru","railway",14.330364,76.033604,""
"Sasalu","railway",14.211108,76.115021,""
"Dhalgaon","railway",17.122421,74.99099,""
"Jath Road","railway",17.218255,75.111657,""
"Bamani","railway",17.510736,75.236545,""
"Modlimb","railway",17.91686,75.405303,""
"Pandharpur","railway",17.669636,75.320841,""
"Tunga Bhadra Dam","railway",15.263022,76.354187,""
"Palavanthangal","railway",12.990638,80.18794,""
"Belapur","railway",19.619764,74.659901,""
"Sivapur","railway",13.670466,75.928351,""
"Tarikere Junction","railway",13.711514,75.812598,""
"Cansaulim","railway",15.344917,73.897565,""
"Amaravathi Colony Junction","railway",14.49898,75.852125,""
"Govandi","railway",19.055369,72.91507,""
"Shantigrama","railway",12.984617,76.20546,""
"Bhandup","railway",19.142757,72.937654,""
"Guindy","railway",13.008669,80.212606,""
"Borivali","railway",19.229068,72.857363,""
"Kandivali","railway",19.204114,72.851738,""
"Malad","railway",19.186719,72.848588,""
"Goregaon","railway",19.164869,72.849549,""
"Kumbala","railway",12.59012,74.943609,""
"Kannapuram","railway",11.983978,75.314235,""
"Mankara","railway",10.772067,76.500373,""
"Melmaruvattur","railway",12.428675,79.832866,""
"Prabhadevi","railway",19.007472,72.835897,""
"Shravanabelagola","railway",12.871393,76.465669,""
"Hassan Junction","railway",13.003387,76.117387,""
"Mukundarayapuram","railway",12.978249,79.289201,""
"Mandya","railway",12.528885,76.8967,""
"Chinchpokli","railway",18.987198,72.832672,""
"Parel","railway",19.009482,72.837661,""
"Ramannapet","railway",17.284163,79.085996,""
"Tilak Nagar","railway",19.065786,72.89047,""
"Mohanur","railway",11.068932,78.139861,""
"Avadi","railway",13.118274,80.101543,""
"Palur","railway",12.766346,79.906907,""
"Muddalinganahalli","railway",13.242859,77.294432,""
"Habhanghatta","railway",13.227012,76.24999,""
"Daundaj","railway",18.229761,74.17739,""
"Chityala","railway",17.222088,79.135808,""
"Muddanuru","railway",14.689031,78.397294,""
"Thiruvarur Junction","railway",10.765002,79.633696,""
"Velankanni","railway",10.686877,79.846181,""
"Mugad","railway",15.447667,74.904936,""
"Gullaguda","railway",17.417046,78.032996,""
"Palani","railway",10.458591,77.520288,""
"Umbermali","railway",19.628367,73.422953,""
"Thansit","railway",19.550337,73.35224,""
"Ginigera","railway",15.34798,76.247577,""
"Maltekd","railway",19.168387,77.335246,""
"Mugat","railway",19.174844,77.426911,""
"Bannihatti","railway",15.144466,76.622361,""
"Papinayaknahalli","railway",15.235682,76.490783,""
"Tinai Ghat","railway",15.448667,74.402411,""
"Malleswaram","railway",13.000631,77.563476,""
"Kulithalai","railway",10.933552,78.421046,""
"Marikuppam","railway",12.918795,78.263739,""
"Srinivasapura","railway",13.328834,78.206707,""
"Manjeshwar","railway",12.724917,74.887371,""
"Saint Thomas Mount","railway",12.994765,80.199371,""
"Aravali Road","railway",17.316657,73.538091,""
"Kolad","railway",18.392023,73.223425,""
"Vikhroli","railway",19.11148,72.928021,""
"Churchgate","railway",18.93548,72.827174,""
"Adirampattinam","railway",10.331945,79.384877,""
"Matunga","railway",19.027436,72.850147,""
"Matunga Road","railway",19.027815,72.846681,""
"Mahalaxmi","railway",18.98252,72.82422,""
"Ghatkopar","railway",19.085693,72.908367,""
"Guru Tegh Bahadur Nagar","railway",19.038005,72.864345,""
"Mayanoor","railway",10.955002,78.23686,""
"Nalla Sopara","railway",19.4179,72.818569,""
"Chittapura","railway",17.119842,77.090534,""
"Ballari Cantonment","railway",15.158252,76.883512,""
"Yeliyur","railway",12.509896,76.828661,""
"Kulali","railway",17.357235,76.470473,""
"Verna","railway",15.353851,73.912494,""
"Hotgi Junction","railway",17.565283,75.989575,""
"Bennihalli","railway",14.787599,76.119026,""
"Kalaburagi Junction","railway",17.314929,76.825633,""
"Pallavaram","railway",12.967574,80.15205,""
"Mallapur","railway",15.672561,75.61074,""
"Jeur","railway",18.261185,75.162288,""
"Sulur Road","railway",11.049473,77.117274,""
"Vanjipalaiyam","railway",11.118171,77.26623,""
"Somanur","railway",11.086873,77.185744,""
"Singanallur","railway",11.012469,77.039119,""
"Irugur Junction","railway",11.015944,77.067821,""
"Veer","railway",18.113745,73.330579,""
"Coimbatore North","railway",11.018336,76.955721,""
"Mettur Dam","railway",11.804908,77.823042,""
"Perundurai","railway",11.253903,77.628832,""
"Tadipatri","railway",14.90849,77.977419,""
"Sankari Durg","railway",11.448064,77.87081,""
"Mavelipalaiyam","railway",11.482736,77.899939,""
"Dombivli","railway",19.218049,73.086135,""
"Kopar","railway",19.212423,73.078865,""
"Kalyan Junction","railway",19.235822,73.13081,""
"Virapandy Road","railway",11.596662,78.074539,""
"Ambaturai","railway",10.27252,77.924312,""
"Ullal","railway",12.792366,74.854886,""
"Holalkere","railway",14.040202,76.130905,""
"Ramagiri","railway",13.948274,76.125491,""
"Hosadurga Road","railway",13.862644,76.133119,""
"Shivani","railway",13.811739,76.058702,""
"Ajjampura","railway",13.731079,76.010299,""
"Nagavangala","railway",13.664585,75.991592,""
"Amritapura","railway",14.139258,76.243887,""
"Balenahalli","railway",14.244472,76.554599,""
"Bommagundanakere","railway",14.587806,76.680336,""
"Vambori","railway",19.298476,74.685007,""
"Toppur","railway",11.931584,78.070079,""
"Karanjadi","railway",17.999235,73.404237,""
"Kankavali","railway",16.259427,73.719948,""
"Adavali","railway",16.921545,73.592809,""
"Bhalki","railway",18.047069,77.228138,""
"Walaja Road Junction","railway",12.970931,79.360197,""
"Aluva","railway",10.108253,76.356699,""
"Solur","railway",13.069802,77.258671,""
"Palakkad Junction","railway",10.799297,76.637566,""
"Shoranur Junction","railway",10.75955,76.271924,""
"Ottappalam","railway",10.769875,76.377682,""
"Madukkarai","railway",10.900659,76.942484,""
"Walayar","railway",10.846787,76.837587,""
"Kottikkulam","railway",12.423632,75.023897,""
"Mulagunnathukavu","railway",10.595722,76.207651,""
"Wadakancheri","railway",10.651345,76.239688,""
"Angamali (Kaladi)","railway",10.183779,76.378077,""
"Idappalli","railway",10.034533,76.298762,""
"Ernakulam Town","railway",9.991656,76.286356,""
"Ernakulam Junction","railway",9.969,76.290952,""
"Guruvayur","railway",10.597243,76.045915,""
"Kalamassery","railway",10.062362,76.32721,""
"Wadi Junction","railway",17.052294,76.991895,""
"Kurduvadi Junction","railway",18.091848,75.417041,""
"Igatpuri","railway",19.694439,73.563888,""
"Chemancheri","railway",11.405613,75.719243,""
"Perungalattur","railway",12.905243,80.095046,""
"Neral NG","railway",19.026796,73.318414,""
"Mohope","railway",18.943761,73.194996,""
"Tirunettur","railway",9.93424,76.30851,""
"Chovvara","railway",10.132978,76.372272,""
"Vallathol Nagar","railway",10.731727,76.28149,""
"Angadipuram Raiway Station","railway",10.981068,76.208066,""
"Chottanikkara Road","railway",9.924474,76.375978,""
"Karakkad","railway",10.782091,76.228877,""
"Nileshwar","railway",12.255801,75.135711,""
"Payyoli","railway",11.517148,75.618587,""
"Tikkotti","railway",11.48982,75.626297,""
"Uppala","railway",12.670377,74.906447,""
"Adihalli","railway",13.296113,76.325996,""
"Mangaon","railway",18.247448,73.275442,""
"Alur","railway",12.981732,76.000405,""
"Tirusulam","railway",12.980461,80.165793,""
"Meenambakkam","railway",12.984698,80.175093,""
"Lakhmapur","railway",15.869885,75.627215,""
"Karaikal","railway",10.91707,79.838962,""
"Peelamedu","railway",11.032753,77.00003,""
"Ongole","railway",15.497807,80.05712,""
"Kunigal","railway",13.016644,77.011084,""
"Lakkiti","railway",10.753268,76.434261,""
"Guntakal West","railway",15.167205,77.342377,""
"Dharmavaram Junction","railway",14.426063,77.715228,""
"Mira Road","railway",19.281697,72.856068,""
"Putalapattu","railway",13.333614,79.104178,""
"Katphal","railway",18.233055,74.595819,""
"Kamasamudram","railway",12.880495,78.200563,""
"Sanat Nagar","railway",17.462235,78.436698,""
"Pasupatikovil","railway",10.882652,79.191177,""
"Shiroor","railway",13.930972,74.594246,""
"Punkunnam","railway",10.53414,76.208987,""
"Thrissur","railway",10.51614,76.208462,""
"Mannanur","railway",10.749273,76.324347,""
"Anavardikhanpettai","railway",13.050776,79.567244,""
"Chengalpatttu Junction","railway",12.693465,79.980516,""
"Arakkonam Junction","railway",13.082339,79.668525,""
"Chromepet","railway",12.95219,80.141168,""
"Kattangulathur","railway",12.805558,80.026634,""
"Chitteri","railway",13.067948,79.598122,""
"Doravarichatram","railway",13.817815,79.948455,""
"Elavur","railway",13.458964,80.115892,""
"Ennore","railway",13.217468,80.321601,""
"Hindu College","railway",13.118483,80.07443,""
"Pattabiram E Depot","railway",13.146014,80.068619,""
"Guduvancheri","railway",12.84523,80.05765,""
"Karunguzhi","railway",12.532107,79.911518,""
"Korukkupet","railway",13.119425,80.278456,""
"Korattur","railway",13.113142,80.184152,""
"Karasangal","railway",12.334797,79.750512,""
"Kotturpuram","railway",13.013718,80.248452,""
"Latteri","railway",12.967043,79.066238,""
"Manavur","railway",13.096372,79.801259,""
"Mahendravadi","railway",13.022121,79.517448,""
"Melattur","railway",12.917877,78.875262,""
"Chennai Egmore","railway",13.077749,80.261257,""
"Mailam","railway",12.160258,79.60214,""
"Olakur","railway",12.304935,79.720936,""
"Perambur Carriage Works","railway",13.107281,80.238886,""
"Perani","railway",12.102876,79.552244,""
"Perambur","railway",13.107719,80.244414,""
"Perambur Loco Works","railway",13.108377,80.22584,""
"Ponpadi","railway",13.239337,79.588934,""
"Mandagere","railway",12.729529,76.379007,""
"Pudi","railway",13.553266,79.507941,""
"Sri Venkataperumal Rajupuram","railway",13.534209,79.532593,""
"Sevur","railway",12.9718,79.190102,""
"Tambaram","railway",12.925792,80.117919,""
"Tiruvalam","railway",12.975006,79.245911,""
"Tiruninravur","railway",13.123994,80.029744,""
"Tiruttani","railway",13.179295,79.612181,""
"Thalangai","railway",13.008597,79.44704,""
"Tozhuppedu","railway",12.368915,79.784737,""
"Vyasarpadi Jeeva","railway",13.109196,80.25722,""
"Valathoor","railway",12.889687,78.839676,""
"Vikravandi","railway",12.045515,79.542701,""
"Somalapuram","railway",14.901658,76.868489,""
"Ambur","railway",12.784066,78.721785,""
"Serndanur","railway",11.870414,79.517501,""
"Thiruthuraiyur","railway",11.82421,79.534896,""
"Panruti","railway",11.773102,79.554734,""
"Melpattambakkam","railway",11.785398,79.624336,""
"Nellikuppam","railway",11.773708,79.669922,""
"Tiruppadirippuliyur","railway",11.748206,79.754057,""
"Cuddalore Port Junction","railway",11.71595,79.767053,""
"Parangipettai","railway",11.477047,79.736846,""
"Chidambaram","railway",11.392071,79.703025,""
"Kollidam","railway",11.328604,79.719238,""
"Sirkazhi","railway",11.243038,79.728398,""
"Vithisvarankol","railway",11.19581,79.703852,""
"Anandtandavpur","railway",11.144674,79.658829,""
"Nidur","railway",11.127625,79.645426,""
"Mayiladuthurai Junction","railway",11.095499,79.628829,""
"Kuthalam","railway",11.06992,79.557195,""
"Aduturai","railway",11.009099,79.478433,""
"Kumbakonam","railway",10.954175,79.39007,""
"Sundaraperumal Kovil","railway",10.939801,79.311125,""
"Papanasam","railway",10.923273,79.26893,""
"Pandaravadai","railway",10.913563,79.242002,""
"Ayyampet","railway",10.896807,79.207445,""
"Titte","railway",10.837552,79.181758,""
"Thanjavur Junction","railway",10.778196,79.139672,""
"Alakkudi","railway",10.777266,79.052873,""
"Budalur","railway",10.782872,78.981009,""
"Aiyanapuram","railway",10.787866,78.9388,""
"Solagampatti","railway",10.785369,78.877321,""
"Tondamanpatti","railway",10.786116,78.822585,""
"Tiruverumbur","railway",10.787533,78.776568,""
"Manjattidal","railway",10.792654,78.731694,""
"Ponmalai (Golden Rock)","railway",10.791569,78.710434,""
"Viluppuram Junction","railway",11.941697,79.499149,""
"Venkatesapuram","railway",11.931178,79.442767,""
"Mambalappattu","railway",11.952483,79.373901,""
"Tirukkovilur","railway",11.975714,79.223494,""
"Tandarai","railway",12.111906,79.15536,""
"Tiruvannamalai","railway",12.238458,79.077862,""
"Turinjapuram","railway",12.317293,79.084664,""
"Agaram Sibbandi","railway",12.390946,79.102299,""
"Polur","railway",12.510344,79.13017,""
"Arni Road","railway",12.632094,79.209274,""
"Kannamangalam","railway",12.753749,79.161634,""
"Kaniyambadi","railway",12.8128,79.125159,""
"Vellore Cantonment","railway",12.910651,79.127847,""
"Valavanur","railway",11.917831,79.57422,""
"Chinnababu Samudram","railway",11.919601,79.686689,""
"Puducherry","railway",11.92503,79.828157,""
"Kurinjipadi","railway",11.572751,79.596402,""
"Vadalur","railway",11.557054,79.546298,""
"Neyveli","railway",11.539723,79.477059,""
"Vriddhachalam Junction","railway",11.533336,79.316523,""
"Uttangalmangalam","railway",11.540093,79.431156,""
"Peralam Junction","railway",10.958226,79.657062,""
"Nannilam","railway",10.884847,79.651145,""
"Mavur Road","railway",10.690136,79.628872,""
"Tirunellikaval","railway",10.653067,79.636542,""
"Alattambadi","railway",10.605191,79.640233,""
"Pandi","railway",10.477073,79.615427,""
"Tillaivilagam","railway",10.443444,79.560476,""
"Mutupet","railway",10.4027,79.498854,""
"Pattukkottai","railway",10.41629,79.32056,""
"Peravurani","railway",10.285733,79.200651,""
"Ayingudi","railway",10.217142,79.092103,""
"Arantangi","railway",10.172104,79.003328,""
"Kandanur Puduvayal","railway",10.105767,78.838442,""
"Saliyamangalam","railway",10.779636,79.275277,""
"Ammapet","railway",10.778961,79.324827,""
"Nidamangalam Junction","railway",10.773767,79.413844,""
"Mannargudi","railway",10.675141,79.455371,""
"Koradacheri","railway",10.771429,79.49016,""
"Tirumanthikunam","railway",10.766989,79.540222,""
"Kulikarai","railway",10.765609,79.584695,""
"Adiyakkamangalam","railway",10.757364,79.68166,""
"Kizhvelur","railway",10.754793,79.743716,""
"Nagappattinam Junction","railway",10.759821,79.845614,""
"Velippalaiyam","railway",10.776109,79.843949,""
"Nagore","railway",10.818987,79.846014,""
"Kandambakkam","railway",11.898338,79.455481,""
"Tiruvennainallur Road","railway",11.84127,79.413053,""
"Parikkal","railway",11.775759,79.371335,""
"Ulundurpet","railway",11.702029,79.318178,""
"Pavunur","railway",11.600902,79.315716,""
"Vriddhachalam Town","railway",11.519991,79.311571,""
"Talanallur","railway",11.469716,79.269337,""
"Pennadam","railway",11.398439,79.220962,""
"Ichchangadu","railway",11.370574,79.219375,""
"Mathur","railway",11.318521,79.206163,""
"Sendurai","railway",11.255281,79.16755,""
"Rajanukunte","railway",13.17463,77.565592,""
"Oddarahalli","railway",13.346059,77.541119,""
"Makalidurga","railway",13.409934,77.50982,""
"Someshwara","railway",13.560346,77.512719,""
"Ottakovil","railway",11.216343,79.101136,""
"Ariyalur","railway",11.148906,79.068638,""
"Sillakkudi","railway",11.09672,79.037228,""
"Kallagam","railway",11.02518,79.005033,""
"Kallakkudi Palanganatham","railway",10.966485,78.949703,""
"Lalgudi","railway",10.87542,78.815324,""
"Srirangam","railway",10.857703,78.695962,""
"Tiruchchirappalli Town","railway",10.829305,78.70304,""
"Tiruchchirapalli Fort","railway",10.825695,78.689051,""
"Tiruchchirappalli Palakarai","railway",10.80783,78.694159,""
"Kumaramangalam","railway",10.69664,78.724037,""
"Keeranur","railway",10.577576,78.785763,""
"Vellanur","railway",10.467699,78.79656,""
"Pudukkotai","railway",10.372188,78.801982,""
"Tirumayam","railway",10.240934,78.758798,""
"Chettinad","railway",10.159908,78.776415,""
"Devakottai Road","railway",10.038036,78.762222,""
"Kallal","railway",9.972317,78.667661,""
"Panangudi","railway",9.92138,78.61257,""
"Otivakkam","railway",12.622725,79.975262,""
"Madurantakam","railway",12.504743,79.893334,""
"Tindivanam","railway",12.229161,79.651531,""
"Mundiyampakkam","railway",11.995165,79.511568,""
"Ambattur","railway",13.114024,80.152861,""
"Annanur","railway",13.116356,80.126913,""
"Veppampattu","railway",13.123599,79.998422,""
"Sevvapet Road","railway",13.125268,79.966062,""
"Tiruvallur","railway",13.116192,79.91216,""
"Kadambattur","railway",13.099855,79.863147,""
"Tiruvalangadu","railway",13.090182,79.763766,""
"Mosur","railway",13.084937,79.712236,""
"Puliyamangalam","railway",13.083403,79.684979,""
"Sholinghur","railway",13.014113,79.486762,""
"Marudalam","railway",12.996648,79.396735,""
"Kavanur","railway",12.949054,78.969782,""
"Gudiyattam","railway",12.937296,78.914347,""
"Melpatti","railway",12.858345,78.795185,""
"Pachchakuppam","railway",12.823475,78.758238,""
"Vinnamangalam","railway",12.72821,78.67861,""
"Vaniyambadi","railway",12.679344,78.622748,""
"Kettandapatti","railway",12.625281,78.570896,""
"Jolarpettai Junction","railway",12.56399,78.57839,""
"Nagari","railway",13.306986,79.579606,""
"Vepagunta","railway",13.378852,79.557723,""
"Puttur","railway",13.439853,79.552783,""
"Taduku","railway",13.497361,79.530323,""
"Tondiarpet","railway",13.12752,80.281924,""
"Tiruvottiyur","railway",13.158641,80.296208,""
"Wimco Nagar","railway",13.179683,80.305459,""
"Attippattu","railway",13.260841,80.289648,""
"Anuppambattu","railway",13.30419,80.230943,""
"Ponneri","railway",13.332337,80.198884,""
"Kavaraippettai","railway",13.363221,80.147628,""
"Gummidipundi","railway",13.409824,80.12369,""
"Arambakkam","railway",13.53307,80.074675,""
"Tada","railway",13.588544,80.036079,""
"Akkampeta","railway",13.648763,80.018502,""
"Sullurupeta","railway",13.696855,80.018623,""
"Polireddipalem","railway",13.759228,79.979832,""
"Nayudupeta","railway",13.908679,79.900829,""
"Pedapariya","railway",14.021391,79.875732,""
"Odur","railway",14.071862,79.855862,""
"Chintadaripet","railway",13.073795,80.273861,""
"Light House","railway",13.045537,80.276989,""
"Mundakakanni Amman Koil","railway",13.040651,80.269882,""
"Thirumayilai","railway",13.035398,80.267513,""
"Mandaveli","railway",13.028093,80.260618,""
"Greenways Road","railway",13.021585,80.252729,""
"Kasturiba Nagar","railway",13.005382,80.24786,""
"Indira Nagar","railway",12.996062,80.249716,""
"Tiruvanmiyur","railway",12.988982,80.251587,""
"Taramani","railway",12.978658,80.241644,""
"Perungudi","railway",12.976058,80.232192,""
"Velachery","railway",12.967619,80.219508,""
"Puzhudivakkam","railway",12.977158,80.205424,""
"Adambakkam","railway",12.982381,80.196888,""
"Singaperumal Koil","railway",12.761923,80.00078,""
"Vandalur","railway",12.891606,80.084974,""
"Tambaram Sanatorium","railway",12.936959,80.130703,""
"Nungambakkam","railway",13.065841,80.232839,""
"Punggudi","railway",10.747281,78.618856,""
"Kolatur","railway",10.700451,78.547197,""
"Manaparai","railway",10.607339,78.418111,""
"Chettiyapatti","railway",10.572553,78.362687,""
"Vaiyampatti","railway",10.54338,78.308589,""
"Kalpattichatram","railway",10.519708,78.23828,""
"Ayyalur","railway",10.486389,78.159326,""
"Vadamadurai","railway",10.436791,78.102611,""
"Tamaraipadi","railway",10.400717,78.041874,""
"Dindigul Junction","railway",10.352791,77.983429,""
"Pollachi Junction","railway",10.65325,77.000895,""
"Coonoor","railway",11.344235,76.791291,""
"Vellodu","railway",10.319271,77.952388,""
"Kodaikkanal Road","railway",10.178698,77.910278,""
"Vadippatti","railway",10.086173,77.946044,""
"Karupatti","railway",10.052342,77.945168,""
"Sholavandan","railway",10.022662,77.965391,""
"Samayanallur","railway",9.98207,78.033606,""
"Kudalnagar","railway",9.946722,78.105164,""
"Mukhasa Parur","railway",11.566184,79.240877,""
"Pukkiravari","railway",11.63369,78.986306,""
"Attur","railway",11.595226,78.593504,""
"Peddanayakkanpalaiyam","railway",11.64766,78.505488,""
"Ettapur Road","railway",11.650961,78.46836,""
"Minnampalli","railway",11.671021,78.285265,""
"Ayodhyapattanam","railway",11.671582,78.234205,""
"Salem East","railway",11.662698,78.176165,""
"Salem Town","railway",11.660054,78.161993,""
"Salem Market","railway",11.655,78.143917,""
"Akkaraipatti","railway",10.399829,77.922637,""
"Oddanchatram","railway",10.485114,77.746005,""
"Chatrappatti","railway",10.477539,77.656504,""
"Pushpattur","railway",10.524892,77.42264,""
"Maivadi Road","railway",10.563896,77.334553,""
"Udumalaippettai","railway",10.579262,77.250397,""
"Gomangalam","railway",10.609865,77.13271,""
"Kovilpalaiyam","railway",10.747474,77.018136,""
"Nallattipalaiyam","railway",10.78598,77.021244,""
"Kinathukadavu","railway",10.828432,77.025446,""
"Chettipalaiyam","railway",10.916294,77.03362,""
"Podanur Junction","railway",10.964091,76.9887,""
"Minatchipuram","railway",10.631566,76.868025,""
"Muthalamada","railway",10.628001,76.773056,""
"Kollengode","railway",10.626995,76.698924,""
"Vadakannikapuram","railway",10.639555,76.686935,""
"Pudunagaram","railway",10.686079,76.684247,""
"Karumattur","railway",9.940652,77.935047,""
"Usilampatti","railway",9.970637,77.793986,""
"Andipatti","railway",9.995672,77.624297,""
"Teni","railway",10.014297,77.473034,""
"Bodinayakkanur","railway",10.019046,77.346053,""
"Tirupattur","railway",12.498356,78.561817,""
"Pachhapur","railway",16.080448,74.670934,""
"Sulebhavi","railway",15.911222,74.638029,""
"Kazipet Junction","railway",17.974827,79.511268,""
"Warangal","railway",17.973296,79.605607,""
"B.G Nagar","railway",12.968288,76.733127,""
"Uran City","railway",18.878419,72.9525,""
"Juichandra","railway",19.360464,72.872322,""
"Kaman Road","railway",19.336655,72.919084,""
"Muttasaranallur","railway",10.866458,78.648436,""
"Kagankarai","railway",12.410174,78.508518,""
"Molakarampatti","railway",12.455749,78.535037,""
"Samalpatti","railway",12.310928,78.482944,""
"Dasampatti","railway",12.251998,78.439648,""
"Doddampatti","railway",12.181299,78.422334,""
"Morappur","railway",12.125905,78.394782,""
"Buddireddippatti","railway",12.046308,78.313751,""
"Bommidi","railway",11.984149,78.245963,""
"Lokur","railway",11.928748,78.174684,""
"Harlapur","railway",15.43556,75.799868,""
"Kyatanakeri Road","railway",17.052407,75.820534,""
"Andheri","railway",19.119698,72.84642,""
"Sagarakatte","railway",12.423095,76.478574,""
"Tyakal","railway",12.984583,78.071113,""
"Bangarpet Junction","railway",12.985495,78.178224,""
"Bantanahal","railway",15.163067,77.275827,""
"Bevinahalu","railway",15.166946,77.211264,""
"Virapur","railway",15.158866,77.13201,""
"Hagari","railway",15.151097,77.055261,""
"Kusugal","railway",15.372163,75.228505,""
"Hebsur","railway",15.423216,75.285918,""
"Annigeri","railway",15.432431,75.433539,""
"Vangani","railway",19.094332,73.300895,""
"Ulhasnagar","railway",19.21788,73.163078,""
"Dehu Road","railway",18.680047,73.734331,""
"Begdewadi","railway",18.700945,73.708,""
"Talegaon","railway",18.735106,73.67209,""
"Vadgaon","railway",18.742587,73.63666,""
"Kamshet","railway",18.766937,73.552432,""
"Kanhe","railway",18.762097,73.594046,""
"Tikekarwadi","railway",17.615502,75.93368,""
"Akalkot Road","railway",17.450785,76.138531,""
"Poodoor","railway",16.154679,77.821285,""
"Ram Mandir","railway",19.151023,72.850147,""
"Kalamboli","railway",19.034471,73.114967,""
"Periyakottai","railway",10.121557,78.873071,""
"Thiruvalangadu","railway",13.090402,79.763404,""
"Ingur","railway",11.225595,77.58736,""
"Uttukuli","railway",11.15496,77.445625,""
"Koolipalayam","railway",11.144176,77.390337,""
"Pattambi","railway",10.802238,76.180928,""
"Pallippuram","railway",10.841468,76.112471,""
"Kuttippuram","railway",10.845624,76.033689,""
"Tirunnavaya","railway",10.874985,75.985276,""
"Tirur","railway",10.917822,75.921744,""
"Tanur","railway",10.978073,75.881513,""
"Parappanangadi","railway",11.047622,75.859872,""
"Vallikunnu","railway",11.092417,75.851145,""
"Kadalundi","railway",11.134043,75.828141,""
"Ferok","railway",11.175912,75.830188,""
"Elattur","railway",11.346358,75.741201,""
"Quilandi","railway",11.446204,75.693369,""
"Mahé","railway",11.69899,75.54654,""
"Etakkot","railway",11.806019,75.443759,""
"Kannur South","railway",11.86689,75.400322,""
"Karuvalli","railway",11.831015,78.028005,""
"Sivadi","railway",12.039066,78.118278,""
"Kelamangalam","railway",12.615464,77.865357,""
"Mallur","railway",11.554122,78.134839,""
"Kalangani","railway",11.331503,78.176028,""
"Chavadipalaiyam","railway",11.261849,77.790927,""
"Pasur","railway",11.240835,77.855127,""
"Kodumudi","railway",11.076487,77.886284,""
"Kolanalli","railway",11.175415,77.86061,""
"Unjalur","railway",11.129604,77.876771,""
"Noyal","railway",11.060365,77.930971,""
"Murthipalayam","railway",11.02141,78.02263,""
"Virarakkiyam","railway",10.938907,78.166126,""
"Sithalavai","railway",10.958279,78.274051,""
"Mahadanapuram","railway",10.953578,78.299542,""
"Lalapet","railway",10.951493,78.339798,""
"Timmachipuram","railway",10.952663,78.372517,""
"Pettaivaytalai","railway",10.898858,78.49354,""
"Perugamani","railway",10.888803,78.547519,""
"Elamanur","railway",10.879668,78.573891,""
"Velliyanai","railway",10.840443,78.115503,""
"Vembur","railway",10.594532,78.0734,""
"Eriodu","railway",10.515723,78.056755,""
"Kulathur","railway",10.434804,78.009917,""
"Kateri","railway",11.33541,76.791651,""
"Kulukkallur","railway",10.868286,76.238977,""
"Pattikkad","railway",11.021187,76.23258,""
"Vaniyambalam","railway",11.18773,76.260655,""
"Pudukad","railway",10.420784,76.260995,""
"Mattancheri","railway",9.939896,76.270333,""
"Jokatte","railway",12.959709,74.853476,""
"Mangapatnam","railway",14.735994,78.260589,""
"Vanganur","railway",14.847437,78.080821,""
"Pathakothacheruvu","railway",15.171177,77.521631,""
"Nakkanadoddi","railway",15.165819,77.479913,""
"Chiksugur","railway",16.2919,77.340487,""
"Ganganapalli","railway",14.452222,78.704107,""
"Pendlimarri","railway",14.431419,78.640162,""
"Marikal","railway",16.595189,77.728563,""
"Jaklair","railway",16.578296,77.607307,""
"Somanayakkanpatti","railway",12.57503,78.542254,""
"Gudupulli","railway",12.803477,78.274771,""
"Varadapura","railway",12.922451,78.191444,""
"Maralahalli","railway",12.986949,78.124357,""
"Byatrayanahalli","railway",12.995527,78.017494,""
"Chinnakotte","railway",12.981227,78.226175,""
"Champion","railway",12.936371,78.262941,""
"Viduraswattha","railway",13.666552,77.509475,""
"Taticherla","railway",14.746268,77.596396,""
"Gulapalyamu","railway",15.086938,77.399739,""
"Gottihalli","railway",13.234756,78.142559,""
"Nidaghatta","railway",12.62576,77.089461,""
"Byadarahalli","railway",12.501991,76.752221,""
"Belagula","railway",12.386123,76.588847,""
"Dornahalli","railway",12.433053,76.424893,""
"Hampapura","railway",12.484499,76.396963,""
"Hosa Agrahara","railway",12.570121,76.361706,""
"Akkihebbalu","railway",12.625448,76.378275,""
"Mavinakere","railway",12.84475,76.173686,""
"Koravangala","railway",13.053377,76.160062,""
"Balupete","railway",12.958065,75.883328,""
"Harebetta","railway",12.823235,75.622162,""
"Shrivagilu","railway",12.799187,75.594944,""
"Yedamangala","railway",12.71499,75.443291,""
"Narimogaru","railway",12.745736,75.292117,""
"Gollahalli","railway",13.145856,77.417343,""
"Doddabele","railway",13.216696,77.351869,""
"Nidvanda","railway",13.2447,77.272946,""
"Devanur","railway",13.435439,76.092893,""
"Ballekere","railway",13.499163,76.025416,""
"Tolahunse","railway",14.399643,75.964527,""
"Chalgeri","railway",14.561421,75.735956,""
"Devaragudda","railway",14.668081,75.576149,""
"Byadgi","railway",14.699155,75.489622,""
"Karajgi","railway",14.851857,75.408361,""
"Kalsur","railway",14.887297,75.401149,""
"Savanur","railway",14.963048,75.407017,""
"Yalavigi","railway",15.033888,75.410984,""
"Saunshi","railway",15.203351,75.300579,""
"Hubballi South","railway",15.333222,75.175436,""
"Unkal","railway",15.37413,75.124672,""
"Amargol","railway",15.411329,75.098174,""
"Kyarakoppa","railway",15.455126,74.955821,""
"Kambarganvi","railway",15.463372,74.829412,""
"Kashanatti","railway",15.439419,74.783555,""
"Tavargatti","railway",15.414573,74.662523,""
"Nagargali","railway",15.42345,74.621309,""
"Devarayi","railway",15.453712,74.576818,""
"Shivathan","railway",15.478081,74.522768,""
"Gunji","railway",15.543751,74.480352,""
"Suldhal","railway",16.002318,74.678109,""
"Gokak Road","railway",16.205374,74.739083,""
"Chinchli","railway",16.565847,74.85345,""
"Shedbal","railway",16.720261,74.752463,""
"Vijayanagar","railway",16.778109,74.696866,""
"Tippasandra","railway",13.055151,77.118758,""
"Hirisave","railway",12.947167,76.574538,""
"Samudhravalli","railway",12.942796,76.317432,""
"Avuladatla","railway",14.689759,76.974017,""
"Kalyanadurga","railway",14.569202,77.119481,""
"Kadiridevarapalli","railway",14.414908,77.194767,""
"Bellenahalli","railway",13.74259,75.775591,""
"Shimoga Bidare","railway",13.903833,75.640715,""
"Kumsi","railway",14.056712,75.40945,""
"Navalgund Road","railway",15.435078,75.354715,""
"Kondikoppa","railway",15.430977,75.472573,""
"Binkadakatti","railway",15.436697,75.596092,""
"Kanginhal","railway",15.448401,75.719579,""
"Sompur Road","railway",15.421714,75.873658,""
"Ukshi","railway",17.130199,73.456877,""
"Kariganuru","railway",15.25151,76.433325,""
"Bayaluvaddigeri","railway",15.229989,76.535912,""
"Kudatini","railway",15.214703,76.763386,""
"Ballari Junction","railway",15.145532,76.923582,""
"Obalapuram","railway",15.031946,76.852713,""
"Haddinagundu","railway",15.152904,76.982793,""
"Hombala","railway",15.522344,75.577649,""
"Jadarama Kunti","railway",16.282313,75.837433,""
"Kudala Sangama","railway",16.307599,75.892666,""
"Benal","railway",16.384662,75.881645,""
"Wandal","railway",16.416463,75.864541,""
"Mulvad","railway",16.620334,75.746992,""
"Jumnal","railway",16.721894,75.714189,""
"Lachyan","railway",17.278962,75.971376,""
"Tadwal","railway",17.39303,75.976034,""
"Sulikeri","railway",16.122787,75.65086,""
"Kajjidoni","railway",16.164278,75.468025,""
"Budagumpa","railway",15.395734,76.297192,""
"Chikkabenakal","railway",15.428604,76.442833,""
"Jabbalagudda","railway",15.424501,76.368598,""
"Vyasanakere","railway",15.231187,76.36442,""
"Vyasa Colony Junction","railway",15.186893,76.383508,""
"Teligi","railway",14.65944,75.897744,""
"Ramgad","railway",15.117059,76.449233,""
"Sanjuje-Da-Areyal","railway",15.265675,74.0108,""
"Majorda Junction","railway",15.313792,73.921935,""
"Sankaval","railway",15.371032,73.868582,""
"Carmelaram","railway",12.907381,77.705835,""
"Venkatachalam Road Junction","railway",14.293996,79.933405,""
"Nidiguntapalem","railway",14.264427,80.005981,""
"Krishnapatnam","railway",14.259241,80.056476,""
"Potlapadu","railway",15.873557,79.525336,""
"Yadavalli","railway",15.408119,78.990352,""
"Nandipalli","railway",15.452848,78.533999,""
"Kadethan","railway",18.477935,74.422422,""
"Patas","railway",18.473417,74.471013,""
"Malikpeth","railway",17.876322,75.635033,""
"Angar","railway",17.928436,75.607932,""
"Vakav","railway",17.980065,75.58855,""
"Madha","railway",18.030172,75.546422,""
"Wadsinge","railway",18.066566,75.488949,""
"Bhigwan","railway",18.317303,74.774553,""
"Malthan","railway",18.369051,74.724294,""
"Boribial","railway",18.407931,74.649019,""
"Daund Junction","railway",18.463915,74.579301,""
"Dhavlas","railway",18.129549,75.334368,""
"Bhalwani","railway",18.210666,75.207231,""
"Pophlaj","railway",18.291481,75.097995,""
"Washimbe","railway",18.280321,75.016258,""
"Parewadi","railway",18.290059,74.952516,""
"Bale","railway",17.676307,75.845613,""
"Pakni","railway",17.725395,75.779003,""
"Mundhewadi","railway",17.741996,75.706288,""
"Mohol","railway",17.804566,75.676199,""
"Tilati","railway",17.528972,76.03595,""
"Taj Sultanpur","railway",17.382103,76.830725,""
"Bablad","railway",17.336835,76.779337,""
"Savalgi","railway",17.339691,76.710754,""
"Hunsi Hadgil","railway",17.352794,76.646762,""
"Boroti","railway",17.394988,76.255269,""
"Nagansur","railway",17.428793,76.183193,""
"Martur","railway",17.199742,76.902215,""
"Madduru","railway",15.443038,78.379209,""
"Koilakuntla","railway",15.221222,78.307212,""
"Sanjamala","railway",15.15749,78.315745,""
"Nossam","railway",14.979455,78.396512,""
"S. Uppalapadu","railway",14.906597,78.387158,""
"Valha","railway",18.183283,74.160419,""
"Surawadi","railway",18.020062,74.334946,""
"Taradgaon","railway",18.036446,74.254018,""
"Wathar","railway",17.891334,74.136598,""
"Salpa","railway",17.963023,74.171282,""
"Adarki","railway",17.922209,74.192763,""
"Shenoli","railway",17.201171,74.252056,""
"Masur","railway",17.405141,74.144794,""
"Rahimatpur","railway",17.612276,74.172551,""
"Jarandeswar","railway",17.75057,74.077104,""
"Koregaon","railway",17.691995,74.149068,""
"Amnapur","railway",17.046408,74.464191,""
"Bhilawadi","railway",17.008062,74.515517,""
"Madhavnagar","railway",16.886459,74.575507,""
"Nandre","railway",16.963454,74.558556,""
"Kirloskarvadi","railway",17.083229,74.417237,""
"Nimshirgaon Tamdalge","railway",16.763016,74.471782,""
"Valivade","railway",16.704154,74.299485,""
"Rukadi","railway",16.725425,74.35859,""
"Shirsai","railway",18.314762,74.578332,""
"Jite","railway",18.820093,73.086816,""
"Hamarapur","railway",18.783936,73.0792,""
"Pen","railway",18.735385,73.086816,""
"Kasu","railway",18.641372,73.079308,""
"Nidi","railway",18.474103,73.107306,""
"Goregaon Road","railway",18.162613,73.303001,""
"Indapur","railway",18.299045,73.244659,""
"Kamathe","railway",17.477854,73.515925,""
"Anjani","railway",17.621055,73.399731,""
"Diwankhavati","railway",17.855134,73.418121,""
"Vinhere","railway",17.91484,73.383624,""
"Vaibhavwadi Road","railway",16.512307,73.707943,""
"Rajapur Road","railway",16.635634,73.626799,""
"Vilavade","railway",16.785678,73.619161,""
"Nivasar","railway",16.947245,73.454825,""
"Bhoke","railway",17.048917,73.381074,""
"Sindhudurg","railway",16.112189,73.679855,""
"Loliem","railway",14.939513,74.087994,""
"Javale","railway",17.299442,75.158639,""
"Langarpeth","railway",17.083979,74.966663,""
"Gulvanchi","railway",17.172758,75.056178,""
"Masoba Dongargaon","railway",17.269826,75.138651,""
"Wasud","railway",17.377778,75.148075,""
"Bohali","railway",17.588879,75.274482,""
"Babhulgaon","railway",17.762666,75.37491,""
"Ashti","railway",17.845348,75.403265,""
"Laul","railway",18.033915,75.395349,""
"Kawathe Mahankal","railway",16.993384,74.936464,""
"Bolwad","railway",16.816559,74.684958,""
"Ahmadnagar","railway",19.074352,74.721998,""
"Narayandoh","railway",19.021468,74.801088,""
"Akolner","railway",18.983933,74.668318,""
"Kashti","railway",18.524297,74.59878,""
"Belvandi","railway",18.710759,74.622582,""
"Shrigonda Road","railway",18.598792,74.641938,""
"Nipani Vadgaon","railway",19.587987,74.704533,""
"Vilad","railway",19.198548,74.67467,""
"Chitali","railway",19.691104,74.623651,""
"Lokmanya Tilak Terminus","railway",19.069466,72.891978,""
"Navalgaon","railway",19.798546,77.123105,""
"Dhamni","railway",19.649029,77.17834,""
"Nandapur","railway",19.594343,77.237281,""
"Bolda","railway",19.551747,77.273146,""
"Sirli","railway",19.508731,77.212547,""
"Marsul","railway",19.234282,77.099082,""
"Chondi","railway",19.430759,77.155738,""
"Pingli","railway",19.218037,76.858317,""
"Gadchandur","railway",19.739674,79.17522,""
"Sarwari","railway",19.761956,75.943493,""
"Ranjani","railway",19.648741,76.104233,""
"Paradgaon","railway",19.621392,76.157255,""
"Partur","railway",19.576485,76.213077,""
"Usmanpur","railway",19.528048,76.281478,""
"Satuna","railway",19.491054,76.356361,""
"Dhengli Pimpalgaon","railway",19.393581,76.497654,""
"Manwat Road","railway",19.358747,76.534984,""
"Devalgaon Avchar","railway",19.319937,76.611795,""
"Pergaon","railway",19.299103,76.664722,""
"Mirkhal","railway",19.203789,76.915748,""
"Chudawa","railway",19.179797,77.116452,""
"Limbgaon","railway",19.176293,77.204934,""
"Sivungaon","railway",19.108268,77.544499,""
"Bolsa","railway",19.001813,77.703509,""
"Karkheli","railway",18.944018,77.739341,""
"Dharmabad","railway",18.888488,77.849475,""
"Samrala","railway",18.918968,77.796855,""
"Fakhrabad","railway",18.816412,77.979461,""
"Sirnapalli","railway",18.487974,78.271521,""
"Bhiknur","railway",18.164065,78.398676,""
"Bimbari","railway",19.164118,77.631614,""
"Therban","railway",19.274037,77.689789,""
"Hadgaon Road","railway",19.332627,77.723276,""
"Bodhadi Bujrug","railway",19.49582,78.194717,""
"Lingti","railway",19.796526,78.752137,""
"Mukutban","railway",19.806695,78.857908,""
"Washermanpet","railway",13.108965,80.28201,""
"Nilaje","railway",19.154427,73.08036,""
"Taloje Panchanand","railway",19.079148,73.087858,""
"Somatne","railway",18.950646,73.14548,""
"Kharepatan Road","railway",16.568979,73.66075,""
"Ghorawadi","railway",18.721327,73.696204,""
"Uruli","railway",18.49372,74.136966,""
"Gaudgaon","railway",17.336517,76.531327,""
"Kelavli","railway",18.844545,73.318912,""
"Sirsuphal","railway",18.306796,74.573588,""
"Dehare","railway",19.2436,74.674826,""
"New Loni","railway",18.946542,74.865759,""
"Solapurwadi","railway",18.911772,74.932283,""
"Padsali","railway",18.00197,75.389592,""
"Bedag","railway",16.822744,74.728026,""
"Mahisgaon","railway",18.109578,75.495486,""
"Barsi Town","railway",18.24099,75.718131,""
"Pangri","railway",18.284006,75.867122,""
"Chinkhill","railway",18.09989,75.457824,""
"Shendri","railway",18.149406,75.590236,""
"Uplai","railway",18.179617,75.634995,""
"Dhoki","railway",18.353745,76.103089,""
"Kuslamb","railway",18.279065,75.781742,""
"Kalamb Road","railway",18.372002,76.049273,""
"Ausa Road","railway",18.378391,76.407699,""
"Thair","railway",18.352665,76.150145,""
"Palsap","railway",18.358439,76.193308,""
"Murud","railway",18.380361,76.251095,""
"Neoli","railway",18.387468,76.310962,""
"Bhatangali","railway",18.445933,76.67856,""
"Gharni","railway",18.479286,76.764041,""
"Vishrambag","railway",16.850997,74.602803,""
"Hatkanangale","railway",16.747749,74.421193,""
"Sulehalli","railway",17.080078,77.05264,""
"Kurgunta","railway",17.191979,77.360341,""
"Telapur","railway",17.47496,78.284976,""
"Nashkal","railway",17.886908,79.414439,""
"Yasantapur","railway",17.736808,79.205217,""
"Zahirabad","railway",17.675825,77.610693,""
"Kamalnagar","railway",18.240626,77.178724,""
"Kalagapura","railway",18.158217,77.193701,""
"Halbarga","railway",17.974876,77.340519,""
"Chakur","railway",18.487791,76.884437,""
"Her","railway",18.426719,76.971272,""
"Janwal","railway",18.559413,76.755539,""
"Pangaon","railway",18.634724,76.635344,""
"Ghatnandur","railway",18.723596,76.563342,""
"Vadgaon Nila","railway",18.929572,76.640577,""
"Pokharni Narsimha","railway",19.118762,76.732272,""
"Hallikhed","railway",17.848246,77.277207,""
"Hallikhed K.","railway",17.671147,77.068648,""
"Kamalapura","railway",17.586846,76.97971,""
"Kurukotta","railway",17.476013,76.895379,""
"Ramachandrapuram TS","railway",17.51022,78.282446,""
"Bogolu","railway",15.465416,77.912413,""
"Bommaipalli","railway",17.483962,78.868068,""
"Rayanagudem","railway",17.012965,79.353725,""
"Kukkadam","railway",16.921061,79.475743,""
"Miryalaguda","railway",16.860101,79.53399,""
"Vanchanagiri","railway",17.949244,79.670344,""
"New Pandarpawani","railway",19.759705,79.302242,""
"Sultanabad","railway",18.520386,79.331635,""
"Gangadhara","railway",18.582121,78.989372,""
"Poduru","railway",18.618576,78.952232,""
"Katlakunta Medipally","railway",18.817512,78.823695,""
"Korutla","railway",18.835445,78.71042,""
"Mortad","railway",18.820589,78.453078,""
"Armur","railway",18.780817,78.3112,""
"Mellacheruvu","railway",16.812612,79.936508,""
"Sri Santh Sevalal Maharaj","railway",16.771299,79.797596,""
"Mattampally","railway",16.782728,79.856304,""
"Janpahad","railway",16.724757,79.703836,""
"Irinjalakuda","railway",10.340647,76.280786,""
"Valarpadam Railway Station","railway",9.9876,76.257149,""
"Ollur","railway",10.473877,76.237091,""
"Cherlopalli","railway",14.142056,79.399272,""
"Mangampet Road","railway",14.055025,79.302691,""
"Vellikallu","railway",14.176419,79.497027,""
"Rapuru","railway",14.229859,79.55896,""
"Adurupalli","railway",14.275927,79.61339,""
"Bapanapalli","railway",14.31526,79.775765,""
"Kasumuru","railway",14.319272,79.84385,""
"Dronagiri","railway",18.881333,72.964731,""
"Nhava Sheva","railway",18.898061,72.987797,""
"Ranjanpada","railway",18.909258,73.015849,""
"Gajwel","railway",17.859765,78.667764,""
"Iranagaram","railway",17.864332,78.624695,""
"Nacharam","railway",17.832562,78.525466,""
"Medak","railway",18.061076,78.282496,""
"Shamnapur","railway",18.102323,78.320482,""
"Laxmapur","railway",18.125328,78.367882,""
"Linganabandi","railway",15.699199,76.158898,""
"Kalyani Nagar Station","railway",18.549237,73.905866,""
"Ramwadi Station","railway",18.560018,73.915157,""
"Bekal Fort","railway",12.386917,75.043022,""
"Karatagi","railway",15.619668,76.677961,""
"Kalambani Budruk","railway",17.766092,73.42069,""
"Kottekad","railway",10.816174,76.693311,""
"Velpuru","railway",16.140604,79.853321,""
"Rompicherla","railway",16.239047,79.895622,""
"Nemalipuri","railway",16.425714,79.933566,""
"Kungalagunta","railway",16.293834,79.905184,""
"Ernakulam D Cabin","railway",9.979947,76.302228,""
"Vadakara railway station","railway",11.593951,75.58703,""
"Mirjan","railway",14.500378,74.424779,""
"Dabolim","railway",15.387177,73.851524,""
"Achirne","railway",16.446684,73.743893,""
"Nandgaon Road","railway",16.387627,73.730882,""
"Kadavai","railway",17.265293,73.552191,""
"Amalanagar","railway",10.562086,76.172199,""
"Nilambur Road","railway",11.278811,76.253845,""
"Shimoga Town","railway",13.943762,75.583578,""
"Secunderabad Junction","railway",17.433859,78.502051,""
"Kaladi","railway",10.165329,76.427575,""
"Halakatta","railway",17.042732,76.991817,""
"Mecheri Road","railway",11.804862,77.922027,""
"Maganoor","railway",16.466743,77.421116,""
"Talakal","railway",15.398545,75.986976,""
"Railway station","railway",11.242733,79.728099,""
"Pembarti","railway",17.692958,79.117144,""
"Kulukkallur Railway Station (കുലുക്കല്ലൂർ റെയിൽവേ സ്റ്റേഷൻ)","railway",10.868188,76.239209,""
"CBD Belapur","railway",19.019008,73.03913,""
"Railway Station","railway",12.555708,78.577165,""
"Maranayakanahalli","railway",12.718609,77.76398,""
"Bhudevi Nagar","railway",17.492966,78.502168,""
"Ammuguda","railway",17.488844,78.523693,""
"Neredmet","railway",17.478111,78.536672,""
"Ferozguda","railway",17.464892,78.460306,""
"Suchitra Centre","railway",17.489226,78.472906,""
"Masjid","railway",18.952295,72.838177,""
"Mumbai CSMT","railway",18.940493,72.835786,""
"Kharghar","railway",19.025841,73.0593,""
"Seawoods","railway",19.021819,73.019159,""
"Jogeshwari (Harbour Line)","railway",19.141154,72.849421,""
"Jogeshwari (Western Line)","railway",19.136114,72.848936,""
"Wetalwadi","railway",18.903325,75.197269,""
"Amalner Bhandyache","railway",18.932548,75.330672,""
"Jadcherla","railway",16.752956,78.142032,""
"Sanjeevaiah Park","railway",17.4357,78.476402,""
"Tiruchanur","railway",13.63345,79.481684,""
"Nakarikallu","railway",16.354633,79.919557,""
"Sir M Visvesvaraya Terminal","railway",12.999655,77.641154,""
"Palasdhari Station","railway",18.853177,73.350808,""
"Shah Ali Banda Metro Station","railway",17.353976,78.472887,""
"karavadi Railway Station","railway",15.55269,80.113477,""
"Train station","railway",17.588464,80.029914,""
"Bapatla Railway Station","railway",15.908437,80.468538,""
"Erode Diesel Loco Shed Track: Double Electric-Line","railway",11.323833,77.718172,""
"Krishnarajapuram","railway",13.000546,77.675456,""
"Siddapur","railway",15.522362,76.639637,""
"Gangavathi Railway station","railway",15.442212,76.550108,""
"Kempegowda International Airport Halt","railway",13.210658,77.676159,""
"Daund Junction Chord Line","railway",18.466708,74.552691,""
"Sriramanagar","railway",15.492386,76.616629,""
"Hubballi","railway",15.350058,75.149476,""
"Gooty Fort Railway Station","railway",15.139245,77.64726,""
"Sindhanur","railway",15.756644,76.768416,""
"Talegaon Railway Station","railway",18.736744,73.670546,""
"Akurdi Railway Station","railway",18.64822,73.764899,""
"Karepalli Junction Railway Station","railway",17.509802,80.269634,""
"Pavagada","railway",14.116491,77.296108,""
"Warangal Airport","airport",17.914055,79.603609,""
"Jindal Vijaynagar Airport","airport",15.175137,76.63327,""
"Harihar Airstrip","airport",14.533295,75.785216,""
"Aamby Valley Airfield","airport",18.61014,73.378333,""
"Kochi Naval Airport","airport",9.947301,76.272265,""
"Basant Nagar Airstrip","airport",18.70113,79.393161,""
"Ulundurpet Airfield (Abandoned)","airport",11.68898,79.321326,""
"Chettinad Airfield (Abandoned)","airport",10.164724,78.793944,""
"Tuljapur Heliport","airport",17.993939,76.07782,""
"Pune Airport","airport",18.584851,73.919613,""
"Chhatrapati Shivaji Maharaj International Airport","airport",19.090155,72.862915,""
"Chennai International Airport","airport",12.993366,80.167299,""
"Mangalore International Airport","airport",12.954854,74.88384,""
"Tambaram Air Force Station","airport",12.903514,80.121325,""
"Coimbatore International Airport","airport",11.032886,77.045867,""
"HAL Airport","airport",12.951479,77.669346,""
"Salem Airport","airport",11.782305,78.064529,""
"Begumpet Airport","airport",17.454091,78.46832,""
"Yelahanka Air Force Station","airport",13.137601,77.603192,""
"Jakkur Aerodrome","airport",13.077928,77.597609,""
"Juhu Aerodrome","airport",19.097809,72.833132,""
"Hadapsar Gliding Centre","airport",18.493067,73.942482,""
"Sulur Air Force Station","airport",11.012967,77.157892,""
"Tirupati Airport","airport",13.632622,79.541512,""
"Thanjavur Air Force Station","airport",10.722651,79.110684,""
"INS Rajali","airport",13.06594,79.692983,""
"Calicut International Airport","airport",11.136371,75.955333,""
"NDA Gliderdrome","airport",18.472916,73.782052,""
"Goa International Airport","airport",15.380586,73.832657,""
"Nagarjuna Sagar","airport",16.541711,79.318317,""
"Hosur Aerodrome","airport",12.6634,77.770925,""
"Nanded Shri Guru Gobind Singh Ji Airport","airport",19.181814,77.326111,""
"Bellary Airport","airport",15.1622,76.881985,""
"Ratnagiri Airport","airport",17.013948,73.329224,""
"RGIA Phase II","airport",17.25052,78.419422,""
"Vellore Airport","airport",12.908252,79.06596,""
"Baramati Airport","airport",18.227598,74.585263,""
"Coast Guard Air enclave","airport",12.963259,74.890134,""
"Mysore Mandakalli Airport","airport",12.230315,76.651613,""
"Neyveli Airport","airport",11.613337,79.527955,""
"Sri Sathya Sai Airport","airport",14.149736,77.791627,""
"Adilabad Airfield","airport",19.66364,78.549586,""
"Latur Airport","airport",18.411853,76.464621,""
"Kempegowda International Airport","airport",13.197573,77.706264,""
"Cochin International Airport","airport",10.15446,76.402659,""
"Nadargul","airport",17.305356,78.56153,""
"Bidar Air Force Station","airport",17.901952,77.473341,""
"Hubballi Airport","airport",15.360474,75.07798,""
"Solapur Airport","airport",17.62764,75.934238,""
"Navi Mumbai International Airport","airport",18.991391,73.064634,""
"Dundigul Air Force Academy","airport",17.653008,78.401652,""
"Hakimpet Air Force Station","airport",17.550003,78.523581,""
"Shirdi Airport","airport",19.690578,74.374117,""
"Pune International Airport","airport",18.580202,73.919491,""
"Belgaum Airport","airport",15.859706,74.615497,""
"Kalaburagi Airport","airport",17.306465,76.964938,""
"Palus Airfield","airport",17.11181,74.447457,""
"Karad Airport","airport",17.285855,74.157715,""
"Central Industrial Security Force Quaters","airport",11.133499,75.958749,""
"Kannur International Airport","airport",11.917247,75.544418,""
"Kadapa Airport","airport",14.515614,78.768636,""
"Kolar Air Field","airport",13.189252,78.165054,""
"Cholavaram Airstrip","airport",13.208466,80.151878,""
"Sindhudurg Airport","airport",16.001027,73.529103,""
"INS Shikra","airport",18.913917,72.828628,""
"Manohar International Airport","airport",15.736722,73.862494,""
"Baldota Koppal Aerodrome","airport",15.359241,76.22014,""
"Osmanabad","airport",18.280339,76.05685,""
"Shivamogga Airport","airport",13.857825,75.619404,""
"Vinnampalli Heliport","airport",13.037344,79.203604,""
"Vijayapura Airport","airport",16.861398,75.80722,""
"Vidyanagar Jindal Airport","airport",15.171916,76.636726,""
"Pondicherry Airport","airport",11.968771,79.812197,""
"Phaltan Airfield","airport",17.975161,74.424477,""
"Rajiv Gandhi International Airport","airport",17.231319,78.432162,""
"Kurnool Airport","airport",15.715503,78.168518,""
"Tiruchirapalli International Airport","airport",10.763445,78.72091,""
