"name","type","lat","lon","color"
"Mannadi","metro",13.095369,80.286079,"#3281c4"
"அரசினர் தோட்டம்","metro",13.069713,80.273004,"#3281c4"
"Jungametta (u/c)","metro",17.335318,78.468389,""
"Charminar (u/c)","metro",17.361925,78.479991,""
"Shamserganj (u/c)","metro",17.34081,78.468387,""
"Shah Ali Banda (u/c)","metro",17.350774,78.47235,""
"Falaknuma Terminal (u/c)","metro",17.331714,78.469998,""
"Salar Jung Museum (u/c)","metro",17.371782,78.482261,""
"Madavara","metro",13.057421,77.472806,"#009933"
"Chikkabidarakallu","metro",13.052362,77.487915,"#009933"
"Manjunathanagara","metro",13.05009,77.494446,"#009933"
"Nagawara (Proposed)","metro",13.042279,77.624858,""
"Begumpet","metro",17.437566,78.456934,"blue"
"Jayadeva Hospital","metro",12.916731,77.599966,"yellow"
"Benniganahalli","metro",12.996496,77.668479,"#e542de"
"Alandur","metro",13.004256,80.201453,"#53b848"
"Saint Thomas Mount","metro",12.995,80.198582,"#53b848"
"சென்னை விமான நிலையம்","metro",12.980773,80.164183,"#3281c4"
"மீனம்பாக்கம்","metro",12.987639,80.17647,"#3281c4"
"Nanganallur Road","metro",12.999848,80.194003,"#3281c4"
"Ekkattuthangal","metro",13.016922,80.205424,"#53b848"
"Ashok Nagar","metro",13.035477,80.211107,"#53b848"
"Vadapalani","metro",13.050937,80.212065,"#53b848"
"Arumbakkam","metro",13.061675,80.211656,"#53b848"
"சின்னமலை","metro",13.014623,80.224168,"#3281c4"
"கிண்டி","metro",13.009231,80.213095,"#3281c4"
"CMBT","metro",13.06852,80.203984,"#53b848"
"Koyambedu","metro",13.07345,80.194836,"#53b848"
"Pachaiyappa's College","metro",13.075547,80.232852,"#53b848"
"Kilpauk","metro",13.077637,80.242619,"#53b848"
"Nehru Park","metro",13.078784,80.250473,"#53b848"
"Egmore","metro",13.080281,80.263055,"#53b848"
"சைதாப்பேட்டை","metro",13.023939,80.228092,"#3281c4"
"நந்தனம்","metro",13.031681,80.241193,"#3281c4"
"தேனாம்பேட்டை","metro",13.036808,80.246455,"#3281c4"
"ஆயிரம் விளக்கு","metro",13.058516,80.258783,"#3281c4"
"ஏ ஜி டி.எம்.எஸ்","metro",13.045862,80.248303,"#3281c4"
"எல் ஐ சி","metro",13.064372,80.265846,"#3281c4"
"High Court","metro",13.087268,80.284984,"#3281c4"
"Washermanpet","metro",13.107847,80.280949,"#3281c4"
"Whitefield (Kadugodi)","metro",12.995743,77.757949,"#e542de"
"Hopefarm Channasandra","metro",12.987343,77.753803,"#e542de"
"Pattandur Agrahara","metro",12.987639,77.737772,"#e542de"
"Sri Sathya Sai Hospital","metro",12.981195,77.727536,"#e542de"
"Nallurahalli","metro",12.976641,77.724885,"#e542de"
"Kundalahalli","metro",12.977594,77.715559,"#e542de"
"Seetharampalya","metro",12.980856,77.708785,"#e542de"
"Hoodi","metro",12.988803,77.711326,"#e542de"
"Garudacharpalya","metro",12.99345,77.703677,"#e542de"
"Singayyanapalya","metro",12.996545,77.692718,"#e542de"
"Krishnarajapura","metro",12.999902,77.67767,"#e542de"
"Delta Electronics Bommasandra","metro",12.819394,77.688345,"yellow"
"Huskur Road","metro",12.839157,77.677372,"yellow"
"Infosys Foundation Konappana Agrahara","metro",12.846413,77.671166,"yellow"
"Electronic City","metro",12.856505,77.663523,"yellow"
"Beratena Agrahara","metro",12.863867,77.657862,"yellow"
"Hosa Road","metro",12.870749,77.652447,"yellow"
"Singasandra","metro",12.880818,77.644846,"yellow"
"Kudlu Gate","metro",12.889926,77.639216,"yellow"
"Hongasandra","metro",12.901695,77.631986,"yellow"
"Bommanahalli","metro",12.910616,77.626478,"yellow"
"Central Silk Board","metro",12.916582,77.620567,"yellow"
"BTM Layout","metro",12.916588,77.608118,"yellow"
"Ragigudda","metro",12.917081,77.588302,"yellow"
"Dasarahalli","metro",13.043261,77.512553,"#009933"
"Jalahalli","metro",13.03941,77.519735,"#009933"
"Srirampura","metro",12.996525,77.563196,"#009933"
"Meenambakkam","metro",12.987673,80.176479,"#3281c4"
"Chennai International Airport","metro",12.980809,80.164203,"#3281c4"
"Central Metro","metro",13.081688,80.273922,"#3281c4"
"வண்ணாரப்பேட்டை","metro",13.107959,80.281025,"#3281c4"
"Baiyappanahalli","metro",12.990759,77.652361,"#e542de"
"Swami Vivekananda Road","metro",12.985931,77.644897,"#e542de"
"Indiranagar","metro",12.978333,77.638661,"#e542de"
"Halasuru","metro",12.976499,77.626686,"#e542de"
"Trinity","metro",12.973022,77.61702,"#e542de"
"Mahatma Gandhi Road","metro",12.975526,77.60679,"#e542de"
"Cubbon Park","metro",12.980958,77.597576,"#e542de"
"Dr. B. R. Ambedkar Station, Vidhana Soudha","metro",12.978742,77.591639,"#e542de"
"Sir M. Visvesvaraya Stn., Central College","metro",12.97452,77.58422,"#e542de"
"Nadaprabhu Kempegowda Station, Majestic","metro",12.975708,77.572876,"#e542de"
"Krantivira Sangolli Rayanna Railway Station","metro",12.975877,77.565377,"#e542de"
"Magadi Road","metro",12.975632,77.555352,"#e542de"
"Sri Balagangadharanatha Swamiji Station, Hosahalli","metro",12.974293,77.545621,"#e542de"
"Vijayanagar","metro",12.970956,77.537404,"#e542de"
"Attiguppe","metro",12.961893,77.533579,"#e542de"
"Deepanjali Nagar","metro",12.952058,77.537012,"#e542de"
"Mysore Road","metro",12.946718,77.530159,"#e542de"
"Mantri Square Sampige Road","metro",12.990463,77.570729,"#009933"
"Mahakavi Kuvempu Road","metro",12.99853,77.556899,"#009933"
"Rajajinagar","metro",13.000525,77.549657,"#009933"
"Mahalakshmi","metro",13.008047,77.548807,"#009933"
"Sandal Soap Factory","metro",13.014654,77.553984,"#009933"
"Peenya","metro",13.033019,77.533201,"#009933"
"Peenya Industry","metro",13.036318,77.525492,"#009933"
"Yelachenahalli","metro",12.89605,77.570119,"#009933"
"Jaya Prakash Nagar","metro",12.907475,77.573128,"#009933"
"Banashankari","metro",12.915221,77.573598,"#009933"
"Rashtreeya Vidyalaya Road","metro",12.921581,77.580202,"#009933"
"Jayanagar","metro",12.929507,77.580144,"#009933"
"South End Circle","metro",12.938257,77.580056,"#009933"
"Lalbagh","metro",12.946526,77.580016,"#009933"
"National College","metro",12.950527,77.57369,"#009933"
"Krishna Rajendra Market","metro",12.960879,77.574658,"#009933"
"Chickpete","metro",12.966897,77.574557,"#009933"
"S. R. Nagar","metro",17.441707,78.441608,"red"
"HITEC City","metro",17.449005,78.383138,"blue"
"Nagole","metro",17.390768,78.558822,"blue"
"Ameerpet (Red Line)","metro",17.435721,78.444793,"red"
"Yusufguda","metro",17.435113,78.427322,"blue"
"Ameerpet (Blue Line)","metro",17.435286,78.444783,"blue"
"Jubilee Hills Checkpost","metro",17.428197,78.413714,"blue"
"Kukatpally","metro",17.485088,78.411638,"red"
"Uppal","metro",17.399938,78.560159,"blue"
"Stadium","metro",17.4074,78.554253,"blue"
"NGRI","metro",17.414826,78.546335,"blue"
"Habsiguda","metro",17.42018,78.540548,"blue"
"Tarnaka","metro",17.428296,78.528441,"blue"
"Mettuguda","metro",17.435521,78.519575,"blue"
"Secunderabad East","metro",17.435718,78.505462,"blue"
"Parade Grounds (Blue Line)","metro",17.443194,78.497469,"blue"
"Paradise","metro",17.443467,78.486244,"blue"
"Rasoolpura","metro",17.443612,78.476405,"blue"
"Prakash Nagar","metro",17.444889,78.465875,"blue"
"Madhura Nagar","metro",17.436965,78.439099,"blue"
"Road No 5 Jubilee Hills","metro",17.430049,78.423207,"blue"
"Peddamma Gudi","metro",17.430651,78.408372,"blue"
"Raidurg","metro",17.44218,78.377182,"blue"
"Parade Grounds (Green Line)","metro",17.444478,78.497584,"green"
"JBS","metro",17.448818,78.496484,"green"
"RTC Cross Roads","metro",17.407032,78.496802,"green"
"Mahatma Gandhi Bus Station (Red Line)","metro",17.379857,78.486202,"red"
"Mahatma Gandhi Bus Station (Green Line)","metro",17.379695,78.485863,"green"
"Malakpet","metro",17.377189,78.493936,"red"
"Musarambagh","metro",17.371073,78.511948,"red"
"Sultan Bazar","metro",17.384447,78.484024,"green"
"Narayanaguda","metro",17.394366,78.489958,"green"
"Chikkadpally","metro",17.400363,78.494896,"green"
"Musheerabad","metro",17.417874,78.499505,"green"
"Gandhi Hospital","metro",17.425515,78.501956,"green"
"Secunderabad West","metro",17.433803,78.499518,"green"
"Kengeri","metro",12.907928,77.476575,"#e542de"
"Jayadeva Interchange (u/c)","metro",12.916733,77.599976,"yellow"
"Sir Theagaraya College","metro",13.115754,80.284744,"#3281c4"
"Tondiarpet","metro",13.124528,80.288856,"#3281c4"
"Wimco Nagar","metro",13.17929,80.307344,"#3281c4"
"Thiruvottriyur","metro",13.171803,80.305269,"#3281c4"
"Kaladipet","metro",13.150667,80.299393,"#3281c4"
"சுங்கச்சாவடி","metro",13.143134,80.296329,"#3281c4"
"புது வண்ணாரப்பேட்டை","metro",13.134519,80.293001,"#3281c4"
"Jnanabharathi","metro",12.935436,77.512406,"#e542de"
"Pantharapalya - Nayandahalli","metro",12.941671,77.525117,"#e542de"
"Kengeri Bus Terminal","metro",12.914689,77.487856,"#e542de"
"Rajarajeshwari Nagar","metro",12.9366,77.519679,"#e542de"
"Pattanagere","metro",12.92425,77.498351,"#e542de"
"Madhapur","metro",17.437264,78.400426,"blue"
"Thiruvottiyur Theradi","metro",13.160215,80.302448,"#3281c4"
"Wimco Nagar Depot","metro",13.183971,80.308994,"#3281c4"
"Challaghatta","metro",12.897354,77.461288,"#e542de"
"Silk Institute","metro",12.86173,77.529955,"#009933"
"Thalaghattapura","metro",12.87141,77.538396,"#009933"
"Vajarahalli","metro",12.877437,77.544741,"#009933"
"Doddakallasandra","metro",12.884643,77.552755,"#009933"
"Konanakunte Cross","metro",12.888967,77.562667,"#009933"
"New Market","metro",17.373427,78.503178,"red"
"Biocon Hebbagodi","metro",12.829033,77.681374,"yellow"
"JNTU College","metro",17.498656,78.388866,"red"
"KPHB Colony","metro",17.493803,78.401765,"red"
"Miyapur","metro",17.496539,78.373025,"red"
"Victoria Memorial","metro",17.361854,78.54393,"red"
"Dilsukh Nagar","metro",17.368552,78.525717,"red"
"L. B. Nagar Metro Station","metro",17.349829,78.547914,"red"
"Osmania Medical College","metro",17.382347,78.481133,"red"
"Nampally","metro",17.392399,78.470148,"red"
"Moosapet","metro",17.47197,78.426036,"red"
"Lakdi-ka-pul","metro",17.403906,78.465025,"red"
"Khairatabad","metro",17.411532,78.460846,"red"
"Irrum Manzil","metro",17.420556,78.456101,"red"
"Gandhi Bhavan","metro",17.386107,78.4731,"red"
"ESI Hospital","metro",17.447404,78.43835,"red"
"Erragadda","metro",17.457328,78.433462,"red"
"Chaitanyapuri","metro",17.368286,78.535941,"red"
"Bharat Nagar","metro",17.46416,78.430005,"red"
"Balanagar","metro",17.476822,78.421965,"red"
"Assembly","metro",17.398109,78.470818,"red"
"Panjagutta","metro",17.428631,78.451132,"red"
"Nagasandra","metro",13.047954,77.500142,"#009933"
"Yeshwantpur","metro",13.023268,77.549875,"#009933"
"Kadugodi Tree Park","metro",12.98565,77.747012,"#e542de"
"Regional Transport Office,Meenambakkam","metro",12.999319,80.200989,""
"miyapur metro","metro",17.496382,78.372749,"red"
"Kukatpally Metro","metro",17.485205,78.411579,"red"
"Balanagar Metro","metro",17.476869,78.421908,"red"
"Porur Junction","metro",13.035861,80.156761,"#FFDF00"
"Poonamallee Bypass","metro",13.048021,80.081814,"#FFDF00"
"Thelliyaragaram","metro",13.036864,80.141862,"#FFDF00"
"Porur Bypass","metro",13.036226,80.149971,"#FFDF00"
"Kumananchavadi Metro","metro",13.044683,80.118909,"#FFDF00"
"Poonamallee Government Hospital Metro","metro",13.049712,80.101998,"#FFDF00"
"Poonamallee Bus Stand Metro","metro",13.050922,80.094923,"#FFDF00"
"Kattupakkam","metro",13.041979,80.125382,"#FFDF00"
"Karayanchavadi Metro","metro",13.046711,80.110905,"#FFDF00"
"Iyappanthangal Metro","metro",13.038183,80.134988,"#FFDF00"
"மைலாப்பூர்","bus",13.033434,80.267946,""
"Foreshore Estate Bus Terminus","bus",13.022402,80.276327,""
"V House Bus Terminus","bus",13.051211,80.277839,""
"Poonamallee MTC Terminus","bus",13.05116,80.094955,""
"GingerBread","bus",13.080216,80.173696,""
"Nanganallur Bus Terminus","bus",12.977807,80.181248,""
"Puratchi Thalaivar Dr. M.G.R Bus Terminus","bus",13.06846,80.205125,""
"Ramapuram Bus Stand","bus",13.034805,80.173857,""
"Taramani","bus",12.985477,80.240563,""
"Saligramam Bus Terminus","bus",13.053339,80.197083,""
"Perambur MTC Terminus","bus",13.108569,80.248252,""
"ICF MTC Terminus","bus",13.100243,80.214714,""
"Kovilpalayam Main Bus Stop","bus",11.135418,77.033752,""
"Minjur MTC Terminus","bus",13.28201,80.253705,""
"Manali MTC Terminus","bus",13.169977,80.257159,""
"மாதவரம் மாநகர பேருந்து முனையம்","bus",13.152368,80.228345,""
"Tarnaka Bus Stop","bus",17.426317,78.531326,""
"Kundrathur Temple MTC Terminus","bus",12.987217,80.093238,""
"Hasthinapuram MTC Terminus","bus",12.940444,80.150586,""
"Tambaram MTC Terminus","bus",12.925339,80.116745,""
"Tambaram East MTC Terminus","bus",12.923598,80.117091,""
"பழவேற்காடு","bus",13.417722,80.313942,""
"Ayanavaram MTC Terminus","bus",13.098591,80.242004,""
"மகாபலிபுரம்","bus",12.617473,80.193882,""
"Yercaud Bus Stand","bus",11.776765,78.209127,""
"Erumaivettipalayam Bus Stand","bus",13.242455,80.120113,""
"Puzhuthivakkam Bus Stand","bus",12.97398,80.202931,""
"Ayyapanthangal","bus",13.037793,80.134942,""
"Ennore MTC Terminus","bus",13.214722,80.320837,""
"Old Bus Stand","bus",10.786954,79.137605,""
"KK Nagar West MTC Terminus","bus",13.044159,80.193303,""
"Kannagi Nagar MTCTerminus","bus",12.925654,80.238308,""
"NGO Colony Bus Terminus","bus",12.994789,80.206816,""
"Thiruverkadu MTC Bus Terminus","bus",13.069585,80.124022,""
"Semmanchery MTC Terminus","bus",12.874697,80.209765,""
"Elango Nagar MTC Terminus","bus",13.090602,80.185474,""
"Parvathi Nagar MTC Terminus","bus",13.145751,80.250441,""
"Tambaram Bus Stand","bus",12.927719,80.118742,""
"Madipakkam Bus Stand","bus",12.962861,80.198284,""
"Mysore City Bus Stand","bus",12.307989,76.653633,""
"Chikkamaranahalli","bus",13.036222,77.566348,""
"Uttarahalli Bus Station","bus",12.905273,77.543288,""
"Jalahalli Village","bus",13.04523,77.547996,""
"Bhavani Bus Stand","bus",11.452748,77.688559,""
"Thiruvayar Bus Stand","bus",10.787695,79.138529,""
"Afzalgunj","bus",17.373007,78.476656,""
"Channarayapatna Bus Station","bus",12.898085,76.391215,""
"Sirkazhi Bus Stand","bus",11.234463,79.738467,""
"Srirangapatna","bus",12.42079,76.691512,""
"KPHB 3rd Phase Bus Stop","bus",17.487951,78.395392,""
"Vinayakapuram","bus",13.139863,80.20568,""
"Kamalapura Bus Stand","bus",15.305775,76.474029,""
"Karamadai Bus Stand","bus",11.23952,76.959869,""
"Maralawadi","bus",12.612133,77.525212,""
"Harohalli Bus Stand","bus",12.680082,77.469908,""
"Srinagar Bus Station","bus",12.944438,77.554664,""
"Hosapete Bus Stand","bus",15.275187,76.389262,""
"Padappai Bus Stand","bus",12.886724,80.021501,""
"TGSRTC Bus Station ,  Narketpalle","bus",17.204123,79.193972,""
"Private Bus Stand","bus",12.318726,76.64828,""
"Tallada","bus",17.215505,80.421762,""
"Wyra bustand","bus",17.191886,80.361948,""
"Old Post Office","bus",17.693632,83.292306,""
"Mohanur Bus Stand","bus",11.061753,78.138621,""
"Bus Stand Kovalam","bus",12.786607,80.250199,""
"Bus Stand","bus",12.611072,80.056511,""
"APSRTC Bus Station , Puttur","bus",13.435212,79.552878,""
"Guduvancheri MTC Terminus","bus",12.844796,80.061804,""
"Krishnarajanagara Bus Stand","bus",12.438599,76.381234,""
"Sulur Bus Stand","bus",11.025944,77.125217,""
"Local Bus Stand","bus",11.405584,76.704222,""
"TGSRTC  Bus Station , Warangal","bus",17.974546,79.605348,""
"Avadi Market","bus",13.116052,80.106263,""
"APSRTC Bus Station , Ongole","bus",15.511204,80.041844,""
"TGSRTC Bus Station , Medchal","bus",17.634199,78.485753,""
"Uttangarai","bus",12.267338,78.53567,""
"குன்னூர்","bus",11.343729,76.794665,""
"Vallam main bus station","bus",10.718151,79.062459,""
"Vellore Old Bus Stand","bus",12.922152,79.132522,""
"KK Nagar MTC Terminus","bus",13.035422,80.205717,""
"IOC MTC Terminus","bus",13.139069,80.282031,""
"Thirovttriyur MTC Terminus","bus",13.172164,80.305091,""
"Thiruporur Bus Stand","bus",12.722079,80.187714,""
"Mangammanapalya","bus",12.907083,77.635161,""
"Mathur MMDA","bus",13.171374,80.247506,""
"Bus Stop","bus",17.39868,78.481781,""
"BMTC","bus",13.036732,77.523703,""
"APSRTC Bus Station , Nellore","bus",14.442024,79.977364,""
"Kuvempunagar 2nd Stage","bus",13.073049,77.541338,""
"Paleru","bus",17.207973,79.922607,""
"Thennambulam Mill","bus",10.432519,79.775646,""
"Thennambulam Road","bus",10.430285,79.777706,""
"Sathiraththadi Bus Stop","bus",10.424892,79.783529,""
"Karuppambulam Road Bus Stop","bus",10.422503,79.785823,""
"Kuravappulam Kadaitheru","bus",10.421332,79.787869,""
"Pallipalayam Bus Stop","bus",11.364648,77.747779,""
"Banjara Hills Rd12","bus",17.414529,78.424731,""
"Medavakkam Bus Terminus","bus",12.919728,80.182261,""
"Sangama Mekedatu Bus Service","bus",12.288048,77.433759,""
"Mysore Road Bus Station","bus",12.953409,77.543571,""
"Private Bus Station","bus",13.260185,76.475204,""
"Peenya 2nd Stage","bus",13.010859,77.506929,""
"Chintamani Busstand","bus",13.400327,78.056145,""
"SRS Bus Station","bus",12.980379,77.57602,""
"VRL Bus Station","bus",12.980325,77.575473,""
"Krishnagiri Town Bus Station கிருஷ்ணகிரி டவுன்","bus",12.52864,78.217862,""
"Cherla","bus",18.074971,80.826753,""
"கும்பகோணம்","bus",10.958716,79.388067,""
"TNSTC Bus Stand , Kallakurichi","bus",11.738688,78.964777,""
"Gudiyattam New Bus Stand","bus",12.945364,78.8715,""
"Karur Mini Bus Station","bus",10.961245,78.075655,""
"Sangareddy Old Bus Stand","bus",17.626898,78.08607,""
"NLC Central Bus Stand","bus",11.60533,79.507189,""
"Main bus stand","bus",11.442455,77.694326,""
"GPR Quarters","bus",17.440024,78.355767,""
"KPHB","bus",17.49396,78.400841,""
"Kotipalli Bus Stand","bus",16.993679,81.775772,""
"Shravanabelagola Bus Stand","bus",12.858753,76.4853,""
"Punjai Puliampatti Bus Stand","bus",11.349744,77.166971,""
"Vetapalem Bus Stop","bus",15.780829,80.306536,""
"Arakkonam Bus stand","bus",13.085404,79.660698,""
"Sannati","bus",16.831112,76.91958,""
"Kattumannarkoil","bus",11.276905,79.55101,""
"Chikkalasandra Bus Stop","bus",12.915167,77.552159,""
"AGS Layout Bus Stand","bus",12.91238,77.537175,""
"Aduturai","bus",11.017347,79.480246,""
"Vaitheeshwaran Koil","bus",11.192714,79.709468,""
"Vettavalam Bus Stand","bus",12.107903,79.246345,""
"Manapparai Bus Stand","bus",10.606314,78.420078,""
"Valluvar Nagar Bus Stop","bus",12.893383,80.183493,""
"Secunderabad","bus",17.435954,78.50005,""
"KSRTC Bus stand","bus",13.739812,76.902237,""
"Devarayana Durga Bus Stop","bus",13.37357,77.207527,""
"Arekere MICO Layout Bus Station","bus",12.88945,77.594037,""
"RTC WORKSHOP","bus",18.45942,79.11975,""
"Haliya","bus",16.780157,79.32359,""
"Mallinatha Pura","bus",12.3415,76.439743,""
"Malleswaram 18th Cross","bus",13.009851,77.569177,""
"Wipro EC Bus Stand","bus",12.838921,77.659722,""
"Infosys Bus Station","bus",12.358177,76.599394,""
"Surpur Bus Station","bus",16.525678,76.757065,""
"TGSRTC  Bus Stand , Shadnagar","bus",17.067512,78.204774,""
"Mundargi bus stop","bus",16.774129,77.182457,""
"TGSRTC Bus Station , Kacheguda","bus",17.390295,78.499034,""
"Golconda Fort","bus",17.385011,78.403384,""
"TGSRTC Bus Station , Midhani","bus",17.340029,78.503388,""
"TGSRTC Bus Station , Patancheru","bus",17.528742,78.264136,""
"Hutti Camp Bus Stand","bus",16.195621,76.656479,""
"APSRTC Bus Station , Rayachoti","bus",14.05742,78.748648,""
"Ram Nagar","bus",11.245999,77.10149,""
"Sellanur","bus",11.255127,77.099296,""
"Kolli Pannai","bus",11.262408,77.097585,""
"Vadakkalur","bus",11.268064,77.098057,""
"Karia Goundanur","bus",11.272331,77.098142,""
"Karia Goundanur Kovil","bus",11.276197,77.097982,""
"TSRTC BUS BHAVAN","bus",17.406679,78.498622,""
"Gingee Bus Station","bus",12.254202,79.416502,""
"Reddipalli Cheruvukatta","bus",14.083047,79.236705,""
"bus stop","bus",17.497287,78.381492,""
"TGSRTC Bus Station , Nagar Kurnool","bus",16.487073,78.311972,""
"Mayiladuthurai Old Bus Stand","bus",11.101996,79.650491,""
"Hiriyuru","bus",13.941671,76.619814,""
"APSRTC Bus Station , Gudur","bus",14.144398,79.855249,""
"Medapati Sitarama Reddy Hi-tech Bus Shelter , Kambalacheruvu , Rajahmundry","bus",17.012419,81.780374,""
"बस स्थानक (Bus Stand, Shirur Anantpal)","bus",18.334009,76.830191,""
"Chamundi Hill","bus",12.2749,76.671111,""
"Kunigal KSRTC Bus Stand","bus",13.025181,77.029384,""
"Siddipet Old Bus Stop","bus",18.101606,78.851597,""
"Paolo Travel","bus",15.279015,76.388575,""
"Uppal","bus",17.40174,78.568726,""
"Chembarambakkam","bus",13.031804,80.055528,""
"Guindy Bus Stand","bus",13.009059,80.210793,""
"Sanath Nagar Bus Depot","bus",17.45498,78.447872,""
"HSR Layout","bus",12.912736,77.638005,""
"Erragunta","bus",17.322646,80.692984,""
"TGSRTC BUS STATION , V . M BANJARA","bus",17.206822,80.659539,""
"Chandrugonda","bus",17.390286,80.643307,""
"Hutti Bus Station","bus",16.201075,76.666304,""
"Attibele","bus",12.777898,77.771193,""
"Tatacherla Bus Stop","bus",16.812264,80.249358,""
"bus station","bus",17.282261,79.088485,""
"Gudiyattam Old Bus Stand","bus",12.943819,78.870045,""
"TGSRTC  Bus Station , Mancherial","bus",18.881519,79.445358,""
"Vadavalli Bus Stand","bus",11.026755,76.90583,""
"Aniyapuram Bus Stop","bus",11.14108,78.158563,""
"Sathagalli","bus",12.333111,76.693177,""
"Chaudapura Bus Stand","bus",17.236281,76.553655,""
"Poompuhar Bus Stand","bus",11.144219,79.853389,""
"Sikkal Bus Stop","bus",10.757349,79.800102,""
"Local Bus Stand;தர்மபுரி","bus",12.134852,78.162584,""
"Hogenakkal","bus",12.120847,77.778683,""
"Pennagaram","bus",12.133658,77.897348,""
"Bus stop","bus",17.417168,78.481773,""
"Tagachguppe Bus Stop","bus",12.959423,77.288422,""
"APSRTC Bus Station , Aluru","bus",15.399282,77.224122,""
"Aluru Bus Stop","bus",15.395207,77.226251,""
"Thermal Bus Station","bus",11.59685,79.478,""
"Old Gudahalli","bus",12.960995,77.550894,""
"mahedipatnam","bus",17.395515,78.432049,""
"Bus Station Puttanahalli","bus",13.11105,77.579749,""
"Kaukuntla Bus Stop","bus",16.52313,77.859829,""
"Thudupathi Bus Station","bus",11.302424,77.549236,""
"Marical","bus",16.604159,77.727743,""
"Nandhavaram","bus",14.702682,79.470709,""
"APSRTC Bus Station , Narasannapeta","bus",18.413776,84.040318,""
"Komarthi Junction Bus Stop","bus",18.390763,84.019466,""
"sri sai dhaba zahirabad","bus",17.686401,77.58723,""
"Nandi Nagar bus stand","bus",17.42008,78.430837,""
"Munekolala bus stand","bus",12.948695,77.708076,""
"TGSRTC  Bus Station , Koti","bus",17.384431,78.484429,""
"K.K.Nagar Bus Station","bus",10.757342,78.692068,""
"TGSRTC  Bus Depot , Siddipet","bus",18.093333,78.852838,""
"Jagdalpur Bus Stand","bus",19.075659,82.017252,""
"Koraput bus station","bus",18.81249,82.711698,""
"APSRTC Bus Station / Bus Shelter , Sundipenta","bus",16.073887,78.911476,""
"Eluru New APSRTC Bus Station","bus",16.707252,81.0894,""
"Muslim Chowk Kalaburagi","bus",17.345064,76.84466,""
"T.S.R.T.C District Bus","bus",17.344846,78.55364,""
"ESI Bus Stop","bus",11.007115,77.010998,""
"Molakalmuru Bus Station","bus",14.718549,76.746311,""
"Agali Bus Stop","bus",13.785101,77.054003,""
"TNEB bus stop","bus",12.956587,79.141792,""
"kothakota bustop","bus",16.381286,77.941699,""
"Alathur private Bus staion","bus",10.646923,76.541739,""
"Vadalur Bus Stand","bus",11.555689,79.555404,""
"Turuvekere","bus",13.162666,76.66572,""
"Emlibun","bus",17.332495,78.530328,""
"A.P.R.T.C BUS STOP","bus",17.344657,78.553918,""
"Janata Colony Bus Stop","bus",17.68291,83.241199,""
"Interstate Bus Stand , Sukma","bus",18.392596,81.659308,""
"Perambakkam Bus Depo","bus",13.037318,79.813589,""
"Mogappair West Bus Terminus","bus",13.082209,80.170411,""
"Electronic City Wipro Main Gate","bus",12.835998,77.657169,""
"Kozhinjampara Bus Stand","bus",10.737547,76.833696,""
"Nutakki Bus Stop","bus",16.413682,80.648346,""
"Lam Bus Stop","bus",16.382489,80.434158,""
"SRM Travels","bus",13.071098,80.202996,""
"Bus shulter","bus",16.406407,80.62216,""
"Chilakaluripeta Bus Stop","bus",16.232709,80.05317,""
"Vinkonda Bus Stop","bus",16.232192,80.053064,""
"Narasaraopet bus station","bus",16.22532,80.065488,""
"Reddy Nagar Busstop","bus",16.239622,80.038326,""
"KSRTC bus stand","bus",14.905037,76.388003,""
"TGSRTC  Bus Station , Bhainsa","bus",19.10513,77.962659,""
"Pachoor Bus Stop","bus",12.593064,78.462992,""
"Vaiyampatti","bus",10.55079,78.303671,""
"Dhulipudi bus stop","bus",16.03749,80.769015,""
"Musiri","bus",10.951872,78.440335,""
"Gunupur Bus Station","bus",19.069259,83.812277,""
"Akkampeta Bus Stop","bus",13.643239,80.017065,""
"Perkit Bus Stand","bus",18.792045,78.307915,""
"Perkit Bus Station","bus",18.792045,78.307915,""
"Sarjapura Bus Stand","bus",12.861384,77.785574,""
"APSRTC Simhachalam Hill Top Bus Station","bus",17.766929,83.248455,""
"Kurinjipadi Bustand","bus",11.562529,79.597126,""
"Hampi Bus Stand","bus",15.33434,76.462211,""
"Viralimalai","bus",10.607542,78.546825,""
"APSRTC Bus Station , Palakonda","bus",18.598913,83.76035,""
"Mayiladuthurai new bus stand","bus",11.099623,79.651287,""
"மருதமலை பேருந்து நிலையம்","bus",11.043499,76.863919,""
"vadavalli bus stand","bus",11.027921,76.905941,""
"Somanur Bus Stand","bus",11.084525,77.187703,""
"टी.एस्.आर्.टी.सी. बोधन् बस् स्टांड्","bus",18.658903,77.895091,""
"APSRTC Bus Station , Pedanandipadu","bus",16.073741,80.329133,""
"Kapavaram Junction","bus",17.021086,81.665628,""
"Tiruninravur Bus Stand","bus",13.124774,80.032386,""
"TGSRTC  Bus Stand , Nalgonda","bus",17.055604,79.274697,""
"rajeevgandhi nagar","bus",17.35975,78.557816,""
"Parbhani Bus Station","bus",19.260097,76.770325,""
"Gudru road","bus",16.256326,81.141571,""
"Religious bus stop","bus",16.512556,80.604936,""
"Vijayawada Railway Station Bus Stop","bus",16.517291,80.61939,""
"Bus no.301,345 to Vijayawada ( Undavalli Cave Temple Bus Stop )","bus",16.497359,80.582178,""
"TGSRTC Bus Station , Rathifile ( Secundrabad )","bus",17.434677,78.504757,""
"Bus  stand","bus",16.552411,80.726524,""
"Dharmapuri Bus Station","bus",18.947356,79.094815,""
"TGSRTC Bus Station , Husnabad","bus",18.127032,79.210191,""
"Old Bus Stand Yellandu","bus",17.589486,80.321907,""
"TGSRTC  Bus Stand , Kodangal","bus",17.110393,77.622112,""
"Chigurumamidi Bus Stand","bus",18.237537,79.194965,""
"Toopran Bus Stand","bus",17.846643,78.476717,""
"TGSRTC  Bus Station , Gadwal","bus",16.236902,77.803681,""
"Area Hospital Bus Stop","bus",18.92217,79.476799,""
"Adda Road","bus",16.086362,80.161751,""
"TGSRTC  Bus Station , Karimnagar","bus",18.432564,79.129434,""
"thekkekara bus stop","bus",10.760042,76.536145,""
"TGSRTC Bus Station , Dilshuknagar","bus",17.368953,78.52506,""
"Karuvarakund Bus stand","bus",11.125597,76.342483,""
"APSRTC Bus Station , Markapuram","bus",15.733537,79.268248,""
"Main bus station","bus",17.326226,76.817455,""
"APSRTC City Bus Stop , Bheemili","bus",17.891852,83.453233,""
"Omni Bus stand","bus",10.796953,78.682597,""
"choppadandi bustop","bus",18.577387,79.170998,""
"TGSRTC New Bus Station , Sircilla","bus",18.384016,78.800151,""
"Mulugu bus stand (bus to palampet)","bus",18.191684,79.946188,""
"TGSRTC  Bus Station , Choutuppal","bus",17.254391,78.894519,""
"APSRTC Bus Station , Nandigama","bus",16.774416,80.289491,""
"TSRTC City Bus Station , Khammam","bus",17.250822,80.142269,""
"தாம்பரம் சானடோரியம் பேருந்து நிலையம்","bus",12.937195,80.127285,""
"TGSRTC Old Bus Station , Sircilla","bus",18.391434,78.810266,""
"Chengam Bus Stand","bus",12.30408,78.792552,""
"peechi bus stand","bus",10.528305,76.367749,""
"Pattur Bus Stand","bus",13.023185,80.118511,""
"Anna Nagar West","bus",13.093755,80.198494,""
"Avinashi New Bus stand","bus",11.187599,77.278265,""
"Ambattur O.T","bus",13.119713,80.15001,""
"Bhimavaram Old Bus Stand","bus",16.544297,81.521124,""
"New Bus Stand","bus",11.132187,77.341242,""
"APSRTC Bus Station  , Parvathipuram","bus",18.773719,83.422964,""
"Sai Nagar Bus Stop","bus",17.530815,78.388749,""
"Edathanattukara","bus",11.059738,76.349275,""
"KSRTC Bus Stop","bus",10.749229,79.112779,""
"TGSRTC  Bus Station , Mahabubabad","bus",17.603612,80.004264,""
"Nekkonda Bus station","bus",17.797246,79.803451,""
"Koduvayur Bus Stand 1","bus",10.68492,76.654109,""
"Vijayapuri South Bus stand","bus",16.56207,79.311159,""
"chungam","bus",10.657258,76.500681,""
"TGSRTC  Bus Station , Korutla","bus",18.825228,78.716368,""
"Alanallur bus stand","bus",11.007082,76.352194,""
"Anakaputhur Bus Stand","bus",12.985252,80.12308,""
"Aasanur","bus",11.674273,77.128544,""
"Sathyamangalam","bus",11.498625,77.245595,""
"Koyil Vazhi bus stand, Tiruppur","bus",11.05822,77.388707,""
"Vikravandi Bus Station","bus",12.037624,79.543218,""
"திருச்செங்கோடு பழைய பேருந்து நிலையம்","bus",11.380736,77.895605,""
"Kongad Bus Stand","bus",10.854164,76.521362,""
"TNSTC Bus depot","bus",11.472527,78.157693,""
"Perumbakkam Bus Depot","bus",12.886663,80.209688,""
"Mandapeta Bus Shelter","bus",16.867542,81.927295,""
"Udigavalasa Venkammapeta Bus Stop","bus",18.670692,83.633936,""
"Regulapau Bus Stop","bus",18.667234,83.639926,""
"Bus stand SHANKARPALLY","bus",17.455813,78.131122,""
"Auto Stand","bus",17.511529,78.424826,""
"KSRTC Pickup Point","bus",13.022047,77.5514,""
"Eenadu Bus Stop","bus",16.496775,80.658312,""
"KSRTC Depot","bus",10.99428,76.468624,""
"Mannarkkad Bus Stand","bus",10.992029,76.45505,""
"TGSRTC Bus Station , Parkal","bus",18.197447,79.700517,""
"Mogudampally Bus stop","bus",17.615514,77.499867,""
"Dabaspete KSRTC Bus Stand","bus",13.227358,77.242231,""
"KSRTC Bus Stand, Urdigere","bus",13.342599,77.230594,""
"APSRTC Bus Station , Nandyal","bus",15.490344,78.479438,""
"Mecheri","bus",11.834154,77.942514,""
"Annur Bus Stand","bus",11.234004,77.102301,""
"APSRTC Bus Station , Rajampeta","bus",14.200051,79.155012,""
"Podaturpet bus stand","bus",13.283268,79.483686,""
"Harur Bus Stand","bus",12.053452,78.483548,""
"APSRTC Bus Station , Kanigiri","bus",15.400085,79.509885,""
"APSRTC Bus Stand , Jarjangi","bus",18.501787,84.134487,""
"Kotabommali  Market Bus Sop","bus",18.520294,84.164962,""
"Dokikamannapeta Bus Stop","bus",18.443678,84.188183,""
"Geddalapadu Bus Stop","bus",18.477918,84.253508,""
"Srimukhalingam Bus Stop","bus",18.595132,83.963898,""
"Santha Bommali Bus Stop","bus",18.536629,84.207586,""
"Kotta Naupada Bus Stop","bus",18.562847,84.297379,""
"Komanapalli Bus Stop","bus",18.54824,83.979919,""
"Narsipuram Bus Stop","bus",18.63465,84.263174,""
"Barjipadu Bus Stop","bus",18.46077,84.162178,""
"Challavanipeta Bus Stop","bus",18.505072,84.063001,""
"Madapam Bus Stop","bus",18.376774,83.997225,""
"Madapam Bua Stop","bus",18.376522,83.997382,""
"Meliaputti  X Roads Bus Stop","bus",18.774037,84.173936,""
"APSRTC Bus Station , Pathapatnam","bus",18.759879,84.096984,""
"Parlakhemundi Bus Station","bus",18.787244,84.088851,""
"Parlakhemundi Three Road Junction Bus Stop","bus",18.773483,84.097966,""
"Thotada Bus Stop","bus",18.388462,84.081089,""
"APSRTC Bus Station , Amadalavalasa","bus",18.406181,83.8985,""
"Polaki Bus Stop","bus",18.376385,84.101924,""
"Singupuram Bypass Bus Stop","bus",18.359058,83.972753,""
"Devadi Bus Stop","bus",18.384937,84.015851,""
"APSRTC Bus Station , Srikakulam","bus",18.309248,83.893263,""
"APSRTC Bus Station , Sarubujjili","bus",18.535441,83.915947,""
"Bathili Bus Stop","bus",19.012269,83.785745,""
"Hadduhbangi Bus Stop","bus",18.814185,83.944878,""
"Ragolu Bus Stop","bus",18.350406,83.895708,""
"Pedapadu Bus Stop","bus",18.31627,83.927379,""
"Amadalavalasa Bus Stop","bus",18.411098,83.903407,""
"Singupuram Junction Bus Stop","bus",18.365948,83.978471,""
"Amadalavalasa Bridge Bus Stop","bus",18.407551,83.893893,""
"Patha Tekkali Bus Stop","bus",18.629947,84.359746,""
"Mabagam Bus Stop","bus",18.361572,84.045907,""
"Chintada Juction Bus Stop","bus",18.388844,83.89886,""
"Maruvada Bus Stop","bus",18.490152,84.26732,""
"Kashinagar Bus Stop","bus",18.858732,83.881209,""
"APSRTC Bus Station , Kotturu","bus",18.778151,83.878136,""
"Nagiripenta Bus Stop","bus",18.526389,84.220296,""
"Teligipenta Bus Stop","bus",18.519694,84.218131,""
"Uddana Ramakrishnapuram Bus Stop","bus",18.624366,84.378005,""
"Pundi Bus Stop","bus",18.663456,84.372845,""
"Saravakota Bus Stop","bus",18.591769,84.049883,""
"Pathapatnam Bus Stop","bus",18.748385,84.090128,""
"Antlavaram Bus Stop","bus",18.516708,84.216681,""
"Vallabharayudupeta Cheruvugattu Bus Stop","bus",18.633564,84.360758,""
"Pollada Bus Stop","bus",18.61196,84.355456,""
"Komarlatada Bus Stop","bus",18.608268,84.364516,""
"Tenkuru Bus Stop","bus",18.49412,84.258283,""
"Kaviti Bus Stop","bus",18.709399,84.385032,""
"Lakkivalasa Bus Stop","bus",18.483353,84.2478,""
"APSRTC Bus Station , Palasa","bus",18.769763,84.41657,""
"Haripuram Bus Stop","bus",18.844838,84.500729,""
"Tekkali Meliyaputti Road Bus Stop","bus",18.617412,84.2362,""
"APSRTC Bus Station , Tekkali","bus",18.604197,84.230451,""
"Sainuru Bus Stop","bus",18.619501,84.370883,""
"Amalapadu Bus Stop","bus",18.639423,84.397919,""
"Kambalarayudu Peta Bus Stop","bus",18.639133,84.405871,""
"Bendi village Bus Stop","bus",18.709729,84.404548,""
"Vjrapukotturu Bus Stop","bus",18.694411,84.440586,""
"Vajrapukotturu Junction Bus Stop","bus",18.694106,84.436247,""
"Cheepi Bus Stop","bus",18.907571,84.453652,""
"Udayachandrapuram Bus Stop","bus",18.912448,84.452036,""
"Mandasa Bus Stop","bus",18.870097,84.461524,""
"Korlam Bus Stop","bus",18.90176,84.551692,""
"Koralm Bus Stop","bus",18.901563,84.552121,""
"APSRTC Bus Station , Baruva","bus",18.880886,84.583871,""
"APSRTC Bus Station , Sompeta","bus",18.947238,84.583456,""
"Kanchili Bypass Bus Stop","bus",18.987173,84.588895,""
"APSRTC Bus Station , Ichapuram","bus",19.108815,84.683828,""
"Gara Bus Stop","bus",18.331228,84.055397,""
"Voppangi Bus Stop","bus",18.290635,83.940882,""
"Srikakulam Old Bus Stand","bus",18.292151,83.896502,""
"APSRTC Bus Station , Ponduru","bus",18.350977,83.757711,""
"APSRTC Bus Station , Ramabhadrapuram","bus",18.494665,83.281499,""
"APSRTC Bus Station , Salur","bus",18.519763,83.19579,""
"Guppidipeta Bus Stop","bus",18.413349,84.183159,""
"Seepanaidupeta Bus Stop","bus",18.303685,83.871913,""
"Ranasthalam Bus Stop","bus",18.201211,83.689108,""
"Bhogapuram Bus Stop","bus",18.031644,83.500222,""
"Damanjodi Bus Stop","bus",18.761032,82.89802,""
"APSRTC Bus Station , Sabbavaram","bus",17.791076,83.123975,""
"APSRTC Bus Stand, Maddilapalem","bus",17.736234,83.320324,""
"APSRTC City Bus Terminal","bus",17.724023,83.307958,""
"APSRTC Cargo and Logistics","bus",17.72409,83.306076,""
"Gurudwara","bus",17.736519,83.307706,""
"APSRTC Bus Station , Chodavaram","bus",17.827134,82.935184,""
"APSRTC Bus Station , Chintapalli","bus",17.866293,82.355791,""
"Similiguda Bus Stop","bus",18.706634,82.85422,""
"APSRTC Bus Station , Bobbili","bus",18.572534,83.346947,""
"APSRTC Bus Station , Makavarapalem","bus",17.619806,82.71964,""
"APSRTC Bus Station , Devarapalli","bus",17.991235,82.980636,""
"APSRTC Bus Station , Kothavalasa","bus",17.902748,83.185963,""
"Downuru Bus Stop","bus",17.767827,82.535945,""
"Lambasinghi Bus Stop","bus",17.805463,82.496283,""
"APSRTC Bus Station , Kunavaram","bus",17.577917,81.252395,""
"Nellipaka Bus Stop","bus",17.659893,81.003317,""
"APSRTC Bus Station , Palamaneru","bus",13.202038,78.744441,""
"APSRTC Bus Station , Penukonda","bus",14.082371,77.598962,""
"APSRTC Bus Station , Puttaparthi","bus",14.164446,77.812089,""
"APSRTC Bus Station , Gorantla","bus",13.986534,77.765759,""
"APSRTC Bus Station  , Singanamala","bus",14.800031,77.716864,""
"APSRTC Bus Station , Chittoor","bus",13.219499,79.105984,""
"APSRTC Bus Station , Punganur","bus",13.368305,78.569169,""
"APSRTC Bus Station , Badvel","bus",14.736329,79.060981,""
"APSRTC Bus Station , Dharmavaram","bus",14.409646,77.715119,""
"APSRTC Bus Station , Madakasira","bus",13.944655,77.277247,""
"APSRTC Bus Station , Kalyanadurgam","bus",14.545122,77.112055,""
"APSRTC Bus Station , Rayadurgam","bus",14.695684,76.859559,""
"APSRTC Bus Station ,  Uravakonda","bus",14.936573,77.255882,""
"APSRTC Bus Station , Anantapur","bus",14.6853,77.599963,""
"APSRTC Bus Station , Pamidi","bus",14.949907,77.593063,""
"APSRTC Bus Station , Gooty","bus",15.113233,77.636398,""
"APSRTC Bus Station , Madanapalle","bus",13.557925,78.507888,""
"APSRTC Bus Station , Lepakshi","bus",13.8036,77.611109,""
"Hindupur Old Bus Stand","bus",13.831469,77.492434,""
"APSRTC Bus Station , Hindupuram","bus",13.835451,77.496697,""
"APSRTC Bus Station ,  Guntakal","bus",15.161263,77.379484,""
"APSRTC Bus Station , Kuppam","bus",12.748914,78.345529,""
"APSRTC Bus Station , VenkatagiriKota","bus",13.000856,78.490586,""
"APSRTC Bus Station , Sadum","bus",13.546603,78.906767,""
"APSRTC Bus Station , Kanipakam","bus",13.275543,79.035179,""
"Puthalapattu Bus Stop","bus",13.346283,79.092948,""
"Srihari APSRTC Bus Station Terminal","bus",13.629412,79.426171,""
"APSRTC Bus Station , Ramabhagicha ( Tirumala)","bus",13.683985,79.351775,""
"APSRTC Bus Station , Tirumala","bus",13.677075,79.349867,""
"APSRTC Bus Station , Renigunta","bus",13.637104,79.505653,""
"APSRTC Bus Station , Srikalahasti","bus",13.752341,79.707299,""
"APSRTC Bus Station , Pichchatur","bus",13.400725,79.740081,""
"APSRTC Bus Station , Nagalapuram","bus",13.390804,79.793688,""
"UTHUKOTTAI BUS STAND","bus",13.334483,79.893781,""
"APSRTC Bus Station , Satyavedu","bus",13.434839,79.954101,""
"APSRTC Bus Station , Kota","bus",14.038637,80.047151,""
"APSRTC Bus Station ,Vakadu","bus",14.001274,80.066366,""
"APSRTC Bus Station , Nayudupeta","bus",13.906059,79.900922,""
"APSRTC Bus Station , Venkatagiri","bus",13.950406,79.58534,""
"APSRTC Bus Station , Kodur ( Railway Koduru )","bus",13.964702,79.351343,""
"Rajampeta Old Bus Stand","bus",14.194861,79.16315,""
"APSRTC Bus Station , Pileru","bus",13.654575,78.944494,""
"APSRTC Bus Station , Kalikiri","bus",13.64605,78.803923,""
"APSRTC Bus Station , Kalakada","bus",13.826144,78.789683,""
"APSRTC Bus Station  , Peapully","bus",15.236064,77.738574,""
"APSRTC Bus Station , Adoni","bus",15.618986,77.285901,""
"APSRTC Bus Station ,  Pattikonda","bus",15.394264,77.498426,""
"APSRTC Bus Station , Veldurthi","bus",15.548541,77.92785,""
"APSRTC Bus Station , Dhone","bus",15.40369,77.875931,""
"APSRTC Bus Station , Owk","bus",15.209773,78.115422,""
"APSRTC Bus Station  , Banaganapalli","bus",15.320749,78.22159,""
"APSRTC Bus Station ,  Yemmiganuru","bus",15.764327,77.48155,""
"Mugati Junction Bus Stop","bus",15.79749,77.473078,""
"APSRTC Bus Station ,  Mantralayam","bus",15.93892,77.424871,""
"APSRTC Bus Station , Kurnool","bus",15.824001,78.027828,""
"APSRTC BUS DEPOT 2 , KURNOOL","bus",15.823579,78.026434,""
"APSRTC Bus Station , Nandikotkur","bus",15.855883,78.260999,""
"APSRTC Bus Station , Atmakur ( K )","bus",15.877555,78.582723,""
"APSRTC Bus Station . Velugodu","bus",15.717269,78.565943,""
"APSRTC Bus Station , Koilakuntla","bus",15.229441,78.312994,""
"APSRTC Bus Station , Jammalamagudu","bus",14.841488,78.386535,""
"Simhadripuram Bus Stop","bus",14.627515,78.12633,""
"APSRTC New Bus Station , Pulivendula","bus",14.433978,78.232343,""
"APSRTC Bus Station , Yerraguntla","bus",14.637118,78.5407,""
"Proddutur Old Bus Stand","bus",14.753812,78.55467,""
"APSRTC Bus Station , Proddutur","bus",14.744586,78.562401,""
"APSRTC Bus Station , Mydukuru","bus",14.723989,78.731779,""
"Mydukuru Bypass Bus Stop","bus",14.727499,78.722087,""
"APSRTC Bus Station , Chagalamarri","bus",14.965549,78.584264,""
"APSRTC Bus Station , Tadipatri","bus",14.906395,78.015571,""
"APSRTC BUS STAND , GALIVEEDU","bus",14.022957,78.505105,""
"APSRTC Bus Station ,  Kowthalam","bus",15.776414,77.139149,""
"APSRTC Bus Station ,  Kosigi","bus",15.857055,77.241647,""
"APSRTC Bus Station , Orvakal","bus",15.683265,78.174611,""
"Orvakal Bus Stop","bus",15.683254,78.174002,""
"APSRTC Bus Station , Allagadda","bus",15.131631,78.50457,""
"APSRTC Bus Station , Kadapa","bus",14.464692,78.831318,""
"Nandipadu X Roads Bus Stop","bus",14.800533,79.349079,""
"APSRTC Bus Station , Udayagiri","bus",14.882554,79.297823,""
"Seetharampuram Bus Stop","bus",15.017098,79.139484,""
"Chintalapalem Bus Stop","bus",14.457784,79.385686,""
"APSRTC Bus Station , Atmakur (N)","bus",14.624941,79.621774,""
"Atmaku (N) Old Bus Stand","bus",14.618674,79.626034,""
"APSRTC BUS STAND , KALUVAYA","bus",14.511915,79.410975,""
"APSRTC P.S.R Bus Station ,Nellore","bus",14.457063,79.989602,""
"APSRTC Bus Station , Chimakurthy","bus",15.586326,79.862746,""
"Penchelakona Bus Stop","bus",14.338289,79.414547,""
"Podalakur X Roads Bus Stop","bus",14.379479,79.729341,""
"Duttalur X Roads Bus Stop","bus",14.84403,79.405085,""
"Komarolu Bus Stop","bus",15.269048,79.00057,""
"APSRTC Bus Station , Giddalur","bus",15.378825,78.933856,""
"Taticherla X Roads Bus Stop","bus",15.381063,79.033196,""
"Bestavaripeta Bus Stop","bus",15.551384,79.102624,""
"Cumbum X Roads Bus Stop","bus",15.582049,79.113611,""
"Devarajugattu Bus Stop","bus",15.795881,79.256888,""
"APSRTC Bus Station , Dornala","bus",15.908089,79.093815,""
"Chintala Bus Stop","bus",15.961502,78.999849,""
"Tokapalle Junction Bus Stop","bus",15.878823,79.2875,""
"APSRTC Bus Station , Podili","bus",15.60244,79.606603,""
"APSRTC Bus Station , Pamuru","bus",15.100315,79.412245,""
"Chandrasekharapuram Bus Stop","bus",15.183212,79.278685,""
"APSRTC Bus Station , Buchireddypalem","bus",14.532472,79.881653,""
"APSRTC Bus Station , Muttukuru","bus",14.290857,80.09457,""
"Rajupalem Bypass Bus Stop","bus",14.544187,79.991595,""
"Rajupalem Town Bus Stop","bus",14.55548,79.989395,""
"APSRTC BUS STAND , KOTHAPATNAM","bus",15.446699,80.165077,""
"APSRTC Bus Station , Tanguturu","bus",15.338112,80.032547,""
"APSRTC Bus Station , Kondapai","bus",15.413539,79.8556,""
"APSRTC Bus Station , Kandukur","bus",15.218166,79.899376,""
"APSRTC Bus Station , Singarayakonda","bus",15.255336,80.023012,""
"Singarayakonda Bypass Bus Stop","bus",15.243238,80.005887,""
"APSRTC Bus Station , Kaligiri","bus",14.829321,79.692361,""
"APSRTC Bus Station , Vinjamur","bus",14.836196,79.580919,""
"APSRTC Bus Station , Kavali","bus",14.91048,79.993495,""
"Tippa Bus Stop","bus",14.761065,80.001585,""
"Bitragunta  Bus Stop","bus",14.763936,79.989467,""
"APSRTC Bus Station , Darsi","bus",15.774132,79.685666,""
"APSRTC Bus Station , Mundlamuru","bus",15.804267,79.833806,""
"APSRTC Bus Station , Medarametla","bus",15.723475,80.016806,""
"APSRTC Bus Station , Vinukonda","bus",16.055373,79.739879,""
"APSRTC Bus Station , Yerragondapalem","bus",16.039963,79.304891,""
"APSRTC Bus Station , Tripuranthakam","bus",16.002057,79.456392,""
"APSRTC Bus Station , Pedana","bus",16.252574,81.145695,""
"APSRTC Bus Station , Bantumilli","bus",16.370008,81.273441,""
"APSRTC Bus Station , Pamarru","bus",16.323038,80.957536,""
"APSRTC Bus Station , Kuchipudi","bus",16.255992,80.914242,""
"APSRTC Bus Station , Macherla","bus",16.476325,79.439265,""
"APSRTC Bus Station , Gurazala","bus",16.559024,79.638412,""
"Dachepalli","bus",16.591808,79.74339,""
"APSRTC Bus Station , Piduguralla","bus",16.481737,79.877624,""
"APSRTC Bus Station , Sattenapally","bus",16.393083,80.156438,""
"APSRTC NTR Bus Station , Guntur","bus",16.295686,80.456454,""
"APSRTC Palnadu Bus Station","bus",16.297336,80.456743,""
"APSRTC Bus Station , Narasaraopeta","bus",16.227554,80.050368,""
"APSRTC Bus Station , Ponnuru","bus",16.076211,80.54828,""
"APSRTC Bus Station , Bapatla","bus",15.908563,80.478566,""
"APSRTC  Arrival Block","bus",16.508448,80.615161,""
"APSRTC Departure Block","bus",16.508444,80.61621,""
"APSRTC Bus Station , Kanchikacherla","bus",16.685945,80.389262,""
"APSRTC Bus Station , Jagayyapeta","bus",16.891539,80.098414,""
"Jagayyapeta Highwaay Bus Stop","bus",16.914362,80.105373,""
"APSRTC Bus Station , Mylavaram","bus",16.761741,80.642467,""
"APSRTC Bus Station , Nuzvid","bus",16.781507,80.848045,""
"APSRTC Bus Station , Movva","bus",16.225103,80.913593,""
"APSRTC Bus Station , Challapalli","bus",16.113345,80.931174,""
"APSRTC Bus Station , Mopidevi","bus",16.065884,80.923829,""
"APSRTC Bus Station , Avanigadda","bus",16.02536,80.916998,""
"APSRTC Bus Station , Koduru ( Krishna District )","bus",16.013083,81.038613,""
"APSRTC Bus Station , Nagayalanka","bus",15.944831,80.914545,""
"APSRTC Bus Station , Repalle","bus",16.019284,80.828031,""
"APSRTC Bus Station , Tenali","bus",16.244548,80.644334,""
"APSRTC Bus Station , Inkollu","bus",15.826008,80.192928,""
"APSRTC Bus Station , Parchuru","bus",15.964787,80.273878,""
"APSRTC Bus Stand , Naguluppalapadu","bus",15.640408,80.111168,""
"Chilakaluripeta Four Road Junction","bus",16.086212,80.161079,""
"APSRTC Bus Station , Chilakaluripeta","bus",16.098356,80.168289,""
"APSRTC Bus Station , Kankipadu","bus",16.43372,80.767904,""
"APSRTC Bus Station , Mudinepalli","bus",16.421977,81.1088,""
"APSRTC Bus Station , Manglagiri","bus",16.433851,80.565518,""
"APSRTC Bus Station , Vuyyuru","bus",16.360348,80.852149,""
"APSRTC Bus Station , Gannavaram","bus",16.543629,80.807656,""
"Benz Circle Bus Stop","bus",16.497587,80.654121,""
"APSRTC Bus Station  , Kaikaluru","bus",16.555334,81.219294,""
"APSRTC Bus Station , Hanuman Junction","bus",16.63486,80.969848,""
"Hanuman Junction Bypass Bus Stop","bus",16.641574,80.988201,""
"APSRTC Bus Station , Gudivada","bus",16.431372,80.997252,""
"APSRTC Bus Station , Undi","bus",16.584762,81.467874,""
"APSRTC Bus Station  , Bhimavaram","bus",16.545027,81.529757,""
"APSRTC Bus Station ,  Palakollu","bus",16.515768,81.726524,""
"APSRTC Bus Station , Narasapuram","bus",16.440129,81.701809,""
"APSRTC Bus Station  , Razole","bus",16.468049,81.835733,""
"APSRTC Bus Station , Amalapuram","bus",16.579835,81.997787,""
"Yerra Kaluva Bus Stop , Amalapuram","bus",16.585506,82.018436,""
"APSRTC Bus Station , Attili","bus",16.686201,81.602311,""
"APSRTC Bus Station , Tanuku","bus",16.757431,81.672113,""
"APSRTC Bus Station , Penugonda","bus",16.658118,81.744112,""
"APSRTC Bus Station , Marteru","bus",16.626057,81.742631,""
"Marteru Bus Stop","bus",16.626159,81.740159,""
"APSRTC Bus Station  , Mukkamala","bus",16.646829,81.961442,""
"APSRTC Bus Station , Ravulapalem","bus",16.761622,81.8423,""
"APSRTC Bus Station   , Ambajipeta","bus",16.595886,81.946661,""
"APSRTC Bus Station  , Kotipalli","bus",16.698257,82.03578,""
"APSRTC Bus Station , Drakasharamam","bus",16.789956,82.064692,""
"APSRTC Bus Station , Ramachandrapuram","bus",16.836111,82.035851,""
"APSRTC Bus Station , Rajamahendravaram","bus",17.001237,81.789745,""
"APSRTC Bus Station , Kakinada","bus",16.965725,82.239403,""
"APSRTC Bus Station , Samarlakota","bus",17.046202,82.16798,""
"APSRTC Bus Station , Peddapuram","bus",17.076055,82.142506,""
"APSRTC Bus Station , Jaggampeta","bus",17.172438,82.057026,""
"APSRTC Bus Station , Yeleswaram","bus",17.286947,82.107026,""
"APSRTC Bus Station , Kathipudi","bus",17.242616,82.33053,""
"APSRTC Bus Station  , Annavaram","bus",17.280349,82.403694,""
"APSRTC Bus Station , Gollaprolu","bus",17.151834,82.28457,""
"APSRTC Bus Station  , Pithapuram","bus",17.122852,82.255683,""
"Gokavaram Bus Stand , Rajamahendravaram","bus",17.009906,81.772046,""
"APSRTC Bus Station , Seethanagaram","bus",17.177459,81.695285,""
"APSRTC Bus Station , Gokavaram","bus",17.262998,81.850064,""
"Yerravaram Bus Stop","bus",17.230182,82.126351,""
"APSRTC Bus Station , Nidadavolu","bus",16.901015,81.673351,""
"APSRTC Bus Station , Tadepallegudem","bus",16.818692,81.523537,""
"Tadepalligudem Canal Bus Stop","bus",16.807385,81.531515,""
"APSRTC Bus Station , Prathipadu","bus",17.22813,82.191378,""
"APSRTC Bus Station , Nallajerla","bus",16.948242,81.407503,""
"APSRTC New Bus Station  , Eluru","bus",16.707517,81.090018,""
"APSRTC Old Bus Station , Eluru","bus",16.711367,81.111619,""
"Eluru ASRAM Hospital Bus Stop","bus",16.73755,81.140572,""
"Eluru Bypass Bus Stop","bus",16.679426,81.023861,""
"APSRTC Bus Station , Jangareddigudem","bus",17.117012,81.295466,""
"APSRTC Bus Station , Koyyalagudem","bus",17.127537,81.430327,""
"APSRTC Bus Station , Dwaraka Tirumala","bus",16.955857,81.25333,""
"APSRTC Bus Station , Kamavarapukota","bus",17.008142,81.204915,""
"APSRTC Bus Station , Chintalapudi","bus",17.078196,80.99038,""
"APSRTC Bus Station , Bhimadolu","bus",16.822895,81.262002,""
"APSRTC Bus Station , Dubacherla","bus",16.908026,81.35414,""
"APSRTC Bus Station , Yernagudem","bus",17.000652,81.505307,""
"APSRTC Bus Station , Kovvur","bus",17.01779,81.726543,""
"APSRTC Bus Station , Akiveedu","bus",16.581132,81.382247,""
"Masid Center Bus Stop . Kaikaluru","bus",16.552796,81.212945,""
"APSRTC Bus Station  , Tuni","bus",17.368564,82.543227,""
"APSRTC Bus Station  , Payakaraopeta","bus",17.362818,82.54919,""
"APSRTC Bus Station , Narsipatnam","bus",17.66326,82.616454,""
"APSRTC Bus Station , Paderu","bus",18.087788,82.668901,""
"APSRTC Bus Station , Araku","bus",18.322641,82.878205,""
"APSRTC Bus Station , Srungavarapukota","bus",18.107681,83.139737,""
"APSRTC Bus Station , Vizianagaram","bus",18.108407,83.398797,""
"APSRTC Bus Station , Gajapathinagaram","bus",18.283134,83.336211,""
"APSRTC Bus Station , Nellimarla","bus",18.165381,83.446797,""
"Nellimarla Bus Stop","bus",18.16476,83.44829,""
"Grividi Bus Stop","bus",18.28166,83.530966,""
"Garividi Bus Stop","bus",18.284641,83.538576,""
"APSRTC Bus Station  , Cheepurupalli","bus",18.310108,83.566388,""
"APSRTC Bus Station , Elamanchili","bus",17.547072,82.853994,""
"Nakkapalli Addu Road Bus Stop","bus",17.431171,82.744603,""
"Nakapalli Bus Stop","bus",17.409025,82.715465,""
"Nkapalli Bus Stop","bus",17.408834,82.715506,""
"APSRTC Bus Station , Kasimkota","bus",17.670249,82.967149,""
"APSRTC Bus Station , Gajuwaka","bus",17.690288,83.223832,""
"APSRTC City Bus Stop , RK Beach","bus",17.71142,83.318225,""
"Denkada Bus Stop","bus",18.074894,83.474971,""
"Teppalavalasa Bus Stop","bus",18.029603,83.588988,""
"Chintapalli Bus Stop","bus",18.072373,83.647913,""
"D.Masthyalesham Bus Stp","bus",18.184971,83.869345,""
"Ichapuram Private Bus Stand","bus",19.113072,84.68433,""
"Satyavaram Bus Stop","bus",18.408916,84.034386,""
"APSRTC Bus Station  , Alipiri","bus",13.647994,79.409108,""
"APSRTC and Private Bus  Station , Kasibugga","bus",18.760654,84.419375,""
"APSRTC Bus Station , Chinturu","bus",17.746376,81.397727,""
"Amdalavalasa Bridge Junction Bus Stop","bus",18.398038,83.895397,""
"Kollivalasa Bus Stop","bus",18.505698,83.832264,""
"Konda Thamarapalli Village Bus Stop","bus",18.166873,83.249901,""
"Nadipalli Bus Stop","bus",18.041555,83.553823,""
"Nizamabad Bus Stop","bus",18.301506,84.023208,""
"Kurudu Bus Stop","bus",18.555165,84.143323,""
"Danta Junction Bus Stop","bus",18.55785,84.130003,""
"Kuramanpeta  Bus Stop","bus",18.565278,84.135773,""
"Kothapalli Bus Stop","bus",18.580533,84.135439,""
"Venkatapuram Bus Stop","bus",18.622308,84.126934,""
"BANDARUVANIPETA BUS STOP","bus",18.324154,84.125887,""
"Srikurmam Village Bus Stop","bus",18.271748,84.003276,""
"Kurupam Bus Stop","bus",18.866189,83.554119,""
"Gumma Laxmipuram X Roads Bus Stop","bus",18.974508,83.663365,""
"Nilakanthapuram Bus Stop","bus",18.831335,83.708483,""
"Mugadalapadu Bus Stop","bus",18.284872,84.07765,""
"Veeraghattam Bus Stop","bus",18.687582,83.612293,""
"ONUKUDELLI BUS STOP","bus",18.518762,82.431494,""
"Lamtaput Bus  Stop","bus",18.618535,82.592445,""
"Jaddangi X Roads Bus Stop","bus",17.480433,82.155812,""
"Chittoor Old Bus Stand","bus",13.216281,79.099794,""
"APSRTC Balaji Bus Station , Tirumala","bus",13.677155,79.350369,""
"APSRTC Bus Station , Bethamcherla","bus",15.458068,78.15224,""
"APSRTC Bus Station , Rajvihar  ( Kurnool )","bus",15.828262,78.038896,""
"Ahobilam Bus Stop","bus",15.13165,78.675017,""
"APSRTC Old Bus Station , Kadapa","bus",14.475575,78.821439,""
"APSRTC ZONAL WORK SHOP , KADAPA","bus",14.4437,78.86878,""
"APSRTC Bus Station , Sullurupeta","bus",13.698883,80.014587,""
"APSRTC Bus Station , Podalakur","bus",14.388093,79.736185,""
"APSRTC Bus Station , Hiramandalam","bus",18.666861,83.95072,""
"APSRTC Bus Station , Amaravathi","bus",16.569498,80.358514,""
"Veeravallii Bus Stop","bus",16.613854,80.917485,""
"Veeravallii  Bypass Bus Stop","bus",16.61142,80.913081,""
"Yanam New Bus Station","bus",16.736596,82.212744,""
"APSRTC Bus Station , Kurmanapalem ( Steel City )","bus",17.684535,83.165336,""
"APSRTC Bus Station , Pakala","bus",13.449209,79.119484,""
"Madhavaram Mofussil Bus Terminus","bus",13.146104,80.2217,""
"PERIYAPALAYAM BUS STAND","bus",13.308127,80.046225,""
"Tiruttani Bus Stand","bus",13.174315,79.613294,""
"Thiruvannamalai Bus Stand","bus",12.239974,79.073379,""
"Kanchipuram Bus Stand","bus",12.835645,79.705241,""
"Krishnagiri Moffusil Bus Stand","bus",12.533195,78.207014,""
"Pondicherry Bus Stand","bus",11.932186,79.817464,""
"Polavaram Bus Stop","bus",18.596825,84.178541,""
"Pattupuram Junction Bus Stop","bus",18.76896,84.200266,""
"Tenagallu Bus Stop","bus",14.352391,77.113298,""
"Obaganapalli Bus Stop","bus",14.361939,77.151057,""
"Malagam Bus Stop","bus",18.470868,84.232403,""
"Naupada Three Road Junction Bus Stop","bus",18.556781,84.292078,""
"Mulapeta Junction Bus Stop","bus",18.525437,84.299222,""
"Teli Nilapuram Bus Stop","bus",18.575894,84.268384,""
"Viswanadhapuram Ammavari Gudi Bus Stop","bus",18.58303,84.257938,""
"Gopalapuram Bus Stop","bus",18.582395,84.02515,""
"Akkivalasa Bus Stop","bus",18.576255,84.015912,""
"Lakkavaram Bus Stop","bus",18.914866,84.579982,""
"Manikyapuram Bus Stop","bus",18.952925,84.63036,""
"Dandu Gedda Bus Stop","bus",19.073846,84.65966,""
"Ranipet New Bus Station","bus",12.928863,79.331711,""
"Konta Border Bus Stop","bus",17.800557,81.382525,""
"Konta ( Andhra Pradesh - Chattisgarh  )Border Bus Stop","bus",17.799256,81.382059,""
"Konta Bus Stand","bus",17.809596,81.38148,""
"Rajanagaram Bypass Bus Stop","bus",17.081178,81.897446,""
"Diwancheruvu Bus Stop","bus",17.046186,81.844067,""
"Red Hills MTC Bus Terminus","bus",13.192939,80.183987,""
"Vadamalpeta Bus Stop","bus",13.549125,79.523911,""
"Srinivasa Mangapuram Bus Stop","bus",13.607091,79.448777,""
"Red Hills Bypass Bus Stop","bus",13.196737,80.181051,""
"Madhavarm APSRTC , TNSTC Bus Terminus","bus",13.145566,80.221364,""
"Janappanchataram Bus Stop","bus",13.262437,80.154631,""
"Rajam ( Palasa ) Bus Stop","bus",18.758838,84.447408,""
"Elamanchili Bypass BusStop","bus",17.564695,82.860986,""
"Kannampalayam Bus Stop","bus",10.997527,77.099384,""
"TGSRTC  Bus Station , Miryalaguda","bus",16.870405,79.561426,""
"Koyambedu Mofussil Bus Terminal","bus",13.065835,80.205601,""
"TNSTC Tanthiperiyar Bus Depot , Tiruvannamalai","bus",12.213783,79.056561,""
"TNSTC Bus Depot , Tiruvannamalai","bus",12.252044,79.067277,""
"TGSRTC Bus Station , Ibrahimpatnam","bus",17.191737,78.647465,""
"TSRTC BUS DEPOT , IBRAHIMPATNAM","bus",17.186849,78.648746,""
"TSRTC Bus Stand , Falaknuma","bus",17.329741,78.470299,""
"TSRTC BUS DEPOT , MEHADIPATANM","bus",17.392257,78.44059,""
"Mehdipatnam  Bus Stop","bus",17.392158,78.441849,""
"TSRTC WORKSHOP , RTC X ROADS","bus",17.406325,78.50012,""
"TSRTC Bus Station , Prashant Nagar","bus",17.473504,78.426743,""
"VIDYANAGAR BUS STOP","bus",17.404321,78.510287,""
"Kushaiguda Bus Stop","bus",17.468956,78.565445,""
"L.B Nagar Bus Stop","bus",17.342188,78.557663,""
"TSRTC BUS STAND , N.G.O""S COLONY","bus",17.324908,78.566462,""
"TSRTC BUS DEPOT, MIYAPUR 1","bus",17.513361,78.359976,""
"TGSRTC Bus Building Unit Depot","bus",17.510389,78.360808,""
"APSRTC BUS DEPOT PARKING AREA , RAMACHANDRAPURAM","bus",17.516823,78.289059,""
"MANGALAMPETA BUS STOP","bus",13.576639,79.093852,""
"Damalacheruvu Bus Stop","bus",13.481877,79.042967,""
"K.KothapetaBus Stop","bus",13.550088,79.088224,""
"Krishnapuram Bus Stop","bus",13.487507,79.085693,""
"Kannurupalem Bus Stop","bus",17.634527,82.81863,""
"Boddavada Bus Stop","bus",19.129889,84.603496,""
"Koligam Bus Stop","bus",19.122105,84.61725,""
"Edukondalu APSRTC Bus Station Terminal","bus",13.629994,79.427417,""
"Srinivasa APSRTC Bus Station Terminal","bus",13.629896,79.426739,""
"Purushottapuram Bus Stop","bus",18.466082,83.94816,""
"Ramanguda Bus Stop","bus",19.214961,83.66505,""
"Unagarada Metta Bus Stop","bus",18.539111,83.724371,""
"Yerakayapuram Bus Stop","bus",18.578568,83.699263,""
"Sankili Bus Stop","bus",18.562396,83.742071,""
"Tunivada Bus Stop","bus",18.575312,83.685058,""
"Kedaripuram Bus Stop","bus",19.127134,83.641574,""
"Battili / Gunupur X Roads Bus Stop","bus",19.03144,83.770799,""
"Seethampeta Bus Stop","bus",18.695427,83.817533,""
"Donakonda Bus Stop","bus",15.831266,79.486157,""
"Atmakur-N Highway Bus Stop","bus",14.645099,79.617399,""
"Gudivaka Lanka Bus Stop","bus",16.637905,81.214094,""
"Thatichetlapalem Bus Stop","bus",14.774063,80.094888,""
"Uppalapadu Bus Stop","bus",14.620876,79.91875,""
"Ulavapadu Bypass Bus Stop","bus",15.167293,80.00136,""
"Ulavapadu Bua Stop","bus",15.164553,80.009529,""
"Tarlupadu Bus Stop","bus",15.657642,79.22278,""
"Machavaram Bus Stop","bus",15.369423,79.486778,""
"Pathapadu ( Kanigiri ) Bus Stop","bus",15.264093,79.421523,""
"Guravajipeta Bus Stop","bus",15.228345,79.398722,""
"Komatigunta Bus Stop","bus",15.177537,79.337582,""
"Sajjavaripalem Bus Stop","bus",16.006207,80.796614,""
"Nakshatranagar Bus Stop","bus",15.891295,80.774819,""
"Kothapalem Bus Stop","bus",15.886243,80.791278,""
"Aduvuladivi Bus Stop","bus",15.912378,80.774204,""
"Kunchinapudi Bus Stop","bus",15.962717,80.749287,""
"Pallapatla Bus Stop","bus",15.982168,80.751944,""
"Lankavanidibba Bus Stop","bus",15.792534,80.843513,""
"Ganganipalem Bus Stop","bus",15.883772,80.8873,""
"Utagundam Bus Stop","bus",15.95029,81.06835,""
"Paradarami Bus Stand","bus",13.06958,78.973485,""
"Pernumbut Bus Stand","bus",12.933465,78.717364,""
"Allagadda Bypass Bus Stop","bus",15.150114,78.500385,""
"Uyyalavada Bus Stop","bus",15.099691,78.395791,""
"APSRTC BUS STAND , GANAPAVARAM","bus",16.702174,81.461666,""
"Katretikona Bus Stop","bus",16.581806,82.153775,""
"Kothur Lanka Bus Stop","bus",16.264477,80.801424,""
"APSRTC Bus Station , Thullur","bus",16.529251,80.471216,""
"Konduru Bus Stop","bus",16.574821,80.067337,""
"MSRTC Bus Depot","bus",18.3986,76.562684,""
"Srikalahasthi Bypass Bus Stop","bus",13.749035,79.688517,""
"Gudur Bypass Bus Stop","bus",14.137961,79.863612,""
"Thallapalem Bus Stop","bus",17.63426,82.893972,""
"Jagannadhapuram Bus Stop","bus",18.440268,84.209396,""
"Udayapuram Bus Stop","bus",18.458617,84.224487,""
"Borubhadra Bus Stop","bus",18.477769,84.207783,""
"Santhabommali X Roads Bus Stop","bus",18.536361,84.217368,""
"Harichandrapuram Village Bus Stop","bus",18.468567,84.130354,""
"Priyagraharam Bus Stop","bus",18.421649,84.14135,""
"Pinnintipeta Bus Stop","bus",18.430832,84.170766,""
"Kotabommali Bus Stop","bus",18.520191,84.163138,""
"Chakrampeta Bus Stop","bus",14.245737,79.242803,""
"Chitvel Bus Stop","bus",14.170828,79.333423,""
"Hemavathi Bus Stop","bus",14.025297,76.995144,""
"Amarapuram Bus Stop","bus",14.129866,76.978196,""
"Lodduputti Junction Bus Stop","bus",19.092336,84.675289,""
"Kotanka Bus Stop","bus",14.770227,77.528186,""
"Martadu Bus Stop","bus",14.793375,77.564608,""
"Garladinne Bus Stop","bus",14.820493,77.597794,""
"Vadiyampeta  Bus Stop","bus",14.750179,77.60228,""
"Vadiyampeta Bypass Bus Stop","bus",14.747559,77.603111,""
"Samaladoddi Bus Stop","bus",14.725412,77.604516,""
"Veerannapeta Bus Stop","bus",18.678887,84.168418,""
"Naupada Bus Stop","bus",18.571725,84.274145,""
"Bhavanapadu Bus Stop","bus",18.570836,84.354084,""
"Manchineellapeta Bus Stop","bus",18.662829,84.436308,""
"Kondavuru Bus Stop","bus",18.675387,84.406509,""
"Pallivuru Bus Stop","bus",18.655645,84.417491,""
"Umilada Bus Stop;Umilada Beach Bus Stop","bus",18.427473,84.199405,""
"Katikavakikunta  Bus Stop","bus",15.37216,78.11584,""
"Yaganti Bus Stop","bus",15.346362,78.14901,""
"Patapadu Bus Stop","bus",15.329548,78.158565,""
"Revallu Bus Stop","bus",17.625022,82.18255,""
"Mampa Bus Stop","bus",17.656376,82.171005,""
"Koyyuru Bus Stop","bus",17.66075,82.208405,""
"Karakapdau Bus Stop","bus",17.641528,82.235069,""
"Boodaralla Bus Stop","bus",17.728211,82.253889,""
"Gudlapalle Bus Stop","bus",17.690923,82.252571,""
"Krishnadevipeta Bus Stop","bus",17.673141,82.379734,""
"Jogumpeta Bus Stop","bus",17.677817,82.478503,""
"ST Workshop","bus",18.406538,76.566972,""
"Majalgaon Bus Point","bus",18.398368,76.572929,""
"Old Railway Station Bus Stand","bus",18.398042,76.57845,""
"APSRTC Non-Stop Terminal","bus",18.309238,83.89401,""
"Ponduru Bypass Bus Stop","bus",18.354235,83.759487,""
"Kukkidi Bu Stop","bus",19.045299,83.656343,""
"Polla Bus Stop","bus",18.763361,83.686925,""
"Dandasura Bus Stop","bus",18.816636,83.701279,""
"Vaddivada Bus Stop","bus",18.499262,84.209702,""
"TGSRTC Bus Station , Bhadrachalam","bus",17.671753,80.890774,""
"Tongpal Bus Stop","bus",18.72583,81.809939,""
"Akkayyavalasa Junction Bus Stop Shelter","bus",18.51323,84.14163,""
"Rekhapalle Bus Stop","bus",17.568013,81.29995,""
"APSRTC Bus Station , Vayalapadu","bus",13.638694,78.631396,""
"APSRTC Bus Station , Marturu","bus",15.977713,80.098684,""
"Samireddypalli Bus Stop","bus",13.052691,78.95723,""
"Gondivallavuru  Bus Stop","bus",13.090619,78.957665,""
"Patrapalle Bus Stop","bus",13.096122,78.979389,""
"Vadditandra Bus Stop","bus",18.54266,84.234585,""
"Lakshminarasupeta Junction Bus Stop","bus",18.621947,83.939407,""
"Koppara Bus Stop","bus",18.629514,83.560789,""
"Bangaruvalasa Bus Stop","bus",18.654628,83.566812,""
"Maddivalasa Bus Stop","bus",18.639776,83.587575,""
"Jamadala bus stop","bus",18.727113,83.309804,""
"Namakkal New Bus Stand","bus",11.256637,78.171259,""
"Appikonda Bus Stop","bus",17.574685,83.16997,""
"Murubai Bus Stop","bus",17.580406,83.16163,""
"Tirupathi Airport APSRTC Bus Stop","bus",13.638725,79.547534,""
"APSRTC Bus Station , Agirepalli","bus",16.679788,80.783218,""
"Nidamanuru Bus Stop","bus",16.510832,80.715846,""
"Pedapulipaka Bus Stop","bus",16.458766,80.682525,""
"Munduru Bus Stop","bus",16.82761,81.159587,""
"Avidi Bus Stop","bus",16.674595,81.90457,""
"Gangadhara Nellore Bus Stop","bus",13.230762,79.180955,""
"Balija Khandriga Bus Stop","bus",13.222139,79.443846,""
"Nochili Bus Stop","bus",13.230345,79.474276,""
"Vanadurgapuram Bus Stop","bus",13.24746,79.400648,""
"New bus station","bus",15.30773,76.474412,""
"APSRTC Bus Station , yerpedu","bus",13.69438,79.594614,""
"Dasarapalle Bus Stop","bus",13.131015,79.036899,""
"Krishnampalle Bus Stop","bus",13.099309,79.033172,""
"Kottalam Bus Stop","bus",13.077543,79.025859,""
"Yadamari Bus Stop","bus",13.160032,79.038672,""
"Kasiralla Bus Stop","bus",13.125497,79.013582,""
"Patrapalle X Roads Bus Stop","bus",13.098589,78.989529,""
"Tellarallapalle BUs Stop","bus",13.081351,78.959527,""
"Kannikapuram Bus Stop","bus",13.086336,78.984587,""
"Vepanapalle Bus Stop","bus",13.098921,79.018245,""
"Singupallli Bus Stop","bus",16.188213,79.541048,""
"Tellagatla Bus Stop","bus",16.156385,79.493616,""
"Marrivemula Bus Stop","bus",16.235367,79.553716,""
"Ungaranigundla Bus Stop","bus",15.365305,77.829021,""
"U . Kottapalli Bus Stop","bus",15.375261,77.836374,""
"Rekhalakunta Bus Stop","bus",15.331475,77.808322,""
"U . Kottapalli Bypass Bus Stop","bus",15.371783,77.833495,""
"Obulapuram Bus Stop","bus",15.347136,77.794795,""
"Eddupenta X Roads Bus Stop","bus",15.364578,77.783105,""
"Yapadinne  Bus Stop","bus",15.382451,77.776073,""
"Malliyala Bus Stop","bus",15.395028,77.770583,""
"Katarakonda Bus Stop","bus",15.42136,77.751512,""
"Alamkonda Bus Stop","bus",15.43911,77.736275,""
"Lakkasagaram Bus Stop","bus",15.471973,77.713771,""
"Pandirlapalli Bus Stop","bus",15.466063,77.683129,""
"Gundlakonda Bus Stop","bus",15.47687,77.650952,""
"Gundlakonda X Roads Bus Stop","bus",15.475245,77.64894,""
"Gundamralla Bus Stop","bus",15.495623,77.661298,""
"Nelatalamari Bus Stop","bus",15.49598,77.598179,""
"Devanakonda Bus Stop","bus",15.540137,77.546395,""
"Bestharapalli Bus Stop","bus",14.292188,77.101283,""
"Bestharapalli x Roads Bus Stop","bus",14.29389,77.096296,""
"Jambugampala Bus Stop","bus",14.256777,77.063903,""
"Machchalli Sunnapalli Bus Stop","bus",18.517898,84.300266,""
"Manayyapeta Bus Stop","bus",18.384722,83.926501,""
"Sigupuram Juction Bus Stop","bus",18.366232,83.977977,""
"Sigupuram Village Bus Stop","bus",18.354463,83.970807,""
"Urlam Bus Stops","bus",18.418665,83.993663,""
"Nadagam Bus Stop","bus",18.434442,83.982668,""
"Chodavaram Bus Stop","bus",18.467845,83.966828,""
"Allada Bus Stop","bus",18.4811,83.975959,""
"Pedda Lakshmipuram Bus Stop","bus",18.782151,84.215118,""
"Bandapalli Bus Stop","bus",18.70678,84.214964,""
"Jalaka Lingupuram Bus Stp","bus",18.743895,84.186395,""
"Damara Bus Stop","bus",18.647846,84.229374,""
"Ratti Bus Stop","bus",18.817944,84.54457,""
"Gunjarada Bus Stop","bus",18.951873,83.673097,""
"Ratnagiri Bus Stop","bus",13.810986,77.126977,""
"Gollapalli Bus Stop","bus",13.90834,77.530591,""
"Chalakuru Bus Stop","bus",13.939504,77.556928,""
"Brahmanapalli Bus Stop","bus",13.96649,77.573153,""
"Chakarlapalli Bus Stop","bus",13.995573,77.582075,""
"Challapalli Bus Stop","bus",14.004551,77.557097,""
"Malugur X Roads Bus Stop","bus",13.895672,77.524204,""
"Nnadavaram Bus Stop","bus",15.853508,77.485224,""
"Nadigallu Bus Stop","bus",18.694128,83.413559,""
"Papammavalasa Bus Stop","bus",18.697946,83.399658,""
"Mahanandi Bus Stop","bus",15.471014,78.625274,""
"Govindapalle Bus Stop","bus",15.352185,78.517215,""
"Yerraguntla Bus Stop","bus",15.282106,78.507274,""
"Divili Bus Stop","bus",17.144846,82.161877,""
"Rajupalem Bus Stop","bus",17.166849,82.168759,""
"Kirlampudi Bus Stop","bus",17.197819,82.181155,""
"Vommangi Bus Stop","bus",17.258221,82.221323,""
"Uttarakanchi Bus Stop","bus",17.299464,82.208918,""
"Peddipalem Bus Stop","bus",17.312198,82.213273,""
"Ravutpalem Bus Stop","bus",17.308878,82.201497,""
"Maturu X Roads Bus Stop","bus",16.959189,80.400872,""
"Rolupadi Bus Stop","bus",17.051152,80.571291,""
"TGSRTC Bus Station , Kodada","bus",16.996907,79.96595,""
"TSRTC BUS DEPOT, KODADA","bus",16.995687,79.965915,""
"TGSRTC Hi-Tech Bus Stand , Suryapeta","bus",17.152201,79.620031,""
"TGSRTC New Bus Stand , Suryapeta","bus",17.150493,79.622588,""
"TSRTC BUS STAND , PALVANCHA","bus",17.599059,80.705752,""
"TGSRTC Bus Station , Kothagudem","bus",17.548181,80.615643,""
"T . Kottapalli Bus Stop","bus",14.844082,78.78825,""
"Jyothi Bus Stop","bus",15.060781,78.796183,""
"Mudireddipalle Bus Stop","bus",14.856632,78.798326,""
"Mallepalle Bus Stop","bus",14.888865,78.880704,""
"Amagampalle Bus Stop","bus",14.920262,78.906234,""
"Vankamarri Bus Stop","bus",14.938757,78.941972,""
"Narsingpalle Bus Stop","bus",14.972397,78.977551,""
"Sankhavaram Bus Stop","bus",15.048617,78.978879,""
"Narasapuram Bus Stop","bus",15.052888,78.934418,""
"Ganganapalle Bus Stop","bus",15.05673,78.909288,""
"Balayapalle Bus Stop","bus",15.067151,78.890231,""
"Varikunta Bus Stop","bus",15.051532,78.865362,""
"Tegacherla Bus Stop","bus",14.396645,79.41526,""
"Sydadupalli Bus Stop","bus",14.237974,79.534079,""
"Yepuru Bus Stop","bus",14.256544,79.519074,""
"Akilavalasa Bus Stop","bus",14.290639,79.506004,""
"Penubarthi Bus Stop","bus",14.335123,79.480373,""
"Gonupalle Bus Stop","bus",14.342234,79.47275,""
"Garimenapeta Bus Stop","bus",14.381262,79.462909,""
"Koturupalle  Bus Stop","bus",14.413675,79.39869,""
"Uyyalapalle Bus Stop","bus",14.424857,79.39084,""
"Venkataramarajupeta Bus Stop","bus",14.456305,79.372398,""
"Kulluru Bus Stop","bus",14.492404,79.36745,""
"Kudaravalli Bus Stop","bus",16.561915,81.033639,""
"Satyavolu Bus Stop","bus",16.600599,81.029404,""
"Vangayagudem Bus Stop","bus",16.696046,81.093003,""
"Budawada Bus Stop","bus",16.875803,80.033347,""
"VSP Town Ship vBus Stop","bus",16.87365,80.090053,""
"Kadirepalli Bus Stop","bus",13.986987,77.54315,""
"Cheedigummala Bus Stop","bus",17.687186,82.573617,""
"Golugonda Bus Stop","bus",17.67918,82.469798,""
"Chodyam Bus Stop","bus",17.662433,82.426216,""
"Kannammapeta Bus Stop","bus",17.642592,82.418665,""
"Kantaram Bus Stop","bus",17.606932,82.379652,""
"Kommika Bus Stop","bus",17.603973,82.339264,""
"Borrampeta Bus Stop","bus",17.598767,82.322856,""
"TGSRTC Bus Station , Aswaraopet","bus",17.244945,81.130617,""
"Jeelugumilli Bus Stop","bus",17.212793,81.133773,""
"Vankavarigudem Bus Stop","bus",17.205025,81.143189,""
"Lakshmipuram Bus Stop","bus",17.156795,81.170309,""
"Taduvai Bus Stop","bus",17.141482,81.203699,""
"Vegavaram Bus Stop","bus",17.127134,81.240753,""
"Manchala Bus Stop","bus",17.947872,82.885552,""
"Cheedikada Bus Stop","bus",17.92956,82.891875,""
"Chinna Gogada Bus Stop","bus",17.897921,82.905212,""
"Damunapalle Bus Stop","bus",17.86186,82.926295,""
"Gandhavaram Bus Stop","bus",17.772542,82.987528,""
"Marturu Road X Roads Bus Stop","bus",17.725186,82.996538,""
"Govada Bus Stop","bus",17.804757,82.966397,""
"Krosuru Bus Stop","bus",16.547208,80.136863,""
"Vipparla Bus Stop","bus",16.555223,80.175823,""
"Utukuru Bus Stop","bus",16.566355,80.201892,""
"Bayyavaram Bus Stop","bus",16.55183,80.210549,""
"mUNUGODU bUS sTOP","bus",16.567763,80.23972,""
"Jupudi Bus Stop","bus",16.566072,80.257409,""
"Malladi Bus Stop","bus",16.573536,80.278475,""
"Tammavaram  Bus Stop","bus",16.574929,80.286803,""
"Didugu Bus Stop","bus",16.579872,80.299367,""
"Muttayapalem Bus Stop","bus",16.581163,80.319484,""
"Dharanikota Bus Stop","bus",16.577647,80.347563,""
"Narukullapadu Bus Stop","bus",16.531867,80.366606,""
"Endroyi  Bus Stop","bus",16.514262,80.376569,""
"Mothadaka  Bus Stop","bus",16.471664,80.402989,""
"Thadikonda X Roads Bus Stop","bus",16.410338,80.419882,""
"Lam Farms Bus Stop","bus",16.367039,80.434439,""
"Gorantla Bus Stop","bus",16.342453,80.439173,""
"Government Hospital Bus Stop","bus",16.330411,80.43834,""
"Pottempadu Bus Stop","bus",14.321169,80.029431,""
"Eedulavaripalem Bus Stop","bus",14.342893,80.054912,""
"Brahmadevam Bus Stop","bus",14.344486,80.066267,""
"Kakupalle Bus Stop","bus",14.389497,80.03264,""
"Uttaravalli Bus Stop","bus",18.467051,83.476184,""
"Chinna Sirlam Bus Stop","bus",18.509338,83.691351,""
"Burada Bus Stop","bus",18.497043,83.678608,""
"Burada Junction Bus Stop","bus",18.492078,83.675994,""
"Ommi Bus Stop","bus",18.451102,83.602937,""
"Perumali Bus Stop","bus",18.449162,83.563001,""
"Panukuvalasa Bus Stop","bus",18.460479,83.532294,""
"Locherla Bus Stop","bus",18.481859,83.533574,""
"Vantharam Bus Stop","bus",18.540332,83.53267,""
"Balijipeta Bus Stop","bus",18.613753,83.527026,""
"Maripalli Bus Stop","bus",18.618933,83.152417,""
"Dandigam Bus Stop","bus",18.612964,83.116216,""
"APSRTC Bus Station , Rajam","bus",18.450996,83.659584,""
"Bucchampeta X Roads Bus Stop","bus",17.700886,82.597786,""
"Dharakonda Bus Stop","bus",17.997681,82.12462,""
"Lankapakalu","bus",17.906438,82.181106,""
"Rajupakalu Bus Stop","bus",17.824349,82.471182,""
"Ebulam Bus Stop","bus",17.869931,82.268551,""
"Kadugula  Bus Stop","bus",17.876724,82.296079,""
"Kummarithota Bus Stop","bus",17.975374,82.07603,""
"Patakotta Bus Stop","bus",17.887182,81.984507,""
"Gummarevulu Bus Stop","bus",17.887098,82.002633,""
"Vanchula bUS sTOP","bus",17.909303,82.291076,""
"Jerrila Bus Stop","bus",17.946127,82.303391,""
"Mondigedda Bus Stop","bus",17.952596,82.317415,""
"Duppalwada Bus Stop","bus",18.021513,82.090174,""
"Dharalamma Temple Bus Stop","bus",17.981251,82.13268,""
"Sankada Bus Stop","bus",17.828851,82.288546,""
"Peddavalasa Bus Stop","bus",17.785234,82.269844,""
"Lakkavarapupeta Bus Stop","bus",17.802261,82.245324,""
"Devarapalli Bus Stop","bus",17.835279,82.255302,""
"Sarabhannapalem Bus Stop","bus",17.754767,82.368228,""
"Bayyapureddipalem Bus Stop","bus",17.635068,82.602642,""
"Mulagapudi Bennavaram Bus Stop","bus",17.609397,82.573863,""
"Srungavaram Bus Stop","bus",17.54501,82.526313,""
"Thandava Junction Bus Stop","bus",17.583299,82.55112,""
"Gannavarm Metta Bus Stop","bus",17.512223,82.508296,""
"Kotanandūru Bus Stop","bus",17.481477,82.494957,""
"Diguvulappolavaram Bus Stop","bus",17.431057,82.524239,""
"Nidimipalem Bus Stop","bus",17.642524,82.26968,""
"Sarabhavaram Bus Stop","bus",17.611489,82.242345,""
"Rajavommangi Bus Stop","bus",17.546841,82.232905,""
"Vattigedda Bus Stop","bus",17.511533,82.192988,""
"Cherukumpalem Bus Stop","bus",17.464759,82.146236,""
"Bornagudem Bus Stop","bus",17.428153,82.12402,""
"Jaddangi Annavaram Bus Stop","bus",17.387591,82.09515,""
"Gontuvanipalem Bus Stop","bus",17.356396,82.1134,""
"Ramanayyapeta Bus Stop","bus",17.321123,82.101238,""
"Kinchavanipalem Bus Stop","bus",17.657214,82.180459,""
"Bandamamillu Bus Stop","bus",17.621483,82.139245,""
"Dakodu Bus Stop","bus",17.610698,82.127757,""
"Rampulu Bus Stop","bus",17.753755,82.30565,""
"Chaparatipalem Bus Sstop","bus",17.765712,82.286407,""
"Doddavaram Bus Stop","bus",17.673828,82.238802,""
"Konalova Bus Stop","bus",17.446264,82.090522,""
"Kotthampalem Bus Stop","bus",17.465944,82.120926,""
"Rajampalem Bus Stop","bus",17.432154,82.064361,""
"Papampeta Bus Stop","bus",17.447847,82.038643,""
"APSRTC  Bus Station , Addateegala","bus",17.477338,82.024039,""
"Etupalli Bus Stop","bus",17.472677,81.962583,""
"Chinna Addapalli Bus Stop","bus",17.450586,81.936103,""
"Usirikijonnalu Bus Stop","bus",17.405701,81.852343,""
"Sitapalli Bus Stop \ Sitapalli Bus Stop","bus",17.401836,81.80107,""
"Rampachodavaram Bus Stop","bus",17.440115,81.777355,""
"Chinna Geddāda Bus Stop","bus",17.452532,81.738573,""
"Devarapalle Bus Stop","bus",17.522063,81.723714,""
"Maredumilli Bus Stop","bus",17.59717,81.714931,""
"Mettur Bus Stand","bus",11.791703,77.799168,""
"Matchyapuram Bus Stop","bus",18.049314,82.550533,""
"Annavaram Bus Stop","bus",17.984607,82.413206,""
"LothugeddavBus Stop","bus",17.962395,82.393638,""
"Donkarāyi Bus Stop","bus",17.927955,81.802245,""
"Mangampadu Busn Stop","bus",17.965837,81.901024,""
"Forebay Camp Bus Stop","bus",17.853213,81.702989,""
"Mothugudem Bus Stop","bus",17.830228,81.633477,""
"Gudlagudem Bus Stop","bus",17.7568,81.519308,""
"Lakkavaram Junction Bus Stop","bus",17.754136,81.495337,""
"Hukkumpeta Bus Stop","bus",18.14717,82.692333,""
"Peddagaruvu Bus Stop","bus",18.180614,82.747296,""
"Rangasila Bus Stop","bus",18.20868,82.77886,""
"Kinchumanda Bus Stop","bus",18.245688,82.796771,""
"Dumbriguda Bus Stop","bus",18.287841,82.792016,""
"Marela Bus Stop","bus",18.177994,82.753327,""
"Santhari Bus Stop","bus",18.167791,82.788651,""
"Rapa Junction Bus Stop","bus",18.144804,82.812491,""
"Uppa Junction Bus Stop","bus",18.115964,82.824353,""
"Bhalluguda Bus Stop","bus",18.284615,82.940232,""
"Sunkarametta Bus Stop","bus",18.278035,82.966667,""
"Bisupuram Bus Stop","bus",18.269522,82.994815,""
"Borra Junction Bus Stop","bus",18.241641,83.030517,""
"Damuku Bus Stop","bus",18.221891,83.035523,""
"Tyada Park Bus Stop","bus",18.214806,83.039313,""
"Tyada  Bus Stop","bus",18.214154,83.043508,""
"Sivalingapuram Bus  Stop","bus",18.209345,83.068,""
"Kasipatnam Bus  Stop","bus",18.216136,83.116956,""
"Nidigatla X Roads Bus Stop","bus",17.081417,81.820031,""
"Etalapadu Bus Stop","bus",17.364528,81.801114,""
"Jagarampalli Bus Stop","bus",17.405071,81.791324,""
"Korukonda Bus Stop","bus",17.169448,81.831245,""
"Gummalladoddi Bus Stop","bus",17.195147,81.840872,""
"Konthamuru Bus Stop","bus",17.045294,81.795913,""
"Devaratigudem Bus Stop","bus",17.316932,81.839289,""
"Thativada Bus Stop","bus",17.431144,81.811562,""
"Tallapalem Bus Stop","bus",17.46148,81.824486,""
"Gunjugudem Bus Stop","bus",17.512604,81.836261,""
"Kota Bus Stop","bus",17.580013,81.898089,""
"Erragonda Bus Stop","bus",17.564925,81.917376,""
"Regadipalem Bus Stop","bus",17.573687,81.941848,""
"Chavitidibbalu Bus Stop","bus",17.61936,81.984172,""
"Panasalapālem Bus Stop","bus",17.646375,81.972102,""
"Y. Ramavaram Bus Stop","bus",17.679048,81.956752,""
"Kuduru Bus Stop","bus",17.63359,81.734988,""
"Kutravada Bus Stop","bus",17.66147,81.717761,""
"Boduluru Bus Stop","bus",17.695439,81.704557,""
"Vukkuluru Junction Bus Stop","bus",17.715487,81.76437,""
"Akumamidikota Bus Stop","bus",17.743529,81.800535,""
"Pothavaram Bus Stop","bus",17.786116,81.902335,""
"Daragedda Bus Stop","bus",17.811198,81.914912,""
"Edlakonda Bus Stop","bus",17.828103,81.929985,""
"Gurtedu Bus Stop","bus",17.844482,81.943148,""
"Barangi Bus Stop","bus",17.403523,81.756056,""
"Tativada Bus Stop","bus",17.415076,81.740946,""
"Pamugandi Bus Stop","bus",17.395122,81.730851,""
"Velagapalli Bus Stop","bus",17.354088,81.734045,""
"Davanapalle Bus Stop","bus",17.353909,81.716836,""
"Maddirathigudem Bus Stop","bus",17.373663,81.693681,""
"Errametla Bus Stop","bus",17.383729,81.663117,""
"Sriramagiri Bus Stop","bus",17.527791,81.294139,""
"Nuthalapadu Bus Stop","bus",15.934958,80.230305,""
"Kittalapaduv Bus Stop","bus",18.618904,83.975509,""
"Mahalakshmi Puram Bus Stop","bus",18.659161,83.960477,""
"BhagiradhipuramBus Stop","bus",18.669231,83.964792,""
"Nauguda Bus Stop","bus",18.698286,83.951588,""
"Shasthrulupeta Bus Stop","bus",18.726754,83.941612,""
"APSRTC Bus Station , Rapur","bus",14.199269,79.534823,""
"Kalleru Bus Stop","bus",17.805643,81.394958,""
"Motu Bus Stop","bus",17.833886,81.404404,""
"SALEM BUS PORT","bus",11.703533,78.111931,""
"Garudakandi Bus Stop","bus",18.733847,84.400189,""
"Bendi Gtae Bus Stop","bus",18.723332,84.388216,""
"Bhagirathipuram Bus Stop","bus",18.19826,83.862495,""
"Dharmavaram Bus Stop","bus",18.215588,83.882896,""
"Ponnada Bus Stop","bus",18.254064,83.902158,""
"Collector Office Bus Stop","bus",18.275555,83.900993,""
"Balarama Puram Bus Stop","bus",18.611975,84.147121,""
"Gujji Bus Stop","bus",18.721202,83.71539,""
"Dasegowniyur Bus Stop","bus",12.755009,78.383694,""
"Paluru Bus Stop","bus",12.76927,78.418219,""
"Varatanapalli Bus Stop","bus",12.580225,78.301,""
"Guttuluputtu Bus Stop","bus",18.124368,82.647338,""
"Gamparayi  Bus Stop","bus",18.182708,82.637337,""
"Idulaputtu Bus Stop","bus",18.214298,82.631692,""
"Peda Bayalu Bus Stop","bus",18.286116,82.586962,""
"Adugulaputtu Bus Stop","bus",18.294817,82.562047,""
"Kujabhangi Bus Stop","bus",18.297349,82.546909,""
"Munchangiputtu Bus Stop","bus",18.367077,82.507772,""
"Ontiputtu Bus Stop","bus",18.396728,82.508186,""
"Panasaputtu Bus Stop","bus",18.41035,82.516244,""
"Labburu Bus Stop","bus",18.443569,82.512673,""
"Makavaram Bus Stop","bus",18.462636,82.507524,""
"Allam Puttu Bus Stop","bus",18.267709,82.546048,""
"Laxmipeta Bus Stop","bus",18.249302,82.537773,""
"Kothur Junction  Bus Stop","bus",18.334742,82.549194,""
"Dollputtu Bus Stop","bus",18.311286,82.471659,""
"Rudakota Bus Stop","bus",18.293417,82.460831,""
"Kumada Bus Stop","bus",18.278117,82.427788,""
"Kummarivanipeta Bus Stop","bus",18.289931,84.079797,""
"Srikurmam X Bus Stop","bus",18.300002,83.989831,""
"Vaddadi Bus Stop","bus",17.85097,82.868155,""
"Singavaram Bus Stop","bus",17.820934,82.841383,""
"Lopudi Bus Stop","bus",17.823753,82.845912,""
"Arjanapuram Bus Stop","bus",17.768189,82.741766,""
"Ravikamatam Bus Stop","bus",17.792967,82.802053,""
"Kottha Kota Bus Stop","bus",17.751134,82.698196,""
"Rolugunta Bus Stop","bus",17.715978,82.66899,""
"Chettupalli Bus Stop","bus",17.680026,82.647506,""
"Malliur X Road Bus Stop","bus",13.986266,78.705256,""
"Kurmmaampalle Bus Stop","bus",14.339236,78.475087,""
"Gandi Bus Stop","bus",14.3246,78.486957,""
"Marlagunta Bus Stop","bus",14.123931,79.549796,""
"Uadayagiri Road Junction Bus Stop","bus",14.691748,79.185211,""
"Garudayyagaari Satram Bus Stop","bus",14.731613,79.121276,""
"Raviguntapalle Bus Stop","bus",14.197719,79.569965,""
"Marlapudi Bus Stop","bus",14.196872,79.628589,""
"Kommipadu  Bus Stop","bus",14.200638,79.641274,""
"Saidapuram Bus Stop","bus",14.176557,79.74052,""
"Thippavarappadu X Road Bus Stop","bus",14.165653,79.783867,""
"Goginenipuram Bus Stop","bus",14.156313,79.821541,""
"Anumpalli Bus Stop","bus",14.170375,79.391937,""
"Petluru X Roads Bus Stop","bus",13.937735,79.627294,""
"Panjam X Roads Bus Stop","bus",13.932507,79.657053,""
"Attivaram X Roads Bus Stop","bus",13.915208,79.785023,""
"Timmaji Khandriga Bus Stop","bus",13.91262,79.877163,""
"Amuduru X Roads Bus Stop","bus",13.780213,79.591008,""
"Padmavathi Flour Mill Bus Stop","bus",13.631525,79.469478,""
"APSRTC Bus Station ,Tirupathi","bus",13.629939,79.425808,""
"Mallam Gunta Bus Stop","bus",13.597036,79.41074,""
"Anjaneya swami Gudi Bus Stop","bus",13.512765,79.378017,""
"Pathagunta Bus Stop","bus",13.435759,79.283264,""
"Garigadona Bus Stop","bus",13.442671,79.410483,""
"Vengalrajukuppam Bus Stop","bus",13.20855,79.383048,""
"Eguva Kammakandriga Bus Stop","bus",13.233835,79.324895,""
"Maruvani X Road Bus Stop","bus",15.789468,77.422222,""
"Urukunda","bus",15.79869,77.177556,""
"Malapalli Bus Stop","bus",15.835786,77.326389,""
"Singarajanahalli Bus Stop","bus",15.819108,77.346371,""
"Kambaladinne Bus Stop","bus",15.802606,77.372438,""
"Jalavadi Bus Stop","bus",15.799562,77.378079,""
"Goldoddi Bus Stop","bus",15.786137,77.445316,""
"Jakkidonna Bus Stop","bus",13.40803,79.234631,""
"Penumur Bus Stop","bus",13.372494,79.196914,""
"Nelavoy Bus Stop","bus",13.321921,79.386676,""
"Srirangarajapuram Bus Stop","bus",13.310902,79.360173,""
"Pulicherla Bus Stop","bus",13.599593,79.041573,""
"Mittamidapalle Bus Stop","bus",13.610891,79.016305,""
"Yerraguntlapalle Bus Stop","bus",13.631178,78.963728,""
"Yallampalle Bus Stop","bus",13.625108,78.985806,""
"Chavanapalle Bus Stop","bus",13.405817,79.300077,""
"Devaragudipalle Bus Stop","bus",13.358331,79.253495,""
"Morava Bus Stop","bus",13.38625,79.279573,""
"Devalampeta Bus Stop","bus",13.329285,79.246982,""
"Kothapalli Mitta Bus Stop","bus",13.292714,79.255753,""
"Etteri Bus Stop","bus",13.266458,79.213657,""
"Sivaramapuram Bus Stop","bus",13.621585,78.93028,""
"Balamvaripalle Bus Stop","bus",13.593805,78.924858,""
"Nadigadda Bus Stop","bus",13.521238,78.89679,""
"Cherukuvaripalle Bus Stop","bus",13.477108,78.9033,""
"Booragamanda Bus Stop","bus",13.519341,78.935939,""
"Tirupathur District Bus Stand","bus",12.496491,78.569452,""
"Mulapalle Bus Stop","bus",13.598906,79.215836,""
"Dolagovindapuram Bus Stop","bus",19.064917,84.574721,""
"Padmapuram Bus Stop","bus",18.920668,84.44847,""
"Battigalluru / Ekuvuru Bus Stop","bus",18.859822,84.57987,""
"Jagathi Bus Stop","bus",18.995387,84.678121,""
"Gurudasupuram Bus Stop","bus",18.807377,84.484989,""
"Rangoi Bus Stop","bus",18.80957,84.483802,""
"Singupuram Bus Stop","bus",18.894976,84.395438,""
"Kumbigam Bus Stop","bus",18.857281,84.432864,""
"Kondapalli Bus Stop","bus",18.79215,84.495661,""
"Ammapalli  Bus Stop","bus",13.363279,79.363212,""
"Nindra X Roads Bus Stop","bus",13.39921,79.714716,""
"Shikaram Bus Stop","bus",16.044694,78.916937,""
"China Arutla Bus Stop","bus",16.042265,78.955597,""
"APSRTC Bus Station , Chirala","bus",15.830632,80.355755,""
"Korukallu Bus Stop","bus",16.48595,81.242956,""
"Kalidindi Bus Stop","bus",16.50683,81.291752,""
"Kadula Viraghottam Bus Stop","bus",18.736302,83.710714,""
"APSRTC Bus Station , Addanki","bus",15.80958,79.975487,""
"Kalleru - Motu Border Bus Stop","bus",17.817667,81.404892,""
"TGSRTC Bus Station, Sathupally","bus",17.211598,80.830445,""
"Bus to Mamallapuram","bus",13.06852,80.204936,""
"APSRTC Complex West Bus Stop","bus",17.723908,83.305599,""
"APSRTC Bus Station , Cumbum","bus",15.579579,79.109287,""
"APSRTC BUS STOP , PEDDA ARAVEEDU","bus",15.816494,79.223422,""
"APSRTC Bus Station , Rampachodavaram","bus",17.437583,81.776748,""
"Avalakonda Bus Stop","bus",13.194695,79.263319,""
"MukkundramBus Stop","bus",12.986651,78.862083,""
"Anandapuram Bus Stopoooo","bus",18.692465,84.366719,""
"Budithi Junction Bus Stop","bus",18.526523,84.01259,""
"APSRTC Bus Station , Pedakakani","bus",16.33513,80.487506,""
"Pallipattu Bus Stand","bus",13.33949,79.43766,""
"Musiram","bus",17.930135,83.122003,""
"TGSRTC Bus Station , Narsapur","bus",17.740231,78.281915,""
"Kowkuntla Bus Stop","bus",14.793432,77.247338,""
"Rakatla Bus Stop","bus",14.825527,77.251613,""
"Repakagommu Bus Stop","bus",17.546638,81.263149,""
"Jntu Bus Station","bus",17.495777,78.394867,""
"APSRTC Bus Station  , Seethanagaram","bus",18.663673,83.371863,""
"APSRTC Non - Stop Bus Terminal","bus",17.7238,83.30667,""
"APSRTC Bus Station , MVP Colony","bus",17.740444,83.336161,""
"APSRTC Bus Stand Parking Area , Rajamahendravaram","bus",17.002339,81.789852,""
"APSRTC Bus Station , Srisailam","bus",16.073798,78.875069,""
"Ongole Bus Stand, Kanigiri","bus",15.406962,79.501271,""
"Pamuru Bus Stand, Kanigiri","bus",15.403792,79.504269,""
"N.S Agricultural College Bus Stop","bus",15.805882,79.261732,""
"APSRTC Bus Station , Kadiri","bus",14.115641,78.161117,""
"APSRTC Bus Station , Vempalle","bus",14.370738,78.459107,""
"Parlapalle Bus Stop","bus",14.564975,80.03959,""
"Pallepalem Bus Stop","bus",14.583281,80.164695,""
"Gadela Dinne Bus Stop","bus",14.625859,80.097604,""
"Indupuru Bus Stop","bus",14.657209,80.066414,""
"Mokkalapudi Bus Stop","bus",13.961065,79.533414,""
"Nekkanti Jungle Ride Bus Stop","bus",16.044415,78.940489,""
"Kotta Mudivemula Bus Stop","bus",16.018619,79.537429,""
"Chowduwada Bus Stop","bus",17.837817,82.999687,""
"Besant Nagar MTC Terminus","bus",13.000348,80.265776,""
"Zambada Bus Stop","bus",13.235579,79.714838,""
"Chandrappavalasa Bus Stop","bus",18.549682,83.227477,""
"14 TH Mile Bus Stop","bus",14.834075,79.814868,""
"Abbarajupalem Bus Stop","bus",16.496387,80.277401,""
"Nandigam Bus Stop","bus",16.402436,80.196637,""
"Ambatikhambaram Bus Stop","bus",19.011347,84.432041,""
"Ramakrishanapuram / Nandigam X Roads Bus Stop","bus",16.381849,80.187166,""
"Lingapuram Bus Stop","bus",16.536892,80.325624,""
"Balusupadu Bus Stop","bus",16.532206,80.319261,""
"Kasipadu Bus Stop","bus",16.527435,80.307653,""
"Parasa Bus Stop","bus",16.516174,80.302479,""
"75 - Thallur Bus Stop","bus",16.514195,80.29078,""
"APSRTC Bus Station , Peddakurapadu","bus",16.467459,80.258064,""
"Pedamakkena Bus Stop","bus",16.434944,80.24413,""
"Gudipudi Bus Stop","bus",16.418236,80.217845,""
"Kuladi Bus Stop","bus",18.997944,84.442591,""
"Pedda Kosta Bus Stop","bus",18.994694,84.457874,""
"Gaudaguranti Bus Stop","bus",18.968131,84.475405,""
"Badupuram Bus Stop","bus",18.979955,84.471758,""
"Amaravathi (Amareswara) Temple","bus",16.58043,80.3589,""
"Reddy Nayak Thanda Bus Stop","bus",16.884211,80.028681,""
"Tripuravaram X Road Bus Stop","bus",16.907577,80.072867,""
"Kasarbada Bus Stop","bus",16.667505,80.146219,""
"Sir C.R.Reddy College of Engineering Bus Stop","bus",16.694978,81.048025,""
"Kalakurru Bus Stop","bus",16.617421,81.157492,""
"Amaravathi Bus Stop","bus",16.487682,81.323871,""
"Ramakrishnapuram Bus Stop","bus",16.431476,81.358039,""
"Peddalanka Bus Stop","bus",16.442826,81.381916,""
"CRR Womens College Request Bus Stop","bus",16.6997,81.057016,""
"Bestawaripeta Junction Bus Stop","bus",15.540851,79.099003,""
"Podili  X Roads","bus",15.559485,79.322386,""
"N Konthalapadu Bus Stop","bus",15.647784,78.148354,""
"Guttapadu Highway Bus Stop","bus",15.662636,78.1754,""
"Guttapadu Village Bus Stop","bus",15.666511,78.164384,""
"Pudicherla Bus Stop","bus",15.706681,78.128517,""
"Nannuru Bus Stop","bus",15.72004,78.087856,""
"Bandi Tandrapadu Bus Stop","bus",15.757964,78.06425,""
"Sakunala Bus Stop","bus",15.663711,78.238456,""
"Kalava Bus Stop","bus",15.625373,78.197926,""
"Husainpuram Highway Bus Stop","bus",15.630699,78.174106,""
"Husainpuram  Village Bus Stop","bus",15.628918,78.185615,""
"H. Kottala Bus Stop","bus",15.653334,78.176717,""
"Maddileti Sri Lakshmi Narasimha Swamy Temple Bus Stop","bus",15.362456,78.089871,""
"Rangapuram Bus Stop","bus",15.406636,78.075115,""
"Gorumanukonda  / Garumanukonda Bus Stop","bus",15.519703,78.176188,""
"Sitaramapuram Bus Stop","bus",15.534153,78.157805,""
"Chennamsetti Palle Bus Stop","bus",15.573758,78.175669,""
"Somayajulapalli Bus Stop","bus",15.582037,78.175858,""
"Kalvabugga Bus Stop","bus",15.605616,78.17233,""
"Gadivemula Bus Stop","bus",15.677815,78.422634,""
"Talamudi Bus Stop","bus",15.680922,78.388352,""
"Manchalakatta Bus Stop","bus",15.680602,78.354008,""
"Gani Bus Stop","bus",15.670043,78.314593,""
"Baguvalasa Bus Stop","bus",18.587097,83.243204,""
"Tadilova Bus Stop","bus",18.61641,83.266856,""
"Makkuva Town Bus Stop","bus",18.660311,83.266451,""
"Makkuva Bus Stop","bus",18.657402,83.272471,""
"Yerra Samantha Valasa Bus Stop","bus",18.724056,83.211503,""
"Khaviripalle Bus Stop","bus",18.669057,83.23532,""
"Sambara Bus Stop","bus",18.654127,83.211194,""
"Mavudi Bus Stop","bus",18.676153,83.165632,""
"Nanda Bus Stop","bus",18.699081,83.156676,""
"Goda Boddavalasa Bus Stop","bus",18.55523,83.183362,""
"Annamrajuvalasa Bus Stop","bus",18.628169,83.187139,""
"Jammu Narayanapuram Junction Bus Stop","bus",18.09843,83.432507,""
"Govindapuram Bus Stop","bus",18.094129,83.609416,""
"Kandivalasa Bus Stop","bus",18.12229,83.598827,""
"Pedda Nadipilli Bus Stop","bus",18.05194,83.549922,""
"Burapeta Bus Stop","bus",18.045506,83.565047,""
"APSRTC Bus Station ,  Kadavakuduru","bus",15.724089,80.253708,""
"Siddigam Bus Stop","bus",18.880177,84.48213,""
"Mandasa College Road Bus Stop","bus",18.877955,84.460693,""
"Rangarayapuram Bus Stop","bus",18.5484,83.368173,""
"Palteru Bus Stop","bus",18.528976,83.39933,""
"Botchavanivalasa  Bus Stop","bus",18.520777,83.422208,""
"Vadada Bus Stop","bus",18.505709,83.45585,""
"Karada Bus Stop","bus",18.549477,83.42896,""
"Gopalakrishna Rangardyipuram ( G . K . R Puram ) Bus Stop","bus",18.521446,83.440804,""
"Ravivalasa Bus Stop","bus",18.498283,83.41603,""
"Ramachandrapuram Bus Stop","bus",18.485088,83.400887,""
"BadangiBus Stop","bus",18.494918,83.372669,""
"Gajarayunivalasa Bus Stop","bus",18.487276,83.328091,""
"Ramabhadrapuram Junction Bus Stop","bus",18.489602,83.283098,""
"Kottakki Bus Stop","bus",18.505738,83.239286,""
"Paradhi Bus Stop","bus",18.526996,83.30336,""
"Sitarampuram Bus Stop","bus",18.537381,83.316962,""
"Mettavalasa Bus Stop","bus",18.544994,83.326194,""
"Jagannathapuram Bus Stop","bus",18.58296,83.375199,""
"Kalavarai Agraharam Bus Stop","bus",18.609165,83.409429,""
"Chintada Bus Stop","bus",18.609149,83.447581,""
"Mirthuvalasa Bus Stop","bus",18.623921,83.486541,""
"Janardhanapuram Bus Stop","bus",18.558389,83.529743,""
"Gangada Bus Stop","bus",18.546902,83.573008,""
"Galavelli Bus Stop","bus",18.535676,83.616473,""
"Uddavolu Bus Stip","bus",18.524412,83.608705,""
"Panukuvalasa  Junction Bus Stop","bus",18.454839,83.531661,""
"Chukkavalasa Bus Stop","bus",18.473762,83.558663,""
"Chinna Mangalapuram Bus Stop","bus",18.575147,83.719051,""
"Mangalapuram Bus shelter","bus",18.572397,83.734745,""
"Lolugu Bus Stop","bus",18.30701,83.783859,""
"Garapeta Bus Stop","bus",18.331047,83.771044,""
"Palakanayam Bus Stop","bus",18.391876,83.723218,""
"Pogiri Bus Stop","bus",18.409866,83.696822,""
"Therlam Bus Stop","bus",18.487741,83.503794,""
"Rejeru Bus Stop","bus",18.519638,83.468753,""
"Nemalam Bus Stop","bus",18.499003,83.565342,""
"Sundarada Bus Stop","bus",18.51951,83.584841,""
"Akulakatta Bus Stop","bus",18.474912,83.430565,""
"Antipeta Bus Stop","bus",18.623686,83.373163,""
"Chinna Bhogila Bus Stop","bus",18.657463,83.365734,""
"Gutchimi Bus Stop","bus",18.699862,83.376652,""
"Arikathota Bus Stop","bus",18.457259,83.31021,""
"Andhra Pradesh Special Police 5th Battalion Bus Sstop","bus",18.050668,83.402121,""
"Maradam Bus Stop","bus",18.403991,83.336602,""
"Manapuram Bus Stop","bus",18.362224,83.336854,""
"Manapuram Santha Bus Stop","bus",18.375151,83.333746,""
"Bondapalli Bus Stop","bus",18.237589,83.349342,""
"Nelivada Bus Stop","bus",18.193735,83.364708,""
"Gotlam Bus Stop","bus",18.168779,83.375894,""
"Dwarapudi Bus Stop","bus",18.140103,83.373532,""
"Tampatapalli  / Tumarada Bus Stop","bus",18.605457,83.718377,""
"Navagam Bus Stand","bus",18.636481,83.676594,""
"Tudi Bus Stop","bus",18.657532,83.650724,""
"Dasumantapuram Bus Stop","bus",18.72102,83.594132,""
"Gadisingupuram Bus Stop","bus",18.754546,83.605357,""
"Jiyyamavalasa Bus Stop","bus",18.790321,83.601896,""
"Joguladumma Bus Stop","bus",18.812106,83.576556,""
"APSRTC Bus Stand , Chinna Merangi","bus",18.837307,83.548688,""
"Pedda Merangi Junction Bus Stop","bus",18.837606,83.523292,""
"Pedda Merangi Bus Stop","bus",18.83542,83.52913,""
"Jogirajupeta Bus Stop","bus",18.85371,83.520111,""
"Vikramapuram Bus Stop","bus",18.814592,83.445759,""
"Gangareguvalasa Bus Stop","bus",18.85243,83.455889,""
"Komarada Bus Stop","bus",18.898648,83.460627,""
"Ramabhadrapuram Bus Stop","bus",18.940848,83.452832,""
"Kuneru Bus Stop","bus",18.965589,83.44376,""
"Vattada Bus Stop","bus",19.000522,83.444994,""
"Pedabondapalli Bus Stop","bus",18.752693,83.37675,""
"Putturu Bus Stop","bus",18.734764,83.352701,""
"Hata Seskhal Bus Stop","bus",19.010938,83.441063,""
"Hata Seskhal.","bus",19.018865,83.448554,""
"Seskhal Bus Stop","bus",19.013525,83.433874,""
"Jimidi Peta Bus Stop","bus",19.037326,83.42971,""
"Ladda Bus Stop","bus",19.106743,83.413737,""
"Pitamahel Bus Stop","bus",19.133107,83.412337,""
"Rayagada Bus Stand","bus",19.168078,83.408119,""
"Kothapeta Bus Stop","bus",19.204641,83.422208,""
"Jaykaypur Bus Stop","bus",19.243823,83.42165,""
"Bandaluppi Bus Stop","bus",18.719536,83.333919,""
"Puligummi Bus Stop","bus",18.712529,83.354924,""
"Tamarakandi Bus Stop","bus",18.671658,83.348627,""
"Venkatabhairipuram Bus Stop","bus",18.694059,83.314257,""
"Papayyavalasa Bus Stop","bus",18.66059,83.297644,""
"Barli / Pakki Bus Stop","bus",18.617829,83.473398,""
"Piridi Bus Stop","bus",18.573925,83.417727,""
"Sivadavalasa Bus Stop","bus",18.575397,83.470209,""
"Bhiripuram / Pakki Bus Stop","bus",18.5804,83.480646,""
"Vangara Bus Stop","bus",18.371471,83.353811,""
"Chukkapeta Bus Stop","bus",18.383696,83.375222,""
"Datti Bus Stop","bus",18.400835,83.389496,""
"Timiteru Burjavalasa Bus Stop","bus",18.391782,83.419355,""
"Garbham Bus Stop","bus",18.365543,83.448945,""
"Thotapalle Bus Stop","bus",18.785024,83.507281,""
"Simalaguda Bus Stop","bus",19.122489,83.641439,""
"Khadgavalasa Bus Stop","bus",18.767429,83.514089,""
"Kondanidagallu Bus Stop","bus",18.839769,83.621518,""
"Amiti Colony Bus Stop","bus",18.974005,83.612063,""
"Amiti Juncton Bus Stop","bus",18.956403,83.626609,""
"Gumma Bus Stop","bus",18.960252,83.643105,""
"Iridi Bus Stop","bus",19.037335,83.648838,""
"Kothaguda Bus Stop","bus",19.02466,83.661684,""
"Tadikonda Bus Stop","bus",19.044122,83.615385,""
"Mondemkhallu Bus Stop","bus",18.920863,83.692916,""
"Chappagottili Bus Stop","bus",18.883713,83.712323,""
"Gadidapaiv Bus Stop","bus",18.770624,83.724667,""
"Donubai Bus Stop","bus",18.744038,83.723719,""
"Gumada Bus Stop","bus",18.734658,83.76051,""
"Magadhara Bus Stop","bus",18.710446,83.801946,""
"Goyidi Bus Stop","bus",18.663286,83.810291,""
"Velagavada Bus Stop","bus",18.614975,83.772599,""
"Dallavalasa Bus Stop","bus",18.342394,83.818257,""
"Penubarti Bus Stop","bus",18.362294,83.818611,""
"Gokarnapalli Bus Stop","bus",18.386724,83.805385,""
"Kavali Bus Stop","bus",18.39272,83.820551,""
"Panasapeta Bus Stop","bus",18.409654,83.819383,""
"Vamaravalli Bus Stop","bus",18.334271,84.081213,""
"Chinna Vatsavalasa Bus Stop","bus",18.275138,84.038311,""
"Perlavanipeta Bus Stop","bus",18.285558,84.067455,""
"Akkulapeta Bus Stop","bus",18.451657,83.879869,""
"Uppanivalasa Bus Stop","bus",18.484913,83.867822,""
"Burja Junction Bus Stop","bus",18.545603,83.814893,""
"Tuddali Bus Stop","bus",18.586725,83.786093,""
"Teachers Colony","bus",13.129995,80.202191,""
"Ingilapalle Bus Stop","bus",18.375691,83.320812,""
"Poram Bus Stop","bus",18.394994,83.276863,""
"Jakkuva Bus Stop","bus",18.368633,83.273269,""
"Konisa Bus Stop","bus",18.297258,83.296935,""
"Mentada Bus Stop","bus",18.31216,83.257368,""
"Pittada Bus Stop","bus",18.324936,83.242045,""
"Andra Bus Stop","bus",18.34426,83.206482,""
"Jammu Bus Stop","bus",18.231614,83.525314,""
"Porali Bus Stop","bus",18.366862,83.412343,""
"Datti Rajeru Bus Stop","bus",18.371795,83.391368,""
"Billalavalsa Bus Stop","bus",18.364875,83.501033,""
"Phool Bagh Bus Stop","bus",18.126829,83.423085,""
"Nellimarla X Roads Bus Stop","bus",18.156164,83.447262,""
"Gurla Bus Stop","bus",18.211279,83.466371,""
"Gujjangivalasa Bus Stop","bus",18.233841,83.491451,""
"Achutapuram Bus Stop","bus",18.261369,83.513348,""
"Vedullavalasa Bus Stop","bus",18.358319,83.520938,""
"Thondrangi Bus Stop","bus",18.245214,83.537172,""
"Thondrangi /Jammu Road Bus Stop","bus",18.256346,83.546321,""
"Ramatheertham Bus Stop","bus",18.167882,83.495191,""
"Tangudubilli Bus Stop","bus",18.162435,83.516058,""
"Sativada Bus Stop","bus",18.166777,83.548317,""
"Boppadam Bus Stop","bus",18.181479,83.591101,""
"Kammasigadam Bus Stop","bus",18.197533,83.638532,""
"Mettapalle Bus Stop","bus",18.295393,83.62473,""
"Laveru Bus Stop","bus",18.237615,83.692583,""
"Jonnavalasa Junction Bus Stop","bus",18.077037,83.379694,""
"Kapusambham Bus Stop","bus",18.339444,83.584961,""
"Bondapalle Bus Stop","bus",18.371149,83.602439,""
"Penubaka Bus Stop","bus",18.419893,83.638707,""
"Ayyannapeta Bus Stop","bus",18.122496,83.373637,""
"Bonangi Bus Stop","bus",18.139603,83.228052,""
"Pothanapalle Bus Stop","bus",18.110246,83.171114,""
"Kisiri","bus",19.237205,83.6082,""
"Pedda Kharja Bus Stop","bus",19.047863,83.654773,""
"Lankajodu Bus Stop","bus",18.876001,83.733201,""
"Valasaballeru Bus Stop","bus",18.873763,83.739669,""
"Avuri Bus Stop","bus",18.853392,83.788088,""
"Tittiri Bus Stop","bus",18.842476,83.803925,""
"Attali Bus Stop","bus",18.611009,83.704723,""
"Bejji Bus Stop","bus",18.618598,83.693279,""
"Vanduva Bus Stop","bus",18.647308,83.662699,""
"Bodlapadu Bus Stop","bus",18.651099,83.657779,""
"Vikrampuram Bus Stop","bus",18.699073,83.579414,""
"Naguru Bus Stop","bus",18.747948,83.521623,""
"Santhoshapuram Bus Stop","bus",18.775068,83.503366,""
"Ullibhadra ( Vullibhadra ) Bus Stop","bus",18.757354,83.478201,""
"Addapuseela Bus Stop","bus",18.766203,83.451783,""
"APSRTC Bus Stand , Uppugunduru","bus",15.670886,80.167066,""
"Pedda Bangarunatham Bus Stop","bus",12.716536,78.367075,""
"Vanaguttapalli Bus Stop","bus",12.686232,78.389669,""
"Mallanur Bus Stop","bus",12.661819,78.409337,""
"Gandhi Nagar Bus Stop","bus",12.627316,78.435754,""
"Kothur Bus Stop","bus",12.617197,78.440837,""
"Natrampalli Bus Stop","bus",12.590085,78.509472,""
"Mottur bUS sTOP","bus",12.542848,78.506731,""
"Adavi Budugur Bus Stop","bus",12.657954,78.431748,""
"Gundlamadugu Bus Stop","bus",12.657541,78.455544,""
"Sivanandhapuram Bus Stop","bus",12.658315,78.462052,""
"Nayanacheruvu Bus Stop","bus",12.614914,78.496472,""
"Bus","bus",15.446112,79.13036,""
"Bus Station","bus",15.447566,79.131661,""
"1.32 Bus Stand","bus",15.447564,79.131675,""
"Semiliguda Bus Stand","bus",18.706502,82.853647,""
"OSRTC Bus Terminal","bus",18.716553,82.847267,""
"Kottaindlu Bus Stop","bus",12.734611,78.372564,""
"Erramannuguntalu Bus Stop","bus",12.642077,78.457121,""
"Chandam Bus Stop","bus",12.732509,78.376106,""
"Mittapalle Junction  Bus Stop","bus",12.689621,78.402404,""
"Vepur Mittapalli Junction Bus Stop","bus",12.68416,78.400993,""
"Vepur Mittapalli Village Bus Stop","bus",12.683374,78.408558,""
"Mittapalle Village  Bus Stop","bus",12.691523,78.407729,""
"Thagarakuppam Bus Stop","bus",12.653424,78.484339,""
"Nattrampalli Bus Stand","bus",12.592289,78.515497,""
"Narayanapuram Bus Stop","bus",18.635246,83.545711,""
"Bhairipuram Bus Stop","bus",18.576251,83.478396,""
"China Irlapadu Bus Stop","bus",15.384785,79.541788,""
"Hazis Puram Bus Stop","bus",15.362362,79.57818,""
"Peda Alavala Padu Bus Stop","bus",15.329583,79.62475,""
"Kotapadu Agraharam Bus Stop","bus",15.317078,79.68657,""
"Venkupalem Bus Stop","bus",15.303904,79.744501,""
"Ponnaluru Bus Stop","bus",15.27142,79.799716,""
"Muttarajupalem Bus Stop","bus",15.248687,79.840881,""
"Marella Bus Stop","bus",15.289413,79.597469,""
"Pedacherlopalle Bus Stop","bus",15.277293,79.571208,""
"Pedda Varimudugu  Bus Stop","bus",15.248856,79.584821,""
"Peda Irla Padu Bus Stop","bus",15.203163,79.58204,""
"Doddavenkatapalle Bus Stop","bus",15.171453,79.376959,""
"Vaggampalle Bus Stop","bus",15.164549,79.441225,""
"Manneru Brg Bus Stop","bus",15.128897,79.41881,""
"Kattakinda Palli BuS Stop","bus",15.161744,79.380634,""
"Lingareddy Palli Bus Stop","bus",15.323048,79.471733,""
"Kancharlavaripalli Bus Stop","bus",15.307417,79.467955,""
"Vangapadu X Roads Bus Stop","bus",15.276027,79.467938,""
"Vangapadu Bus Stop","bus",15.239011,79.375928,""
"Raviguntapalle  Bus Stop","bus",15.229096,79.460349,""
"Bhumireddipalle Bus Stop","bus",15.201738,79.452053,""
"Inimerla Bus Stop","bus",15.090431,79.45761,""
"Botla Gudur Bus Stop","bus",15.086589,79.522159,""
"Appamambhapuram Bus Stop","bus",15.064178,79.544341,""
"Sriranga Puram Bus Stop","bus",15.426568,79.454342,""
"Hanumathunipadu Bus Stop","bus",15.460729,79.407311,""
"Moramvaripalle Bus Stop","bus",15.466908,79.39677,""
"Thimmareddypalli Bus Stop","bus",15.484238,79.37068,""
"Gayamvaripalle Bus Stop","bus",15.514097,79.357131,""
"Vemula Padu Bus Stop","bus",15.530157,79.339472,""
"Gollapalli / Rolugampadu Bus Stop","bus",15.568306,79.208571,""
"Ravipadu Bus Stop","bus",15.559628,79.166359,""
"Salakalaveedu Bus Stop","bus",15.55617,79.157406,""
"Kalagotla Bus Stop","bus",15.545472,79.126892,""
"Ayyavaripalle Junction  Road Bus Stop","bus",15.105801,79.576004,""
"Bodavada Bus Stop","bus",15.074581,79.609089,""
"Gollapalle / Rollamadugu Bus Stop","bus",15.607784,79.224432,""
"Meerja Peta Bus Stop","bus",15.619035,79.206566,""
"Seetanagulavaram Bus Stop","bus",15.688522,79.242562,""
"Hanumakonda Palem Bus Stop","bus",14.848916,79.861765,""
"Golukondaltopu Bus Stop","bus",14.62596,80.066433,""
"Dampuru Bus Stop","bus",14.611104,80.079522,""
"Vavilla Bus Stop","bus",14.604092,80.077918,""
"Chowkacherla Bus Stop","bus",14.606985,80.046325,""
"Gundalammapalem Bus Stop","bus",14.581424,80.010149,""
"APSRTC Bus Station , Porumamilla","bus",15.001267,78.990967,""
"Ananthapalli Bus Stop","bus",16.976381,81.445431,""
"Ananthapalli Bypass Bus Stop","bus",16.970406,81.448193,""
"Pattempalem Bus Stop","bus",16.930333,81.533018,""
"Pedatadepalli Bus Stop","bus",16.842576,81.496223,""
"Venkata Ramannagudem Bus Stop","bus",16.879165,81.468001,""
"Prakashraopalem Bus Stop","bus",16.916255,81.432222,""
"Rambhag Bus Stop","bus",16.331457,81.741385,""
"Antarvedi Bus Stop","bus",16.333542,81.733628,""
"Kesavadasupalem Bus Stop","bus",16.35999,81.793558,""
"Antarvedipalem Bus Stop","bus",16.403693,81.778949,""
"Bettalanka Bus Stop","bus",16.41887,81.839911,""
"Malikipuram Bus Stop","bus",16.409649,81.804304,""
"Chintalapalle Bus Stop","bus",16.450082,81.849966,""
"Gullalamodha Bus Stop","bus",15.8298,80.925704,""
"Etimoga Bus Stop","bus",15.8621,80.900622,""
"T . Kothapalem Bus Stop","bus",15.915074,80.912954,""
"APSRTC Bus Stand & Night Halt , Bheemili ( Bheemunipatnam )","bus",17.8979,83.445927,""
"SJCIT Bus Stand","bus",13.394209,77.729728,""
"Hosapalya Bus Stop","bus",12.89728,77.645485,""
"Peddavanka Bus Stop","bus",12.704336,78.49572,""
"Vaniyambadi Bus Station","bus",12.678112,78.620754,""
"APSRTC Bus Station , Varadaiahpalem","bus",13.601256,79.932202,""
"Kalyanidam Bus Stop","bus",13.645321,79.269823,""
"Vidyanikethan and Marrimanu Center Bus Stop","bus",13.623785,79.28953,""
"Dam X Roads Bus Stop","bus",14.300964,79.640889,""
"Dimma center","bus",16.177441,81.035609,""
"Devarajapuram Bus Stop","bus",12.762734,78.563847,""
"Ramalaxmana Junction","bus",18.299503,83.904802,""
"பள்ளப்பட்டி","bus",10.723013,77.891689,""
"Kalamangalam Bus stand","bus",12.604674,77.854016,""
"Mallasamudram Bus Station","bus",11.494195,78.028536,""
"பேறிகை பேருந்து நிலையம்","bus",12.806806,77.96748,""
"பாகலூர் பேருந்து நிலையம்","bus",12.830319,77.866158,""
"TGSRTC  Bus Station , Gajwel","bus",17.844882,78.683048,""
"Busstand","bus",16.116525,80.81138,""
"Irala Bus Stop","bus",13.387358,78.982028,""
"Y.S.Gate Bus Stop","bus",13.344449,79.011143,""
"Old Head Post Office Area","bus",17.695365,83.292468,""
"Omerga Bus Stand","bus",17.839726,76.61885,""
"New Poorna Junction Bus Stop","bus",18.117035,83.410225,""
"Udayagiri Old Bus Stand","bus",14.878282,79.303164,""
"APSRTC Bus Station,  Old Gajuwaka","bus",17.683626,83.199928,""
"Puducherry Bus Stand (Temporary)","bus",11.927731,79.819279,""
"Ukkadam Bus Stand","bus",10.988599,76.961668,""
"Govt Polytechnic Bus Stop ( Adoni  )","bus",15.58182,77.317333,""
"Ranibavi Bus Stop","bus",14.71509,78.926954,""
"Achampeta Bus Stop","bus",17.022456,82.24852,""
"Marikuppe","bus",13.042256,77.29842,""
"D . Maruvada Bus Stop","bus",18.487973,84.269279,""
"damanjodi bus terminal","bus",18.759177,82.898537,""
"HYDERABAD Bus Terminal , ONGOLE","bus",15.511146,80.041526,""
"New Mallampet Bus Stop","bus",17.559351,78.364628,""
"Maruthamalai Bus Ticket counter","bus",11.044379,76.862349,""
"APSRTC Complex East City Bus Stop","bus",17.723678,83.308103,""
"Bus timings enquiry","bus",10.798851,78.680982,""
"APSRTC Bus Station  , Gummalakshmipuram","bus",18.973216,83.656909,""
"TNSTC Bus Depot , Palani","bus",10.451329,77.517216,""
"Tiruchirapalli New Bus Stand","bus",10.75504,78.655764,""
"Palani Bus Stand","bus",10.449561,77.515576,""
"Vadapalli Bus Parking","bus",16.813174,81.813014,""
"Yerra Koneru Bus Stop","bus",17.321915,82.478082,""
"palakurthy busstop","bus",17.657312,79.426829,""
"APSRTC Bus Station , Autonagar","bus",16.490691,80.671189,""
"APSRTC Bus Station , Visakhapatnam","bus",17.723797,83.307344,""
"Kotha Kodur Bus Stop","bus",14.411368,80.158668,""
"Satrawada Bus Stop","bus",13.31954,79.549974,""
"Pannuru Bus Stop","bus",13.317067,79.713622,""
"APSRTC Bus Station , Vissannapeta","bus",16.940015,80.78422,""
"APSRTC Bus Station , Tiruvuru","bus",17.117268,80.610238,""
"Amadalavalasa APSRTC Bus Terminal","bus",18.413981,84.040043,""
"Seethanagaram Bridge Bus Stop","bus",18.662933,83.371119,""
"APSRTC Bus Station , Anakapalli","bus",17.686329,83.00234,""
"APSRTC Bus Terminal 1 , Tenali","bus",16.244099,80.644122,""
"P.S.R Bus Station , Nellore","bus",14.456719,79.989429,""
"APSRTC Bus Parking Area","bus",14.910016,79.993468,""
"Atmakuru Bus Stop ( Nandyala )","bus",15.485217,78.48643,""
"vasavi bus stop","bus",16.85917,81.496776,""
"Beerupadu Bus Stop","bus",19.061367,83.472861,""
"APSRTC Bus Station , Chinnamandem","bus",13.94155,78.684028,""
"APSRTC Bus Station , Kodumur","bus",15.683391,77.766828,""
"bus stop kairupala","bus",15.552112,77.470868,""
"AIIMS City Bus Stop","bus",16.444588,80.585938,""
"APSRTC Old Bus Stand , Veldurthy","bus",15.553807,77.929384,""
"APSRTC and Private New Bus Station , Atmakur ( N )","bus",14.618478,79.625776,""
"Chalivendra Bus Stop","bus",15.796827,79.646177,""
"Chandaluru Bus Stop","bus",15.800609,79.599761,""
"Thummedalapadu Bus Stop","bus",15.8066,79.561107,""
"Gudipadu Bus Stop","bus",15.796819,79.516808,""
"Villupuram Bus Stand","bus",11.930639,79.482801,""
"SALEM OLD BUS STAND","bus",11.652604,78.159538,""
"BrahmeswaramBus Stop","bus",14.853098,79.448609,""
"Sangam Highway Bus Stop","bus",14.594302,79.751218,""
"Dharmapuri Mofussil Bus Stand","bus",12.133744,78.162309,""
"Martuvaripalle Bus Stop","bus",13.482563,78.934713,""
"Hanuman Temple Bus Stop , Rayachoti","bus",14.089955,78.755696,""
"Bandlapalli Bus Stop","bus",14.133183,78.756039,""
"KSRTC","bus",13.342777,77.098844,""
"Denduluru Highway Bus Stop","bus",16.745627,81.159487,""
"ADB Road Junction Bus Stop","bus",17.03391,82.185143,""
"Bus Stand , Terekanambhi","bus",11.815629,76.792201,""
"APSRTC Bus Station , Guduru ( Kurnool )","bus",15.777006,77.800944,""
"APSRTC Bus Station New Terminal , Hanuman Junction","bus",16.634301,80.969937,""
"Railway Koduru Highway / Main Road Bus Stop","bus",13.960014,79.349962,""
"Venkatagirikota X Roads Bus Stop","bus",13.001687,78.479669,""
"Pulivendula Old Bus Stand Circle","bus",14.415018,78.225532,""
"7th Mile Bus Stop","bus",16.810782,81.147136,""
"APSRTC Alluri Seetharamaraju Bus Station , Krishnadevipeta","bus",17.672389,82.380876,""
"Nidigurthu Bus Stop","bus",13.885813,80.158353,""
"Chinnatota Bus Stop","bus",13.854387,80.210155,""
"Kondurupalem Bus Stop","bus",14.004845,80.15181,""
"Raviguntapalem Bus Stop","bus",13.92115,80.145314,""
"Pambali Bus Stop","bus",13.920808,80.178049,""
"Srinivasapuram Bus Stop","bus",13.959762,80.18037,""
"Puli Kalva Bus Stop","bus",13.968872,80.060629,""
"Madakasira X Roads Bus Stop","bus",13.941545,77.276242,""
"Gudur Railway Station Bus stop","bus",14.148611,79.84619,""
"Jangampalle Bus Stop","bus",14.009318,78.592899,""
"Katarupalle Bus Stop","bus",14.101336,78.240782,""
"Kamatampalle Bus Stop","bus",14.106238,78.207011,""
"APSRTC Bus Station , Machilipatnam","bus",16.188376,81.136432,""
"Gangavaram Bus Stop","bus",17.673786,82.174827,""
"Pattam Bus Stop","bus",18.162762,82.864817,""
"Vengada Bus Stop","bus",18.164653,82.891281,""
"Ammavari Padalu Bus Stop","bus",18.019826,82.710999,""
"Bodalanka Bus Stop","bus",17.741746,81.849558,""
"Dandigunta Bus Stop","bus",14.631856,80.114718,""
"Modegunta Bus Stop","bus",14.551999,80.046701,""
"Sri Gowripuram  Village Bus Stop","bus",14.632337,80.149353,""
"Nellore Bus Stand ,Ongole","bus",15.496216,80.04922,""
"Upparapalem Bus Stop","bus",15.192509,80.038499,""
"Karedu Bus Stop","bus",15.188847,80.054457,""
"Karedu Ramp Bus Stop","bus",15.201179,80.015121,""
"Mundlamuri Varipalem Bus Stop","bus",15.270886,79.741983,""
"Sunki Reddy Palem Bus Stop","bus",15.261878,79.736334,""
"Cherukuru Bus Stop","bus",15.264187,79.749458,""
"Chevuru Bus Stop","bus",15.001086,79.997976,""
"Orugantivaripalem  Bus Stop","bus",15.360674,79.656926,""
"Balireddy Palem Bus Stop","bus",15.34945,79.704387,""
"Chennipadu Bus Stop","bus",15.33616,79.736167,""
"Marlapadu Bus Stop","bus",15.427657,79.968436,""
"Sarvireddipalem Bus Stop","bus",15.472821,79.984503,""
"Vengamukka Palem Bus Stop","bus",15.475885,80.015256,""
"Alakurapadu Bus Stop","bus",15.361294,80.066208,""
"Unguturu Bus Stop","bus",16.823761,81.422216,""
"Uppakapadu Bus Stop","bus",16.818508,81.488865,""
"Ponduru Bus Stop","bus",15.416628,79.926076,""
"Lakshmakka Palem Bus Stop","bus",15.414367,79.904028,""
"Kovvali Highway Bus Stop","bus",16.74815,81.170095,""
"Isukapalle Bus Stop","bus",15.053304,79.775763,""
"Saioeta Bus Stop","bus",15.03241,79.757765,""
"Pakala Bus Stop","bus",15.275724,80.07305,""
"T. Ganguvada village bus stop","bus",18.784423,84.539769,""
"Yerramukkam   Bus Stop","bus",18.839709,84.56511,""
"Shuvarampuram X Roads Bus Stop","bus",15.674065,79.865122,""
"Tatepuram  Bus Stop","bus",15.345941,80.096441,""
"Tadukupeta Bus Stop","bus",13.271573,79.582112,""
"Tadukupetq Bus Stop","bus",13.270025,79.582108,""
"Pothapi Bus Stop","bus",14.346173,79.229434,""
"Chintakayalapalle Bus Stop","bus",14.329195,79.219994,""
"Lebaka  X Roads Bus Stop / Lebaka Bus stop","bus",14.300484,79.182715,""
"Mantapampalle Bus Stop","bus",14.320523,79.083537,""
"Sankarpuram Bus Stop","bus",16.628513,79.7308,""
"Bhatrapalem Bus Stop","bus",16.678154,79.733433,""
"Katrapadu Bus Stop","bus",16.713744,79.755624,""
"APSRTC Bus Station , Simhachalam","bus",17.771651,83.243583,""
"Kamalapadu Bus Stop","bus",15.06477,77.377853,""
"Gulapalyam ( Gulapalem ) Bus Stop","bus",15.092539,77.368061,""
"Budhagavi Bus Dtop","bus",14.96168,77.233452,""
"Cheekalaguriki Bus Stop","bus",14.965778,77.231694,""
"Kottalapalli Bus Stop","bus",15.011994,77.208596,""
"Malapuram Bus Stop","bus",15.044449,77.194057,""
"APSRTC Bus Station , Vidapanakallu \","bus",15.060358,77.181591,""
"Thatrakal Bus Stop","bus",15.003101,77.364178,""
"Ganji Kunta Bus Stop","bus",15.009529,77.368501,""
"Vajrakarur Bus Stop","bus",15.02655,77.383917,""
"Konakondla Bus Stop","bus",15.109073,77.364144,""
"Ramapuram Kottala ( R . Kottala ) Bus Stop","bus",15.088387,77.206383,""
"Gadekal Bus Stop","bus",15.114676,77.243528,""
"Pepili Cross Bus Stop","bus",14.979307,77.318831,""
"Kadamalakunta Bus Stop","bus",14.980272,77.32965,""
"Ragulapadu Bus Stop","bus",14.987696,77.350542,""
"Nancherla Bus Stop","bus",15.205921,77.403919,""
"Kasapuram Bus Stop","bus",15.194625,77.391923,""
"Maddikera Bus Stop","bus",15.248402,77.412377,""
"Maddikera Agraharam Bus Stop","bus",15.265686,77.433738,""
"Burujula Bus Stop","bus",15.334284,77.445598,""
"Hosur Bus Stop","bus",15.380905,77.457842,""
"Dudekonda Bus Stop","bus",15.4523,77.523275,""
"Kothiralla Bus Stop","bus",15.47399,77.528191,""
"Kanakadinne Bus Stop","bus",15.487124,77.531152,""
"Velamakuru Bus Stop","bus",15.507786,77.537314,""
"Kottapeta Bus Stop","bus",15.562113,77.55311,""
"Kappatralla Bus Stop","bus",15.606833,77.630695,""
"Karidikonda Bus Stop","bus",15.579528,77.577951,""
"Karivemula Bus Stop","bus",15.597575,77.599031,""
"Edula Devarabanda Bus Stop","bus",15.630759,77.670878,""
"Machapuram Bus Stop","bus",15.649569,77.703223,""
"Lingamdinne Bus Stop","bus",15.674882,77.749722,""
"Chanugondla Bus Stop","bus",15.710308,77.803038,""
"Pyalakurthy Bus Stop","bus",15.716795,77.819346,""
"Kuruvanagalapuram Bus Stop","bus",15.756329,77.905085,""
"K.Markapuram Bus Stop","bus",15.773429,77.937438,""
"Salkapuram Bus Stop","bus",15.785218,77.954653,""
"A.Gokulapadu Bus Stop","bus",15.7764,77.941406,""
"Peddapadu Bus Stop","bus",15.805155,77.981631,""
"Venkanna Palem Bus Stop","bus",17.794886,82.974596,""
"Gotivada Bus Stop","bus",17.792778,83.109936,""
"Thimmasamudram Bus Stop","bus",13.965078,78.913694,""
"Papannagari Palli Bus Stop","bus",13.892557,78.947894,""
"Gundlapalli Bus Stop","bus",13.913395,78.937434,""
"Kottapalle Bus Stop","bus",13.937944,78.93645,""
"Rachapalle Bus Stop","bus",13.960929,78.983212,""
"Kadirayacheruvu Bus Stop","bus",13.791832,78.675216,""
"Kummarapalle Bus Stop","bus",14.044664,78.815171,""
"Anumpalle Bus Stop","bus",14.023805,78.857676,""
"Rachamvandlapalle Bus Stop","bus",14.00252,78.889979,""
"T. Sundupalle Bus Stop","bus",13.981461,78.915913,""
"Madithadu Bus Stop","bus",13.985674,78.961486,""
"Rayavaram Bus Stop","bus",13.986995,78.989838,""
"Pincha Bus Stop","bus",13.91346,78.999056,""
"Peddinenikalva Bus Stop","bus",13.954163,78.9822,""
"Vandadi Bus Stop","bus",13.999695,78.693324,""
"Balijapalle Bus Stop","bus",13.989028,78.667637,""
"T.Sakibanda Bus Stop","bus",13.992348,78.649407,""
"Kammapalle Bus Stop","bus",13.989275,78.620348,""
"Goramchervu Bus Stop","bus",14.008965,78.563269,""
"Gaaliveedu Bus Stop","bus",14.021391,78.514311,""
"Gondhipalle Bus Stop","bus",13.910869,79.012276,""
"Kondalaturupu Bus Stop","bus",13.914725,78.96647,""
"Sontam Vari PaIIe Bus Stop","bus",13.899657,78.964657,""
"Krishna Puram Bus Stop","bus",13.794839,78.634249,""
"Papireddigaripalle Bus Stop","bus",13.805498,78.729961,""
"Bojjiguntapalle Bus Stop","bus",13.810861,78.746034,""
"Peddakaivapalle Bus Stop","bus",14.054024,78.718804,""
"Boyapalle Bus Stop","bus",14.039167,78.681152,""
"Vadlapalle Bus Stop","bus",14.020115,78.645211,""
"RamapuramBus Stop","bus",14.008699,78.610279,""
"Veligallu Bus Stop","bus",14.042155,78.444715,""
"Nambula Pulakunta Bus Stop","bus",14.056248,78.411626,""
"Bandaruchetlapaalle Bus Stop","bus",14.067467,78.392261,""
"Dhaniyanicheruvu Bus Stop","bus",14.0797,78.356499,""
"Rekkamanu Bus Stop","bus",14.093417,78.314763,""
"Gandlapenta Bus Stop","bus",14.095203,78.272066,""
"Garugupalle Bus Stop","bus",14.076594,78.518876,""
"Battinivandlapalle Bus Stop","bus",14.110877,78.522896,""
"Nuliveedu Bus Stop","bus",14.10007,78.553858,""
"Gundlacheruvu Junction Bus Stop","bus",14.058891,78.536325,""
"Pandikunta Bus Stop","bus",14.123369,78.53423,""
"Talamudipi Bus Stop","bus",14.150398,78.515987,""
"Thumukunta Bus Stop","bus",14.077572,78.476772,""
"Madarsab Garipalle Bus Stop","bus",14.078374,78.451202,""
"Mamillavari Palle Bus Stop","bus",13.791651,78.55988,""
"Turakapalle Bus Stop","bus",13.824458,78.550965,""
"Kalicherla Bus Stop","bus",13.886624,78.542142,""
"Peddamandyam Bus Stop","bus",13.928538,78.537997,""
"Papepalle Bus Stop","bus",13.954125,78.528657,""
"Araveedu X Roads Bus Stop","bus",13.98802,78.517572,""
"Chittiboyanapalle Bus Stop","bus",13.800544,78.609002,""
"Nadimicherla Bus Stop","bus",13.831543,78.684935,""
"Kona Bus Stop","bus",13.830805,78.72624,""
"Yellama Gudibanda Bus Stop","bus",13.833655,78.737277,""
"Bonga Vandlapalle Bus Stop","bus",14.167098,78.873338,""
"Brhamagundam Temple Bus Stop","bus",15.554304,77.965901,""
"Bandapalli  Bus Stop","bus",14.126507,78.735399,""
"Maddirevula Bus Stop","bus",14.145637,78.721989,""
"Lakkireddipalle Bus Stop","bus",14.185476,78.697087,""
"Konapeta Bus Stop","bus",14.209606,78.649526,""
"Payalapalle Bus Stop","bus",14.214796,78.59855,""
"Bālatimmayagāripalle Bus Stop","bus",14.219502,78.553231,""
"Chilekampalle Bus Stop","bus",14.24756,78.509594,""
"Chekrayapeta Bus Stop","bus",14.263764,78.496774,""
"Vepulamitta Bus Stop","bus",14.228543,78.957577,""
"Gadikota Bus Stop","bus",14.201626,78.934166,""
"YadaballeBus Stop","bus",14.190925,78.910516,""
"Tarpupalle Bus Stop","bus",14.155205,78.86915,""
"Veeraballe Bus Stop","bus",14.156787,78.858042,""
"Rachakuntapalle Village Cross Bus Stop","bus",14.367721,78.27796,""
"Nakkalapalle Bus Stop","bus",14.511993,78.206497,""
"Visakhapatnam Old Bus Stand","bus",17.709589,83.294265,""
"Gotlamitta Village Bus Stop","bus",14.162954,78.537711,""
"Arilova Colony Bus Stop","bus",17.769918,83.30596,""
"Old Dairy Farm Bus Stop","bus",17.761188,83.333873,""
"APSRTC BUS STATION , PULLALACHERUVU","bus",16.155186,79.430018,""
"Alluri Bus Stop","bus",14.686417,80.053893,""
"Vemalaagardi Bus Stop","bus",14.256898,78.406386,""
"Peddannavaripalle Bus Stop","bus",14.253869,78.338447,""
"Vepamanipeta Bus Stop","bus",14.266724,78.301045,""
"Talupula Bus Stop","bus",14.241039,78.259086,""
"Thogata Vandla Pllli Bus Stop","bus",14.20537,78.26527,""
"Obulareddipalle Bus Stop","bus",14.191444,78.291989,""
"Gudalagondi Bus Stop","bus",14.147891,78.30471,""
"Obulapuram Thanda Bus Stop","bus",14.162092,78.310264,""
"Pedda Kambaloor Bus Stop","bus",15.3024,78.613118,""
"Chinna Kambaloor Bus Stop","bus",15.283799,78.56971,""
"Reppalapattu Bus Stop","bus",13.417327,79.746488,""
"Sadasiva Puram Bus Stop","bus",13.501995,79.732646,""
"Maddi Khandriga Bus Stop","bus",13.460195,79.726495,""
"Sivanadhapuram Bus Stop","bus",13.713124,79.725818,""
"Birajukandriga Bus Stop","bus",13.666931,79.733371,""
"Kotturu Bus Stop","bus",13.626433,79.73349,""
"Matham Bus Stop","bus",13.578799,79.747243,""
"Bodireddikandriga Bus Stop","bus",13.548855,79.741694,""
"Puttapasham Bus Stop","bus",15.70245,77.671515,""
"IT SEZ Bus Stop","bus",17.810296,83.389304,""
"Tiruvannamalai New Bus Stand","bus",12.237892,79.079444,""
"Sugguna Lanka  Bus Stop","bus",16.234096,80.81299,""
"Epuru Lanka Bus Stop","bus",16.220231,80.806217,""
"Alamuru Bus Stop","bus",14.642542,77.540275,""
"Bhavapuram Bus Stop","bus",15.259933,78.982472,""
"APSRTC Bus Station , Srimukhalingam","bus",18.595206,83.964249,""
"TGSRTC Bus Station , Alampuram","bus",15.879134,78.132132,""
"Pernadu Bus astop","bus",13.78551,80.151499,""
"Atakanitippa Bus Stop","bus",13.724341,80.12257,""
"Koridi Bis Stop","bus",13.763006,80.140004,""
"SHAR Gate","bus",13.724253,80.163101,""
"APSRTC Bus Station , Epuru","bus",16.229674,79.777229,""
"APSRTC Bus Station , Kudair","bus",14.730491,77.425551,""
"APSRTC Bus Station , Polavaram","bus",17.246574,81.639464,""
"Srinivasa mangapuram Bus and car Temple parking","bus",13.610722,79.326554,""
"Sri Vaari Mettu Bus Stop","bus",13.660236,79.336588,""
"Kamalamarri Bus Stop","bus",14.061393,78.584896,""
"Cheemalacheruvu Palli Bus Stop","bus",14.083892,78.595216,""
"Kadapavandlapalle Bus Stop","bus",14.099056,78.614993,""
"Katimayakunta Bus Stop","bus",14.080266,78.672746,""
"Pedda Kowkuntla Village Bus Stop","bus",14.792854,77.250605,""
"Vonija Bus Stop","bus",18.30709,83.228489,""
"APSRTC Bus Stop  - Andhra Pradesh High Court Parking Area","bus",16.521066,80.487506,""
"APSRTC Bus Parking at Andhra Pradesh High Court","bus",16.521054,80.487027,""
"APSRTC Bus Stop , Andhra Pradesh High Court","bus",16.521355,80.487173,""
"Kachapur bus stop","bus",18.329824,79.358819,""
"Gaddapaka Bus stop","bus",18.345205,79.358052,""
"கரூர் புதிய பேருந்து நிலையம்","bus",10.945167,78.081157,""
"TGSRTC Bus Station , Aiza","bus",16.015237,77.665916,""
"TGSRTC Bus Station , Achampet","bus",16.397713,78.633425,""
"TGSRTC Bus Station , Pebbair","bus",16.208038,77.99183,""
"TGSRTC Bus Station , Bijinapalli","bus",16.53361,78.20446,""
"TGSRTC Bus Station , Wanaparthy","bus",16.358373,78.060461,""
"TGSRTC Bus Station. Devuni Palem","bus",16.525278,78.233596,""
"TGSRTC Bus Station , Kollapur","bus",16.108348,78.318809,""
"TGSRTC Bus Station , Jadcherla","bus",16.773296,78.129889,""
"TGSRTC  Bus Station , Kalwakurthy","bus",16.664628,78.490981,""
"TGSRTC Bus Station , Banswada","bus",18.383078,77.875676,""
"TGSRTC Bus Station , Bhupalapally","bus",18.439931,79.863978,""
"TGSRTC Bus Station , Bodhan","bus",18.658761,77.895435,""
"TGSRTC Old Bus Station , Devarakonda","bus",16.691564,78.919519,""
"TGSRTC Bus Station , Pragnapur","bus",17.831528,78.706067,""
"TGSRTC Jublee Bus Station , Hyderabaf","bus",17.447775,78.49825,""
"TGSRTC JBS Bus Station","bus",17.447749,78.497755,""
"JBS","bus",17.447612,78.498632,""
"TGSRTC  Bus Station , Godavarikhani","bus",18.760126,79.508289,""
"TGSRTC Bus Station , Hanumakonda","bus",18.003041,79.566207,""
"TGSRTC Bus Station , Dubbaka","bus",18.172186,78.663469,""
"TGSRTC New Bus Station , Gajwel","bus",17.842373,78.660502,""
"TGSRTC Bus Station, Huzurabad","bus",18.202908,79.396294,""
"TGSRTC New Bus Station , Jagityal","bus",18.789433,78.913505,""
"TGSRTC Old Bus Station , Jagityala","bus",18.798075,78.920682,""
"TGSRTC Bus Station , Janagaon","bus",17.719297,79.16269,""
"TGSRTC New Bus Station , Khammam","bus",17.260951,80.14956,""
"TGSRTC Bus Station, ECIL","bus",17.472488,78.570112,""
"TGSRTC Bus Station , Kosigi","bus",16.987056,77.711361,""
"TGSRTC Bus Station , Madhira","bus",16.922469,80.367132,""
"TGSRTC Bus Station , Mahbubnagar","bus",16.74804,77.995764,""
"TGSRTC Bus Station , Manuguru","bus",17.947509,80.811948,""
"TGSRTC Bus Station , Maheshwaram","bus",17.135846,78.435379,""
"TGSRTC Bus Station , Manthani","bus",18.651397,79.66775,""
"TGSRTC Bus Station , Medak","bus",18.050724,78.269886,""
"TGSRTC Bus Station , Narayanakhed","bus",18.036985,77.779591,""
"TGSRTC Bus Station , Narsampet","bus",17.925373,79.886235,""
"TGSRTC Bus Station , Narayanapet","bus",16.741841,77.497495,""
"TGSRTC Bus Station , Nirmal","bus",19.100414,78.341291,""
"TGSRTC Bus Station , Pargi","bus",17.175763,77.880912,""
"TGSRTC Bus Station , Nizamabad","bus",18.676072,78.099539,""
"TGSRTC Bus Station , Sangareddy","bus",17.615349,78.081956,""
"TGSRTC Bus Station , Siddipet","bus",18.094263,78.852897,""
"TGSRTC Bus Station , Thorrur","bus",17.586308,79.656003,""
"TGSRTC Bus Station , Tandur","bus",17.25345,77.590819,""
"TGSRTC Bus Station , Vemulavada","bus",18.461325,78.868019,""
"TGSRTC Bus Station , Warangal","bus",17.973889,79.606726,""
"TGSRTC Bus Station ( Near Warangal Railway Station ) , Warangal","bus",17.973963,79.606234,""
"TGSRTC Bus Station , Yadagirigutta","bus",17.58274,78.946127,""
"TGSRTC Bus Station , Zaheerabad","bus",17.681504,77.614118,""
"sirikonda bus stip","bus",18.58195,78.456847,""
"Shrivari Paadaalu Bus Stop","bus",13.678116,79.332736,""
"Silathoranam Natural Stone Arch Bus Stop","bus",13.685976,79.341154,""
"Gundrevari Palli Bus Stop","bus",13.865928,78.896207,""
"Anjanadri Bus Stop","bus",13.659913,79.384822,""
"T.Sadum Bus Stop","bus",13.664538,78.100623,""
"Motu Bus Station","bus",17.833353,81.400447,""
"Kattubavi Bus Stop","bus",13.466544,78.426731,""
"Donduvaripalle Bus Stop","bus",13.516251,78.478267,""
"Pulivallem Bus Stop","bus",13.623849,79.995318,""
"Taluk Office Bus Stop","bus",15.227175,78.324297,""
"Nernoor Bus Stop","bus",14.420443,79.595407,""
"TGSRTC Bus Station. Yellandu","bus",17.595195,80.321919,""
"Gownivaripalli Bus Stop","bus",13.882169,78.561726,""
"Pasalavandla Palle Bus Stop","bus",13.886766,78.619762,""
"Erakannapalem Bus Stop","bus",17.522485,82.373623,""
"Dhanujavari Palli  Bus Stop","bus",13.500818,79.146134,""
"Dasukuppam Bus Stop","bus",13.337805,79.89105,""
"Mogili Highway Bus Stop","bus",13.186611,78.832454,""
"Mogili Village  Bus Stop","bus",13.185305,78.836183,""
"Yarada Village Bus Stop","bus",17.662821,83.278253,""
"Kakaralova - Chintalalova Bus Stop","bus",17.68291,83.258227,""
"wireless Station Bus Stop","bus",17.672583,83.272124,""
"Sector J Bus Stop","bus",17.681169,83.268634,""
"Sector L Bus Stop","bus",17.679232,83.266974,""
"Dolphin Cove Bus Stop","bus",17.667178,83.281948,""
"Yarada Beach Bus Stop","bus",17.653503,83.264073,""
"Paravada Sub Station Bus Stop","bus",17.628304,83.089442,""
"Krishnampalem  Bus Stop","bus",17.507451,82.937162,""
"Rajakoduru Bus Stop","bus",17.510739,82.936374,""
"Votagada Village Road","bus",17.614459,83.072256,""
"Venkatapuram  Bus Stop","bus",17.544581,82.944548,""
"Sanakaluva Bus Stop","bus",17.578425,83.009085,""
"Palavalasa Village Road Bus Stop","bus",17.574814,83.152092,""
"Jangalaplem Bus Stop","bus",17.530405,82.942299,""
"Jajulavanipalem Bus Stop","bus",17.636003,83.109928,""
"Kotthapatnam Bus Stop","bus",17.435527,82.895211,""
"Vada Narsapuram Bus Stop","bus",17.446064,82.909784,""
"Govindapalem Bus Stop","bus",17.45596,82.915991,""
"Rambilli Bus Stop","bus",17.465352,82.927699,""
"Kondavaripalem Bus Stop","bus",17.477588,82.938962,""
"Appannapalem Bus Stop","bus",17.490602,82.9377,""
"Holy Sprit School Bus Stop","bus",16.246612,80.912087,""
"Nidumolu X Roads  Bus Stop","bus",16.254449,80.935382,""
"Ayyanki Bus Stop","bus",16.266371,80.942409,""
"Kaza Village Bus Stop","bus",16.19815,81.006357,""
"Jamiya Masjid Bus Stop","bus",16.198442,81.004246,""
"Kosuru Bus Stop","bus",16.207294,80.967997,""
"Vemulamada Bus Stop","bus",16.218561,80.94159,""
"Movvapalem Bus Stop","bus",16.22052,80.931977,""
"Kanuru X Roads Bus Stop","bus",16.483981,80.685918,""
"Poranki Bus Stop","bus",16.476036,80.706832,""
"Tadigadapa Bus Stop","bus",16.478992,80.699184,""
"Anjaneyaswamy Temple Bus Stop","bus",16.30169,80.955135,""
"Pamarru Centre Bus Stop","bus",16.323038,80.960801,""
"Kurumaddali Bus Stop","bus",16.332098,80.929202,""
"Gopuvanipalem Bus Stop","bus",16.348552,80.891854,""
"Mantada Bus Stop","bus",16.355818,80.878069,""
"Vuyyuru Bypass-Tandava Lakshmi","bus",16.371282,80.837403,""
"Chinna Ogirala X Roads Bus Stop","bus",16.382222,80.826027,""
"Pedda Ogirala Bus Stop","bus",16.393376,80.813712,""
"Nepalli Masjid Bus Stop","bus",16.40249,80.801402,""
"Nepalli  Bus Stop","bus",16.403403,80.80008,""
"Prodduturu X Roads Bus Stop","bus",16.417284,80.782179,""
"Edupugallu Bus Stop","bus",16.450788,80.745683,""
"Vijay Spinning Mills  Bus Stop","bus",16.461337,80.734994,""
"Penamaluru X Roads Bus Stop","bus",16.471224,80.720095,""
"Kasturibaipet Bus Stop","bus",16.507085,80.639995,""
"Siddhartha College Bus Stop","bus",16.481923,80.691233,""
"State Guest House Bus Stop","bus",16.509211,80.634098,""
"JNNURM Colony Bus Stop","bus",16.553187,80.617641,""
"Koyda Bus Stop","bus",17.483686,81.380303,""
"Tekuru Bus Stop","bus",17.488712,81.357416,""
"Katukur Bus Stop","bus",17.492255,81.341693,""
"Chigurumamidi Bus Stop","bus",17.473714,81.310289,""
"Kotthuru Bus Stop","bus",17.47845,81.288134,""
"Kannaigudem Bus Stop","bus",17.497995,81.276988,""
"Velerupadu Bus Stop","bus",17.524149,81.258186,""
"Bachuvarigudem Bus Stop","bus",17.409886,81.173928,""
"Narayana Puram Bus Stop","bus",17.387662,81.155069,""
"Vutlapalli Bus Stop","bus",17.292359,81.117603,""
"Sivakasipuram Village Road","bus",17.502919,81.238456,""
"Medapalle Bus Stop","bus",17.457677,81.191679,""
"Siribala Bus Stop","bus",17.914225,82.248427,""
"Nimmidoddi Junction Bus Stop","bus",17.591337,83.154831,""
"Madeena Bagh Bus Stop","bus",17.622678,83.161038,""
"Islampet Bus Stop","bus",17.608966,83.151404,""
"Vengamvaripalle Bus Stop","bus",13.046179,78.617073,""
"KEC Bus Stand","bus",11.273405,77.608255,""
"Madhavaram Village Bus Stop","bus",13.29799,78.842691,""
"Puthramaddi Village Bus Stop","bus",13.322061,78.991956,""
"Broadway Bus Terminus","bus",13.086923,80.28417,""
"Mandaveli Bus Terminus","bus",13.026626,80.265738,""
"Thyagaraya Nagar Bus Terminus","bus",13.034561,80.23008,""
"Minjur Bus Stand","bus",13.282039,80.253714,""
"Sriperumbudur Bus Stand","bus",12.966503,79.94505,""
"Erode Bus Stand","bus",11.347065,77.71997,""
"Domlur Bus Station","bus",12.961802,77.63873,""
"Chennai Mofussil Bus Terminus","bus",13.067044,80.205648,""
"Anna Square Bus Station","bus",13.06641,80.284296,""
"KR Market Bus Terminus","bus",12.964073,77.577792,""
"Kalasipalyam Bus Stand","bus",12.960397,77.577151,""
"Thanjavur New Bus Stand","bus",10.750124,79.112323,""
"SETC Bus Stand","bus",10.78629,79.136278,""
"Hampinagara Bus Station","bus",12.958979,77.535479,""
"Gandhipuram Town Bus Stand","bus",11.016461,76.969318,""
"Brindavan Garden Bus Station","bus",12.422045,76.577078,""
"Central Bus Stand","bus",17.921689,77.507463,""
"CBIT bus stop","bus",17.393733,78.320177,""
"Perundurai Bus Stand","bus",11.273538,77.580015,""
"Hullahalli Bus Stand","bus",12.098248,76.555706,""
"Kondapur Bus Depot","bus",17.465385,78.364109,""
"Koramangala TTMC","bus",12.940967,77.625052,""
"Vadapalani Bus Terminus","bus",13.04919,80.207094,""
"Chromepet Bus Stand","bus",12.951576,80.140084,""
"சென்னை சென்ட்ரல்","bus",13.082012,80.275622,""
"Anna Nagar West Depot","bus",13.093925,80.198087,""
"Pallavaram Bus Stand","bus",12.969295,80.150249,""
"Kelambakkam Bus Station","bus",12.786247,80.222007,""
"Thiruverkadu Bus Depot","bus",13.069503,80.12401,""
"Thiruvanmiyur MTC Terminus","bus",12.986836,80.259333,""
"Saidapet MTC Terminus","bus",13.023427,80.22772,""
"Kadugodi Bus Station","bus",12.995701,77.75851,""
"Jeevan Bhima Nagar Bus Depot","bus",12.965759,77.658083,""
"Mandya Bus Stand","bus",12.527989,76.889609,""
"Vijayanagar Bus Stand","bus",12.965467,77.534673,""
"Old Bus Station","bus",17.915012,77.516206,""
"Sharada Colony Bus Depot","bus",12.988425,77.533666,""
"KSRTC Bus Stand","bus",12.121272,76.682119,""
"New Busstand","bus",11.030278,76.951732,""
"KSRTC Bus Station","bus",12.312567,76.658414,""
"Mannargudi Bus Station‎","bus",10.66558,79.448648,""
"Ooty","bus",11.40365,76.695786,""
"Kollegal Bus Stand","bus",12.153729,77.104152,""
"Kurugodu Bus Stand","bus",15.343488,76.832646,""
"Atal Bihari Vajpayee Bus Stand","bus",12.917327,77.589157,""
"Banashankari TTMC","bus",12.917765,77.572995,""
"Veerulapadu","bus",16.820213,80.400257,""
"Tiptur KSRTC Depot","bus",13.266523,76.47421,""
"Old Busstand(Town Bus station)","bus",12.528667,78.217767,""
"Gudalur Bus Stand","bus",11.505874,76.491974,""
"KGF Bus Station","bus",12.958097,78.271916,""
"KSRTC Garage Palakkad","bus",10.76708,76.649457,""
"Cuddalore","bus",11.746307,79.755695,""
"Town Bus Stand","bus",10.770814,76.651665,""
"Stadium Bus Stand","bus",10.773991,76.662654,""
"Nelamangala BMTC Bus Stand","bus",13.097774,77.394133,""
"Mysore City Bus Station","bus",12.307603,76.653415,""
"Villupuram New Bus Stand","bus",11.930777,79.482275,""
"Kerala State Road & Transport Corporation","bus",10.767619,76.649173,""
"Vemulawada","bus",18.461362,78.867984,""
"Bhuvanagiri","bus",17.516134,78.886748,""
"Trichy Central Bus Stand","bus",10.798441,78.68028,""
"Vellakovil","bus",10.951041,77.712913,""
"Sultanabad bus station","bus",18.529616,79.319155,""
"Shivajinagar Bus Station","bus",12.983209,77.603076,""
"Kadambazhipuram Bus Stand","bus",10.872779,76.446094,""
"Egmore Railway Station","bus",13.079456,80.262775,""
"Guindy Estate MTC Terminus","bus",13.0092,80.210746,""
"Chairman Balasubramaniam Bus Station","bus",11.073905,77.886508,""
"MMDA Colony","bus",13.062514,80.215383,""
"Villivakkam MTC Bus Terminus","bus",13.105383,80.208366,""
"Shikaripalya","bus",12.83598,77.657182,""
"Hosur Main Bus Stand","bus",12.735158,77.827399,""
"Charminar Bus Station","bus",17.35914,78.473848,""
"Kempegowda Bus Station","bus",12.978153,77.572425,""
"Kanakapura Bus Stand","bus",12.548398,77.425604,""
"Kuvempunagara Bus Station","bus",12.915689,77.616245,""
"Intercity Bus Stand","bus",11.01728,76.970219,""
"Sidlaghatta New Bus stand","bus",13.392433,77.864372,""
"Sidlaghatta Bus Stand","bus",13.384475,77.862387,""
"Thiruvallur Bus Depot","bus",13.140313,79.908288,""
"Chitradurga KSRTC Bus Station","bus",14.226802,76.396035,""
"Ambur","bus",12.78328,78.719494,""
"Malur Bus Stand","bus",13.004205,77.937559,""
"MTC Bus Terminus","bus",12.844758,80.061639,""
"Channarayapattana Bus Stand","bus",12.898108,76.391182,""
"VRL Truck and Bus Depot","bus",14.191601,76.452642,""
"Rasipuram Bus Stand","bus",11.457195,78.190592,""
"ISRO Layout Bus Stand","bus",12.89948,77.558449,""
"BUS STAND","bus",18.289075,79.475369,""
"Bus stand","bus",11.101834,79.650509,""
"Choudeshwari Bus Stand","bus",13.03283,77.554012,""
"Shahpur Bus Stand","bus",16.694401,76.846462,""
"TNSTC Coimbatore Central Bus Depot","bus",11.01411,76.967066,""
"Panchayat Bus Stand","bus",10.593502,76.599816,""
"Vedasandur Busstand","bus",10.530023,77.948082,""
"Kollengode Bus Stand","bus",10.615688,76.694776,""
"Sankari Old Bus Station","bus",11.47485,77.869368,""
"Sankagiri Bus Stand","bus",11.479707,77.880394,""
"Gobichettipalayam","bus",11.454519,77.436684,""
"Dr. MGR Central Bus Stand - Salem","bus",11.66909,78.139402,""
"Hindupuram Town ( Parigi Bus Stand )","bus",13.831212,77.492439,""
"Kuvempunagar","bus",12.276683,76.625589,""
"Anekal Bus Stand","bus",12.709008,77.696369,""
"Latur Bus stand","bus",18.400367,76.579994,""
"KSRTC Bus Terminal 3","bus",12.975059,77.571691,""
"Viveknagar Bus Station","bus",12.954345,77.622696,""
"Basaveshwara Bus Station","bus",13.044906,77.525668,""
"Hutti New Bus Station","bus",16.198807,76.660269,""
"Sira Private Bus stand","bus",13.740975,76.901984,""
"Ghanpur Bus Stand","bus",17.85347,79.370378,""
"Khairatabad","bus",17.413221,78.460853,""
"Keerthi Mahal Bus Stop","bus",17.496688,78.297397,""
"Basavanagar Bus Stand","bus",12.966891,77.682646,""
"Lingasuguru Bus Station","bus",16.15667,76.527141,""
"Kaptanupalem Bus Stop","bus",16.092233,80.922824,""
"Motkur Bus Station","bus",17.465378,79.265489,""
"Hesaghatta Bus Terminal","bus",13.137631,77.479423,""
"Ballari New Bus Terminal","bus",15.137357,76.918848,""
"Ballari Local Bus Terminal","bus",15.146302,76.927742,""
"Private Bus Terminal","bus",15.138759,76.916133,""
"Erode Mini Bus Stand","bus",11.346107,77.720881,""
"TSRTC - Old Bus Stand","bus",16.894214,79.872212,""
"TSRTC - New Bus Station","bus",16.903016,79.876662,""
"Bus stand - Kattumankoil","bus",11.276969,79.550997,""
"Kotagiri Bus Stand","bus",11.421219,76.86264,""
"Bus Stand Udgir","bus",18.386727,77.119761,""
"OPD City Bus Station","bus",15.154958,76.898969,""
"Ottappalam Municipal Bus Stand","bus",10.772049,76.376839,""
"Bidadi Bus Station","bus",12.797119,77.38464,""
"മണ്ണാർക്കാട് ബസ് സ്റ്റാൻഡ്","bus",10.991408,76.454869,""
"KSRTC Bus Terminal 1","bus",12.976757,77.573931,""
"Kalaburagi Bus Station","bus",17.326239,76.81732,""
"Velanthavalam Bus Stand","bus",10.818857,76.863097,""
"SALEM TOWN BUS STAND","bus",11.652807,78.159249,""
"Kongad","bus",10.853951,76.521612,""
"KSRTC Bus Depot","bus",14.221305,76.409015,""
"Bannerghatta BMTC Bus Stand","bus",12.800696,77.577675,""
"Nagapattinam","bus",10.773288,79.842008,""
"Humnabad KSRTC Bus Stand","bus",17.771994,77.124478,""
"Thiruthuraipundi Bus Stand","bus",10.539309,79.639623,""
"Yeshwanthapura TTMC","bus",13.018104,77.556525,""
"Hebbal Bus Station","bus",13.042788,77.592016,""
"Kempegowda International Airport Bus Station","bus",13.199143,77.708076,""
"Rural Bus Stand","bus",12.528604,76.901333,""
"Vidyaranyapura Bus Terminus","bus",13.083524,77.560804,""
"Tumkur KSRTC Bus Stand","bus",13.341157,77.102516,""
"Tumkur Private Bus Stand","bus",13.3425,77.101175,""
"Neelasandra","bus",12.95764,77.614153,""
"Namakkal Bus Stand","bus",11.220069,78.168043,""
"Panruti Bus Station","bus",11.771263,79.552936,""
"New bus stand","bus",13.245647,77.712849,""
"Yelahanka Satellite Town","bus",13.105729,77.572528,""
"Pandavapura Bus Station","bus",12.497614,76.674812,""
"Vignananagar Bus Station","bus",12.972627,77.677734,""
"General Hospital Bus Stand","bus",10.994563,76.969327,""
"Shri Vidhyanagara BMTC Bus station","bus",12.934135,77.539655,""
"C V Raman Nagar Bus Stand","bus",12.985643,77.664081,""
"Yelahanka Old Town","bus",13.100955,77.594781,""
"Chittapura Bus Stand","bus",17.123322,77.0862,""
"Pazhayanur Bus Stand","bus",10.686117,76.422304,""
"Denkanikottai Bus Stand","bus",12.527147,77.78886,""
"MSRTC Latur Bus Depot","bus",18.398494,76.562574,""
"Kengeri TTMC","bus",12.913707,77.487041,""
"Chandra Layout Bus Station","bus",12.959163,77.526892,""
"Tindivanam Old Bus Stand","bus",12.226586,79.64872,""
"Tindivanam Bus Stand","bus",12.226421,79.651087,""
"NES Office","bus",13.0977,77.591487,""
"Kaviarasu Kannadasan Nagar(KKD) Nagar Bus Terminus","bus",13.136177,80.256762,""
"Kodungaiyur Parvathi Nagar Bus Terminus","bus",13.142555,80.24916,""
"Sreekrishnapuram Bus stand","bus",10.904702,76.408154,""
"Rayagada","bus",19.168184,83.407669,""
"Jambu Savari Dinne Bus Bay","bus",12.865741,77.581431,""
"Oddanchatram Bus Stand","bus",10.486867,77.750114,""
"KSRTC City 2 Depot","bus",12.276994,76.626752,""
"Bhalki Bus Stand","bus",18.046035,77.211646,""
"Vazhikkadavu Bus Stand","bus",11.389196,76.347319,""
"Gundlupet Bus Station","bus",11.810527,76.686404,""
"Theradi Bus Stop","bus",10.88039,79.107251,""
"Thiruvaiyaru Bus Stand","bus",10.878425,79.103207,""
"Vadakkencherry Bus Stand","bus",10.589406,76.479971,""
"N. R. Colony Bus Station","bus",12.93807,77.569026,""
"Bus Depot","bus",12.897267,76.391011,""
"Gandhipuram Central Bus Stand","bus",11.014124,76.966916,""
"Omni bus stand","bus",11.022949,76.971505,""
"Thiruvilwamala Grama Panchayath Bus Stand","bus",10.732653,76.428706,""
"Maduranthakam Bus Stand","bus",12.512126,79.885135,""
"Harur Bus stand","bus",12.053521,78.483461,""
"New KSRTC Bus Station","bus",12.950644,78.271462,""
"Old Bowenpally Bus stop","bus",17.476561,78.478855,""
"Hasmathpet Bus stop","bus",17.475426,78.485675,""
"Pattabiram Bus Depo","bus",13.122974,80.061165,""
"Anna bus stand","bus",12.510947,79.126594,""
"Channapatna Bus Station","bus",12.652964,77.204205,""
"SETC bus depot","bus",11.931844,79.820409,""
"old bus stop","bus",11.599794,78.597897,""
"Bus Parking","bus",16.200374,80.055705,""
"Kerala State Road Transport Corporation Bus Depot","bus",10.690795,76.717613,""
"Pattukkottai","bus",10.419434,79.317665,""
"Chamarajanagar KSRTC Bus Stand","bus",11.924063,76.940318,""
"Chidambaram Bus Stand","bus",11.396738,79.700698,""
"Omalur Bus Stand","bus",11.743639,78.047673,""
"orathanadu Bus Stand","bus",10.627406,79.251065,""
"Pollachi New Bus Stand","bus",10.66141,77.0064,""
"Pollachi Old Bus Stand","bus",10.662554,77.006266,""
"Temple Bus Stand","bus",10.739698,76.429257,""
"TGSRTC  Bus Station , Mehdipatnam","bus",17.394751,78.440319,""
"TNSTC Bus Depot","bus",11.007221,77.564295,""
"Kangeyam Bus stand","bus",11.006335,77.560569,""
"SETC Bus Depot","bus",10.788157,78.697081,""
"Rajeevgandhi nagar","bus",17.359751,78.557819,""
"Kalyan Nagar BMTC Depot","bus",13.026564,77.638343,""
"KSRTC Bus Station Gubbi","bus",13.309704,76.943382,""
"Vijayapura bus station","bus",13.295064,77.802073,""
"Mallasandra Bus Station","bus",13.059074,77.507693,""
"Jayanagar TTMC","bus",12.928249,77.584341,""
"Ksrtc Bus Station","bus",13.261289,76.47484,""
"Dharapuram Main Bus Stand","bus",10.733121,77.519067,""
"Villupuram old Bus Stand","bus",11.940452,79.491595,""
"Challakere KSRTC Bus Stand","bus",14.315229,76.652288,""
"Thiyagadurgam Bus Stand","bus",11.742072,79.073064,""
"police line bus stop","bus",17.436855,78.423595,""
"Prashanth nagar bus stop","bus",17.474801,78.425528,""
"Kengeri Uppanagara Bus Stand","bus",12.916249,77.482537,""
"Nannilam Bus Stand","bus",10.880636,79.610943,""
"Railway Station Bus Stop ( Shar )","bus",13.697235,80.018717,""
"Shirur Anantpal Bus Stand","bus",18.33405,76.830131,""
"ksrtc Depot Vadakkencherry","bus",10.595379,76.480019,""
"Ambajogai Bus Station","bus",18.731081,76.390112,""
"Nambiyur Bus Stand","bus",11.356263,77.319413,""
"Tiruchengode New Bus Stand","bus",11.383141,77.895439,""
"Karuvarakundu Bus Stand","bus",11.125584,76.342524,""
"TNSTC Bus Depo","bus",11.741808,78.962997,""
"Uppal X Road Bus Stop ( Towards Nagole )","bus",17.401018,78.560541,""
"Uppal _ Nagole Bus Stop","bus",17.400856,78.560498,""
"Arcot","bus",12.907866,79.3251,""
"Mettupalayam Bus Stand","bus",11.302478,76.937652,""
"SVITS College Bus Stop","bus",16.64672,77.859155,""
"Velankanni Bus Station","bus",10.682144,79.848205,""
"Malkangiri Bus stand","bus",18.364334,81.892451,""
"Pennadam Bus Stand","bus",11.402774,79.242091,""
"Virdhachalam Bus Stand","bus",11.522478,79.324264,""
"Singanallur Bus Stand","bus",11.002421,77.029091,""
"Muthukadai","bus",12.931821,79.335288,""
"Aarani old bus stand","bus",12.672541,79.285461,""
"Nanded Bus Stand","bus",19.159408,77.306119,""
"Depot-40 Dasanapura BMTC Bus Garage","bus",13.078106,77.446131,""
"Simhachalam Devasthanam Hill Down Free Bus Stop","bus",17.772713,83.245543,""
"Doddaballapura","bus",13.293296,77.542284,""
"Vandavasi Bus Interchange","bus",12.497519,79.608704,""
"Amangal Bus Stand","bus",16.849083,78.52972,""
"ksrtc depo","bus",10.995153,76.469742,""
"Malampuzha Bus Stand","bus",10.823982,76.688617,""
"Ottapalam Bus Terminal","bus",10.771992,76.376839,""
"Pushpak Airport Liner Bus Stop","bus",17.440891,78.506256,""
"Gauribidanur KSRTC Bus Terminal","bus",13.60877,77.519904,""
"Maddur Bus Stand","bus",12.588814,77.044984,""
"Madduru Bus Stand","bus",12.589643,77.044686,""
"Sindhanuru State Bus Station","bus",15.771053,76.753574,""
"Hattiguduru Bus Station","bus",16.604213,76.881668,""
"Manvi Bus Station","bus",15.997251,77.049119,""
"Kulithalai Bus Stand","bus",10.939162,78.421969,""
"Palladam Paerarignar Anna Paerundhu Nilaiyam","bus",10.994488,77.283097,""
"Bustap Chennaram","bus",16.344581,78.200917,""
"Ariyalur Bus Stand","bus",11.135611,79.076996,""
"Ganagapur Bus Stand","bus",17.341384,76.594064,""
"Koyil vazhi bus stand, Tiruppur","bus",11.058222,77.38837,""
"New Bus Stand, Tiruppur","bus",11.132049,77.341207,""
"thadikal bus station","bus",18.311794,79.289931,""
"Bus Stand, Neyveli-2","bus",11.540597,79.464055,""
"வாலாஜா","bus",12.925679,79.364341,""
"Shoolagiri Bus Stand","bus",12.664073,78.008813,""
"Paranur Bus Station","bus",12.730288,79.984787,""
"Avadi MTC Terminus","bus",13.120051,80.102118,""
"கரூர் பழைய பேருந்து நிலையம்","bus",10.959962,78.075199,""
"Keelkattalai Bus Stand","bus",12.956027,80.186129,""
"Vandalur Kelambakkam Bus Terminus","bus",12.872569,80.082142,""
"Vandalur Mofussil Bus Terminus","bus",12.873379,80.079212,""
"Kilambakkam Moffusil Terminus","bus",12.872302,80.082137,""
"Aland Bus Station","bus",17.563566,76.564035,""
"Koyambedu Omni Bus Station","bus",13.07078,80.198793,""
"Chatram bus stand","bus",10.831487,78.693651,""
"NEKRTC Raichur Bus Station","bus",16.201606,77.346144,""
"Gopalpet Bustop","bus",16.394776,78.14392,""
"Veppampattu Bus Depot","bus",13.128905,80.008449,""
"Huskuru Bus Stop","bus",12.861619,77.705304,""
"Vallalar Nagar Bus Depot","bus",13.104335,80.276257,""
"M.G.R Nagar Bus stop","bus",11.522864,77.45025,""
"Podaturpet Bus Station","bus",13.283146,79.483547,""
"Vydehi TTMC","bus",12.977165,77.726503,""
"Buses parts","bus",17.508339,78.580646,""
"Kandhar Bus Stop","bus",18.874443,77.183831,""
"Panjappur Integrated Bus Terminus","bus",10.754373,78.655932,""
"Metro Bus Station  Uppal","bus",17.390054,78.559245,""
"Dr. Puratachi Thalavi Amma Paerundhu Nilaiyam","bus",11.028807,77.129591,""
"Tambaram","bus",12.928162,80.11905,""
"Vellore New Bus Stand","bus",12.934667,79.137093,""
"Korattur MTC Terminus","bus",13.111587,80.184212,""
"Puducherry New Bus Stand","bus",11.933137,79.816151,""
"Vallalar Nagar Bus Terminal","bus",13.105908,80.280433,""
"Uppal Bus Station","bus",17.401797,78.56849,""
"Bus Terminal 2, 2A","bus",12.976718,77.57192,""
"Yelahanka New Town","bus",13.095655,77.579035,""
"KSRTC Mysore Road Satellite Bus Station","bus",12.953204,77.543723,""
"APSRTC  Pandit Nehru Bus Station , Vijayawada","bus",16.508804,80.615601,""
"Nagiri Bus Stand","bus",13.318998,79.585728,""
"Kumaraswamy Layout","bus",12.902935,77.561716,""
"Nandini Layout","bus",13.011582,77.535844,""
"Vangara Bus Stand","bus",18.129877,79.335696,""
"ntr bus stand","bus",16.296031,80.456372,""
"Annai Indira Gandhi Bus Stand, Karumandurai","bus",11.825615,78.627969,""
"busstand","bus",16.116522,80.811375,""
"Maraimalai Nagar Bus Stand","bus",12.791908,80.032185,""
"Gudur Old Bus Stand","bus",14.146947,79.847636,""
"Tirupur Old Bus Stand","bus",11.098185,77.348264,""
"Bus Staand","bus",18.465048,77.802067,""
"Mallasamudram Bus Depot","bus",11.49405,78.028881,""
"Vandavasi Bus Stand","bus",12.5069,79.603912,""
"Chincholi","bus",17.457439,77.420087,""
"APSRTC Dwaraka Bus Station , Visakhapatnam","bus",17.723852,83.306969,""
"Mayiladuthurai New Bus Stand","bus",11.099519,79.651313,""
"Chityal Bus Station","bus",17.232882,79.124091,""
"Bande Maramma","bus",12.966786,77.516055,""
"Konaraopet Bus Stand","bus",18.481876,78.693528,""
"Kancharla Bus Stand","bus",18.463483,78.635942,""
"Terminal 2","bus",12.940803,77.690013,""
"Adoni Old Bus Stand","bus",15.61695,77.269389,""
"Machilipatnam Bus Stand","bus",16.188247,81.136553,""
"Mahatma Gandhi Bus Station","bus",17.37811,78.484631,""
"Rayadurgam ( Anantapur ) Bus Stop","bus",14.697972,76.85,""
"Injapur Bus Stop","bus",17.29947,78.582102,""
"B.N Reddy Nagar Bus Stop","bus",17.321909,78.559795,""
"Injapur Bus Stop (Sagar Ring Road side)","bus",17.298738,78.582543,""
"Red Water Tank Stop","bus",17.329018,78.568975,""
"Ganesh Temple Bus Stop","bus",17.331092,78.569174,""
"TGSRTC New Bus Station , Devarakonda","bus",16.690451,78.91981,""
"TGSRTC Jublee Bus Station , Secunderabad","bus",17.445289,78.498054,""
"chandarlapdu bus stand","bus",16.770808,80.28518,""
"sirikonda bus stop","bus",18.581913,78.456731,""
"ksrtc bus stand","bus",13.413531,76.621866,""
"Temple Road Bus stop","bus",16.119245,77.699325,""
"Old Bus stand, Maldakal","bus",16.121949,77.701117,""
"KEC BUS STAND","bus",11.273355,77.608292,""
"Ambattur OT Bus Shelter","bus",13.119637,80.15017,""
"Ambattur Estate Bus Terminus","bus",13.099488,80.169631,""
"Amberpet Bus Station","bus",17.390263,78.516481,""
"MTC Bus Stand","bus",12.87316,80.079082,""
"Kilambakkam Bus Terminus","bus",12.872222,80.081215,""
"Bangalore Cantonment","railway",12.993687,77.598,""
"Chennai Chetpet","railway",13.074342,80.242421,""
"Bisanattam","railway",12.842245,78.249858,""
"Kuppam","railway",12.74728,78.340363,""
"Mulanur","railway",12.662548,78.406755,""
"Patchur","railway",12.586531,78.469733,""
"Pattaravakkam","railway",13.11439,80.166398,""
"Bengaluru East","railway",13.001146,77.618345,""
"Kanchipuram","railway",12.848311,79.705073,""
"Walajabad","railway",12.796826,79.818583,""
"Kanchipuram East","railway",12.840861,79.712198,""
"Pattabiram Military Siding","railway",13.137376,80.060118,""
"Tirumalpur","railway",12.956567,79.673763,""
"Wellington","railway",11.356078,76.786104,""
"Aruvankadu","railway",11.359534,76.769611,""
"Ketti","railway",11.381791,76.737613,""
"Udhagamandalam","railway",11.405169,76.696339,""
"Hill Grove","railway",11.342014,76.835665,""
"Kallar","railway",11.338553,76.882906,""
"Lovedale","railway",11.384835,76.705102,""
"Erode Junction","railway",11.328626,77.72579,""
"Khairatabad","railway",17.412974,78.461058,""
"Necklace Road","railway",17.423336,78.463186,""
"Hyderabad Deccan Nampally","railway",17.392422,78.467596,""
"Anna Nagar West","railway",13.098539,80.201006,""
"Malakpet","railway",17.376503,78.494826,""
"Kacheguda","railway",17.389311,78.49924,""
"Hejjala","railway",12.848411,77.418328,""
"Kengeri","railway",12.917657,77.483757,""
"Nayandahalli","railway",12.941325,77.521212,""
"Chikka Banavara","railway",13.074679,77.505637,""
"Moula Ali","railway",17.440739,78.55067,""
"Settigunta","railway",13.870358,79.384176,""
"Yelahanka Junction","railway",13.105007,77.591894,""
"Nature Cure Hospital","railway",17.445657,78.452149,""
"Begumpet","railway",17.438695,78.458097,""
"Dharmapuri","railway",12.125861,78.154221,""
"Hosur","railway",12.718336,77.822948,""
"Rayakkottai","railway",12.514501,78.027275,""
"Pugalur","railway",11.051413,77.991614,""
"Karur Junction","railway",10.965808,78.084956,""
"Palayam.I","railway",10.718816,78.129209,""
"Omalur Junction","railway",11.738293,78.04493,""
"Thondebhavi","railway",13.503993,77.514955,""
"Devarapalli","railway",13.723234,77.511948,""
"Malugur","railway",13.891793,77.541664,""
"Penukonda Junction","railway",14.100066,77.59458,""
"Hirehalli","railway",13.280665,77.188783,""
"Kyatsandra","railway",13.31561,77.147748,""
"Banaswadi","railway",13.005836,77.628132,""
"Channasandra","railway",13.011857,77.662814,""
"Chamarajapuram","railway",12.298154,76.637862,""
"Siddampalli","railway",13.159867,79.137119,""
"Pakala Junction","railway",13.450904,79.114505,""
"Vizianagaram Junction","railway",18.111464,83.396325,""
"Visakhapatnam","railway",17.721431,83.290622,""
"Gadwal","railway",16.225195,77.809493,""
"Chigicherla","railway",14.516567,77.684094,""
"Zangalapalli","railway",14.590082,77.641803,""
"Ramaraju Palli","railway",15.041212,77.617495,""
"Turkapalli","railway",15.087287,77.628137,""
"Gooty Junction","railway",15.149548,77.625239,""
"Pendekallu Junction","railway",15.374304,77.648589,""
"Malliyala","railway",15.396921,77.775341,""
"Dhone Junction","railway",15.395332,77.868066,""
"Veldurti","railway",15.553559,77.927454,""
"Dupadu","railway",15.742985,78.013105,""
"Kurnool City","railway",15.832599,78.032622,""
"Alampur Road","railway",15.89552,78.046814,""
"Ramanagaram","railway",12.721048,77.283738,""
"Maddur","railway",12.604671,77.0497,""
"Chitradurga","railway",14.230797,76.386473,""
"Latur Railway Station","railway",18.429456,76.555797,""
"Shrirangapattana","railway",12.424144,76.677873,""
"Channarayapatna","railway",12.892715,76.393964,""
"Reddigudem","railway",16.441876,80.050511,""
"Guntur Junction","railway",16.301083,80.443132,""
"Nalgonda","railway",17.060637,79.283285,""
"Adoni","railway",15.617614,77.274694,""
"Yadgir","railway",16.744649,77.129702,""
"Shahabad","railway",17.121932,76.943397,""
"Nanjangud Town","railway",12.122068,76.684341,""
"Heelalige","railway",12.813289,77.711074,""
"Anekal Road","railway",12.723608,77.71053,""
"Nawandgi","railway",17.216357,77.427161,""
"Tandur","railway",17.250936,77.584126,""
"Bidar","railway",17.911886,77.515435,""
"Krishnapuram","railway",14.495962,78.774316,""
"Hastavaramu","railway",14.218932,79.122011,""
"Razampet","railway",14.185647,79.152304,""
"Nellore","railway",14.461974,79.990227,""
"Kadapa Junction","railway",14.451567,78.829278,""
"Kolar","railway",13.123993,78.132928,""
"Chamarajanagar","railway",11.934601,76.932821,""
"Sri Satya Sai Prashanthi Nilayam Railway Station","railway",14.161031,77.758879,""
"Tanguturu","railway",15.337746,80.033529,""
"Tettu","railway",15.04312,80.005594,""
"Sangam Jagarlamudi","railway",16.246405,80.570402,""
"Mangalagiri","railway",16.437656,80.564645,""
"Repalle","railway",16.019397,80.828963,""
"Vemuru","railway",16.177533,80.742731,""
"Machilipatnam","railway",16.17166,81.13821,""
"Kovvur","railway",17.007531,81.727697,""
"Anaparti","railway",16.936208,81.953808,""
"Tadepalligudem","railway",16.810244,81.526592,""
"Kavutaram","railway",16.328607,81.069424,""
"Navabpalem","railway",16.831416,81.605441,""
"Khanapur Junction","railway",17.9425,77.384221,""
"Nagireddipalli","railway",17.423689,78.940581,""
"Shrungavarapukota","railway",18.116932,83.133106,""
"Vikarabad Junction","railway",17.337403,77.909693,""
"Makkapeta","railway",16.912749,80.189395,""
"Rayagada","railway",19.175365,83.41068,""
"Chintalpalli","railway",17.914395,79.702165,""
"Kesamudram","railway",17.686246,79.896983,""
"Nekkonda","railway",17.794898,79.804542,""
"Garla","railway",17.486212,80.139564,""
"Jangaon","railway",17.724031,79.15371,""
"Giddalur","railway",15.379383,78.926331,""
"Bhimavaram Town","railway",16.547223,81.51956,""
"Pennada Agraharam","railway",16.541886,81.578081,""
"Bhimavaram Junction","railway",16.544395,81.53764,""
"Undi","railway",16.580763,81.464754,""
"Kurichedu","railway",15.912589,79.572042,""
"Narasapur","railway",16.444191,81.699788,""
"Samalkot Junction","railway",17.045316,82.168989,""
"Nizamabad Junction","railway",18.678787,78.103517,""
"Dichpalli","railway",18.613695,78.195304,""
"Gate Vanampalli","railway",17.443161,77.890068,""
"Tuggali","railway",15.311038,77.530242,""
"Rangapuram","railway",15.407163,78.059992,""
"Nandyal","railway",15.469221,78.47046,""
"Madanapalle Road","railway",13.644358,78.555665,""
"Kalikiri","railway",13.643861,78.800191,""
"Hazur Sahib Nanded","railway",19.16018,77.309882,""
"Parbhani Junction","railway",19.257703,76.773751,""
"Tanakallu","railway",13.92249,78.201045,""
"Kadiri","railway",14.114615,78.165397,""
"Nallacheruvu","railway",14.020815,78.177784,""
"Mudigubba","railway",14.348838,77.996084,""
"Chinnekuntapalle","railway",14.443625,77.845363,""
"Mudkhed Junction","railway",19.148005,77.509748,""
"Donakonda","railway",15.833709,79.484318,""
"Parli-Vaijnath","railway",18.852726,76.524826,""
"Latur Road","railway",18.506444,76.845125,""
"Gangakher","railway",18.973867,76.7556,""
"Kalluru Junction","railway",14.925015,77.581539,""
"Chikballapur","railway",13.42744,77.732143,""
"Yerraguntla","railway",14.643568,78.533822,""
"Pithapuram","railway",17.110882,82.257026,""
"Macherla","railway",16.470524,79.438775,""
"Nadikudi Junction","railway",16.590834,79.724803,""
"Jaggayyapeta Town","railway",16.891915,80.113933,""
"Rentachintala","railway",16.545882,79.552566,""
"Ranjitpura","railway",15.056111,76.599554,""
"Swamihalli","railway",14.97615,76.608903,""
"Yeshwanthnagar","railway",15.03931,76.502708,""
"Karepalli","railway",17.510799,80.271188,""
"Bhadrachalam Road","railway",17.551292,80.614453,""
"Manuguru","railway",17.898468,80.81179,""
"Ramagundam","railway",18.763986,79.434826,""
"Wangapalli","railway",17.581246,78.984645,""
"Bonakalu","railway",17.02936,80.263411,""
"Gubbi","railway",13.321408,76.938757,""
"Sedam","railway",17.181207,77.285694,""
"Palakollu","railway",16.521413,81.717275,""
"Dodballapur","railway",13.279688,77.550505,""
"Magnesite Junction","railway",11.694788,78.097414,""
"Mallasandra","railway",13.334971,77.015439,""
"Tumakuru","railway",13.333899,77.101958,""
"Hafeezpet","railway",17.4824,78.363014,""
"James Street","railway",17.432952,78.487322,""
"Jagdalpur","railway",19.066551,82.013909,""
"Jeypore","railway",18.896046,82.553966,""
"Chatariput","railway",18.923226,82.59012,""
"Maligura","railway",18.953594,82.638825,""
"Kirandul","railway",18.63893,81.259872,""
"Peddapalli Junction","railway",18.613757,79.392325,""
"Pandurangapuram","railway",17.719769,80.765261,""
"Aswapuram","railway",17.832004,80.80443,""
"Chimalpahad","railway",17.493159,80.383419,""
"Tadikalapudi","railway",17.516212,80.464647,""
"Bethampudi","railway",17.529359,80.528633,""
"Gajulagudem","railway",17.611178,80.65939,""
"Chittoor","railway",13.219366,79.103313,""
"Kadiyam","railway",16.913805,81.831816,""
"Tanuku","railway",16.752289,81.674004,""
"Pulla","railway",16.809621,81.323409,""
"Mallemadugu","railway",17.3247,80.160559,""
"Papatapalli","railway",17.372992,80.175986,""
"Ashokapuram","railway",12.274088,76.636011,""
"Krishnarajasagara","railway",12.401038,76.567177,""
"Naganahalli","railway",12.378628,76.650774,""
"Cauvery","railway",11.351082,77.760971,""
"Simhachalam North","railway",17.751849,83.2097,""
"Duvvada","railway",17.703598,83.151376,""
"Anakapalle","railway",17.694631,83.008648,""
"Thadi","railway",17.686452,83.06675,""
"Venkatachalam Junction","railway",14.327081,79.927326,""
"Vedayapalem","railway",14.405308,79.957492,""
"Chinna Salem","railway",11.631424,78.874325,""
"Nalwar","railway",16.936031,77.019441,""
"Dudhani","railway",17.362639,76.380285,""
"Pandillapalli","railway",17.172286,80.170325,""
"Rasipuram","railway",11.453734,78.178458,""
"Namakkal","railway",11.226012,78.179062,""
"Devangonthi","railway",12.985148,77.831294,""
"Virinchipuram","railway",12.9622,79.029915,""
"Magudanchavadi","railway",11.551401,77.987712,""
"Vijayamangalam","railway",11.196285,77.521714,""
"Totiyapalayam","railway",11.291998,77.681165,""
"Karuppur","railway",11.724174,78.089885,""
"Anangur","railway",11.398425,77.820989,""
"Danishpet","railway",11.858515,78.138037,""
"Tinnappatti","railway",11.812362,78.098332,""
"Falaknuma","railway",17.33266,78.475198,""
"Raichur","railway",16.192803,77.338997,""
"Proddatur","railway",14.758565,78.522124,""
"Karimnagar","railway",18.458966,79.142478,""
"Rajahmundry","railway",16.984043,81.783958,""
"Gauribidanur","railway",13.613449,77.513135,""
"Koduru","railway",13.948665,79.346574,""
"Talaku","railway",14.446083,76.675072,""
"Rayadurg Junction","railway",14.705194,76.856916,""
"Molakalmuru","railway",14.709643,76.746219,""
"Daroji","railway",15.226661,76.701114,""
"Toranagallu Junction","railway",15.202933,76.663142,""
"Challakere","railway",14.315222,76.659932,""
"Gadiganuru","railway",15.218547,76.599233,""
"Anantapur","railway",14.686288,77.595246,""
"Khadarpet","railway",14.982781,77.54255,""
"Baiyyappanahalli Junction","railway",12.991209,77.651714,""
"Whitefield","railway",12.9964,77.761423,""
"New Guntur","railway",16.310102,80.457214,""
"Nagasamudram","railway",14.32184,77.643464,""
"Tiruppur","railway",11.108222,77.339869,""
"Chakarlapalli","railway",13.99759,77.582855,""
"Periyanaga Thunai","railway",12.559396,77.911213,""
"Karavadi","railway",15.552646,80.113532,""
"Ammanabrolu","railway",15.596591,80.148985,""
"Chandanagar","railway",17.487298,78.332214,""
"Devanahalli","railway",13.247542,77.705408,""
"Mantatti","railway",17.227497,77.509741,""
"Boddavara","railway",18.175193,83.113338,""
"Shivalingapuram","railway",18.197314,83.066957,""
"Shimiliguda","railway",18.302765,82.954135,""
"Gorapur","railway",18.346647,82.793963,""
"Darliput","railway",18.349733,82.703627,""
"Bacheli","railway",18.703879,81.238708,""
"Dantewara","railway",18.908059,81.355764,""
"Kadakola","railway",12.19082,76.663885,""
"Sidlagatta","railway",13.392071,77.864154,""
"Ettimadai","railway",10.898476,76.895974,""
"Karaimadai","railway",11.239301,76.958363,""
"HITEC City","railway",17.469814,78.385378,""
"Bibinagar","railway",17.470742,78.794704,""
"Hindupur","railway",13.818776,77.499936,""
"Cavalry Barracks","railway",17.49535,78.519068,""
"Malkajgiri","railway",17.448344,78.528973,""
"Borabanda","railway",17.459069,78.407866,""
"Bharath Nagar","railway",17.462603,78.430156,""
"Lottegollahalli","railway",13.04347,77.563084,""
"Narasambudhi","railway",12.075519,76.749501,""
"Mettupalayam","railway",11.299052,76.93547,""
"Pandavapura","railway",12.463777,76.681066,""
"Narasaraopet","railway",16.23013,80.040382,""
"Bobbili Junction","railway",18.576416,83.346054,""
"Salur","railway",18.527159,83.206245,""
"Rompalle","railway",18.54362,83.252073,""
"Malkhaid Road","railway",17.14741,77.174304,""
"Padugupadu","railway",14.498067,79.990046,""
"Krishna Junction","railway",16.410567,77.32885,""
"Hosapete Junction","railway",15.286535,76.386583,""
"Humanabad","railway",17.771508,77.139369,""
"Krishna Canal Junction","railway",16.477258,80.606004,""
"Tiptur","railway",13.255759,76.475633,""
"Kuruvappulam","railway",10.419606,79.787167,""
"Kariyappattinam","railway",10.452742,79.738125,""
"Neyvilakku","railway",10.408638,79.811383,""
"Ganagapur Road","railway",17.340746,76.589503,""
"Revur Ramapuram","railway",16.852008,80.006795,""
"Krishnaraja Nagar","railway",12.444993,76.388419,""
"Mantralayam Road","railway",15.944317,77.298439,""
"Coromandel","railway",12.975655,78.257805,""
"Yediyur","railway",12.979001,76.86386,""
"Chandragiri","railway",13.611712,79.312278,""
"Gunupur","railway",19.069836,83.810603,""
"Chintakani","railway",17.123911,80.203115,""
"Nagalawancha","railway",17.074722,80.228478,""
"Motumari","railway",16.956019,80.320781,""
"Madhira","railway",16.922272,80.365554,""
"Tondalagopavaram","railway",16.867925,80.43071,""
"Gangineni","railway",16.744965,80.519639,""
"Errupalem","railway",16.825095,80.47167,""
"Cheruvu Madhavaram","railway",16.688481,80.542161,""
"Damalcheruvu","railway",13.478555,79.056011,""
"Piler","railway",13.662599,78.928078,""
"Mahabubabad","railway",17.597554,80.000593,""
"Srirampuram","railway",17.117701,79.213157,""
"Banasandra","railway",13.265551,76.660606,""
"Ammasandra","railway",13.264938,76.712066,""
"Bhokar","railway",19.213974,77.667109,""
"Palakkodu","railway",12.297022,78.071678,""
"Marandahalli","railway",12.389297,78.017355,""
"Kardi","railway",13.267193,76.572312,""
"Banashankari","railway",13.266642,76.524653,""
"Akkurti","railway",13.783337,79.669141,""
"Yellakaru","railway",13.846557,79.649569,""
"Kommarapudi","railway",14.276923,79.901934,""
"Sampige Road","railway",13.270964,76.762269,""
"Nittur","railway",13.302648,76.855952,""
"Oorgaum","railway",12.954284,78.259983,""
"Makkajipalli","railway",14.195996,77.628475,""
"Rangepalli","railway",14.024487,77.575685,""
"Venkatagiri","railway",13.944251,79.604487,""
"Channapatna","railway",12.659373,77.203893,""
"Savalyapuram Junction","railway",16.102885,79.820179,""
"Gudivada Junction","railway",16.430575,80.98843,""
"Eluru","railway",16.718103,81.119476,""
"Kaikaluru","railway",16.550565,81.217662,""
"Nuzvid","railway",16.650144,80.962251,""
"Timmanacherla","railway",15.16254,77.395122,""
"Edduladoddi","railway",15.329145,77.590573,""
"Pullampadi","railway",10.93968,78.917111,""
"Lingampalli","railway",17.483123,78.317773,""
"Charlapalli","railway",17.458597,78.606606,""
"Ghanpur","railway",17.849779,79.376345,""
"Yadadri (Raigir)","railway",17.551034,78.941663,""
"Pagidipalli","railway",17.484575,78.82059,""
"Ghatkesar","railway",17.452856,78.678298,""
"Aler","railway",17.645626,79.048895,""
"Bhongir","railway",17.523976,78.898362,""
"Raghunathpalli","railway",17.75703,79.256673,""
"Honnavalli Road","railway",13.275391,76.368309,""
"Nelamangala","railway",13.112186,77.392503,""
"Vetapalem","railway",15.783148,80.300675,""
"Palayasivaram","railway",12.776791,79.877801,""
"Takkolam","railway",13.024346,79.677491,""
"Metpalli","railway",18.854372,78.638204,""
"Lingampet Jagityal","railway",18.782483,78.887499,""
"Kanjikode","railway",10.800281,76.754774,""
"Jammalamadugu","railway",14.847339,78.397813,""
"Kondapuram","railway",14.773284,78.19354,""
"Garladinne","railway",14.827341,77.592786,""
"Bodhan","railway",18.645959,77.888359,""
"Tummanamgutta","railway",13.711815,78.370701,""
"Mulakala Cheruvu","railway",13.801718,78.264925,""
"Betamcherla","railway",15.449368,78.148454,""
"Bugganpalle Cement Nagar","railway",15.486708,78.19532,""
"Ulindakonda","railway",15.65243,77.968449,""
"Sitaphalmandi","railway",17.427295,78.520723,""
"Indalvai","railway",18.549361,78.245131,""
"Yermaras","railway",16.272695,77.347257,""
"Manubolu","railway",14.225784,79.877118,""
"Dosapadu","railway",16.468966,80.939226,""
"Uppaluru","railway",16.492948,80.780314,""
"Nidamanuru","railway",16.507414,80.731301,""
"Ramavarappadu","railway",16.526241,80.681301,""
"Harangul","railway",18.390464,76.495872,""
"Intakanne","railway",17.728548,79.861218,""
"Tadlapusapalli","railway",17.625968,79.955252,""
"Yelgur","railway",17.861102,79.747283,""
"Gundratimadugu","railway",17.532081,80.079997,""
"Ippuguda","railway",17.801764,79.327164,""
"Hasanparthi Road","railway",18.077948,79.502276,""
"Jammikunta","railway",18.29003,79.476688,""
"Potkapalli","railway",18.428664,79.464191,""
"Bisugir Sharif","railway",18.347362,79.483275,""
"Uppal","railway",18.182484,79.481985,""
"Kolanoor","railway",18.496553,79.419029,""
"Peddampet","railway",18.804149,79.427212,""
"Ravindrakhani","railway",18.936903,79.461861,""
"Mandamari","railway",18.970183,79.469817,""
"Bellampalli","railway",19.052348,79.485937,""
"Bidadi","railway",12.800623,77.390173,""
"Akividu","railway",16.582832,81.369196,""
"Kaldhari","railway",16.836035,81.677897,""
"Parali","railway",10.800543,76.559828,""
"Dornakal Junction","railway",17.445355,80.1529,""
"Aralaguppe","railway",13.253224,76.613447,""
"Umri","railway",19.041985,77.64335,""
"Kondapalli","railway",16.623708,80.54688,""
"Rayanapadu","railway",16.578414,80.561256,""
"Chirala","railway",15.830914,80.354362,""
"Ichchapuram","railway",19.111471,84.680695,""
"Simhachalam","railway",17.745314,83.220792,""
"Pindial","railway",17.926395,79.455634,""
"Sri Kalahasti","railway",13.745832,79.683259,""
"Suku","railway",18.71499,82.726238,""
"Damanjodi","railway",18.769496,82.865392,""
"Dumuriput","railway",18.780456,82.804018,""
"Koraput Junction","railway",18.792043,82.718925,""
"Shadnagar","railway",17.064859,78.213014,""
"Balanagar","railway",16.947992,78.189476,""
"Chennai Park Town","railway",13.079587,80.276295,""
"Chennai Park","railway",13.080754,80.273088,""
"Kodambakkam","railway",13.051662,80.230689,""
"Mambalam","railway",13.038066,80.227775,""
"Saidapet","railway",13.02331,80.223719,""
"Puratchi Thalaivar Dr. M. G. Ramachandran Central","railway",13.082423,80.275962,""
"Chepauk","railway",13.061931,80.280596,""
"Thiruvallikeni","railway",13.055935,80.280604,""
"Malur","railway",12.992853,77.938737,""
"Gumada","railway",18.887622,83.457522,""
"Kuneru","railway",18.96739,83.440112,""
"Garudubilli","railway",18.203179,83.354438,""
"Bondapalli","railway",18.246272,83.337308,""
"Gajapatinagaram","railway",18.293294,83.333799,""
"Komatipalli","railway",18.381104,83.341397,""
"Donkinavalasa","railway",18.471248,83.35172,""
"Sitanagaram","railway",18.657305,83.365461,""
"Parvatipuram","railway",18.769903,83.427157,""
"Parvatipuram Town","railway",18.784644,83.434139,""
"Jhadupudi","railway",19.028048,84.612993,""
"Palasa","railway",18.757382,84.421945,""
"Summadevi","railway",18.794985,84.459054,""
"Mandasa Road","railway",18.840705,84.494876,""
"Baruva","railway",18.901135,84.554463,""
"Pundi","railway",18.664853,84.370616,""
"Harishchandrapuram","railway",18.479156,84.121576,""
"Kotabommali","railway",18.488067,84.199584,""
"Srikakulam Road","railway",18.408971,83.903886,""
"Urlam","railway",18.434714,83.989272,""
"Tilaru","railway",18.470172,84.072298,""
"Garividi","railway",18.27378,83.531295,""
"Chipurupalle","railway",18.316573,83.568964,""
"Sigadam","railway",18.360485,83.681428,""
"Dusi","railway",18.370245,83.858352,""
"Nellimarla","railway",18.188298,83.45933,""
"Mallividu","railway",17.97205,83.172793,""
"Lakkavarapukota","railway",18.03168,83.144488,""
"Tyada","railway",18.217273,83.04257,""
"Chimidipalli","railway",18.263135,83.078246,""
"Borra Guhalu","railway",18.274907,83.040169,""
"Karakavalsa","railway",18.292058,82.992306,""
"Araku","railway",18.332922,82.865258,""
"Pendurthi","railway",17.814225,83.19568,""
"Kottavalasa Junction","railway",17.890954,83.186361,""
"Kantakpalle","railway",17.954975,83.207969,""
"Alamanda","railway",18.012079,83.270631,""
"Korukonda","railway",18.053685,83.320281,""
"Padua","railway",18.398138,82.688756,""
"Hamsavaram","railway",17.316222,82.489652,""
"Regupalem","railway",17.505283,82.790696,""
"Bayyavaram","railway",17.660031,82.930427,""
"Mallavaram","railway",17.186452,82.321364,""
"Ravikampadu","railway",17.22923,82.366855,""
"Bikkavolu","railway",16.969028,82.031842,""
"Chagallu","railway",16.971227,81.690954,""
"Chiluvur","railway",16.380282,80.617224,""
"Kolanukonda","railway",16.448422,80.604512,""
"Raghavapuram","railway",18.681214,79.411736,""
"Asifabad Road","railway",19.257162,79.416689,""
"Manoharabad","railway",17.755586,78.454429,""
"Wadiaram","railway",17.972733,78.455249,""
"Mirzapalli","railway",18.017598,78.41597,""
"Akanapet","railway",18.101935,78.39802,""
"Talmadla","railway",18.239456,78.357431,""
"Kamareddi","railway",18.325198,78.336002,""
"Jankampet","railway",18.702716,78.053888,""
"Navipet","railway",18.766298,78.016882,""
"Bandarupalli","railway",16.365319,80.362671,""
"Piduguralla","railway",16.47823,79.876866,""
"Pondugula","railway",16.643307,79.677988,""
"Vajirabad","railway",16.68364,79.648806,""
"Valigonda","railway",17.367221,79.008585,""
"Nallapadu","railway",16.307683,80.397039,""
"Tsunduru","railway",16.156722,80.58579,""
"Valliveru","railway",16.189668,80.606027,""
"Peddavadlapudi","railway",16.414143,80.612933,""
"Ipurupalem","railway",15.851928,80.385263,""
"Appikatla","railway",15.970606,80.514293,""
"Nidubrolu","railway",16.067979,80.557544,""
"Uppugunduru","railway",15.650054,80.193497,""
"Ulavapadu","railway",15.166996,80.013063,""
"Singarayakonda","railway",15.252381,80.026241,""
"Surareddipalem","railway",15.408138,80.046019,""
"Sri Venkateswarapalem","railway",14.806338,79.982319,""
"Kodavaluru","railway",14.564467,79.994628,""
"Talamanchi","railway",14.606494,79.997918,""
"Alluru Road","railway",14.710492,79.988793,""
"Namburu","railway",16.358447,80.496247,""
"Phirangipuram","railway",16.292344,80.256271,""
"Perecherla","railway",16.319165,80.339803,""
"Malkapuram","railway",15.368963,77.967522,""
"Diguvametta","railway",15.39506,78.82658,""
"Linganenidoddi","railway",15.398957,77.703038,""
"Chelama","railway",15.422308,78.695898,""
"Gazulapalle","railway",15.430522,78.599569,""
"Somidevipalle","railway",15.453136,79.038153,""
"Panyam","railway",15.500516,78.340627,""
"Tarlupadu","railway",15.656357,79.209049,""
"Markapur Road","railway",15.715284,79.303648,""
"Gajjelakonda","railway",15.777803,79.402257,""
"Cheekategalapalem","railway",16.017038,79.693273,""
"Vinukonda","railway",16.050657,79.74772,""
"Maddikera","railway",15.256394,77.41216,""
"Imampuram","railway",15.012893,77.517034,""
"Venkatampalle","railway",15.037864,77.462392,""
"Jakkalacheruvu","railway",15.10868,77.72794,""
"Regadipalli","railway",14.814454,78.136313,""
"Challavaripalli","railway",14.876214,78.033996,""
"Komali","railway",14.932749,77.933011,""
"Jutturu","railway",14.978447,77.897517,""
"Vemulapadu","railway",15.018139,77.854082,""
"Rayalcheruvu","railway",15.055219,77.819743,""
"Kamalapuram","railway",14.592867,78.666325,""
"Yerragudipad","railway",14.620798,78.595661,""
"Kalamalla","railway",14.668089,78.469691,""
"Gangayapalle","railway",14.5531,78.71739,""
"Ontimitta","railway",14.392622,79.017633,""
"Bhakarapeta","railway",14.409202,78.970008,""
"Kanamalopalle","railway",14.43216,78.92017,""
"Anantarajupet","railway",13.999789,79.302725,""
"Obulavaripalli Junction","railway",14.040412,79.267828,""
"Pullampet","railway",14.120516,79.205209,""
"Nandalur","railway",14.270797,79.104387,""
"Mantapapalle","railway",14.321823,79.080225,""
"Mamanduru","railway",13.744763,79.461025,""
"Balapalle","railway",13.811555,79.406482,""
"Renigunta Junction","railway",13.637874,79.506253,""
"Yerpedu","railway",13.6874,79.575062,""
"Rachagunneri","railway",13.714793,79.631251,""
"Vendodu","railway",14.026783,79.728794,""
"Molagavalli","railway",15.357441,77.372394,""
"Nagarur","railway",15.542867,77.313631,""
"Kuppagal","railway",15.726864,77.219766,""
"Dharur","railway",17.289124,77.758232,""
"Godamgura","railway",17.290053,77.866747,""
"Chitgidda","railway",17.394179,77.973697,""
"Nagalapalli","railway",17.460242,78.230083,""
"Fateh Nagar","railway",17.456201,78.449924,""
"Kohir Deccan","railway",17.609163,77.712509,""
"Hirenanduru","railway",17.258181,76.872141,""
"Budvel","railway",17.30986,78.424984,""
"Umdanagar","railway",17.263407,78.393171,""
"Hunasenahalli","railway",13.400327,77.946714,""
"Chintamani","railway",13.410988,78.053996,""
"Bitragunta","railway",14.766979,79.98383,""
"Gollaprolu","railway",17.151676,82.290478,""
"Annavaram","railway",17.269209,82.419391,""
"Minjur","railway",13.28134,80.260244,""
"Alapakkam","railway",11.618815,79.727654,""
"Capper Quarry","railway",11.681022,79.747741,""
"Kille","railway",11.438452,79.723258,""
"Hanakere","railway",12.565589,76.981021,""
"Devarkadre","railway",16.631263,77.838655,""
"Kattur","railway",10.896101,78.855536,""
"Valadi","railway",10.872555,78.75801,""
"Uttamar Kovil","railway",10.877529,78.702267,""
"Udgir","railway",18.390853,77.109879,""
"Parlakhemundi","railway",18.785724,84.081619,""
"Krantivira Sangolli Rayanna (Bengaluru)","railway",12.978174,77.56956,""
"Tiruchchirappalli Junction","railway",10.794268,78.685294,""
"Vijayawada Junction","railway",16.517968,80.619572,""
"Guntakal Junction","railway",15.173713,77.369864,""
"Salem Junction","railway",11.670755,78.113543,""
"Tirupati","railway",13.628291,79.419528,""
"Banaganapalli","railway",15.322303,78.250716,""
"Wanparti Road","railway",16.382106,77.88549,""
"Dilmili","railway",18.988068,81.737467,""
"Kumhar Maranga","railway",19.03493,81.94661,""
"Lakdi-ka-pul","railway",17.403833,78.463502,""
"Kazipet Town","railway",17.983445,79.518877,""
"Kaukuntla","railway",16.538885,77.85077,""
"Gollapally","railway",16.818351,78.157441,""
"Sattenapalli","railway",16.404999,80.152997,""
"Pedakurapadu","railway",16.459481,80.254168,""
"Khammam","railway",17.249035,80.139167,""
"Diviti Palli","railway",16.741248,78.084504,""
"Dwarapudi","railway",16.927798,81.92085,""
"Panduranga Swamy Road","railway",16.247873,77.57778,""
"Mustabada","railway",16.547206,80.732601,""
"Gunadala","railway",16.538097,80.673655,""
"Vatlur","railway",16.693881,81.044377,""
"Gannavaram","railway",16.55613,80.796151,""
"Pedda Avutapale","railway",16.562461,80.83944,""
"Telaprolu","railway",16.598668,80.890536,""
"Denduluru","railway",16.781726,81.180725,""
"Chebrol","railway",16.819685,81.396011,""
"Badampudi","railway",16.82833,81.474102,""
"Nidadavolu Junction","railway",16.89795,81.674547,""
"Gullipadu","railway",17.409883,82.634069,""
"Elamanchili","railway",17.552387,82.852203,""
"Narsipatnam Road","railway",17.451028,82.72359,""
"Narasingapalli","railway",17.606282,82.89066,""
"Bolarum","railway",17.533068,78.515457,""
"Alwal","railway",17.505037,78.514663,""
"Lingeri","railway",16.668765,77.189729,""
"Saidapur","railway",16.570787,77.250003,""
"Chegunta","railway",16.485737,77.301563,""
"Rechni Road","railway",19.14072,79.451668,""
"Repalliwada","railway",19.184751,79.430298,""
"Nukapalli Mallial","railway",18.705853,78.920165,""
"Basar","railway",18.86579,77.93886,""
"Masaipet","railway",17.880153,78.466875,""
"Medchal","railway",17.639925,78.475344,""
"Gundla Pochampally","railway",17.56871,78.488237,""
"Shankarpalli","railway",17.450555,78.130793,""
"Mailaram","railway",17.280148,77.809669,""
"Rukmapur","railway",17.276051,77.680754,""
"Marpalli","railway",17.545689,77.771883,""
"Matalkunta","railway",17.772134,77.560517,""
"Sadashivapet Road","railway",17.483512,77.873088,""
"Timmapur","railway",17.16914,78.288978,""
"Itikyala","railway",16.073809,77.852724,""
"Manopad","railway",15.993472,77.942139,""
"Manyamkonda","railway",16.683285,77.905865,""
"Sriramnagar","railway",16.304149,77.867702,""
"Tipparthi","railway",17.005784,79.423912,""
"Kondrapol","railway",16.78531,79.601039,""
"Vishnupuram","railway",16.70976,79.637293,""
"Sitapuram","railway",18.815291,83.98238,""
"Chandrampalem","railway",17.085575,82.224363,""
"Gopalapatnam","railway",17.741081,83.231814,""
"Vejandla","railway",16.239949,80.516666,""
"Duggirala","railway",16.328919,80.62385,""
"Aravalli","railway",16.620008,81.598798,""
"Attili","railway",16.679801,81.616146,""
"Lakshminarayanapuram","railway",16.597828,81.590762,""
"Veeravasaram","railway",16.542147,81.632709,""
"Mandavalli","railway",16.518662,81.161107,""
"Moturu","railway",16.440476,81.051703,""
"Pallevada","railway",16.576442,81.287636,""
"Tarigoppula","railway",16.485439,80.836011,""
"Pedana","railway",16.251711,81.144303,""
"Bellamkonda","railway",16.470618,80.001513,""
"Siripuram","railway",16.414481,80.294385,""
"Sitaramapuram","railway",16.474018,79.92434,""
"Tummalacheruvu","railway",16.528774,79.80159,""
"Pagidirai","railway",15.272875,77.602258,""
"Pamidi","railway",14.980537,77.599284,""
"Kosgi","railway",15.847702,77.236377,""
"Basampalle","railway",14.311241,77.745521,""
"Narayanapuram","railway",14.128847,77.696046,""
"Prasannayanapalli","railway",14.649507,77.595078,""
"Aspari","railway",15.455801,77.356166,""
"Iranagallu","railway",15.892604,77.263743,""
"Nancherla","railway",15.25621,77.369464,""
"Kalasamudram","railway",14.217828,78.09885,""
"Mungilipattu","railway",13.556393,79.241245,""
"Panapakam","railway",13.500002,79.204091,""
"Kurabalakota","railway",13.66719,78.485426,""
"Pulicherla","railway",13.598648,79.040789,""
"Vayalpad","railway",13.634332,78.62331,""
"Ramapuram","railway",13.098106,79.179433,""
"Yesvantpur Junction","railway",13.023773,77.55077,""
"Hebbal","railway",13.042548,77.586249,""
"Bapatla","railway",15.908348,80.468724,""
"Chinna Ganjam","railway",15.689378,80.236717,""
"Stuartpuram","railway",15.874476,80.415671,""
"Kavali","railway",14.915534,79.988971,""
"Kondagunta","railway",14.080356,79.794553,""
"Nidigallu","railway",13.988617,79.661542,""
"Yataluru","railway",13.893192,79.626428,""
"Cumbum","railway",15.592824,79.112672,""
"Jaggambhotla Krishnapuram","railway",15.552028,79.072105,""
"Gundlakamma Junction","railway",15.984582,79.644877,""
"Munumaka","railway",16.189898,79.980818,""
"Santamagulur","railway",16.146647,79.915455,""
"Satulur","railway",16.254483,80.138775,""
"Vemuluripadu","railway",16.309275,80.297573,""
"Ponduru","railway",18.362788,83.776787,""
"Naupada Junction","railway",18.578915,84.283154,""
"Sompeta","railway",18.980908,84.581575,""
"Chikkasuguru","railway",16.335928,77.344844,""
"Yadalapur","railway",16.384916,77.327456,""
"Matmari","railway",16.046499,77.302479,""
"Marichethal","railway",16.109887,77.309439,""
"Isivi","railway",15.657554,77.229794,""
"Nemkallu","railway",15.29289,77.372618,""
"Surla Road","railway",19.176461,84.718965,""
"Uppalavai","railway",18.424706,78.316142,""
"Thangundi","railway",16.803401,77.06795,""
"Tunga Bhadra Dam","railway",15.263022,76.354187,""
"Palavanthangal","railway",12.990638,80.18794,""
"Guindy","railway",13.008669,80.212606,""
"Mankara","railway",10.772067,76.500373,""
"Melmaruvattur","railway",12.428675,79.832866,""
"Shravanabelagola","railway",12.871393,76.465669,""
"Mukundarayapuram","railway",12.978249,79.289201,""
"Mandya","railway",12.528885,76.8967,""
"Ramannapet","railway",17.284163,79.085996,""
"Mohanur","railway",11.068932,78.139861,""
"Aratlakatta","railway",16.927615,82.179284,""
"Kakinada Town Junction","railway",16.967297,82.233477,""
"Medapadu","railway",17.005363,82.097006,""
"Kakinada Port","railway",16.953721,82.24093,""
"Avadi","railway",13.118274,80.101543,""
"Palur","railway",12.766346,79.906907,""
"Muddalinganahalli","railway",13.242859,77.294432,""
"Chityala","railway",17.222088,79.135808,""
"Muddanuru","railway",14.689031,78.397294,""
"Thiruvarur Junction","railway",10.765002,79.633696,""
"Velankanni","railway",10.686877,79.846181,""
"Gullaguda","railway",17.417046,78.032996,""
"Palani","railway",10.458591,77.520288,""
"Maltekd","railway",19.168387,77.335246,""
"Mugat","railway",19.174844,77.426911,""
"Bannihatti","railway",15.144466,76.622361,""
"Papinayaknahalli","railway",15.235682,76.490783,""
"Malleswaram","railway",13.000631,77.563476,""
"Kulithalai","railway",10.933552,78.421046,""
"Marikuppam","railway",12.918795,78.263739,""
"Srinivasapura","railway",13.328834,78.206707,""
"Saint Thomas Mount","railway",12.994765,80.199371,""
"Dhanapur","railway",18.942139,82.512924,""
"Jarati","railway",18.890831,82.665457,""
"Mayanoor","railway",10.955002,78.23686,""
"Chittapura","railway",17.119842,77.090534,""
"Ballari Cantonment","railway",15.158252,76.883512,""
"Yeliyur","railway",12.509896,76.828661,""
"Kulali","railway",17.357235,76.470473,""
"Kalaburagi Junction","railway",17.314929,76.825633,""
"Pallavaram","railway",12.967574,80.15205,""
"Sulur Road","railway",11.049473,77.117274,""
"Vanjipalaiyam","railway",11.118171,77.26623,""
"Somanur","railway",11.086873,77.185744,""
"Singanallur","railway",11.012469,77.039119,""
"Irugur Junction","railway",11.015944,77.067821,""
"Coimbatore North","railway",11.018336,76.955721,""
"Mettur Dam","railway",11.804908,77.823042,""
"Perundurai","railway",11.253903,77.628832,""
"Tadipatri","railway",14.90849,77.977419,""
"Sankari Durg","railway",11.448064,77.87081,""
"Mavelipalaiyam","railway",11.482736,77.899939,""
"Virapandy Road","railway",11.596662,78.074539,""
"Kaklur","railway",18.883089,81.620191,""
"Kawargaon","railway",18.896778,81.533614,""
"Kumhar Sodra","railway",18.919861,81.686233,""
"Silak Jhori","railway",18.977504,81.670868,""
"Bade Arapur","railway",19.012906,81.829345,""
"Tokapal","railway",19.006776,81.878512,""
"Nakti Semara","railway",19.062053,82.073608,""
"Amagura","railway",19.068894,82.147697,""
"Kotapar Road","railway",19.041151,82.308351,""
"Charamula Kusumi","railway",19.016189,82.415815,""
"Khadapa","railway",18.982735,82.468731,""
"Manabar","railway",18.840023,82.696201,""
"Balenahalli","railway",14.244472,76.554599,""
"Bommagundanakere","railway",14.587806,76.680336,""
"Toppur","railway",11.931584,78.070079,""
"Bhalki","railway",18.047069,77.228138,""
"Walaja Road Junction","railway",12.970931,79.360197,""
"Gudlavalleru","railway",16.348236,81.046836,""
"Solur","railway",13.069802,77.258671,""
"Palakkad Junction","railway",10.799297,76.637566,""
"Ottappalam","railway",10.769875,76.377682,""
"Madukkarai","railway",10.900659,76.942484,""
"Walayar","railway",10.846787,76.837587,""
"Wadi Junction","railway",17.052294,76.991895,""
"Perungalattur","railway",12.905243,80.095046,""
"Bhimadolu","railway",16.808424,81.261019,""
"Tirusulam","railway",12.980461,80.165793,""
"Meenambakkam","railway",12.984698,80.175093,""
"Karaikal","railway",10.91707,79.838962,""
"Peelamedu","railway",11.032753,77.00003,""
"Ongole","railway",15.497807,80.05712,""
"Kunigal","railway",13.016644,77.011084,""
"Lakkiti","railway",10.753268,76.434261,""
"Tuni","railway",17.361038,82.543322,""
"Guntakal West","railway",15.167205,77.342377,""
"Dharmavaram Junction","railway",14.426063,77.715228,""
"Putalapattu","railway",13.333614,79.104178,""
"Kamasamudram","railway",12.880495,78.200563,""
"Sanat Nagar","railway",17.462235,78.436698,""
"Pasupatikovil","railway",10.882652,79.191177,""
"Anavardikhanpettai","railway",13.050776,79.567244,""
"Chengalpatttu Junction","railway",12.693465,79.980516,""
"Arakkonam Junction","railway",13.082339,79.668525,""
"Chromepet","railway",12.95219,80.141168,""
"Kattangulathur","railway",12.805558,80.026634,""
"Chitteri","railway",13.067948,79.598122,""
"Doravarichatram","railway",13.817815,79.948455,""
"Elavur","railway",13.458964,80.115892,""
"Ennore","railway",13.217468,80.321601,""
"Hindu College","railway",13.118483,80.07443,""
"Pattabiram E Depot","railway",13.146014,80.068619,""
"Guduvancheri","railway",12.84523,80.05765,""
"Karunguzhi","railway",12.532107,79.911518,""
"Korukkupet","railway",13.119425,80.278456,""
"Korattur","railway",13.113142,80.184152,""
"Karasangal","railway",12.334797,79.750512,""
"Kotturpuram","railway",13.013718,80.248452,""
"Latteri","railway",12.967043,79.066238,""
"Manavur","railway",13.096372,79.801259,""
"Mahendravadi","railway",13.022121,79.517448,""
"Melattur","railway",12.917877,78.875262,""
"Chennai Egmore","railway",13.077749,80.261257,""
"Mailam","railway",12.160258,79.60214,""
"Olakur","railway",12.304935,79.720936,""
"Perambur Carriage Works","railway",13.107281,80.238886,""
"Perani","railway",12.102876,79.552244,""
"Perambur","railway",13.107719,80.244414,""
"Perambur Loco Works","railway",13.108498,80.226215,""
"Ponpadi","railway",13.239337,79.588934,""
"Mandagere","railway",12.729529,76.379007,""
"Pudi","railway",13.553266,79.507941,""
"Sri Venkataperumal Rajupuram","railway",13.534209,79.532593,""
"Sevur","railway",12.9718,79.190102,""
"Tambaram","railway",12.925792,80.117919,""
"Tiruvalam","railway",12.975006,79.245911,""
"Tiruninravur","railway",13.123994,80.029744,""
"Tiruttani","railway",13.179295,79.612181,""
"Thalangai","railway",13.008597,79.44704,""
"Tozhuppedu","railway",12.368915,79.784737,""
"Vyasarpadi Jeeva","railway",13.109196,80.25722,""
"Valathoor","railway",12.889687,78.839676,""
"Vikravandi","railway",12.045515,79.542701,""
"Somalapuram","railway",14.901658,76.868489,""
"Ambur","railway",12.784066,78.721785,""
"Serndanur","railway",11.870414,79.517501,""
"Thiruthuraiyur","railway",11.82421,79.534896,""
"Panruti","railway",11.773102,79.554734,""
"Melpattambakkam","railway",11.785398,79.624336,""
"Nellikuppam","railway",11.773708,79.669922,""
"Tiruppadirippuliyur","railway",11.748206,79.754057,""
"Cuddalore Port Junction","railway",11.71595,79.767053,""
"Parangipettai","railway",11.477047,79.736846,""
"Chidambaram","railway",11.392071,79.703025,""
"Kollidam","railway",11.328604,79.719238,""
"Sirkazhi","railway",11.243038,79.728398,""
"Vithisvarankol","railway",11.19581,79.703852,""
"Anandtandavpur","railway",11.144674,79.658829,""
"Nidur","railway",11.127625,79.645426,""
"Mayiladuthurai Junction","railway",11.095499,79.628829,""
"Kuthalam","railway",11.06992,79.557195,""
"Aduturai","railway",11.009099,79.478433,""
"Kumbakonam","railway",10.954175,79.39007,""
"Sundaraperumal Kovil","railway",10.939801,79.311125,""
"Papanasam","railway",10.923273,79.26893,""
"Pandaravadai","railway",10.913563,79.242002,""
"Ayyampet","railway",10.896807,79.207445,""
"Titte","railway",10.837552,79.181758,""
"Thanjavur Junction","railway",10.778196,79.139672,""
"Alakkudi","railway",10.777266,79.052873,""
"Budalur","railway",10.782872,78.981009,""
"Aiyanapuram","railway",10.787866,78.9388,""
"Solagampatti","railway",10.785369,78.877321,""
"Tondamanpatti","railway",10.786116,78.822585,""
"Tiruverumbur","railway",10.787533,78.776568,""
"Manjattidal","railway",10.792654,78.731694,""
"Ponmalai (Golden Rock)","railway",10.791569,78.710434,""
"Viluppuram Junction","railway",11.941697,79.499149,""
"Venkatesapuram","railway",11.931178,79.442767,""
"Mambalappattu","railway",11.952483,79.373901,""
"Tirukkovilur","railway",11.975714,79.223494,""
"Tandarai","railway",12.111906,79.15536,""
"Tiruvannamalai","railway",12.238458,79.077862,""
"Turinjapuram","railway",12.317293,79.084664,""
"Agaram Sibbandi","railway",12.390946,79.102299,""
"Polur","railway",12.510344,79.13017,""
"Arni Road","railway",12.632094,79.209274,""
"Kannamangalam","railway",12.753749,79.161634,""
"Kaniyambadi","railway",12.8128,79.125159,""
"Vellore Cantonment","railway",12.910651,79.127847,""
"Valavanur","railway",11.917831,79.57422,""
"Chinnababu Samudram","railway",11.919601,79.686689,""
"Puducherry","railway",11.92503,79.828157,""
"Kurinjipadi","railway",11.572751,79.596402,""
"Vadalur","railway",11.557054,79.546298,""
"Neyveli","railway",11.539723,79.477059,""
"Vriddhachalam Junction","railway",11.533336,79.316523,""
"Uttangalmangalam","railway",11.540093,79.431156,""
"Peralam Junction","railway",10.958226,79.657062,""
"Nannilam","railway",10.884847,79.651145,""
"Mavur Road","railway",10.690136,79.628872,""
"Tirunellikaval","railway",10.653067,79.636542,""
"Alattambadi","railway",10.605191,79.640233,""
"Pandi","railway",10.477073,79.615427,""
"Tillaivilagam","railway",10.443444,79.560476,""
"Mutupet","railway",10.4027,79.498854,""
"Pattukkottai","railway",10.41629,79.32056,""
"Saliyamangalam","railway",10.779636,79.275277,""
"Ammapet","railway",10.778961,79.324827,""
"Nidamangalam Junction","railway",10.773767,79.413844,""
"Mannargudi","railway",10.675141,79.455371,""
"Koradacheri","railway",10.771429,79.49016,""
"Tirumanthikunam","railway",10.766989,79.540222,""
"Kulikarai","railway",10.765609,79.584695,""
"Adiyakkamangalam","railway",10.757364,79.68166,""
"Kizhvelur","railway",10.754793,79.743716,""
"Nagappattinam Junction","railway",10.759821,79.845614,""
"Velippalaiyam","railway",10.776109,79.843949,""
"Nagore","railway",10.818987,79.846014,""
"Kandambakkam","railway",11.898338,79.455481,""
"Tiruvennainallur Road","railway",11.84127,79.413053,""
"Parikkal","railway",11.775759,79.371335,""
"Ulundurpet","railway",11.702029,79.318178,""
"Pavunur","railway",11.600902,79.315716,""
"Vriddhachalam Town","railway",11.519991,79.311571,""
"Talanallur","railway",11.469716,79.269337,""
"Pennadam","railway",11.398439,79.220962,""
"Ichchangadu","railway",11.370574,79.219375,""
"Mathur","railway",11.318521,79.206163,""
"Sendurai","railway",11.255281,79.16755,""
"Rajanukunte","railway",13.17463,77.565592,""
"Oddarahalli","railway",13.346059,77.541119,""
"Makalidurga","railway",13.409934,77.50982,""
"Someshwara","railway",13.560346,77.512719,""
"Ottakovil","railway",11.216343,79.101136,""
"Ariyalur","railway",11.148906,79.068638,""
"Sillakkudi","railway",11.09672,79.037228,""
"Kallagam","railway",11.02518,79.005033,""
"Kallakkudi Palanganatham","railway",10.966485,78.949703,""
"Lalgudi","railway",10.87542,78.815324,""
"Srirangam","railway",10.857703,78.695962,""
"Tiruchchirappalli Town","railway",10.829305,78.70304,""
"Tiruchchirapalli Fort","railway",10.825695,78.689051,""
"Tiruchchirappalli Palakarai","railway",10.80783,78.694159,""
"Kumaramangalam","railway",10.69664,78.724037,""
"Keeranur","railway",10.577576,78.785763,""
"Vellanur","railway",10.467699,78.79656,""
"Otivakkam","railway",12.622725,79.975262,""
"Madurantakam","railway",12.504743,79.893334,""
"Tindivanam","railway",12.229161,79.651531,""
"Mundiyampakkam","railway",11.995165,79.511568,""
"Ambattur","railway",13.114024,80.152861,""
"Annanur","railway",13.116356,80.126913,""
"Veppampattu","railway",13.123599,79.998422,""
"Sevvapet Road","railway",13.125268,79.966062,""
"Tiruvallur","railway",13.116192,79.91216,""
"Kadambattur","railway",13.099855,79.863147,""
"Tiruvalangadu","railway",13.090182,79.763766,""
"Mosur","railway",13.084937,79.712236,""
"Puliyamangalam","railway",13.083403,79.684979,""
"Sholinghur","railway",13.014113,79.486762,""
"Marudalam","railway",12.996648,79.396735,""
"Kavanur","railway",12.949054,78.969782,""
"Gudiyattam","railway",12.937296,78.914347,""
"Melpatti","railway",12.858345,78.795185,""
"Pachchakuppam","railway",12.823475,78.758238,""
"Vinnamangalam","railway",12.72821,78.67861,""
"Vaniyambadi","railway",12.679344,78.622748,""
"Kettandapatti","railway",12.625281,78.570896,""
"Jolarpettai Junction","railway",12.56399,78.57839,""
"Nagari","railway",13.306986,79.579606,""
"Vepagunta","railway",13.378852,79.557723,""
"Puttur","railway",13.439853,79.552783,""
"Taduku","railway",13.497361,79.530323,""
"Tondiarpet","railway",13.12752,80.281924,""
"Tiruvottiyur","railway",13.158641,80.296208,""
"Wimco Nagar","railway",13.179683,80.305459,""
"Attippattu","railway",13.260841,80.289648,""
"Anuppambattu","railway",13.30419,80.230943,""
"Ponneri","railway",13.332337,80.198884,""
"Kavaraippettai","railway",13.363221,80.147628,""
"Gummidipundi","railway",13.409824,80.12369,""
"Arambakkam","railway",13.53307,80.074675,""
"Tada","railway",13.588544,80.036079,""
"Akkampeta","railway",13.648763,80.018502,""
"Sullurupeta","railway",13.696855,80.018623,""
"Polireddipalem","railway",13.759228,79.979832,""
"Nayudupeta","railway",13.908679,79.900829,""
"Pedapariya","railway",14.021391,79.875732,""
"Odur","railway",14.071862,79.855862,""
"Chintadaripet","railway",13.073795,80.273861,""
"Light House","railway",13.045537,80.276989,""
"Mundakakanni Amman Koil","railway",13.040651,80.269882,""
"Thirumayilai","railway",13.035398,80.267513,""
"Mandaveli","railway",13.028093,80.260618,""
"Greenways Road","railway",13.021585,80.252729,""
"Kasturiba Nagar","railway",13.005382,80.24786,""
"Indira Nagar","railway",12.996062,80.249716,""
"Tiruvanmiyur","railway",12.988982,80.251587,""
"Taramani","railway",12.978658,80.241644,""
"Perungudi","railway",12.976058,80.232192,""
"Velachery","railway",12.967619,80.219508,""
"Puzhudivakkam","railway",12.977158,80.205424,""
"Adambakkam","railway",12.982381,80.196888,""
"Singaperumal Koil","railway",12.761923,80.00078,""
"Vandalur","railway",12.891606,80.084974,""
"Tambaram Sanatorium","railway",12.936959,80.130703,""
"Nungambakkam","railway",13.065841,80.232839,""
"Punggudi","railway",10.747281,78.618856,""
"Kolatur","railway",10.700451,78.547197,""
"Manaparai","railway",10.607339,78.418111,""
"Chettiyapatti","railway",10.572553,78.362687,""
"Vaiyampatti","railway",10.54338,78.308589,""
"Kalpattichatram","railway",10.519708,78.23828,""
"Ayyalur","railway",10.486389,78.159326,""
"Vadamadurai","railway",10.436791,78.102611,""
"Tamaraipadi","railway",10.400717,78.041874,""
"Pollachi Junction","railway",10.65325,77.000895,""
"Coonoor","railway",11.344235,76.791291,""
"Mukhasa Parur","railway",11.566184,79.240877,""
"Pukkiravari","railway",11.63369,78.986306,""
"Attur","railway",11.595226,78.593504,""
"Peddanayakkanpalaiyam","railway",11.64766,78.505488,""
"Ettapur Road","railway",11.650961,78.46836,""
"Minnampalli","railway",11.671021,78.285265,""
"Ayodhyapattanam","railway",11.671582,78.234205,""
"Salem East","railway",11.662698,78.176165,""
"Salem Town","railway",11.660054,78.161993,""
"Salem Market","railway",11.655,78.143917,""
"Oddanchatram","railway",10.485114,77.746005,""
"Chatrappatti","railway",10.477539,77.656504,""
"Pushpattur","railway",10.524892,77.42264,""
"Maivadi Road","railway",10.563896,77.334553,""
"Udumalaippettai","railway",10.579262,77.250397,""
"Gomangalam","railway",10.609865,77.13271,""
"Kovilpalaiyam","railway",10.747474,77.018136,""
"Nallattipalaiyam","railway",10.78598,77.021244,""
"Kinathukadavu","railway",10.828432,77.025446,""
"Chettipalaiyam","railway",10.916294,77.03362,""
"Podanur Junction","railway",10.964091,76.9887,""
"Minatchipuram","railway",10.631566,76.868025,""
"Muthalamada","railway",10.628001,76.773056,""
"Kollengode","railway",10.626995,76.698924,""
"Vadakannikapuram","railway",10.639555,76.686935,""
"Pudunagaram","railway",10.686079,76.684247,""
"Tirupattur","railway",12.498356,78.561817,""
"Kazipet Junction","railway",17.974827,79.511268,""
"Warangal","railway",17.973296,79.605607,""
"B.G Nagar","railway",12.968288,76.733127,""
"Muttasaranallur","railway",10.866458,78.648436,""
"Kagankarai","railway",12.410174,78.508518,""
"Molakarampatti","railway",12.455749,78.535037,""
"Samalpatti","railway",12.310928,78.482944,""
"Dasampatti","railway",12.251998,78.439648,""
"Doddampatti","railway",12.181299,78.422334,""
"Morappur","railway",12.125905,78.394782,""
"Buddireddippatti","railway",12.046308,78.313751,""
"Bommidi","railway",11.984149,78.245963,""
"Lokur","railway",11.928748,78.174684,""
"Sagarakatte","railway",12.423095,76.478574,""
"Tyakal","railway",12.984583,78.071113,""
"Bangarpet Junction","railway",12.985495,78.178224,""
"Bantanahal","railway",15.163067,77.275827,""
"Bevinahalu","railway",15.166946,77.211264,""
"Virapur","railway",15.158866,77.13201,""
"Hagari","railway",15.151097,77.055261,""
"Poodoor","railway",16.154679,77.821285,""
"Thiruvalangadu","railway",13.090402,79.763404,""
"Ingur","railway",11.225595,77.58736,""
"Uttukuli","railway",11.15496,77.445625,""
"Koolipalayam","railway",11.144176,77.390337,""
"Karuvalli","railway",11.831015,78.028005,""
"Sivadi","railway",12.039066,78.118278,""
"Kelamangalam","railway",12.615464,77.865357,""
"Mallur","railway",11.554122,78.134839,""
"Kalangani","railway",11.331503,78.176028,""
"Chavadipalaiyam","railway",11.261849,77.790927,""
"Pasur","railway",11.240835,77.855127,""
"Kodumudi","railway",11.076487,77.886284,""
"Kolanalli","railway",11.175415,77.86061,""
"Unjalur","railway",11.129604,77.876771,""
"Noyal","railway",11.060365,77.930971,""
"Murthipalayam","railway",11.02141,78.02263,""
"Virarakkiyam","railway",10.938907,78.166126,""
"Sithalavai","railway",10.958279,78.274051,""
"Mahadanapuram","railway",10.953578,78.299542,""
"Lalapet","railway",10.951493,78.339798,""
"Timmachipuram","railway",10.952663,78.372517,""
"Pettaivaytalai","railway",10.898858,78.49354,""
"Perugamani","railway",10.888803,78.547519,""
"Elamanur","railway",10.879668,78.573891,""
"Velliyanai","railway",10.840443,78.115503,""
"Vembur","railway",10.594532,78.0734,""
"Eriodu","railway",10.515723,78.056755,""
"Kulathur","railway",10.434804,78.009917,""
"Kateri","railway",11.33541,76.791651,""
"Mangapatnam","railway",14.735994,78.260589,""
"Vanganur","railway",14.847437,78.080821,""
"Pathakothacheruvu","railway",15.171177,77.521631,""
"Nakkanadoddi","railway",15.165819,77.479913,""
"Chiksugur","railway",16.2919,77.340487,""
"Ganganapalli","railway",14.452222,78.704107,""
"Pendlimarri","railway",14.431419,78.640162,""
"Marikal","railway",16.595189,77.728563,""
"Jaklair","railway",16.578296,77.607307,""
"Somanayakkanpatti","railway",12.57503,78.542254,""
"Gudupulli","railway",12.803477,78.274771,""
"Varadapura","railway",12.922451,78.191444,""
"Maralahalli","railway",12.986949,78.124357,""
"Byatrayanahalli","railway",12.995527,78.017494,""
"Chinnakotte","railway",12.981227,78.226175,""
"Champion","railway",12.936371,78.262941,""
"Viduraswattha","railway",13.666552,77.509475,""
"Taticherla","railway",14.746268,77.596396,""
"Gulapalyamu","railway",15.086938,77.399739,""
"Gottihalli","railway",13.234756,78.142559,""
"Nidaghatta","railway",12.62576,77.089461,""
"Byadarahalli","railway",12.501991,76.752221,""
"Belagula","railway",12.386123,76.588847,""
"Dornahalli","railway",12.433053,76.424893,""
"Hampapura","railway",12.484499,76.396963,""
"Hosa Agrahara","railway",12.570121,76.361706,""
"Akkihebbalu","railway",12.625448,76.378275,""
"Gollahalli","railway",13.145856,77.417343,""
"Doddabele","railway",13.216696,77.351869,""
"Nidvanda","railway",13.2447,77.272946,""
"Tippasandra","railway",13.055151,77.118758,""
"Hirisave","railway",12.947167,76.574538,""
"Avuladatla","railway",14.689759,76.974017,""
"Kalyanadurga","railway",14.569202,77.119481,""
"Kadiridevarapalli","railway",14.414908,77.194767,""
"Kariganuru","railway",15.25151,76.433325,""
"Bayaluvaddigeri","railway",15.229989,76.535912,""
"Kudatini","railway",15.214703,76.763386,""
"Ballari Junction","railway",15.145532,76.923582,""
"Obalapuram","railway",15.031946,76.852713,""
"Haddinagundu","railway",15.152904,76.982793,""
"Chikkabenakal","railway",15.428604,76.442833,""
"Jabbalagudda","railway",15.424501,76.368598,""
"Vyasanakere","railway",15.231187,76.36442,""
"Vyasa Colony Junction","railway",15.186893,76.383508,""
"Ramgad","railway",15.117059,76.449233,""
"Carmelaram","railway",12.907381,77.705835,""
"Venkatachalam Road Junction","railway",14.293996,79.933405,""
"Nidiguntapalem","railway",14.264427,80.005981,""
"Krishnapatnam","railway",14.259241,80.056476,""
"Potlapadu","railway",15.873557,79.525336,""
"Yadavalli","railway",15.408119,78.990352,""
"Nandipalli","railway",15.452848,78.533999,""
"Taj Sultanpur","railway",17.382103,76.830725,""
"Bablad","railway",17.336835,76.779337,""
"Savalgi","railway",17.339691,76.710754,""
"Hunsi Hadgil","railway",17.352794,76.646762,""
"Martur","railway",17.199742,76.902215,""
"Madduru","railway",15.443038,78.379209,""
"Koilakuntla","railway",15.221222,78.307212,""
"Sanjamala","railway",15.15749,78.315745,""
"Nossam","railway",14.979455,78.396512,""
"S. Uppalapadu","railway",14.906597,78.387158,""
"Vadarlapadu","railway",16.559487,81.234091,""
"Alapadu","railway",16.578152,81.321829,""
"Sarpavaram","railway",17.00652,82.202875,""
"Ramachandrapuram","railway",16.83653,82.041229,""
"Kotipalli","railway",16.709854,82.04387,""
"Marsul","railway",19.234282,77.099082,""
"Pingli","railway",19.218037,76.858317,""
"Mirkhal","railway",19.203789,76.915748,""
"Chudawa","railway",19.179797,77.116452,""
"Limbgaon","railway",19.176293,77.204934,""
"Sivungaon","railway",19.108268,77.544499,""
"Bolsa","railway",19.001813,77.703509,""
"Karkheli","railway",18.944018,77.739341,""
"Dharmabad","railway",18.888488,77.849475,""
"Samrala","railway",18.918968,77.796855,""
"Fakhrabad","railway",18.816412,77.979461,""
"Sirnapalli","railway",18.487974,78.271521,""
"Bhiknur","railway",18.164065,78.398676,""
"Bimbari","railway",19.164118,77.631614,""
"Therban","railway",19.274037,77.689789,""
"Washermanpet","railway",13.108965,80.28201,""
"Gaudgaon","railway",17.336517,76.531327,""
"Ausa Road","railway",18.378391,76.407699,""
"Bhatangali","railway",18.445933,76.67856,""
"Gharni","railway",18.479286,76.764041,""
"Sulehalli","railway",17.080078,77.05264,""
"Kurgunta","railway",17.191979,77.360341,""
"Telapur","railway",17.47496,78.284976,""
"Nashkal","railway",17.886908,79.414439,""
"Yasantapur","railway",17.736808,79.205217,""
"Zahirabad","railway",17.675825,77.610693,""
"Kamalnagar","railway",18.240626,77.178724,""
"Kalagapura","railway",18.158217,77.193701,""
"Halbarga","railway",17.974876,77.340519,""
"Chakur","railway",18.487791,76.884437,""
"Her","railway",18.426719,76.971272,""
"Janwal","railway",18.559413,76.755539,""
"Pangaon","railway",18.634724,76.635344,""
"Ghatnandur","railway",18.723596,76.563342,""
"Vadgaon Nila","railway",18.929572,76.640577,""
"Pokharni Narsimha","railway",19.118762,76.732272,""
"Hallikhed","railway",17.848246,77.277207,""
"Hallikhed K.","railway",17.671147,77.068648,""
"Kamalapura","railway",17.586846,76.97971,""
"Kurukotta","railway",17.476013,76.895379,""
"Ramachandrapuram TS","railway",17.51022,78.282446,""
"Bogolu","railway",15.465416,77.912413,""
"Bommaipalli","railway",17.483962,78.868068,""
"Rayanagudem","railway",17.012965,79.353725,""
"Kukkadam","railway",16.921061,79.475743,""
"Miryalaguda","railway",16.860101,79.53399,""
"Vanchanagiri","railway",17.949244,79.670344,""
"Sultanabad","railway",18.520386,79.331635,""
"Gangadhara","railway",18.582121,78.989372,""
"Poduru","railway",18.618576,78.952232,""
"Katlakunta Medipally","railway",18.817512,78.823695,""
"Korutla","railway",18.835445,78.71042,""
"Mortad","railway",18.820589,78.453078,""
"Armur","railway",18.780817,78.3112,""
"Mellacheruvu","railway",16.812612,79.936508,""
"Sri Santh Sevalal Maharaj","railway",16.771299,79.797596,""
"Mattampally","railway",16.782728,79.856304,""
"Janpahad","railway",16.724757,79.703836,""
"Machkunda Road","railway",18.567142,82.66715,""
"Paliba","railway",18.660535,82.696111,""
"Bheja","railway",18.47282,82.685316,""
"Ambagaon","railway",19.061593,82.240822,""
"Bhansi","railway",18.776939,81.265057,""
"Dabpal","railway",18.928466,81.489167,""
"Gidam","railway",18.936733,81.411894,""
"Kamalur","railway",18.855089,81.277912,""
"Baiguda","railway",18.827213,82.965674,""
"Kakiriguma","railway",18.922425,83.006766,""
"Lakshmipur Road","railway",19.002967,83.10413,""
"Singaram","railway",19.110297,83.104468,""
"Tikiri","railway",19.176887,83.098243,""
"Rauli","railway",19.230854,83.167675,""
"Singapur Road Junction","railway",19.257469,83.40293,""
"Cherlopalli","railway",14.142056,79.399272,""
"Mangampet Road","railway",14.055025,79.302691,""
"Vellikallu","railway",14.176419,79.497027,""
"Rapuru","railway",14.229859,79.55896,""
"Adurupalli","railway",14.275927,79.61339,""
"Bapanapalli","railway",14.31526,79.775765,""
"Kasumuru","railway",14.319272,79.84385,""
"Gajwel","railway",17.859765,78.667764,""
"Iranagaram","railway",17.864332,78.624695,""
"Nacharam","railway",17.832562,78.525466,""
"Medak","railway",18.061076,78.282496,""
"Shamnapur","railway",18.102323,78.320482,""
"Laxmapur","railway",18.125328,78.367882,""
"Godavari","railway",17.007002,81.771347,""
"Gotlam","railway",18.151552,83.365866,""
"Ladda","railway",19.102767,83.41252,""
"Jimidipeta","railway",19.044582,83.422344,""
"Karatagi","railway",15.619668,76.677961,""
"Kottekad","railway",10.816174,76.693311,""
"Velpuru","railway",16.140604,79.853321,""
"Rompicherla","railway",16.239047,79.895622,""
"Nemalipuri","railway",16.425714,79.933566,""
"Kungalagunta","railway",16.293834,79.905184,""
"Secunderabad Junction","railway",17.433859,78.502051,""
"Sitampet","railway",16.79782,81.210948,""
"Kaikaram","railway",16.8151,81.364112,""
"Marampalli","railway",16.84379,81.633606,""
"Kesavaram","railway",16.931297,81.880567,""
"Peddabrahmadevam","railway",16.990976,82.078741,""
"Halakatta","railway",17.042732,76.991817,""
"Mecheri Road","railway",11.804862,77.922027,""
"Maganoor","railway",16.466743,77.421116,""
"Railway station","railway",11.242733,79.728099,""
"Pembarti","railway",17.692958,79.117144,""
"Railway Station","railway",12.555708,78.577165,""
"Maranayakanahalli","railway",12.718609,77.76398,""
"Bhudevi Nagar","railway",17.492966,78.502168,""
"Ammuguda","railway",17.488844,78.523693,""
"Neredmet","railway",17.478111,78.536672,""
"Ferozguda","railway",17.464892,78.460306,""
"Suchitra Centre","railway",17.489226,78.472906,""
"Jadcherla","railway",16.752956,78.142032,""
"Sanjeevaiah Park","railway",17.4357,78.476402,""
"Tiruchanur","railway",13.63345,79.481684,""
"Nakarikallu","railway",16.354633,79.919557,""
"Sir M Visvesvaraya Terminal","railway",12.999655,77.641154,""
"Shah Ali Banda Metro Station","railway",17.353976,78.472887,""
"karavadi Railway Station","railway",15.55269,80.113477,""
"Train station","railway",17.588464,80.029914,""
"Bapatla Railway Station","railway",15.908437,80.468538,""
"Erode Diesel Loco Shed Track: Double Electric-Line","railway",11.323833,77.718172,""
"Krishnarajapuram","railway",13.000546,77.675456,""
"Siddapur","railway",15.522362,76.639637,""
"Gangavathi Railway station","railway",15.442212,76.550108,""
"Kempegowda International Airport Halt","railway",13.210658,77.676159,""
"Sriramanagar","railway",15.492386,76.616629,""
"Gooty Fort Railway Station","railway",15.139245,77.64726,""
"Sindhanur","railway",15.756644,76.768416,""
"Karepalli Junction Railway Station","railway",17.509802,80.269634,""
"Pavagada","railway",14.116491,77.296108,""
"Warangal Airport","airport",17.914055,79.603609,""
"Jeypore","airport",18.881287,82.552768,""
"Jindal Vijaynagar Airport","airport",15.175137,76.63327,""
"Basant Nagar Airstrip","airport",18.70113,79.393161,""
"Ulundurpet Airfield (Abandoned)","airport",11.68898,79.321326,""
"Gannavaram Airport","airport",16.527236,80.785684,""
"Chennai International Airport","airport",12.993366,80.167299,""
"Tambaram Air Force Station","airport",12.903514,80.121325,""
"Coimbatore International Airport","airport",11.032886,77.045867,""
"HAL Airport","airport",12.951479,77.669346,""
"Salem Airport","airport",11.782305,78.064529,""
"Begumpet Airport","airport",17.454091,78.46832,""
"Yelahanka Air Force Station","airport",13.137601,77.603192,""
"Jakkur Aerodrome","airport",13.077928,77.597609,""
"Sulur Air Force Station","airport",11.012967,77.157892,""
"Tirupati Airport","airport",13.632622,79.541512,""
"Thanjavur Air Force Station","airport",10.722651,79.110684,""
"INS Rajali","airport",13.06594,79.692983,""
"Nagarjuna Sagar","airport",16.541711,79.318317,""
"Hosur Aerodrome","airport",12.6634,77.770925,""
"Nanded Shri Guru Gobind Singh Ji Airport","airport",19.181814,77.326111,""
"Bellary Airport","airport",15.1622,76.881985,""
"RGIA Phase II","airport",17.25052,78.419422,""
"Jagdalpur Airport","airport",19.073788,82.035394,""
"Vellore Airport","airport",12.908252,79.06596,""
"Rajahmundry Airport","airport",17.105141,81.811025,""
"Mysore Mandakalli Airport","airport",12.230315,76.651613,""
"Neyveli Airport","airport",11.613337,79.527955,""
"Sri Sathya Sai Airport","airport",14.149736,77.791627,""
"Latur Airport","airport",18.411853,76.464621,""
"Kempegowda International Airport","airport",13.197573,77.706264,""
"Nadargul","airport",17.305356,78.56153,""
"Bidar Air Force Station","airport",17.901952,77.473341,""
"Dundigul Air Force Academy","airport",17.653008,78.401652,""
"Hakimpet Air Force Station","airport",17.550003,78.523581,""
"Heliport","airport",16.743326,82.291916,""
"Kalaburagi Airport","airport",17.306465,76.964938,""
"Jeypore Airport","airport",18.879533,82.552279,""
"Kadapa Airport","airport",14.515614,78.768636,""
"Kolar Air Field","airport",13.189252,78.165054,""
"Cholavaram Airstrip","airport",13.208466,80.151878,""
"Vinnampalli Heliport","airport",13.037344,79.203604,""
"Vidyanagar Jindal Airport","airport",15.171916,76.636726,""
"Pondicherry Airport","airport",11.968771,79.812197,""
"Malkangiri Airport","airport",18.327507,81.92246,""
"Bhogapuram Heliport","airport",17.997213,83.479935,""
"Rajiv Gandhi International Airport","airport",17.231319,78.432162,""
"Visakhapatnam International Airport","airport",17.721667,83.235339,""
"Kurnool Airport","airport",15.715503,78.168518,""
"Tiruchirapalli International Airport","airport",10.763445,78.72091,""
"Vijayawada Airport","airport",16.528857,80.804545,""
