{"n2780838959":[76.291962,9.9941308,"Kaloor",""],"n2780917203":[76.2317568,10.1449925,"KSRTC Bus Station",""],"n2965446278":[76.2350714,10.1489359,"Chendamangalam Junction",""],"n3367437300":[76.2639074,10.1005014,"Koonammavu",""],"n3676244647":[76.2279749,10.1485159,"Namborichante aal",""],"n3711605443":[76.2304841,10.1488947,"Civil Station",""],"n3813525947":[76.3007241,10.0397032,"Vai padi",""],"n4361725219":[76.3022933,10.0162866,"Changampuzha Park",""],"n4665138939":[76.2277819,10.1446931,"KMK Junction",""],"n4708279359":[76.2881063,10.0622019,"Cheranelloor Signal",""],"n4708279361":[76.2596751,10.1145735,"Naalam Mile",""],"n4708279363":[76.2546248,10.1218792,"Millupadi",""],"n4708279366":[76.2434247,10.1274256,"Khandakarnan veli",""],"n4708279367":[76.2400735,10.1341612,"Vazhikulangara",""],"n4708733903":[76.2750767,10.0786023,"Varapuzha",""],"n4731124415":[76.2247396,10.1480679,"Municipal Junction",""],"n4733928387":[76.2907347,10.0580774,"Manjumel Kavala",""],"n4769428928":[76.3073159,10.0250912,"Edappally Junction",""],"n4769428932":[76.2990611,10.0432261,"Kunnumpuram",""],"n4805940485":[76.2986487,10.0434863,"Kunnumpuram",""],"n7099924088":[76.2317707,10.1495163,"North Paravur",""],"n7102134354":[76.2294122,10.1404953,"Thekke Naaluvazhi",""],"n7151947331":[76.2366632,10.1415319,"Peruvaaram",""],"n7151947332":[76.2368672,10.1413386,"Peruvaaram",""],"n7151965119":[76.2449451,10.1235656,"Cheriyappilly",""],"n7151965120":[76.245264,10.12315,"Cheriyappilly",""],"n7385356083":[76.2665516,10.0920449,"Thirumuppam",""],"n7500983389":[76.3065773,10.0222975,"Edappally",""],"n7500983390":[76.3059307,10.0208021,"Edapally Palli",""],"n8463147701":[76.3038231,10.009473,"Mamangalam",""],"n8463147703":[76.2995932,10.0005568,"Kaloor Stadium",""],"n8463147704":[76.2996397,10.0008478,"Kaloor Stadium",""],"n8463147706":[76.2946944,9.9968296,"Mathrubhoomi",""],"n8463147707":[76.2946244,9.9970327,"Mathrubhoomi",""],"n8466849115":[76.2278464,10.143904,"KMK Junction",""],"n8753072179":[76.2640509,10.1004419,"Koonammavu",""],"n8753072180":[76.2595824,10.1145295,"Naalam Mile",""],"n8753072181":[76.25469,10.1221407,"Millupadi",""],"n8753072182":[76.2433899,10.1271404,"Khandakarnan veli",""],"n8753072183":[76.240485,10.1331896,"Vazhikulangara",""],"n8753072184":[76.2298943,10.1403449,"Thekke Naaluvazhi",""],"n8753072187":[76.2891108,10.0608221,"Cheranelloor Signal",""],"n8761802995":[76.3024036,10.0153801,"Changampuzha Park",""],"n8849981268":[76.261838,10.1070508,"Kavilnada",""],"n8850032388":[76.2635279,10.102775,"Koonammavu Market",""],"n8850041424":[76.2620037,10.1069349,"Kavilnada",""],"n8868464441":[76.2924062,10.0547623,"Sealord",""],"n8868464442":[76.2938677,10.0510851,"Thaikkavu",""],"n9182568709":[76.2334536,10.141273,"Kesari",""],"n9182568710":[76.2333208,10.1411422,"Kesari",""],"n9182568712":[76.238692,10.1365771,"Poosharipadi",""],"n9182568715":[76.2532429,10.1237065,"Cheriyapilly Valavu",""],"n9182568716":[76.2524852,10.1237553,"Cheriyapilly Valavu",""],"n9182595017":[76.2558111,10.1196706,"Valluvalli",""],"n9182595018":[76.2559882,10.119058,"Valluvalli",""],"n9182595019":[76.2575653,10.1167396,"Athaani",""],"n9182595020":[76.2573454,10.1167502,"Athaani",""],"n9182595023":[76.2603843,10.1125808,"Kochal",""],"n9182595026":[76.2634595,10.1041732,"Kappela",""],"n9182595027":[76.2635574,10.1042577,"Kappela",""],"n9182595029":[76.2633904,10.1029361,"Koonammavu Market",""],"n9182595032":[76.2652814,10.0971907,"Mesthiripadi",""],"n9182595033":[76.2653102,10.0972734,"Mesthiripadi",""],"n9182595034":[76.2666605,10.0919611,"Thirumuppam",""],"n9182595035":[76.2670416,10.0901374,"Sheddupadi",""],"n9182595036":[76.2671891,10.0900101,"Sheddupadi",""],"n9182595037":[76.2680199,10.0873389,"Pournami",""],"n9182595038":[76.2681769,10.08749,"Pournami",""],"n9182595039":[76.2691434,10.0840515,"Shappupadi",""],"n9182595040":[76.269183,10.0844258,"Shappupadi",""],"n9182595042":[76.2751614,10.0782672,"Varapuzha",""],"n9182595043":[76.2852564,10.0693364,"Pallipadi",""],"n9182595044":[76.2852698,10.0695794,"Pallipadi",""],"n9182595045":[76.2903727,10.0582682,"Manjumel Kavala",""],"n9182595046":[76.2919915,10.0552733,"Sealord",""],"n9182595048":[76.2938865,10.0508047,"Thaikkavu",""],"n9182595049":[76.2949419,10.0490312,"Thattampadi",""],"n9182595050":[76.2948695,10.048915,"Thattampadi",""],"n9182595051":[76.3010573,10.0395194,"Vai padi",""],"n9182595053":[76.3042733,10.0330089,"Ponevazhi",""],"n9182595054":[76.3041915,10.0328583,"Ponevazhi",""],"n9182595055":[76.305546,10.0286588,"Al Ameen",""],"n9182595056":[76.3053449,10.0285148,"Al Ameen",""],"n9182595058":[76.3056895,10.0207905,"Edapally Palli",""],"n9182595060":[76.3043296,10.0184846,"Postoffice",""],"n9182595061":[76.3044678,10.0189503,"Postoffice",""],"n9182595064":[76.3037151,10.0091019,"Mamangalam",""],"n9182595066":[76.2977583,9.9994106,"Deshabhimani",""],"n9258708875":[76.3022289,10.0139614,"GOVT High School",""],"n9258708876":[76.304989,10.0045393,"Palarivattam",""],"n9300974354":[76.3016112,10.0014252,"Janatha",""],"n9309110535":[76.3025111,10.0014314,"Janatha",""],"n9328870104":[76.3049305,10.0062459,"Palarivattam Metro",""],"n9333520225":[76.2935137,9.9962388,"Model Technical School",""],"n9333520226":[76.2938066,9.9962092,"Model Technical School",""],"n9333520227":[76.3025701,10.0133974,"GOVT High School",""],"n9336655770":[76.2691478,10.0843944,"Shappupadi",""],"n9336655773":[76.2707142,10.0788211,"Chettibhagam Junction",""],"n9336655774":[76.2731999,10.0800992,"SNDP Junction",""],"n9336655775":[76.2732294,10.0802642,"SNDP Junction",""],"n9336655777":[76.2968096,10.0467175,"Bramasthanam",""],"n9336655778":[76.296224,10.0471151,"Bramasthanam",""],"n9336779664":[76.3076871,10.0238392,"Edappally Junction",""]}