"name","type","lat","lon","color"
"Ramesh Nagar","metro",28.652744,77.13165,"#4169E1"
"Patel Nagar","metro",28.645013,77.169282,"#4169E1"
"Rithala","metro",28.720806,77.107181,"#FF4040"
"Pratap Nagar","metro",28.666718,77.198897,"#FF4040"
"Pul Bangash","metro",28.666407,77.207416,"#FF4040"
"Kashmere Gate","metro",28.667449,77.228249,"#FF4040"
"Kohat Enclave","metro",28.698041,77.140539,"#FF4040"
"Karol Bagh","metro",28.644012,77.188524,"#4169E1"
"Kirti Nagar (Blue Line)","metro",28.655746,77.150663,"#4169E1"
"Shadipur","metro",28.651583,77.158259,"#4169E1"
"Moti Nagar","metro",28.657859,77.142429,"#4169E1"
"Sikanderpur","metro",28.481272,77.093002,"#FFDF00"
"Delhi Aerocity","metro",28.548779,77.120795,"#FF8C00"
"Hauz Khas (Yellow Line)","metro",28.544256,77.206707,"#FFDF00"
"Shivaji Stadium","metro",28.628896,77.211322,"#FF8C00"
"New Delhi","metro",28.643483,77.222742,"#FFDF00"
"Tis Hazari","metro",28.667163,77.216631,"#FF4040"
"Mannadi","metro",13.095369,80.286079,"#3281c4"
"அரசினர் தோட்டம்","metro",13.069713,80.273004,"#3281c4"
"Shastri Park","metro",28.668434,77.25053,"#FF4040"
"Seelampur","metro",28.669816,77.266814,"#FF4040"
"Welcome (Red Line)","metro",28.671791,77.277847,"#FF4040"
"Shahdara","metro",28.67343,77.289886,"#FF4040"
"Jhilmil","metro",28.67572,77.312395,"#FF4040"
"Shastri Nagar","metro",28.670088,77.181859,"#FF4040"
"Inderlok (Red Line)","metro",28.673589,77.170347,"#FF4040"
"Kanhaiya Nagar","metro",28.682408,77.164775,"#FF4040"
"Keshav Puram","metro",28.688926,77.161683,"#FF4040"
"Netaji Subhash Place (Red Line)","metro",28.696048,77.152486,"#FF4040"
"Madhuban Chowk","metro",28.703268,77.13225,"#FF4040"
"Rohini East","metro",28.707577,77.125997,"#FF4040"
"GTB Nagar","metro",28.698133,77.2064,"#FFDF00"
"IGI Airport","metro",28.556463,77.086699,"#FF8C00"
"Kalkaji Mandir","metro",28.549478,77.25909,"#553592"
"Dhaula Kuan","metro",28.591872,77.161716,"#FF8C00"
"New Delhi Airport Express Terminal","metro",28.642479,77.223112,"#FF8C00"
"Durgapura Metro (u/c)","metro",26.835554,75.793643,""
"Ambabadi Metro (u/c)","metro",26.939729,75.777796,""
"Jungametta (u/c)","metro",17.335318,78.468389,""
"Charminar (u/c)","metro",17.361925,78.479991,""
"Shamserganj (u/c)","metro",17.34081,78.468387,""
"Shah Ali Banda (u/c)","metro",17.350774,78.47235,""
"Falaknuma Terminal (u/c)","metro",17.331714,78.469998,""
"Salar Jung Museum (u/c)","metro",17.371782,78.482261,""
"Mansarovar","metro",19.016434,73.080655,""
"Madavara","metro",13.057421,77.472806,"#009933"
"Chikkabidarakallu","metro",13.052362,77.487915,"#009933"
"Manjunathanagara","metro",13.05009,77.494446,"#009933"
"Nagawara (Proposed)","metro",13.042279,77.624858,""
"Khandeshwar","metro",19.00735,73.095283,""
"Kirti Nagar (Green Line)","metro",28.654541,77.15136,"#008000"
"Satguru Ramsingh Marg","metro",28.662053,77.157703,"#008000"
"Rohini West","metro",28.714957,77.115385,"#FF4040"
"Belvedere Towers","metro",28.491702,77.088132,"gray"
"DLF Phase 2","metro",28.48756,77.092991,"gray"
"Sikanderpur RMRG Station","metro",28.480997,77.094437,"gray"
"Kothrud","metro",18.503889,73.807673,"aqua"
"Begumpet","metro",17.437566,78.456934,"blue"
"Moulsari Avenue Station","metro",28.500778,77.094631,"gray"
"Phase 3 Station","metro",28.493568,77.093661,"gray"
"Dhansa Bus Stand","metro",28.611909,76.978526,"#838996"
"Hauz Khas (Magenta Line)","metro",28.543369,77.205045,"#CC338B"
"Munirka","metro",28.556897,77.175059,"#CC338B"
"Sukhdev Vihar","metro",28.559748,77.2749,"#CC338B"
"Vasant Vihar","metro",28.557827,77.161117,"#CC338B"
"Shankar Vihar","metro",28.560846,77.140281,"#CC338B"
"Sadar Bazar Cantonment","metro",28.577115,77.111128,"#CC338B"
"Palam","metro",28.58891,77.083076,"#CC338B"
"Dashrath Puri","metro",28.60185,77.082375,"#CC338B"
"Janakpuri West","metro",28.628947,77.077949,"#CC338B"
"Okhla Bird Sanctuary","metro",28.552942,77.321595,"#CC338B"
"Greater Kailash","metro",28.541908,77.238493,"#CC338B"
"Kalindi Kunj","metro",28.542916,77.310111,"#CC338B"
"Okhla Vihar","metro",28.5613,77.291877,"#CC338B"
"Panchsheel Park","metro",28.542375,77.221092,"#CC338B"
"R. K. Puram","metro",28.55038,77.185523,"#CC338B"
"Jasola Vihar Shaheen Bagh","metro",28.545828,77.296658,"#CC338B"
"Botanical Garden (Magenta Line)","metro",28.563905,77.333837,"#CC338B"
"Terminal 1 IGI Airport","metro",28.564835,77.122657,"#CC338B"
"Trilokpuri Sanjay Lake","metro",28.613453,77.308855,"#FC8EAC"
"Anand Vihar (Blue Line)","metro",28.646834,77.315875,"#4169E1"
"Karkarduma (Pink Line)","metro",28.649343,77.306069,"#FC8EAC"
"Samaypur Badli","metro",28.744641,77.13827,"#FFDF00"
"Rohini Sector 18, 19","metro",28.73838,77.139853,"#FFDF00"
"Sector 54 Chowk","metro",28.432977,77.104897,"gray"
"Sector 53-54","metro",28.446383,77.100463,"gray"
"Sector 42-43","metro",28.457425,77.096953,"gray"
"Jamia Millia Islamia","metro",28.563049,77.286339,"#CC338B"
"Jayadeva Hospital","metro",12.916731,77.599966,"yellow"
"Chirag Delhi","metro",28.541111,77.230316,"#CC338B"
"DLF Phase 1","metro",28.471426,77.093961,"gray"
"Sector 55–56","metro",28.423356,77.105133,"gray"
"Alambagh Bus Station","metro",26.818473,80.907293,"red"
"Alambagh","metro",26.81401,80.902512,"red"
"Krishna Nagar","metro",26.794391,80.891762,"red"
"Mawaiya","metro",26.82531,80.909858,"red"
"Singar Nagar","metro",26.8031,80.896427,"red"
"Noida Sector 143","metro",28.494256,77.422377,"aqua"
"Noida Sector 148","metro",28.448055,77.476604,"aqua"
"Alpha 1","metro",28.471034,77.512737,"aqua"
"Delta 1","metro",28.478477,77.525731,"aqua"
"GNIDA Office","metro",28.484683,77.536504,"aqua"
"Noida Sector 147","metro",28.459355,77.466115,"aqua"
"Noida Sector 144","metro",28.486288,77.433077,"aqua"
"Charbagh Railway Station","metro",26.832402,80.923113,"red"
"Durgapuri","metro",26.832003,80.915408,"red"
"Sachivalaya","metro",26.841597,80.939906,"red"
"Noida Sector 83","metro",28.522269,77.396446,"aqua"
"Noida Sector 137","metro",28.510769,77.403607,"aqua"
"Benniganahalli","metro",12.996496,77.668479,"#e542de"
"IP Extension","metro",28.631903,77.310718,"#FC8EAC"
"Karkarduma Court","metro",28.6536,77.295788,"#FC8EAC"
"East Vinod Nagar - Mayur Vihar - II","metro",28.620044,77.305407,"#FC8EAC"
"Mandawali - West Vinod Nagar","metro",28.624979,77.304452,"#FC8EAC"
"Noida Sector 146","metro",28.468819,77.455208,"aqua"
"Noida Sector 145","metro",28.478996,77.44241,"aqua"
"NSEZ","metro",28.532404,77.394754,"aqua"
"Depot Station","metro",28.489014,77.544009,"aqua"
"Aluva","metro",10.110095,76.349516,"#7FFFD4"
"Ambattukavu","metro",10.079421,76.3387,"#7FFFD4"
"Changampuzha Park","metro",10.015102,76.302454,"#7FFFD4"
"Cochin University","metro",10.046679,76.318309,"#7FFFD4"
"Companypady","metro",10.087304,76.342568,"#7FFFD4"
"Edappally","metro",10.025487,76.307985,"#7FFFD4"
"JLN Stadium","metro",10.000272,76.299084,"#7FFFD4"
"Kalamassery Town","metro",10.058539,76.322167,"#7FFFD4"
"Kaloor","metro",9.994299,76.291666,"#7FFFD4"
"Muttom","metro",10.072725,76.333716,"#7FFFD4"
"Palarivattom","metro",10.00633,76.304928,"#7FFFD4"
"Pathadipalam","metro",10.035981,76.314485,"#7FFFD4"
"Pulinchodu","metro",10.095047,76.346784,"#7FFFD4"
"M. G. Road","metro",9.983322,76.282438,"#7FFFD4"
"Noida Sector 101","metro",28.556048,77.384949,"aqua"
"Noida Sector 51","metro",28.585719,77.375259,"aqua"
"Noida Sector 76","metro",28.565331,77.379658,"aqua"
"Noida Sector 81","metro",28.549299,77.389949,"aqua"
"Hindon River","metro",28.673429,77.406537,"#FF4040"
"Deepali Chowk","metro",28.6981,77.118279,"#CC338B"
"Haiderpur Village","metro",28.724899,77.142467,"#CC338B"
"North Pitampura - Prashant Vihar","metro",28.713074,77.138731,"#CC338B"
"Bhalaswa","metro",28.736957,77.168087,"#CC338B"
"Burari","metro",28.729829,77.19957,"#FC8EAC"
"Jagatpur - Wazirabad","metro",28.721116,77.223995,"#FC8EAC"
"Khajuri Khas","metro",28.705261,77.254499,"#FC8EAC"
"Yamuna Vihar","metro",28.702376,77.277311,"#FC8EAC"
"Bhajanpura","metro",28.703599,77.262647,"#FC8EAC"
"Soorghat","metro",28.710222,77.227453,"#FC8EAC"
"Chembur","metro",19.05413,72.892806,""
"Dahanukarwadi","metro",19.206232,72.834807,"yellow"
"Kandivali (West)","metro",19.214004,72.837305,"yellow"
"Borivali (West)","metro",19.231392,72.840861,"yellow"
"Mandapeshwar - I.C. Colony","metro",19.249586,72.8458,"yellow"
"Kandarpada","metro",19.256634,72.850504,"yellow"
"Anand Nagar","metro",19.257209,72.866349,"yellow"
"Diamond Garden","metro",19.051719,72.901838,"yellow"
"Shimpoli","metro",19.222833,72.840943,"yellow"
"Eksar","metro",19.240377,72.843446,"yellow"
"CSMI Airport International T2","metro",19.102334,72.874469,"aqua"
"Bandra Kurla Complex (BKC)","metro",19.060663,72.85468,"aqua"
"Maharaja's College","metro",9.973375,76.285108,"#7FFFD4"
"Town Hall","metro",9.991205,76.288438,"#7FFFD4"
"Alandur","metro",13.004256,80.201453,"#53b848"
"Saint Thomas Mount","metro",12.995,80.198582,"#53b848"
"சென்னை விமான நிலையம்","metro",12.980773,80.164183,"#3281c4"
"மீனம்பாக்கம்","metro",12.987639,80.17647,"#3281c4"
"Nanganallur Road","metro",12.999848,80.194003,"#3281c4"
"Ekkattuthangal","metro",13.016922,80.205424,"#53b848"
"Ashok Nagar","metro",13.035477,80.211107,"#53b848"
"Vadapalani","metro",13.050937,80.212065,"#53b848"
"Arumbakkam","metro",13.061675,80.211656,"#53b848"
"சின்னமலை","metro",13.014623,80.224168,"#3281c4"
"கிண்டி","metro",13.009231,80.213095,"#3281c4"
"CMBT","metro",13.06852,80.203984,"#53b848"
"Koyambedu","metro",13.07345,80.194836,"#53b848"
"Pachaiyappa's College","metro",13.075547,80.232852,"#53b848"
"Kilpauk","metro",13.077637,80.242619,"#53b848"
"Nehru Park","metro",13.078784,80.250473,"#53b848"
"Egmore","metro",13.080281,80.263055,"#53b848"
"சைதாப்பேட்டை","metro",13.023939,80.228092,"#3281c4"
"நந்தனம்","metro",13.031681,80.241193,"#3281c4"
"தேனாம்பேட்டை","metro",13.036808,80.246455,"#3281c4"
"ஆயிரம் விளக்கு","metro",13.058516,80.258783,"#3281c4"
"ஏ ஜி டி.எம்.எஸ்","metro",13.045862,80.248303,"#3281c4"
"எல் ஐ சி","metro",13.064372,80.265846,"#3281c4"
"High Court","metro",13.087268,80.284984,"#3281c4"
"Washermanpet","metro",13.107847,80.280949,"#3281c4"
"Sindhi Camp","metro",26.922474,75.799635,"#ff748c"
"Railway Station","metro",26.918113,75.790129,"#ff748c"
"Haiderpur Badli Mor","metro",28.72994,77.149104,"#CC338B"
"Central","metro",22.572486,88.358743,"#0000ff"
"Park Street","metro",22.555159,88.350117,"#0000ff"
"Kavi Nazrul","metro",22.46425,88.38046,"#0000ff"
"Shahid Khudiram","metro",22.465985,88.391541,"#0000ff"
"Kavi Subhash (Blue Line)","metro",22.47217,88.397961,"#0000ff"
"Netaji","metro",22.480993,88.346,"#0000ff"
"Mahanayak Uttam Kumar","metro",22.494769,88.345088,"#0000ff"
"Dum Dum","metro",22.621114,88.392897,"#0000ff"
"Rabindra Sarobar","metro",22.507222,88.345494,"#0000ff"
"Kalighat","metro",22.516875,88.345845,"#0000ff"
"Jatin Das Park","metro",22.524154,88.346473,"#0000ff"
"Netaji Bhavan","metro",22.533182,88.345927,"#0000ff"
"Rabindra Sadan","metro",22.54149,88.347349,"#0000ff"
"Maidan","metro",22.549467,88.348788,"#0000ff"
"Chandni Chowk","metro",22.567012,88.354158,"#0000ff"
"Esplanade (Line 1)","metro",22.563614,88.35121,"#0000ff"
"Mahatma Gandhi Road","metro",22.580921,88.361327,"#0000ff"
"Girish Park","metro",22.587145,88.362942,"#0000ff"
"Shobhabazar Sutanuti","metro",22.595881,88.3652,"#0000ff"
"Shyambazar","metro",22.601335,88.372497,"#0000ff"
"Belgachia","metro",22.605924,88.386391,"#0000ff"
"Noapara","metro",22.639842,88.394134,"#0000ff"
"Central Secretariat","metro",28.615879,77.212282,"#FFDF00"
"Dwarka Sector 11","metro",28.586443,77.049443,"#4169E1"
"انارکلی","metro",31.56248,74.309357,"#F7943A"
"Whitefield (Kadugodi)","metro",12.995743,77.757949,"#e542de"
"Hopefarm Channasandra","metro",12.987343,77.753803,"#e542de"
"Pattandur Agrahara","metro",12.987639,77.737772,"#e542de"
"Sri Sathya Sai Hospital","metro",12.981195,77.727536,"#e542de"
"Nallurahalli","metro",12.976641,77.724885,"#e542de"
"Kundalahalli","metro",12.977594,77.715559,"#e542de"
"Seetharampalya","metro",12.980856,77.708785,"#e542de"
"Hoodi","metro",12.988803,77.711326,"#e542de"
"Garudacharpalya","metro",12.99345,77.703677,"#e542de"
"Singayyanapalya","metro",12.996545,77.692718,"#e542de"
"Krishnarajapura","metro",12.999902,77.67767,"#e542de"
"Delta Electronics Bommasandra","metro",12.819394,77.688345,"yellow"
"Huskur Road","metro",12.839157,77.677372,"yellow"
"Infosys Foundation Konappana Agrahara","metro",12.846413,77.671166,"yellow"
"Electronic City","metro",12.856505,77.663523,"yellow"
"Beratena Agrahara","metro",12.863867,77.657862,"yellow"
"Hosa Road","metro",12.870749,77.652447,"yellow"
"Singasandra","metro",12.880818,77.644846,"yellow"
"Kudlu Gate","metro",12.889926,77.639216,"yellow"
"Hongasandra","metro",12.901695,77.631986,"yellow"
"Bommanahalli","metro",12.910616,77.626478,"yellow"
"Central Silk Board","metro",12.916582,77.620567,"yellow"
"BTM Layout","metro",12.916588,77.608118,"yellow"
"Ragigudda","metro",12.917081,77.588302,"yellow"
"Rajendra Place","metro",28.642495,77.178276,"#4169E1"
"SEEPZ","metro",19.125999,72.873727,"aqua"
"MIDC - Andheri","metro",19.117354,72.873597,"aqua"
"Marol Naka (Line 3)","metro",19.108504,72.878578,"aqua"
"Nehru Enclave","metro",28.546058,77.251506,"#CC338B"
"گلشنِ راوی","metro",31.544898,74.295299,"#F7943A"
"سمن آباد","metro",31.539754,74.292818,"#F7943A"
"بند روڈ","metro",31.53224,74.287648,"#F7943A"
"محمود بوٹی","metro",31.586829,74.402435,"#F7943A"
"سلامت پورہ","metro",31.587909,74.413037,"#F7943A"
"اسلام پارک","metro",31.588879,74.422834,"#F7943A"
"ڈیرہ گجراں","metro",31.589738,74.431301,"#F7943A"
"علی ٹاؤن","metro",31.464321,74.243826,"#F7943A"
"ٹھوکر نیاز بیگ","metro",31.473642,74.241825,"#F7943A"
"کینال ویو","metro",31.480695,74.249204,"#F7943A"
"ہنجروال","metro",31.486296,74.25835,"#F7943A"
"وحدت روڈ","metro",31.494689,74.263366,"#F7943A"
"اعوان ٹاؤن","metro",31.50331,74.268284,"#F7943A"
"سبزہ زار","metro",31.510123,74.272844,"#F7943A"
"شاہ نور","metro",31.517424,74.277647,"#F7943A"
"صلاح الدین روڈ","metro",31.524599,74.283314,"#F7943A"
"Dasarahalli","metro",13.043261,77.512553,"#009933"
"Jalahalli","metro",13.03941,77.519735,"#009933"
"Srirampura","metro",12.996525,77.563196,"#009933"
"Andheri L1","metro",19.120564,72.848843,"blue"
"Shiv Vihar","metro",28.721381,77.28946,"#FC8EAC"
"Johri Enclave","metro",28.712881,77.290129,"#FC8EAC"
"Gokulpuri","metro",28.702475,77.286125,"#FC8EAC"
"Maujpur-Babarpur","metro",28.692078,77.279697,"#FC8EAC"
"Jaffrabad","metro",28.682682,77.274805,"#FC8EAC"
"Welcome (Pink Line)","metro",28.672402,77.277024,"#FC8EAC"
"East Azad Nagar","metro",28.664676,77.284843,"#FC8EAC"
"Saket","metro",28.521168,77.202224,"yellow"
"Majlis Park","metro",28.724403,77.181841,"#FC8EAC"
"Vinobapuri","metro",28.565871,77.249297,"#FC8EAC"
"Mayur Vihar - I (Pink Line)","metro",28.603642,77.290932,"#FC8EAC"
"Shree Ram Mandir Mayur Vihar","metro",28.605862,77.298702,"#FC8EAC"
"Sarai Kale Khan - Nizamuddin","metro",28.588749,77.257249,"#FC8EAC"
"Ashram","metro",28.572423,77.258598,"#FC8EAC"
"Meenambakkam","metro",12.987673,80.176479,"#3281c4"
"Chennai International Airport","metro",12.980809,80.164203,"#3281c4"
"Central Metro","metro",13.081688,80.273922,"#3281c4"
"আগারগাঁও","metro",23.778427,90.38005,"#006E34"
"শেওড়াপাড়া","metro",23.790963,90.375509,"#006E34"
"মিরপুর ১০","metro",23.808365,90.368261,"#006E34"
"পল্লবী","metro",23.826157,90.364186,"#006E34"
"வண்ணாரப்பேட்டை","metro",13.107959,80.281025,"#3281c4"
"Arthala","metro",28.676999,77.391892,"#FF4040"
"Shaheed Nagar","metro",28.676662,77.333915,"#FF4040"
"Mohan Nagar","metro",28.678537,77.384003,"#FF4040"
"Shyam Park","metro",28.678228,77.370645,"#FF4040"
"Rajendra Nagar","metro",28.677611,77.358143,"#FF4040"
"Raj Bagh","metro",28.677088,77.346828,"#FF4040"
"Baiyappanahalli","metro",12.990759,77.652361,"#e542de"
"Swami Vivekananda Road","metro",12.985931,77.644897,"#e542de"
"Indiranagar","metro",12.978333,77.638661,"#e542de"
"Halasuru","metro",12.976499,77.626686,"#e542de"
"Trinity","metro",12.973022,77.61702,"#e542de"
"Cubbon Park","metro",12.980958,77.597576,"#e542de"
"Dr. B. R. Ambedkar Station, Vidhana Soudha","metro",12.978742,77.591639,"#e542de"
"Sir M. Visvesvaraya Stn., Central College","metro",12.97452,77.58422,"#e542de"
"Nadaprabhu Kempegowda Station, Majestic","metro",12.975708,77.572876,"#e542de"
"Krantivira Sangolli Rayanna Railway Station","metro",12.975877,77.565377,"#e542de"
"Magadi Road","metro",12.975632,77.555352,"#e542de"
"Sri Balagangadharanatha Swamiji Station, Hosahalli","metro",12.974293,77.545621,"#e542de"
"Vijayanagar","metro",12.970956,77.537404,"#e542de"
"Attiguppe","metro",12.961893,77.533579,"#e542de"
"Deepanjali Nagar","metro",12.952058,77.537012,"#e542de"
"Mysore Road","metro",12.946718,77.530159,"#e542de"
"Mantri Square Sampige Road","metro",12.990463,77.570729,"#009933"
"Mahakavi Kuvempu Road","metro",12.99853,77.556899,"#009933"
"Rajajinagar","metro",13.000525,77.549657,"#009933"
"Mahalakshmi","metro",13.008047,77.548807,"#009933"
"Sandal Soap Factory","metro",13.014654,77.553984,"#009933"
"Peenya","metro",13.033019,77.533201,"#009933"
"Peenya Industry","metro",13.036318,77.525492,"#009933"
"Yelachenahalli","metro",12.89605,77.570119,"#009933"
"Jaya Prakash Nagar","metro",12.907475,77.573128,"#009933"
"Banashankari","metro",12.915221,77.573598,"#009933"
"Rashtreeya Vidyalaya Road","metro",12.921581,77.580202,"#009933"
"Jayanagar","metro",12.929507,77.580144,"#009933"
"South End Circle","metro",12.938257,77.580056,"#009933"
"Lalbagh","metro",12.946526,77.580016,"#009933"
"National College","metro",12.950527,77.57369,"#009933"
"Krishna Rajendra Market","metro",12.960879,77.574658,"#009933"
"Chickpete","metro",12.966897,77.574557,"#009933"
"S. R. Nagar","metro",17.441707,78.441608,"red"
"HITEC City","metro",17.449005,78.383138,"blue"
"Hussainganj","metro",26.838428,80.93433,"red"
"Nagole","metro",17.390768,78.558822,"blue"
"Ameerpet (Red Line)","metro",17.435721,78.444793,"red"
"Sir M. Vishweshwaraiah Moti Bagh","metro",28.578533,77.175741,"#FC8EAC"
"Bhikaji Cama Place","metro",28.570262,77.187871,"#FC8EAC"
"Dilli Haat - INA (Pink Line)","metro",28.573652,77.207586,"#FC8EAC"
"Lajpat Nagar (Pink Line)","metro",28.56958,77.238506,"#FC8EAC"
"South Extension","metro",28.568566,77.220568,"#FC8EAC"
"Mayapuri","metro",28.637179,77.129733,"#FC8EAC"
"Rajouri Garden (Pink Line)","metro",28.65119,77.12426,"#FC8EAC"
"Rajouri Garden (Blue Line)","metro",28.649056,77.12272,"#4169E1"
"Netaji Subhash Place (Pink Line)","metro",28.694715,77.154261,"#FC8EAC"
"Azadpur (Pink Line)","metro",28.705782,77.181949,"#FC8EAC"
"Azadpur (Yellow Line)","metro",28.707045,77.180372,"#FFDF00"
"Dilli Haat - INA (Yellow Line)","metro",28.574177,77.209302,"#FFDF00"
"Lajpat Nagar (Violet Line)","metro",28.570597,77.236401,"#553592"
"Anand Vihar (Pink Line)","metro",28.646616,77.315532,"#FC8EAC"
"Karkarduma (Blue Line)","metro",28.648318,77.305518,"#4169E1"
"Delhi Cantt","metro",28.60862,77.140419,"#FC8EAC"
"Shalimar Bagh","metro",28.701957,77.165432,"#FC8EAC"
"Shakurpur","metro",28.685767,77.149609,"#FC8EAC"
"Sarojini Nagar","metro",28.575817,77.198079,"#FC8EAC"
"Punjabi Bagh West","metro",28.672767,77.139198,"#FC8EAC"
"Naraina Vihar","metro",28.624385,77.136444,"#FC8EAC"
"ESI - Basaidarapur","metro",28.658074,77.127268,"#FC8EAC"
"Inderlok (Green Line)","metro",28.672707,77.169187,"#008000"
"Ashok Park Main","metro",28.671605,77.155291,"#008000"
"Punjabi Bagh","metro",28.672995,77.146124,"#008000"
"Shivaji Park","metro",28.675032,77.130472,"#008000"
"Madipur","metro",28.676475,77.11936,"#008000"
"Paschim Vihar East","metro",28.677356,77.112282,"#008000"
"Peera Garhi","metro",28.679807,77.092679,"#008000"
"Udyog Nagar","metro",28.681103,77.080849,"#008000"
"Surajmal Stadium","metro",28.681877,77.074,"#008000"
"Nangloi","metro",28.682401,77.064732,"#008000"
"Nangloi Railway Station","metro",28.682201,77.056246,"#008000"
"Rajdhani Park","metro",28.682309,77.043944,"#008000"
"Mundka","metro",28.682434,77.030574,"#008000"
"Mundka Industrial Area","metro",28.68337,77.017149,"#008000"
"Ghevra","metro",28.685238,76.996159,"#008000"
"Tikri Kalan","metro",28.686885,76.977208,"#008000"
"Tikri Border","metro",28.688025,76.964083,"#008000"
"Pandit Shree Ram Sharma","metro",28.689281,76.951199,"#008000"
"Bahadurgarh City","metro",28.690778,76.935481,"#008000"
"Brigadier Hoshiyar Singh","metro",28.69746,76.919203,"#008000"
"IIT Delhi","metro",28.547012,77.194555,"#CC338B"
"Indraprastha","metro",28.620602,77.249551,"#4169E1"
"Yamuna Bank","metro",28.623312,77.268013,"#4169e1"
"New Ashok Nagar","metro",28.589088,77.301508,"#4169E1"
"Noida City Centre","metro",28.574733,77.356164,"#4169E1"
"Noida Golf Course","metro",28.567376,77.346325,"#4169E1"
"Botanical Garden (Blue Line)","metro",28.563943,77.3344,"#4169E1"
"Noida Sector 18","metro",28.570758,77.326076,"#4169E1"
"Noida Sector 16","metro",28.578081,77.317778,"#4169E1"
"Noida Sector 15","metro",28.584884,77.311612,"#4169E1"
"Mayur Vihar - I (Blue Line)","metro",28.604064,77.28954,"#4169E1"
"Dwarka Sector 12","metro",28.592236,77.040732,"#4169E1"
"Jhandewalan","metro",28.644319,77.199917,"#4169E1"
"Ramakrishna Ashram Marg","metro",28.639244,77.208579,"#4169E1"
"Rajiv Chowk","metro",28.632706,77.219312,"#FFDF00"
"Barakhambha Road","metro",28.629768,77.225005,"#4169E1"
"Mandi House","metro",28.625612,77.234197,"#4169E1"
"Supreme Court","metro",28.623475,77.242528,"#4169E1"
"Dwarka Sector 10","metro",28.581058,77.0575,"#4169E1"
"Dwarka Sector 9","metro",28.574272,77.065332,"#4169E1"
"Dwarka Sector 8","metro",28.565611,77.067037,"#4169E1"
"Dwarka Sector 21","metro",28.551922,77.05856,"#4169E1"
"Noida Sector 62","metro",28.616986,77.373588,"#4169E1"
"Noida Sector 59","metro",28.606528,77.372683,"#4169E1"
"Noida Sector 61","metro",28.597585,77.372266,"#4169E1"
"Noida Sector 52","metro",28.586874,77.373024,"#4169E1"
"Noida Sector 34","metro",28.580254,77.363492,"#4169E1"
"Noida Electronic City","metro",28.628263,77.375003,"#4169E1"
"Uttam Nagar East","metro",28.624847,77.065286,"#4169E1"
"Uttam Nagar West","metro",28.621757,77.055712,"#4169E1"
"Nawada","metro",28.620276,77.045079,"#4169E1"
"Dwarka Mor","metro",28.61931,77.033279,"#4169E1"
"Dwarka - Kakrola (Grey Line)","metro",28.615887,77.022434,"#838996"
"Dwarka - Kakrola (Blue Line)","metro",28.614936,77.022763,"#4169E1"
"Dwarka Sector 14","metro",28.602222,77.025976,"#4169E1"
"Dwarka Sector 13","metro",28.597009,77.033541,"#4169E1"
"Adarsh Nagar","metro",28.71658,77.170422,"#FFDF00"
"Jahangirpuri","metro",28.725972,77.162658,"#FFDF00"
"Janakpuri East","metro",28.633021,77.086757,"#4169E1"
"Tilak Nagar","metro",28.636548,77.096496,"#4169E1"
"Subhash Nagar","metro",28.640459,77.105182,"#4169E1"
"Tagore Garden","metro",28.643726,77.11282,"#4169E1"
"Yusufguda","metro",17.435113,78.427322,"blue"
"Ameerpet (Blue Line)","metro",17.435286,78.444783,"blue"
"Kadavanthra","metro",9.966677,76.298204,"#7FFFD4"
"Elamkulam","metro",9.967267,76.308436,"#7FFFD4"
"Thykoodam","metro",9.96011,76.323729,"#7FFFD4"
"Ernakulam South","metro",9.968617,76.289458,"#7FFFD4"
"Jubilee Hills Checkpost","metro",17.428197,78.413714,"blue"
"Civil Lines","metro",26.909678,75.781249,"#ff748c"
"Rahate Colony","metro",21.127385,79.075398,"orange"
"Congress Nagar","metro",21.128198,79.082553,"orange"
"Guru Dronacharya","metro",28.482021,77.102268,"#FFDF00"
"Model Town","metro",28.702714,77.193991,"#FFDF00"
"M G Road","metro",28.479554,77.079893,"#FFDF00"
"IFFCO Chowk","metro",28.472328,77.072422,"#FFDF00"
"A.I.I.M.S.","metro",28.56686,77.207806,"#FFDF00"
"Green Park","metro",28.558007,77.206793,"#FFDF00"
"Vidhan Sabha","metro",28.686322,77.221727,"#FFDF00"
"Vishwa Vidyalaya","metro",28.695077,77.214746,"#FFDF00"
"Millennium City Centre Gurugram","metro",28.459343,77.072657,"#FFDF00"
"Malviya Nagar","metro",28.529066,77.204824,"#FFDF00"
"Chhatarpur","metro",28.506724,77.175002,"#FFDF00"
"Sultanpur","metro",28.499123,77.161374,"#FFDF00"
"Chawri Bazaar","metro",28.649265,77.226515,"#FFDF00"
"Patel Chowk","metro",28.622966,77.214031,"#FFDF00"
"Seva Teerth","metro",28.609514,77.211796,"#FFDF00"
"Lok Kalyan Marg","metro",28.597351,77.211097,"#FFDF00"
"Jor Bagh","metro",28.586509,77.212527,"#FFDF00"
"Qutab Minar","metro",28.512951,77.186453,"#FFDF00"
"Ghitorni","metro",28.493751,77.149187,"#FFDF00"
"Arjan Garh","metro",28.480735,77.125762,"#FFDF00"
"Nangli","metro",28.6173,77.010437,"#838996"
"Kukatpally","metro",17.485088,78.411638,"red"
"Zaveri Nursing Home, Nagpur","metro",21.169907,79.110132,""
"Uppal","metro",17.399938,78.560159,"blue"
"Stadium","metro",17.4074,78.554253,"blue"
"NGRI","metro",17.414826,78.546335,"blue"
"Habsiguda","metro",17.42018,78.540548,"blue"
"Tarnaka","metro",17.428296,78.528441,"blue"
"Mettuguda","metro",17.435521,78.519575,"blue"
"Secunderabad East","metro",17.435718,78.505462,"blue"
"Parade Grounds (Blue Line)","metro",17.443194,78.497469,"blue"
"Paradise","metro",17.443467,78.486244,"blue"
"Rasoolpura","metro",17.443612,78.476405,"blue"
"Prakash Nagar","metro",17.444889,78.465875,"blue"
"Madhura Nagar","metro",17.436965,78.439099,"blue"
"Road No 5 Jubilee Hills","metro",17.430049,78.423207,"blue"
"Peddamma Gudi","metro",17.430651,78.408372,"blue"
"Raidurg","metro",17.44218,78.377182,"blue"
"Parade Grounds (Green Line)","metro",17.444478,78.497584,"green"
"JBS","metro",17.448818,78.496484,"green"
"RTC Cross Roads","metro",17.407032,78.496802,"green"
"Mahatma Gandhi Bus Station (Red Line)","metro",17.379857,78.486202,"red"
"Mahatma Gandhi Bus Station (Green Line)","metro",17.379695,78.485863,"green"
"Malakpet","metro",17.377189,78.493936,"red"
"Musarambagh","metro",17.371073,78.511948,"red"
"Nehru Place","metro",28.551417,77.251739,"#553592"
"Kailash Colony","metro",28.55533,77.241964,"#553592"
"Lal Quila","metro",28.657483,77.236661,"#553592"
"Khan Market","metro",28.602245,77.229128,"#553592"
"Delhi Gate","metro",28.639217,77.24078,"#553592"
"Sultan Bazar","metro",17.384447,78.484024,"green"
"Narayanaguda","metro",17.394366,78.489958,"green"
"Chikkadpally","metro",17.400363,78.494896,"green"
"Musheerabad","metro",17.417874,78.499505,"green"
"Gandhi Hospital","metro",17.425515,78.501956,"green"
"Secunderabad West","metro",17.433803,78.499518,"green"
"Nasratpur Station","metro",24.813639,89.076159,""
"Kengeri","metro",12.907928,77.476575,"#e542de"
"Jayadeva Interchange (u/c)","metro",12.916733,77.599976,"yellow"
"Pettah","metro",9.952496,76.330185,"#7FFFD4"
"Kendriya Vidyalaya","metro",23.240245,77.431582,"#FB4F14"
"Board Office Chauraha","metro",23.232464,77.431667,"#FB4F14"
"DRM Office","metro",23.216162,77.443271,"#FB4F14"
"Alkapuri","metro",23.216484,77.451039,"#FB4F14"
"AIIMS","metro",23.209843,77.456049,"#FB4F14"
"Rani Kamalapati Railway Station","metro",23.221271,77.438351,"#FB4F14"
"MP Nagar","metro",23.227653,77.435205,"#FB4F14"
"Kalupur Railway Station","metro",23.024691,72.603145,"blue"
"Kankaria East","metro",23.015457,72.607002,"blue"
"Shahpur Station","metro",23.03921,72.581033,"blue"
"Gheekanta","metro",23.028794,72.586775,"blue"
"Gurudev Chauraha","metro",26.491575,80.28437,"orange"
"Bada Chauraha","metro",26.47269,80.352397,"orange"
"Vishwavidyalaya","metro",26.496489,80.267272,"orange"
"Rawatpur","metro",26.482866,80.300073,"orange"
"Naveen Market","metro",26.474067,80.345447,"orange"
"Geeta Nagar","metro",26.487022,80.292105,"orange"
"SPM Hospital","metro",26.498896,80.2589,"orange"
"IIT Kanpur","metro",26.509207,80.248311,"orange"
"Chunniganj","metro",26.47704,80.33707,"orange"
"Nayaganj","metro",26.46416,80.359504,"orange"
"LLR Hospital","metro",26.479266,80.311601,"orange"
"Shivajinagar","metro",18.530475,73.848571,"purple"
"Phugewadi","metro",18.591106,73.831147,"purple"
"Balewadi Stadium","metro",18.579709,73.761542,""
"Doehler India","metro",18.588102,73.702895,""
"Range Hills","metro",18.550287,73.845807,"purple"
"Megapolis Circle","metro",18.57922,73.688,""
"Dapodi","metro",18.583765,73.833766,"purple"
"PMC Bhavan","metro",18.522744,73.85335,"aqua"
"Infosys","metro",18.594195,73.709223,""
"Ruby Hall Clinic","metro",18.532718,73.877749,"aqua"
"District Court (Aqua Line)","metro",18.52672,73.857748,"aqua"
"Quadron","metro",18.584018,73.694818,""
"Sant Tukaram Nagar","metro",18.614525,73.815746,"purple"
"Agriculture College","metro",18.533006,73.841487,""
"Wipro","metro",18.59659,73.717161,""
"Kasarwadi","metro",18.59962,73.827264,"purple"
"RBI","metro",18.536371,73.836692,""
"Wakad Chowk","metro",18.590299,73.757559,""
"Nashik Phata","metro",18.609303,73.820097,"purple"
"Kothrud Bus Depot","metro",18.508126,73.792952,""
"Swargate","metro",18.499745,73.85746,"purple"
"Bopodi","metro",18.569661,73.838103,"purple"
"Khemnichak","metro",25.584746,85.163595,"#4169E1"
"नागपुर रेल्वे स्टेशन","metro",21.151377,79.090435,"aqua"
"Adajan Gam","metro",21.190106,72.789032,""
"Nalban Metro Station","metro",22.57334,88.421221,""
"Ugat Vaarigruh","metro",21.218507,72.781179,""
"Maskati Hospital","metro",21.198072,72.833497,""
"Vadakkekotta","metro",9.95281,76.339488,"#7FFFD4"
"Varaccha Chopati Garden","metro",21.223448,72.886715,""
"Nari Road","metro",21.1795,79.109778,"orange"
"Kadarsha Ni Nal","metro",21.187044,72.819342,""
"Chitaroli Square","metro",21.149647,79.110395,"aqua"
"Surat Railway Station","metro",21.203876,72.841675,""
"Bharat Cancer Hospital","metro",21.189702,72.879651,""
"Zero Mile","metro",25.58567,85.186752,"#4169E1"
"Automotive Square","metro",21.185792,79.119506,"orange"
"Taj East Gate","metro",27.158415,78.057906,"#FFD700"
"Central Warehouse","metro",21.205968,72.848225,""
"Agrasen Square","metro",21.151053,79.102913,"aqua"
"Ambedkar Square","metro",21.148325,79.129494,"aqua"
"Performing Art Centre","metro",21.19532,72.785798,""
"Mankameshwar Mandir","metro",27.178286,78.017102,"#FFD700"
"Palanpur Road","metro",21.208744,72.782593,""
"Botanical Garden","metro",21.221443,72.776941,""
"Kadvi Square","metro",21.168667,79.092424,"orange"
"Rajendra Nagar Station","metro",25.60232,85.162634,""
"Kapodra","metro",21.216464,72.867547,""
"Labheshwar Chowk","metro",21.209481,72.854936,""
"InfoPark I Station","metro",10.008351,76.362724,""
"Anjana Farm","metro",21.185226,72.849299,""
"Dosar Vaisya Square","metro",21.152973,79.094916,"aqua"
"Basai","metro",27.157844,78.050737,"#FFD700"
"Vaishnodevi Square","metro",21.148027,79.136406,"aqua"
"Majura Gate","metro",21.180964,72.818393,""
"LP Savani School","metro",21.199687,72.782841,""
"SN Junction","metro",9.954677,76.346035,"#7FFFD4"
"Badri Narayan Temple","metro",21.187575,72.800609,""
"Moin-ul-Haq Stadium","metro",25.608143,85.166391,""
"Telephone Exchange","metro",21.148814,79.118243,"aqua"
"Indora Square","metro",21.173687,79.100728,"orange"
"Rupali Canal","metro",21.170867,72.815851,""
"Althan Tenament","metro",21.161955,72.811687,""
"Shri Swaminarayan Mandir Kalakunj","metro",21.219566,72.876876,""
"Gaddi Godam Square","metro",21.161631,79.083725,"orange"
"Prajapati Nagar","metro",21.150149,79.148823,"aqua"
"Nature Park","metro",21.226895,72.894226,""
"Saroli","metro",21.189021,72.892983,""
"Athwa Chopati","metro",21.184697,72.807971,""
"Bhootnath","metro",25.585475,85.173576,"#4169E1"
"Cotton Market","metro",21.14599,79.089773,"aqua"
"Magob","metro",21.190203,72.868576,""
"Fatehabad Road","metro",27.160199,78.042703,"#FFD700"
"Modipuram","metro",29.072329,77.708884,"#d8514d"
"Karunamoyee","metro",22.58638,88.421531,"green"
"Central Park","metro",22.590474,88.415625,"green"
"City Centre","metro",22.587099,88.407891,"green"
"Bengal Chemical","metro",22.580067,88.401296,"green"
"Salt Lake Stadium","metro",22.573111,88.403089,"green"
"Phoolbagan","metro",22.572127,88.390241,"green"
"Salt Lake Sector V","metro",22.580943,88.429087,"green"
"Chaudhary Charan Singh International Airport","metro",26.766282,80.883639,"red"
"Transport Nagar","metro",26.777877,80.882651,"red"
"Amausi","metro",26.771364,80.878698,"red"
"Chandpole","metro",26.9266,75.807892,"#ff748c"
"Choti Chaupar","metro",26.924732,75.818459,"#ff748c"
"Badi Chaupar","metro",26.922959,75.826822,"#ff748c"
"باغبان پورہ","metro",31.579416,74.370783,"#F7943A"
"یو-ای-ٹی","metro",31.577274,74.360802,"#F7943A"
"سلطان پورہ","metro",31.575772,74.350794,"#F7943A"
"ریلوے اسٹیشن","metro",31.572298,74.336153,"#F7943A"
"پاکستان منٹ اسٹیشن","metro",31.585283,74.389258,"#F7943A"
"چوبرجی","metro",31.552296,74.302941,"#F7943A"
"Manasarovar","metro",26.87944,75.750239,"#ff748c"
"Shyam Nagar","metro",26.896477,75.770628,"#ff748c"
"Vivek Vihar","metro",26.888454,75.768407,"#ff748c"
"New Aatish Market","metro",26.880154,75.764466,"#ff748c"
"Kapurbawdi Station","metro",19.224143,72.977424,"green"
"Sir Theagaraya College","metro",13.115754,80.284744,"#3281c4"
"Tondiarpet","metro",13.124528,80.288856,"#3281c4"
"Wimco Nagar","metro",13.17929,80.307344,"#3281c4"
"Thiruvottriyur","metro",13.171803,80.305269,"#3281c4"
"Kaladipet","metro",13.150667,80.299393,"#3281c4"
"சுங்கச்சாவடி","metro",13.143134,80.296329,"#3281c4"
"புது வண்ணாரப்பேட்டை","metro",13.134519,80.293001,"#3281c4"
"Gaimukh Station","metro",19.284435,72.946808,"green"
"Gowniwada Station","metro",19.276747,72.958227,"green"
"Lokmanya Nagar Bus Depot","metro",19.208858,72.95146,""
"Azad Nagar Bus Stop","metro",19.241037,72.980999,""
"Chowk Bazar","metro",21.195722,72.819198,""
"Convention Center;કન્વેન્શન સેન્ટર","metro",21.122056,72.799359,""
"Bhesan","metro",21.219717,72.769006,""
"Althan Gam","metro",21.152598,72.807939,""
"Baranagar","metro",22.653077,88.380596,"#0000ff"
"Bhimrad ભીમરાડ","metro",21.128736,72.798178,""
"Surat Women ITI","metro",21.13598,72.800879,""
"VIP Road","metro",21.145203,72.805053,""
"Jnanabharathi","metro",12.935436,77.512406,"#e542de"
"Pantharapalya - Nayandahalli","metro",12.941671,77.525117,"#e542de"
"Kengeri Bus Terminal","metro",12.914689,77.487856,"#e542de"
"Rajarajeshwari Nagar","metro",12.9366,77.519679,"#e542de"
"Pattanagere","metro",12.92425,77.498351,"#e542de"
"Paschim Vihar West","metro",28.678602,77.102215,"#008000"
"New Airport","metro",21.066041,79.055831,"orange"
"Subhash Chandra Bose Ground","metro",19.294238,72.843129,""
"Airport Colony Station","metro",19.105818,72.854017,""
"Anik Nagar Bus Depot Station","metro",19.045827,72.878634,"green"
"Shaheed Sthal","metro",28.670645,77.415474,"#FF4040"
"Madhapur","metro",17.437264,78.400426,"blue"
"Najafgarh","metro",28.61245,76.986507,"#838996"
"Behala Bazar","metro",22.498759,88.317387,"#800080"
"Behala Chowrasta","metro",22.487355,88.313379,"#800080"
"Manpada","metro",19.235478,72.971299,""
"Laxmi Nagar","metro",28.630597,77.277523,"#4169e1"
"Preet Vihar","metro",28.641418,77.295282,"#4169e1"
"Badhkal Mor","metro",28.422713,77.310348,"#553592"
"لکشمی","metro",31.568612,74.327213,"#F7943A"
"جی-پی-او","metro",31.565554,74.314236,"#F7943A"
"Raja Nahar Singh","metro",28.340002,77.316451,"#553592"
"Thiruvottiyur Theradi","metro",13.160215,80.302448,"#3281c4"
"Moolchand","metro",28.564404,77.234256,"#553592"
"Jangpura","metro",28.583039,77.239315,"#553592"
"Jawaharlal Nehru Stadium","metro",28.588235,77.233783,"#553592"
"Janpath","metro",28.624049,77.219259,"#553592"
"ITO","metro",28.628191,77.241044,"#553592"
"Govind Puri","metro",28.544552,77.264276,"#553592"
"Harkesh Nagar Okhla","metro",28.542934,77.275041,"#553592"
"Vanaz","metro",18.507185,73.805195,"aqua"
"Anandnagar","metro",18.509572,73.814075,"aqua"
"Paud Phata","metro",18.508885,73.822144,"aqua"
"SNDT College","metro",18.507357,73.828782,"aqua"
"Garware College","metro",18.511989,73.83805,"aqua"
"Dahisar (East) [Line 7]","metro",19.250698,72.866666,"red"
"Dahisar (East) [Line 2]","metro",19.251733,72.867332,"yellow"
"Aarey","metro",19.169324,72.858792,"red"
"Dindoshi","metro",19.179758,72.858298,"red"
"Kurar","metro",19.1873,72.858455,"red"
"Akurli","metro",19.198159,72.86049,"red"
"Poisar","metro",19.203517,72.863104,"red"
"Magathane","metro",19.216797,72.866801,"red"
"Devipada","metro",19.224036,72.864325,"red"
"Rashtriya Udyan","metro",19.234614,72.863137,"red"
"Ovaripada","metro",19.243149,72.864138,"red"
"Lekhraj Market","metro",26.870969,80.973896,"red"
"Munshipulia","metro",26.887965,80.995986,"red"
"Indira Nagar","metro",26.872766,80.990973,"red"
"Bhootnath Market","metro",26.872237,80.982347,"red"
"Badshah Nagar","metro",26.870698,80.961013,"red"
"IT College","metro",26.871027,80.945648,"red"
"KD Singh Babu Stadium","metro",26.853945,80.936808,"red"
"Hazratganj","metro",26.850033,80.941594,"red"
"Wimco Nagar Depot","metro",13.183971,80.308994,"#3281c4"
"Sealdah","metro",22.566606,88.369782,"green"
"Challaghatta","metro",12.897354,77.461288,"#e542de"
"Silk Institute","metro",12.86173,77.529955,"#009933"
"Thalaghattapura","metro",12.87141,77.538396,"#009933"
"Vajarahalli","metro",12.877437,77.544741,"#009933"
"Doddakallasandra","metro",12.884643,77.552755,"#009933"
"Konanakunte Cross","metro",12.888967,77.562667,"#009933"
"Dabri Mor - Janakpuri South","metro",28.61572,77.085189,"#CC338B"
"Dakshineshwar","metro",22.654032,88.363753,"#0000ff"
"Rainbow Metro Station","metro",28.574358,77.378235,"aqua"
"Pimpri Chinchwad Municipal Corporation (PCMC)","metro",18.629319,73.803286,"purple"
"New Market","metro",17.373427,78.503178,"red"
"উত্তরা মধ্য","metro",23.859721,90.365183,"#006E34"
"উত্তরা উত্তর","metro",23.869107,90.36753,"#006E34"
"উত্তরা দক্ষিণ","metro",23.845904,90.363153,"#006E34"
"কাজীপাড়া","metro",23.799241,90.371988,"#006E34"
"মিরপুর ১১","metro",23.819096,90.365281,"#006E34"
"ঢাকা বিশ্ববিদ্যালয়","metro",23.731683,90.396823,"#006E34"
"বাংলাদেশ সচিবালয়","metro",23.730013,90.407484,"#006E34"
"শাহবাগ","metro",23.740084,90.396006,"#006E34"
"ফার্মগেট","metro",23.759039,90.387111,"#006E34"
"বিজয় সরণি","metro",23.766394,90.383097,"#006E34"
"কারওয়ান বাজার","metro",23.751266,90.392776,"#006E34"
"Thakurpukur","metro",22.464368,88.307532,"#800080"
"Sakher Bazar","metro",22.474853,88.309959,"#800080"
"Taratala","metro",22.507686,88.320384,"#800080"
"Joka","metro",22.452347,88.301824,"#800080"
"Shahid Bhagat Singh Garden","metro",19.294812,72.849362,""
"Nirman Vihar","metro",28.636459,77.286815,"#4169E1"
"Vaishali","metro",28.64967,77.339575,"#4169E1"
"Kaushambi","metro",28.645286,77.324343,"#4169E1"
"Gundavali","metro",19.114513,72.855156,"red"
"Mogra","metro",19.128436,72.855456,"red"
"Jogeshwari (East)","metro",19.142945,72.855185,"red"
"Goregaon (East)","metro",19.152449,72.856597,"red"
"Andheri (West)","metro",19.129134,72.831431,"yellow"
"Lower Oshiwara","metro",19.140698,72.831714,"yellow"
"Oshiwara","metro",19.146035,72.833952,"yellow"
"Goregaon (West)","metro",19.153024,72.835666,"yellow"
"Lower Malad","metro",19.173098,72.83648,"yellow"
"Malad (West)","metro",19.185285,72.835861,"yellow"
"Valnai-Meeth Chowky","metro",19.196829,72.833775,"yellow"
"Meerut North","metro",29.053349,77.708017,"#d8514d"
"Shatabdi Nagar","metro",28.947748,77.673876,"#F0631E"
"MES Colony","metro",29.015964,77.704621,"#d8514d"
"Modinagar South","metro",28.817729,77.556741,"#F0631E"
"Meerut Central","metro",28.972872,77.690603,"#d8514d"
"Meerut South","metro",28.904729,77.632839,"#d8514d"
"Begumpul","metro",28.996738,77.705602,"#F0631E"
"Murad Nagar","metro",28.770382,77.510704,"#F0631E"
"Daurli","metro",29.040706,77.706856,"#d8514d"
"Modinagar North","metro",28.843488,77.583196,"#F0631E"
"Rithani","metro",28.932037,77.660548,"#d8514d"
"Brahmapuri","metro",28.960296,77.684812,"#d8514d"
"Partapur","metro",28.922018,77.650585,"#d8514d"
"Bhainsali","metro",28.988092,77.700317,"#d8514d"
"Mansarovar Park","metro",28.675385,77.300868,"#FF4040"
"মতিঝিল","metro",23.728059,90.419055,"#006E34"
"কমলাপুর","metro",23.731872,90.425344,""
"Dr. Ambedkar Chowk Station","metro",27.174968,78.022205,"#FFD700"
"Taj Mahal","metro",27.168399,78.0356,"#FFD700"
"Shivaji Nagar","metro",18.532172,73.84966,"purple"
"District Court (Purple Line)","metro",18.526786,73.856899,"purple"
"Chhatrapati Sambhaji Udyan","metro",18.520081,73.847383,"aqua"
"Deccan Gymkhana","metro",18.516448,73.844446,"aqua"
"Yashobhoomi Dwarka Sector 25","metro",28.550832,77.045307,"#FF8C00"
"Kalikapur Railway Station","metro",22.411943,88.476004,""
"Duhai Depot Station","metro",28.742282,77.467641,"#F0631E"
"Duhai","metro",28.727017,77.471407,"#F0631E"
"Ghaziabad","metro",28.672555,77.413731,"#F0631E"
"Guldhar","metro",28.699543,77.44575,"#F0631E"
"CBD Belapur","metro",19.0206,73.040266,"#77248B"
"RBI Colony","metro",19.022985,73.047943,"#77248B"
"Kasturchand Park","metro",21.154365,79.081477,"orange"
"Sitabuldi","metro",21.141448,79.082484,"orange"
"Chhatrapati Square","metro",21.109139,79.069611,"orange"
"Ajni Square","metro",21.118212,79.072107,"orange"
"Ujjwal Nagar","metro",21.09635,79.066319,"orange"
"Jaiprakash Nagar","metro",21.103639,79.068179,"orange"
"Airport","metro",21.086216,79.063788,"orange"
"Airport South","metro",21.079056,79.060526,"orange"
"Khapri","metro",21.049348,79.047845,"orange"
"Institute of Engineers","metro",21.138315,79.070094,"aqua"
"Jhasi Rani Square","metro",21.140718,79.077827,"aqua"
"Rachna Ring Road","metro",21.121523,79.029412,"aqua"
"Vasudev Nagar","metro",21.118785,79.019466,"aqua"
"Bansi Nagar","metro",21.1162,79.012603,"aqua"
"Lokmanya Nagar","metro",21.110805,79.001754,"aqua"
"Shankar Nagar Square","metro",21.136212,79.061644,"aqua"
"LAD College","metro",21.132916,79.054798,"aqua"
"Ambazari Lake","metro",21.128692,79.045745,"aqua"
"Hemanta Mukhopadhyay","metro",22.514851,88.401428,"#F47421"
"Kavi Sukanta","metro",22.505302,88.400996,"#F47421"
"Jyotirindra Nandi","metro",22.495626,88.398449,"#F47421"
"Satyajit Ray","metro",22.484678,88.392645,"#F47421"
"Biocon Hebbagodi","metro",12.829033,77.681374,"yellow"
"DG Corner  Stationery","metro",25.263458,82.986968,""
"Mahakaran","metro",22.572078,88.350527,"green"
"Howrah","metro",22.583365,88.340345,"green"
"Howrah Maidan","metro",22.583859,88.333998,"green"
"Majerhat","metro",22.519147,88.323656,"#800080"
"Thrippunithura Terminal","metro",9.950573,76.351724,"#7FFFD4"
"Bund Garden","metro",18.540593,73.883439,"aqua"
"Yerwada","metro",18.545317,73.886688,"aqua"
"Kalyani Nagar","metro",18.544481,73.905698,"aqua"
"Ramwadi","metro",18.557028,73.908563,"aqua"
"Esplanade (Line 2)","metro",22.564129,88.350275,"green"
"Kavi Subhash","metro",22.471109,88.398099,"#F47421"
"JNTU College","metro",17.498656,78.388866,"red"
"KPHB Colony","metro",17.493803,78.401765,"red"
"Miyapur","metro",17.496539,78.373025,"red"
"Victoria Memorial","metro",17.361854,78.54393,"red"
"Dilsukh Nagar","metro",17.368552,78.525717,"red"
"L. B. Nagar Metro Station","metro",17.349829,78.547914,"red"
"Osmania Medical College","metro",17.382347,78.481133,"red"
"Nampally","metro",17.392399,78.470148,"red"
"Moosapet","metro",17.47197,78.426036,"red"
"Lakdi-ka-pul","metro",17.403906,78.465025,"red"
"Khairatabad","metro",17.411532,78.460846,"red"
"Irrum Manzil","metro",17.420556,78.456101,"red"
"Gandhi Bhavan","metro",17.386107,78.4731,"red"
"ESI Hospital","metro",17.447404,78.43835,"red"
"Erragadda","metro",17.457328,78.433462,"red"
"Chaitanyapuri","metro",17.368286,78.535941,"red"
"Bharat Nagar","metro",17.46416,78.430005,"red"
"Balanagar","metro",17.476822,78.421965,"red"
"Assembly","metro",17.398109,78.470818,"red"
"Panjagutta","metro",17.428631,78.451132,"red"
"Nagasandra","metro",13.047954,77.500142,"#009933"
"Yeshwantpur","metro",13.023268,77.549875,"#009933"
"Kadugodi Tree Park","metro",12.98565,77.747012,"#e542de"
"Bandra Colony","metro",19.069963,72.84936,"aqua"
"Santacruz","metro",19.079289,72.847118,"aqua"
"CSMI Airport Domestic T1","metro",19.093899,72.853577,"aqua"
"Sahar Road","metro",19.102196,72.865236,"aqua"
"Krishna Park Extension","metro",28.647792,77.084343,"#CC338B"
"Railway Junction Station  (East Entrance)","metro",24.174915,78.187581,""
"Bangur Nagar","metro",19.162472,72.834871,"yellow"
"Juna Koba","metro",23.141972,72.638612,"#FFFF00"
"Koba Circle","metro",23.132251,72.631042,"#FFFF00"
"Narmada Canal","metro",23.125146,72.622098,"#FFFF00"
"Tapovan Circle","metro",23.120127,72.615799,"#FFFF00"
"Vishwakarma College","metro",23.1142,72.608386,"#FFFF00"
"Koteshwar Road","metro",23.103111,72.602133,"#FFFF00"
"Raysan","metro",23.166395,72.648325,"#FFFF00"
"Randesan","metro",23.179084,72.64729,"#FFFF00"
"Dholakuva Circle","metro",23.185945,72.64332,"#FFFF00"
"Infocity","metro",23.192257,72.639713,"#FFFF00"
"Sector-1","metro",23.204908,72.643152,"#FFFF00"
"GNLU","metro",23.154472,72.647469,"violet"
"GIFT City","metro",23.153355,72.685554,"violet"
"AEC","metro",23.075109,72.593291,"red"
"Sabarmati","metro",23.08563,72.592206,"red"
"Motera Stadium","metro",23.096773,72.596692,"red"
"Hathi gate station","metro",21.935928,75.139173,""
"Kasba Peth कसबा पेठ","metro",18.521375,73.859623,"purple"
"Thaltej","metro",23.049748,72.516015,"blue"
"Thaltej Gam","metro",23.050206,72.507012,"blue"
"Regional Transport Office,Meenambakkam","metro",12.999319,80.200989,""
"miyapur metro","metro",17.496382,78.372749,"red"
"Kukatpally Metro","metro",17.485205,78.411579,"red"
"Balanagar Metro","metro",17.476869,78.421908,"red"
"PDPU","metro",23.154864,72.661212,"violet"
"Dadar","metro",19.023624,72.839221,"aqua"
"Shitala Devi Mandir","metro",19.038464,72.841965,"aqua"
"Dharavi","metro",19.046261,72.849741,"aqua"
"Acharya Atre Chowk","metro",18.99782,72.81772,"aqua"
"Worli","metro",19.008606,72.819274,"aqua"
"Siddhivinayak Temple","metro",19.015894,72.83092,"aqua"
"Sector-10A","metro",23.211484,72.650193,"#FFFF00"
"Gandhi Nagar","metro",22.739,75.797498,"yellow"
"Super Corridor 6","metro",22.745332,75.800918,"yellow"
"Super Corridor 5","metro",22.754077,75.804246,"yellow"
"Super Corridor 4","metro",22.763104,75.811148,"yellow"
"Veerangana Jhalkari Bai","metro",22.771801,75.81894,"yellow"
"Kalyanpur","metro",26.503724,80.252566,"orange"
"Moti Jheel","metro",26.479129,80.317893,"orange"
"Kanpur Central","metro",26.453878,80.351789,"orange"
"Beleghata","metro",22.550708,88.403985,"#F47421"
"Barun Sengupta","metro",22.543807,88.399276,"#F47421"
"Ritwik Ghatak","metro",22.532999,88.396419,"#F47421"
"VIP Bazar","metro",22.524685,88.396233,"#F47421"
"Jai Hind","metro",22.647306,88.437303,"#FFFF00"
"Jessore Road","metro",22.639265,88.42977,"#FFFF00"
"Dum Dum Cantonment","metro",22.637594,88.412162,"#FFFF00"
"Dream City","metro",21.11117,72.797928,""
"Jagannath Shankar Sheth Metro","metro",18.969992,72.821179,"aqua"
"Mahalaxmi","metro",18.979467,72.825401,"aqua"
"Science Centre","metro",18.990895,72.821352,"aqua"
"Cuffe Parade","metro",18.913569,72.820715,"aqua"
"Vidhan Bhavan","metro",18.924781,72.825493,"aqua"
"Churchgate","metro",18.931495,72.826939,"aqua"
"Hutatma Chowk","metro",18.934185,72.832504,"aqua"
"Chhatrapati Shivaji Maharaj Terminus","metro",18.940833,72.831861,"aqua"
"Kalbadevi","metro",18.946329,72.827193,"aqua"
"Girgaon","metro",18.952102,72.822206,"aqua"
"Grant Road","metro",18.963218,72.818044,"aqua"
"Patliputra Bus Terminal","metro",25.576322,85.189752,"#4169E1"
"Malahi Pakri","metro",25.593508,85.157117,"#4169E1"
"Mandale","metro",19.049592,72.938661,"yellow"
"Shivaji Chowk (Chembur)","metro",19.047938,72.906981,"yellow"
"Deonar","metro",19.044833,72.917495,"yellow"
"Mankhurd","metro",19.049217,72.931231,"yellow"
"Cyber City","metro",28.49807,77.089257,"gray"
"Junpat Village","metro",28.495234,77.554843,""
"Bodaki","metro",28.507591,77.563528,""
"Noida Sector 70","metro",28.600735,77.383236,""
"Noida Sector 44","metro",28.551276,77.335246,""
"Noida Office","metro",28.545381,77.337714,""
"Akshardham","metro",23.223677,72.664182,"#FFFF00"
"Juna Sachivalaya","metro",23.228926,72.659415,"#FFFF00"
"Sector-16","metro",23.233883,72.650166,"#FFFF00"
"Sector-24","metro",23.238508,72.641478,"#FFFF00"
"Mahatma Mandir","metro",23.233941,72.633871,"#FFFF00"
"District Court (Pink Line)","metro",18.528328,73.856089,"purple"
"Wagle Circle","metro",19.196284,72.94925,""
"Shivai Nagar","metro",19.21739,72.954171,""
"Neelkanth Terminal","metro",19.221187,72.959392,""
"Ghandi Nagar","metro",19.219113,72.967518,""
"Dr. Kashinath Ghanekar Natyagruha","metro",19.229168,72.969884,""
"Dongripada","metro",19.248771,72.974732,"green"
"Vijay Nagari","metro",19.255467,72.973519,""
"Waghbil","metro",19.263921,72.979427,""
"Waterfront","metro",19.262495,72.988409,""
"Patlipada","metro",19.247301,72.983182,""
"Nanaksar - Sonia Vihar","metro",28.708718,77.242509,"#FC8EAC"
"Jharoda Majra","metro",28.724965,77.213712,"#FC8EAC"
"Aquarium","metro",21.186126,72.792515,""
"Sarthana","metro",21.231595,72.903115,""
"Yervada Metro Station","metro",18.545278,73.886533,"aqua"
"Shivaji Nagar Railway Station","metro",18.532398,73.851385,"purple"
"District Court Metro Station","metro",18.526713,73.857569,"aqua"
"Khadki","metro",18.562262,73.842083,"purple"
"Savitribal Phule Pune University","metro",18.542347,73.827173,""
"YASHADA","metro",18.546325,73.819665,""
"Krushi Anusandhan","metro",18.550269,73.808227,""
"Baner","metro",18.554964,73.797938,""
"Baner Gaon","metro",18.559196,73.790598,""
"Balewadi Phata","metro",18.564186,73.779766,""
"High Street","metro",18.570512,73.774838,""
"NICMAR","metro",18.575034,73.766062,""
"Jakat Naka","metro",18.590967,73.7463,""
"Hinjawadi","metro",18.592395,73.737357,""
"Bhakti Shakti","metro",18.662561,73.774574,""
"Nigdi","metro",18.658399,73.778398,""
"Akurdi","metro",18.65116,73.784747,""
"Chinchwad","metro",18.639173,73.794931,""
"Vitthalwadi","metro",18.598036,74.004574,""
"Bakori Phata","metro",18.590216,73.997801,""
"Siddharth Nagar","metro",18.582664,73.988709,""
"Wagholi","metro",18.58061,73.983649,""
"Wagheshwar Temple","metro",18.580696,73.978999,""
"Upper Kharadi Rd","metro",18.575658,73.962641,""
"Ubale Nagar","metro",18.572609,73.95594,""
"Tuljabhavani Nagar","metro",18.567097,73.946837,""
"Kharadi Bypass","metro",18.562359,73.937809,""
"Somnath Nagar","metro",18.562864,73.928401,""
"Viman Nagar","metro",18.561482,73.920388,""
"Karve Putala","metro",18.502603,73.817815,""
"Nal Stop","metro",18.505488,73.824285,"aqua"
"Dahanukar Colony","metro",18.495987,73.81348,""
"Karve Nagar","metro",18.488076,73.813461,""
"Warje","metro",18.47996,73.805508,""
"Daulat Nagar","metro",18.472616,73.811385,""
"Manik Baug","metro",18.467138,73.817952,""
"Dalvewadi","metro",18.454999,73.797143,""
"Nanded City","metro",18.457185,73.802869,""
"Dhayari Phata","metro",18.45892,73.809396,""
"Hingane Chowk","metro",18.481056,73.825802,""
"Rajaram Pul","metro",18.488103,73.829398,""
"Deshpande Udyan","metro",18.494875,73.837048,""
"Dandekar Pul","metro",18.50084,73.84518,""
"Swargate North","metro",18.500704,73.856872,"purple"
"Chandani Chowk","metro",18.507636,73.786698,""
"Market Yard","metro",18.487786,73.857518,""
"Bibwewadi","metro",18.475233,73.856249,""
"Padmavati","metro",18.461007,73.858097,""
"Balaji Nagar","metro",18.453227,73.858379,""
"Katraj","metro",18.446573,73.859009,""
"Seven Loves Chowk","metro",18.501458,73.869616,""
"Pune Cantonment Board","metro",18.502756,73.878369,""
"Race Course","metro",18.506465,73.889388,""
"Fatima Nagar","metro",18.506547,73.900526,""
"Ramtekadi","metro",18.506308,73.911628,""
"Hadapsar","metro",18.50367,73.922775,""
"Thakurgaon Railway Station","metro",26.040688,88.426635,""
"Dahisar (East) [Line 9]","metro",19.25108,72.867452,"red"
"Pandurang Wadi","metro",19.260099,72.87264,"red"
"Miragaon","metro",19.271007,72.880698,"red"
"Kashigaon","metro",19.277666,72.88024,"red"
"Shalimar Bagh Metro Station","metro",28.702214,77.164935,"#FC8EAC"
"Mohan Estate","metro",28.51958,77.294603,"#553592"
"Porur Junction","metro",13.035861,80.156761,"#FFDF00"
"Poonamallee Bypass","metro",13.048021,80.081814,"#FFDF00"
"Thelliyaragaram","metro",13.036864,80.141862,"#FFDF00"
"Porur Bypass","metro",13.036226,80.149971,"#FFDF00"
"Kumananchavadi Metro","metro",13.044683,80.118909,"#FFDF00"
"Poonamallee Government Hospital Metro","metro",13.049712,80.101998,"#FFDF00"
"Poonamallee Bus Stand Metro","metro",13.050922,80.094923,"#FFDF00"
"Kattupakkam","metro",13.041979,80.125382,"#FFDF00"
"Karayanchavadi Metro","metro",13.046711,80.110905,"#FFDF00"
"Iyappanthangal Metro","metro",13.038183,80.134988,"#FFDF00"
"மைலாப்பூர்","bus",13.033434,80.267946,""
"Foreshore Estate Bus Terminus","bus",13.022402,80.276327,""
"V House Bus Terminus","bus",13.051211,80.277839,""
"Poonamallee MTC Terminus","bus",13.05116,80.094955,""
"4 Star Travel Services","bus",33.688406,73.034412,""
"1st Gate Bus Station","bus",24.053106,91.159718,""
"GingerBread","bus",13.080216,80.173696,""
"Mahendra Gufa Station","bus",28.271343,83.979894,""
"Hari Chok Bus Station","bus",28.243212,83.983945,""
"Macha Pokhari Bus Station","bus",27.735352,85.305724,""
"Pir Wadahi","bus",33.630705,73.042489,""
"Nanganallur Bus Terminus","bus",12.977807,80.181248,""
"Hemja Phedi Bus Park","bus",28.243256,83.983867,""
"City Bus Station","bus",28.243155,83.988662,""
"Ramanattukara","bus",11.17824,75.86531,""
"Palayam Bus Stand","bus",11.249439,75.784203,""
"Julglighat Bus Stop","bus",11.66124,92.7324,""
"Aberdeen Bazaar Bus Station","bus",11.66634,92.74135,""
"Austinabad Bus Station","bus",11.62806,92.73077,""
"Garachapna Bus Station","bus",11.61326,92.70298,""
"Rawalpindi Bus stand","bus",33.994586,72.942682,""
"Prantika","bus",23.56409,87.281522,""
"Puratchi Thalaivar Dr. M.G.R Bus Terminus","bus",13.06846,80.205125,""
"Ramapuram Bus Stand","bus",13.034805,80.173857,""
"Taramani","bus",12.985477,80.240563,""
"Bus Stand","bus",30.248156,75.839841,""
"Saligramam Bus Terminus","bus",13.053339,80.197083,""
"Peshawar Coster Stand","bus",33.994627,72.939231,""
"Perambur MTC Terminus","bus",13.108569,80.248252,""
"ICF MTC Terminus","bus",13.100243,80.214714,""
"Radaur bus stand","bus",30.032322,77.14867,""
"Kovilpalayam Main Bus Stop","bus",11.135418,77.033752,""
"Minjur MTC Terminus","bus",13.28201,80.253705,""
"Manali MTC Terminus","bus",13.169977,80.257159,""
"மாதவரம் மாநகர பேருந்து முனையம்","bus",13.152368,80.228345,""
"Tangmarg Bus and Taxi Station","bus",34.059269,74.424428,""
"Tarnaka Bus Stop","bus",17.426317,78.531326,""
"ਅੰਮ੍ਰਿਤਸਰ ਬੱਸ ਸਟੇਸ਼ਨ","bus",31.630131,74.883928,""
"Kundrathur Temple MTC Terminus","bus",12.987217,80.093238,""
"Hasthinapuram MTC Terminus","bus",12.940444,80.150586,""
"Tambaram MTC Terminus","bus",12.925339,80.116745,""
"Tambaram East MTC Terminus","bus",12.923598,80.117091,""
"பழவேற்காடு","bus",13.417722,80.313942,""
"BANDA BUS STAND","bus",15.81894,73.86246,""
"Ayanavaram MTC Terminus","bus",13.098591,80.242004,""
"குற்றாலம் - കുറ്റാലം","bus",8.93331,77.273823,""
"செங்கோட்டை பஸ் ஸ்டாண்ட்","bus",8.976832,77.249891,""
"Town Bus Stand","bus",10.086309,77.06008,""
"மகாபலிபுரம்","bus",12.617473,80.193882,""
"East Fort","bus",8.483404,76.947462,""
"Yercaud Bus Stand","bus",11.776765,78.209127,""
"Udaipur Bus Stand","bus",24.575889,73.700842,""
"Erumaivettipalayam Bus Stand","bus",13.242455,80.120113,""
"Kattakada","bus",8.506953,77.080957,""
"Puzhuthivakkam Bus Stand","bus",12.97398,80.202931,""
"ghumaan adda","bus",30.967568,76.151261,""
"Ayyapanthangal","bus",13.037793,80.134942,""
"Ennore MTC Terminus","bus",13.214722,80.320837,""
"ঢুলিভিটা","bus",23.90804,90.212393,""
"Old Bus Stand","bus",10.786954,79.137605,""
"KK Nagar West MTC Terminus","bus",13.044159,80.193303,""
"Kannagi Nagar MTCTerminus","bus",12.925654,80.238308,""
"NGO Colony Bus Terminus","bus",12.994789,80.206816,""
"Thiruverkadu MTC Bus Terminus","bus",13.069585,80.124022,""
"Semmanchery MTC Terminus","bus",12.874697,80.209765,""
"Elango Nagar MTC Terminus","bus",13.090602,80.185474,""
"Parvathi Nagar MTC Terminus","bus",13.145751,80.250441,""
"Sripur Bus Station","bus",23.736928,89.655597,""
"Tambaram Bus Stand","bus",12.927719,80.118742,""
"Madipakkam Bus Stand","bus",12.962861,80.198284,""
"Mysore City Bus Stand","bus",12.307989,76.653633,""
"Chikkamaranahalli","bus",13.036222,77.566348,""
"Ghaziabad Bus Stand","bus",28.669227,77.415798,""
"Uttarahalli Bus Station","bus",12.905273,77.543288,""
"Jalahalli Village","bus",13.04523,77.547996,""
"Bhavani Bus Stand","bus",11.452748,77.688559,""
"Thiruvayar Bus Stand","bus",10.787695,79.138529,""
"Kolathur Bus Stand","bus",10.94716,76.137633,""
"RAM TIRTH ROAD BYPASS","bus",31.645946,74.823332,""
"BBMB Colony Bus Station","bus",31.533723,76.904732,""
"Picture Palace","bus",30.453372,78.083426,""
"Library Bus Stop","bus",30.460038,78.066119,""
"Taplejung Bus Station","bus",27.353827,87.66556,""
"Tirumayam Bus Stop","bus",10.245785,78.746841,""
"Afzalgunj","bus",17.373007,78.476656,""
"Kalyan","bus",19.236388,73.130362,""
"Channarayapatna Bus Station","bus",12.898085,76.391215,""
"Toungup Bus Station","bus",18.852768,94.238525,""
"Sirkazhi Bus Stand","bus",11.234463,79.738467,""
"Bus stand","bus",12.456739,75.960191,""
"Sayaji Park Busstop","bus",22.31432,73.242823,""
"Srirangapatna","bus",12.42079,76.691512,""
"KPHB 3rd Phase Bus Stop","bus",17.487951,78.395392,""
"Vinayakapuram","bus",13.139863,80.20568,""
"Nechipuzhoor","bus",9.752502,76.661283,""
"Bhaucha Dhakka / Ferry Wharf","bus",18.95694,72.849529,""
"Kamalapura Bus Stand","bus",15.305775,76.474029,""
"Bharmour Old Bus Stand","bus",32.440959,76.534051,""
"Sihunta","bus",32.301464,76.088569,""
"Kuravilangad Ksrtc Busstop","bus",9.753024,76.561532,""
"509","bus",18.575184,73.899559,""
"Muttom Bus Stand","bus",9.837192,76.745517,""
"Bhanjraroo Bus Station","bus",32.833331,76.146966,""
"Ramapuram Private BusStand","bus",9.799674,76.65983,""
"Triloknath Bus Station","bus",32.683222,76.697237,""
"Pune Railway Station Bus Depot","bus",18.526529,73.877141,""
"Karamadai Bus Stand","bus",11.23952,76.959869,""
"Gorai Bus Depot","bus",19.232396,72.829636,""
"Maralawadi","bus",12.612133,77.525212,""
"Harohalli Bus Stand","bus",12.680082,77.469908,""
"Bus Stand Barnala","bus",30.377711,75.537933,""
"Dhokashi","bus",27.670661,85.279034,""
"bus stop bekhi","bus",30.714081,75.9405,""
"bus stop - Katahri","bus",30.738634,75.943008,""
"bus stop - Lapran","bus",30.754214,75.929335,""
"bus stop - Ghawaddi","bus",30.782033,75.889705,""
"Mori Gate Bus Terminal","bus",28.668361,77.225176,""
"Srinagar Bus Station","bus",12.944438,77.554664,""
"Old ISBT","bus",31.103754,77.168626,""
"main bus station","bus",9.234909,78.787688,""
"Borivali  RS (East)","bus",19.229955,72.857632,""
"Bus & Jeep Counter North","bus",28.784782,83.736723,""
"Hosapete Bus Stand","bus",15.275187,76.389262,""
"Padappai Bus Stand","bus",12.886724,80.021501,""
"TGSRTC Bus Station ,  Narketpalle","bus",17.204123,79.193972,""
"Kathmandu Bus Park","bus",27.672077,85.423097,""
"Private Bus Stand","bus",12.318726,76.64828,""
"Kerala state road transport coperation bus stand ettumanoor","bus",9.66779,76.555747,""
"Tallada","bus",17.215505,80.421762,""
"Wyra bustand","bus",17.191886,80.361948,""
"Duliajaan Bus Station","bus",27.484902,95.364433,""
"Kathmandu Bus","bus",26.737047,85.919071,""
"Puri Bus Station","bus",19.814766,85.839113,""
"Puri Local Bus Stand","bus",19.815701,85.837939,""
"Old Post Office","bus",17.693632,83.292306,""
"Dhoraji","bus",21.736132,70.459174,""
"Jetpur","bus",21.755606,70.619108,""
"Sindhi Camp","bus",26.923847,75.800655,""
"Anand New bus stand","bus",22.557296,72.955726,""
"Akola Main Bus stand","bus",20.707492,77.003795,""
"Kasaragod Muncipal Bus stand","bus",12.506862,74.99429,""
"Kovilpatti Town Bus Stand","bus",9.175034,77.865927,""
"Ramanathapuram Bus Station","bus",9.360385,78.837492,""
"Mohanur Bus Stand","bus",11.061753,78.138621,""
"Tenkasi Old Bus Stand","bus",8.958353,77.306022,""
"Thanthania Bus Stand","bus",24.833166,89.37618,""
"New Bus Stand","bus",21.006162,75.564134,""
"Rajgurunagar Bus Stop","bus",18.854108,73.888357,""
"Bus Stand Kovalam","bus",12.786607,80.250199,""
"APSRTC Bus Station , Puttur","bus",13.435212,79.552878,""
"Guduvancheri MTC Terminus","bus",12.844796,80.061804,""
"வால்பாறை - വാൽപ്പാറ","bus",10.326354,76.954998,""
"old bus station aligarh but now close","bus",27.886485,78.074012,""
"Jhansi main bus stand","bus",25.445941,78.589607,""
"Krishnarajanagara Bus Stand","bus",12.438599,76.381234,""
"Private bus stand","bus",10.301936,76.335926,""
"Sulur Bus Stand","bus",11.025944,77.125217,""
"Local Bus Stand","bus",11.405584,76.704222,""
"Sembatti Bus Stand","bus",10.28104,77.871426,""
"Vadipatti Bus Stand","bus",10.082445,77.966555,""
"Guruvayur Private Bus Stand","bus",10.593332,76.04386,""
"TGSRTC  Bus Station , Warangal","bus",17.974546,79.605348,""
"Chandrapur","bus",19.964258,79.298047,""
"ST Bus Stand","bus",20.066236,79.674257,""
"Kaza Bus Station","bus",32.223643,78.074035,""
"Avadi Market","bus",13.116052,80.106263,""
"ISBT Bus Station, Idgah","bus",27.165888,77.995669,""
"Idgah Bus Stand","bus",27.166266,77.997672,""
"Ooralpatty","bus",10.284046,77.630297,""
"APSRTC Bus Station , Ongole","bus",15.511204,80.041844,""
"Bhuntar Bus Stand","bus",31.881204,77.150577,""
"Kodom Toli Bus Station","bus",22.335549,91.821165,""
"Charsadda Bus Terminal","bus",34.029792,71.57686,""
"hauli","bus",25.428858,83.620505,""
"Wrc Campus Gate Bus Station","bus",28.256578,83.977718,""
"TGSRTC Bus Station , Medchal","bus",17.634199,78.485753,""
"BUS STATION, MADHAPAR","bus",23.239291,69.708435,""
"14 No Bus Stop","bus",22.502288,88.318335,""
"ASTC","bus",26.181168,91.749974,""
"Uttangarai","bus",12.267338,78.53567,""
"Sun City","bus",18.474876,73.813655,""
"Sec. W","bus",31.475332,74.370425,""
"Sec Y","bus",31.475322,74.371428,""
"15 No Bus Stand (S30)","bus",22.592654,88.388746,""
"குன்னூர்","bus",11.343729,76.794665,""
"GSRTC Bus Station","bus",21.76991,72.136673,""
"Limbdi","bus",22.570416,71.807752,""
"BUS STAND SANGHOL","bus",30.792123,76.398196,""
"Mohali","bus",30.696572,76.726813,""
"Bus Station Doraha","bus",30.780543,76.060281,""
"BUS STAND SIRHIND","bus",30.614537,76.375434,""
"Vallam main bus station","bus",10.718151,79.062459,""
"Tinkonia Bus Stand","bus",23.246319,87.869428,""
"PHAGWARA BUS STAND","bus",31.214861,75.770804,""
"Patran bus stand","bus",29.95558,76.051333,""
"Main Bus Stand","bus",30.611135,74.257912,""
"Nagarkot","bus",27.71838,85.517927,""
"Rampur Bus Station","bus",28.777914,79.02638,""
"Marol Depot","bus",19.117908,72.865721,""
"Vellore Old Bus Stand","bus",12.922152,79.132522,""
"D-cabin","bus",23.102363,72.570265,""
"Vallabhpark","bus",23.101524,72.576519,""
"Chhorepatan Bus Stop","bus",28.191479,83.953177,""
"RS Pura Bus Stand","bus",32.60652,74.735372,""
"boarder","bus",8.971338,77.261675,""
"vanji nagar busstop","bus",8.95719,77.266921,""
"CSTC Bus Terminal","bus",22.481455,88.346423,""
"Jahaz Ground Stop","bus",33.628392,73.101972,""
"Kurla East","bus",19.064502,72.880323,""
"Trombay","bus",19.033651,72.950364,""
"Hari Nagar Bus Depot","bus",28.623912,77.101681,""
"Baba Bakala","bus",31.553961,75.268269,""
"Lubhu Bus Station","bus",27.642768,85.373347,""
"KK Nagar MTC Terminus","bus",13.035422,80.205717,""
"IOC MTC Terminus","bus",13.139069,80.282031,""
"Thirovttriyur MTC Terminus","bus",13.172164,80.305091,""
"Bandra Terminus","bus",19.062949,72.841537,""
"Samana","bus",30.146833,76.187642,""
"Narshinhavadi Bus Stand","bus",16.693824,74.5997,""
"Panauti Bus Station","bus",27.587039,85.513267,""
"Thiruporur Bus Stand","bus",12.722079,80.187714,""
"Mangammanapalya","bus",12.907083,77.635161,""
"Mathur MMDA","bus",13.171374,80.247506,""
"Chaphekar Chowk","bus",18.630087,73.779897,""
"Rodat to Jalalabad Bus Station","bus",34.25693,70.57642,""
"Rama mandi","bus",31.306716,75.627794,""
"Bus Stop","bus",17.39868,78.481781,""
"SRGT Parking Lot","bus",25.582492,91.890402,""
"Dhangadhi Bus Park","bus",28.705959,80.573929,""
"Kalanad bus station","bus",12.450749,75.022493,""
"Mangad Bus Stop","bus",12.455054,75.033286,""
"Hosa Hagaribommanahalli Bus Station","bus",15.044509,76.209524,""
"Kabbur Bus Stand","bus",16.348547,74.729925,""
"Bus Terminal, Kakkanad","bus",10.02075,76.343682,""
"BMTC","bus",13.036732,77.523703,""
"Harihar KSRTC bus station","bus",14.514736,75.810133,""
"APSRTC Bus Station , Nellore","bus",14.442024,79.977364,""
"Iritty","bus",11.989648,75.678415,""
"Belur Math Bus stop","bus",22.631405,88.352059,""
"Princess Park","bus",28.5878,77.066631,""
"Pappanamcode","bus",8.470538,76.98104,""
"ਸ਼ਹੀਦ ਊਧਮ ਸਿੰਘ ਮਿਊਂਸੀਪਲ ਬੱਸ ਅੱਡਾ","bus",30.133852,75.807704,""
"ISBT Shimla (New Bus Stand)","bus",31.098141,77.150808,""
"Theog Bus Station","bus",31.123002,77.356281,""
"Fatehgarh Sahib Bus Stop","bus",30.650842,76.392294,""
"Jyoti Swaroop Bus Stand","bus",30.643276,76.404361,""
"Sirhind Bus Stand","bus",30.627951,76.387782,""
"Bhawanigarh Bus Stand","bus",30.264811,76.041418,""
"Budhanilkantha Stop","bus",27.776832,85.362086,""
"Kuvempunagar 2nd Stage","bus",13.073049,77.541338,""
"45 BUS STAND","bus",22.471246,88.37725,""
"Bhuj Bus Stand (private buses)","bus",23.246881,69.671115,""
"Gabtoli Bus station","bus",23.781048,90.343975,""
"Horanadu","bus",13.275973,75.344407,""
"கொல்லங்கோடு - കൊല്ലങ്കോട്","bus",8.28894,77.107615,""
"Paleru","bus",17.207973,79.922607,""
"Shimoga KSRTC Bus Stand","bus",13.928988,75.568065,""
"Shimoga Bus Stand (Pvt)","bus",13.929488,75.567737,""
"Warora","bus",20.234679,79.009747,""
"Talegaon","bus",21.105732,78.202798,""
"Wadala Depot","bus",19.014778,72.852397,""
"Mulund Depot","bus",19.175698,72.946488,""
"Ghatkopar Station (W)","bus",19.08754,72.908163,""
"Manapa Bhavan","bus",18.523025,73.853423,""
"Samata Nagar","bus",19.206861,72.869745,""
"Sahar Cargo Complex","bus",19.097537,72.865288,""
"Kandivali (E)","bus",19.201696,72.85373,""
"Majas Depot","bus",19.138936,72.86476,""
"Bagar Bus Station","bus",28.240171,83.988825,""
"Safdarjung Terminal","bus",28.579664,77.213486,""
"Thennambulam Mill","bus",10.432519,79.775646,""
"Thennambulam Road","bus",10.430285,79.777706,""
"Sathiraththadi Bus Stop","bus",10.424892,79.783529,""
"Karuppambulam Road Bus Stop","bus",10.422503,79.785823,""
"Kuravappulam Kadaitheru","bus",10.421332,79.787869,""
"Pallipalayam Bus Stop","bus",11.364648,77.747779,""
"Alipur Bank Stop","bus",33.645248,73.18077,""
"Nai Abbadi Stop","bus",33.645176,73.176822,""
"Burma Stop","bus",33.633743,73.132748,""
"Sanam Chowk","bus",33.632841,73.126825,""
"Satra Meel","bus",33.643362,73.200222,""
"Jhangi Sayedan","bus",33.642765,73.208096,""
"Ksrtc Depot, Thalassery","bus",11.760962,75.482038,""
"Pusa Institute","bus",28.640496,77.174176,""
"Lakshmeshwar KSRTC Bus stand","bus",15.12373,75.474117,""
"Karuppambulam","bus",10.388013,79.788576,""
"Sultana Foundation","bus",33.643131,73.202954,""
"Nilore Barier","bus",33.653498,73.244062,""
"Tumair","bus",33.660863,73.258263,""
"Chirah Chowk","bus",33.656496,73.278122,""
"Trolly Adda","bus",33.629511,73.109158,""
"Chungi No.8","bus",33.627148,73.093394,""
"Haji Chowk","bus",33.629842,73.089524,""
"Banjara Hills Rd12","bus",17.414529,78.424731,""
"Dharmasthala Private Bus Station","bus",12.953288,75.38091,""
"Pilathara Bus Stand","bus",12.080294,75.263337,""
"Amppipal","bus",28.072915,84.540923,""
"12 kilo","bus",27.975663,84.568727,""
"Bharuch ST Bus Stand","bus",21.703139,72.996829,""
"Payyanur New","bus",12.108134,75.215101,""
"Vatakara Old Bus Stand","bus",11.597402,75.587553,""
"Medavakkam Bus Terminus","bus",12.919728,80.182261,""
"Alwar Bus Stand","bus",27.562338,76.601746,""
"Kamakhya Mandir","bus",26.16508,91.707207,""
"Kateel Bus Stand","bus",13.045135,74.870793,""
"Daewoo Islamabad Terminal","bus",33.703254,73.071404,""
"KSRTC Bus Station","bus",13.994226,74.549868,""
"Horowpotana","bus",8.548925,80.831757,""
"Sangama Mekedatu Bus Service","bus",12.288048,77.433759,""
"Bus Station","bus",20.834854,95.123916,""
"Mandarmoni Bus Station","bus",21.663154,87.700797,""
"JK Hill Park Bus Stop","bus",18.451306,73.811043,""
"Tuticorin Old Bus Stand","bus",8.803681,78.140794,""
"Tirthahalli Main Bus Stop","bus",13.690441,75.249774,""
"Kotty Railway Gate","bus",12.097602,75.193481,""
"Mysore Road Bus Station","bus",12.953409,77.543571,""
"Private Bus Station","bus",13.260185,76.475204,""
"Peenya 2nd Stage","bus",13.010859,77.506929,""
"mahalaxmi bus stop","bus",18.570792,73.879203,""
"Chikali Bus stand","bus",20.760575,73.05915,""
"Shirdi Bus Stand","bus",19.763043,74.476686,""
"Chintamani Busstand","bus",13.400327,78.056145,""
"SRS Bus Station","bus",12.980379,77.57602,""
"VRL Bus Station","bus",12.980325,77.575473,""
"Bilaspur Bus Stand","bus",31.338734,76.760243,""
"rupni bus station","bus",26.543409,86.747447,""
"Ullal Bus Station","bus",12.821071,74.840745,""
"Krishnagiri Town Bus Station கிருஷ்ணகிரி டவுன்","bus",12.52864,78.217862,""
"Perdur Bus Station","bus",13.386475,74.905371,""
"Rohru Bus Station","bus",31.203311,77.750377,""
"Malpe Bus Stand","bus",13.348426,74.703315,""
"BRTC Bus Counter","bus",22.652696,92.179372,""
"Ranebennur","bus",14.615852,75.633997,""
"DTC Bus Depot, Dichaon Kalan","bus",28.629331,76.997946,""
"Green Line Bus Counter","bus",22.355827,91.821511,""
"Eagle Bus Counter","bus",22.356368,91.821214,""
"Hanif Bus Counter","bus",22.356634,91.820995,""
"Uniqe Bus Counter","bus",22.356221,91.821329,""
"Soudia AC Bus Counter","bus",22.355587,91.82159,""
"Sohag Paribahan Bus Counter","bus",22.355328,91.82154,""
"Saheed-e-azam S. Bhagat Singh Interstate Bus Terminal","bus",31.312801,75.591744,""
"Omassery","bus",11.36389,75.964552,""
"Mukkam","bus",11.320866,75.997163,""
"Cherla","bus",18.074971,80.826753,""
"கும்பகோணம்","bus",10.958716,79.388067,""
"KSRTC Bus Stand","bus",12.557179,75.393417,""
"KSRTC Bus Depot Kilimanoor","bus",8.774827,76.880561,""
"Melur","bus",10.029882,78.335159,""
"TNSTC Bus Stand , Kallakurichi","bus",11.738688,78.964777,""
"Banavara Bus Stand","bus",13.408836,76.161607,""
"Gudiyattam New Bus Stand","bus",12.945364,78.8715,""
"Murudeshwara Bus Stand","bus",14.095086,74.489745,""
"Thottil Palam Bus Stand","bus",11.677324,75.780267,""
"Patan Dhoka","bus",27.679119,85.320748,""
"BRTC Rangpur Dhap","bus",25.764857,89.231196,""
"Bhojad-Padampur Bus Station","bus",27.688885,84.45854,""
"Machhegaon","bus",27.665065,85.254202,""
"Chathannoor KSRTC Stand","bus",8.857017,76.722148,""
"Surandai Bus stand","bus",8.978286,77.42075,""
"New Busstand Rampur","bus",31.454038,77.648683,""
"Faisal Movers","bus",30.210063,71.50913,""
"ملتان بین الاقوامی ہوائی اڈا","bus",30.19382,71.424136,""
"Karur Mini Bus Station","bus",10.961245,78.075655,""
"PIA Reservation","bus",29.3889,71.6712,""
"കോതമംഗലം","bus",10.060455,76.628751,""
"Medinipore Central Bus Stand","bus",22.427753,87.316012,""
"Jirabo","bus",23.913372,90.319522,""
"Bhadravati KSRTC Bus Station","bus",13.843071,75.696217,""
"Sangareddy Old Bus Stand","bus",17.626898,78.08607,""
"Mt Abu Bus","bus",24.589239,72.713126,""
"Paras Bus Park","bus",27.668033,84.438718,""
"NLC Central Bus Stand","bus",11.60533,79.507189,""
"Main bus stand","bus",11.442455,77.694326,""
"GPR Quarters","bus",17.440024,78.355767,""
"KPHB","bus",17.49396,78.400841,""
"New Kundapur Bus Terminal","bus",13.636024,74.689542,""
"Indira Vasahat","bus",18.481568,73.900633,""
"Kotipalli Bus Stand","bus",16.993679,81.775772,""
"Shravanabelagola Bus Stand","bus",12.858753,76.4853,""
"Punjai Puliampatti Bus Stand","bus",11.349744,77.166971,""
"पुरानो बानेश्वोर स्टेश १","bus",27.702808,85.34102,""
"Old Baneshwar Tempo Station","bus",27.701104,85.339887,""
"Sarkari Dhara","bus",27.726638,85.314237,""
"Aya Nagar Bus Terminal","bus",28.476828,77.130491,""
"Vetapalem Bus Stop","bus",15.780829,80.306536,""
"Nag Dhunga","bus",27.699471,85.209126,""
"Arakkonam Bus stand","bus",13.085404,79.660698,""
"Jamb","bus",20.61737,78.931436,""
"Junnar ST Stand","bus",19.205177,73.869971,""
"Sannati","bus",16.831112,76.91958,""
"பாவூர்சத்திரம்","bus",8.916676,77.380681,""
"Kattumannarkoil","bus",11.276905,79.55101,""
"Chikkalasandra Bus Stop","bus",12.915167,77.552159,""
"AGS Layout Bus Stand","bus",12.91238,77.537175,""
"Jharuwarashi-Lagankhel Bustop","bus",27.612118,85.33844,""
"Rajshahi Old Bus Terminal","bus",24.374233,88.609725,""
"Kaliyikkavila","bus",8.334671,77.171512,""
"தக்கலை - തക്കല","bus",8.242915,77.318451,""
"Killinochchi","bus",9.383319,80.406697,""
"Aduturai","bus",11.017347,79.480246,""
"Vaitheeshwaran Koil","bus",11.192714,79.709468,""
"Vettavalam Bus Stand","bus",12.107903,79.246345,""
"Dhapasi Height Micro Station","bus",27.749862,85.338058,""
"Manapparai Bus Stand","bus",10.606314,78.420078,""
"Virudhunagar New Bus Stand","bus",9.57319,77.951129,""
"Pushkar Bus Stand","bus",26.492591,74.552763,""
"Malegaon Bus Depot","bus",20.554661,74.534622,""
"Valluvar Nagar Bus Stop","bus",12.893383,80.183493,""
"Secunderabad","bus",17.435954,78.50005,""
"Shankaranarayana","bus",13.605971,74.859955,""
"Udangudi main bus stand","bus",8.430256,78.031439,""
"Kuravilangad Junction","bus",9.757616,76.561076,""
"KSRTC Bus stand","bus",13.739812,76.902237,""
"Itagi Cross","bus",14.35227,74.777157,""
"Devarayana Durga Bus Stop","bus",13.37357,77.207527,""
"Arekere MICO Layout Bus Station","bus",12.88945,77.594037,""
"Tanda Bus Station","bus",26.552121,82.659642,""
"Hingurakgoda Private Bus Stand","bus",8.040683,80.951317,""
"Nagaland State Transportation","bus",25.67182,94.10708,""
"Ayarkkunnam Private Bus Station","bus",9.635416,76.606512,""
"Kuravilangad Bus Stand","bus",9.759351,76.561763,""
"Bajpe","bus",12.980744,74.884153,""
"Zero Road Bus Stand","bus",25.438748,81.839143,""
"Khanna Bus Stand","bus",30.700473,76.229593,""
"City Bus Stand","bus",15.460688,75.011676,""
"Chembur Colony Bus Depot","bus",19.045259,72.893527,""
"City Bus Terminus","bus",15.344683,75.145329,""
"Sunjarijal Bus Stop","bus",27.759287,85.420654,""
"Bus Stop Osian","bus",26.7302,72.906174,""
"Hunsur Government Bus Stand","bus",12.308888,76.294535,""
"Old Government bus station","bus",12.308457,76.291106,""
"Mulki Bus stand","bus",13.090817,74.787423,""
"Edavannappara Bustand","bus",11.245024,75.975512,""
"RTC WORKSHOP","bus",18.45942,79.11975,""
"Gujarat Co-operative Milk Marketing Federation","bus",22.570966,88.412696,""
"Haliya","bus",16.780157,79.32359,""
"Mallinatha Pura","bus",12.3415,76.439743,""
"Public Bus Stand","bus",26.759634,94.210512,""
"Manchar ST Stand","bus",19.001109,73.943994,""
"Malleswaram 18th Cross","bus",13.009851,77.569177,""
"Daewoo Express Terminal","bus",33.62292,72.954303,""
"Wipro EC Bus Stand","bus",12.838921,77.659722,""
"Infosys Bus Station","bus",12.358177,76.599394,""
"Surpur Bus Station","bus",16.525678,76.757065,""
"City AC","bus",31.534386,74.282774,""
"Skyways Bus Service","bus",31.537274,74.272788,""
"Abdullah Travels","bus",31.536703,74.271739,""
"Dangdunge Bus station","bus",27.432278,85.00701,""
"TGSRTC  Bus Stand , Shadnagar","bus",17.067512,78.204774,""
"bus station","bus",34.015465,71.599552,""
"Mundargi bus stop","bus",16.774129,77.182457,""
"Azheekal Bus Terminal","bus",11.943817,75.305116,""
"Hetauda Busk Park","bus",27.429543,85.028223,""
"Worli Village","bus",19.016916,72.820083,""
"Chendani Koliwada (C.I.D.C.O)","bus",19.187833,72.97991,""
"Phatehpur Sikri","bus",27.093619,77.664625,""
"TGSRTC Bus Station , Kacheguda","bus",17.390295,78.499034,""
"Golconda Fort","bus",17.385011,78.403384,""
"TGSRTC Bus Station , Midhani","bus",17.340029,78.503388,""
"TGSRTC Bus Station , Patancheru","bus",17.528742,78.264136,""
"Kuakata Bus Station","bus",21.814343,90.122888,""
"Palanchok Bhagwati Bus Station","bus",27.627906,85.674784,""
"Hutti Camp Bus Stand","bus",16.195621,76.656479,""
"Kallumkadavu Bus Stand","bus",9.094549,76.852586,""
"Devgad ST Stand","bus",16.377516,73.381432,""
"Hegdekatta Mosque","bus",14.606882,74.718028,""
"Kadabala","bus",14.64185,74.726326,""
"Salkani","bus",14.663386,74.716605,""
"Kolagibees","bus",14.558881,74.760772,""
"Kuntemane","bus",14.595565,74.796075,""
"APSRTC Bus Station , Rayachoti","bus",14.05742,78.748648,""
"Ram Nagar","bus",11.245999,77.10149,""
"Sellanur","bus",11.255127,77.099296,""
"Kolli Pannai","bus",11.262408,77.097585,""
"Vadakkalur","bus",11.268064,77.098057,""
"Karia Goundanur","bus",11.272331,77.098142,""
"Karia Goundanur Kovil","bus",11.276197,77.097982,""
"Hathazari Bus Stand, Chittagong - Rangamati Hwy, Hathazari, Chattogram","bus",22.498221,91.807392,""
"TSRTC BUS BHAVAN","bus",17.406679,78.498622,""
"Gingee Bus Station","bus",12.254202,79.416502,""
"Shyamoli Paribahan","bus",22.356321,91.821281,""
"Kannur Government Hospital Private Bus Stand","bus",11.861949,75.371398,""
"Pallam","bus",8.099176,77.431946,""
"SETC","bus",8.182243,77.43549,""
"Kozhencherry Private Bus Stand","bus",9.337134,76.704967,""
"Kerala State Road Transport Corperation, Mananthavadi","bus",11.804587,76.007154,""
"Churchgate","bus",18.933108,72.828595,""
"Railway Station Bus Stand","bus",19.860566,75.310554,""
"Nakyal Bus Stand","bus",33.487053,74.100878,""
"Chainpur Bus Park","bus",27.289621,87.310643,""
"Tulshi Ghat Bus terminals","bus",26.808781,82.209122,""
"Reddipalli Cheruvukatta","bus",14.083047,79.236705,""
"NST Bus Station","bus",26.324181,94.521331,""
"Bilagi","bus",16.346268,75.621938,""
"Bus station","bus",15.909587,75.501904,""
"bus stop","bus",17.497287,78.381492,""
"Shwe Pyi Lwin Bus Gate","bus",16.859808,94.388217,""
"TGSRTC Bus Station , Nagar Kurnool","bus",16.487073,78.311972,""
"2nd Gate Bus Station","bus",24.049918,91.173711,""
"Mayiladuthurai Old Bus Stand","bus",11.101996,79.650491,""
"Hiriyuru","bus",13.941671,76.619814,""
"Rangamati Hathazari Bus Station","bus",22.393782,91.821272,""
"Bonogram Bazar Bus Stop","bus",23.996527,89.473612,""
"Lele bus stop","bus",27.568352,85.340843,""
"Bhojpur bus stop","bus",27.171276,87.045964,""
"Hubli Railway Station","bus",15.352323,75.145596,""
"কাউখালী বাসস্ট্যান্ড","bus",22.620969,90.063822,""
"Daewoo Bus Terminal, Lahore to Islamabad","bus",31.505977,74.331412,""
"Air Headquarter Bus Stop","bus",23.817204,90.400453,""
"Changanassery","bus",9.445686,76.540961,""
"Inter-State Bus Terminal Agra","bus",27.207748,77.977511,""
"Old Municipal Bus Stand","bus",9.712752,76.684635,""
"Poonjar","bus",9.673475,76.813276,""
"വെഞ്ഞാറമ്മൂട്","bus",8.677989,76.910372,""
"Venjaramoodu Private Bus Stand","bus",8.679654,76.9124,""
"Edakkara Bus Stand","bus",11.356582,76.306033,""
"KSRTC","bus",9.977111,76.579792,""
"Pathanamthitta KSRTC bus stand","bus",9.267143,76.789517,""
"Shaikupura Morr","bus",32.147774,74.191204,""
"Kayamkulam Private Bus Stand","bus",9.173731,76.500621,""
"Sialkot Ada","bus",32.159401,74.190401,""
"APSRTC Bus Station , Gudur","bus",14.144398,79.855249,""
"Ranni Bus stand","bus",9.378011,76.77933,""
"Chandigarh Railway Station","bus",30.702824,76.819097,""
"Mangattukavala Bus Stand","bus",9.902637,76.724884,""
"Mallappally Bus Stand","bus",9.446034,76.657381,""
"Changanassery Perunna Private Bus Stand","bus",9.443511,76.544237,""
"Lari Adda","bus",33.905213,73.38727,""
"Kilimanoor Private Bus Stand","bus",8.77008,76.878644,""
"Chavakkad","bus",10.582042,76.022201,""
"Hanumangarh Town","bus",29.584039,74.321783,""
"Sadul Shahar","bus",29.90898,74.176385,""
"Badami Bagh Bus Stand","bus",31.593094,74.317447,""
"Shahdara Lari Ada","bus",31.618774,74.289413,""
"General Bus Stand","bus",32.07627,72.697163,""
"Athani Bus station","bus",16.722144,75.064839,""
"Ichalkaranji Bus Station","bus",16.689,74.460129,""
"amboli","bus",20.047478,72.918705,""
"Koorachundu Bus Stand","bus",11.540186,75.84307,""
"Bus Terminal","bus",25.666852,88.91475,""
"Bus Stand, Dhenkanal","bus",20.653407,85.599384,""
"Medapati Sitarama Reddy Hi-tech Bus Shelter , Kambalacheruvu , Rajahmundry","bus",17.012419,81.780374,""
"School Bus Stop","bus",27.649797,85.358944,""
"Lamichhane chowk","bus",26.601732,87.780806,""
"tajpuriya chowk","bus",26.599947,87.787266,""
"شاہدرہ","bus",31.616508,74.290818,""
"bus stand mahasamund","bus",21.113147,82.094956,""
"Nilo micro park","bus",27.734881,85.36024,""
"Bus Station, Firozabad","bus",27.156227,78.389478,""
"Local Bus Stop","bus",28.225657,84.378409,""
"Besishahar - Ghalegau Bus Station","bus",28.233988,84.375269,""
"poothotta new bus stand","bus",9.846508,76.384168,""
"for Machiwal","bus",32.703635,73.963108,""
"bode micro bus station","bus",27.689874,85.390437,""
"Sakharayapattana Bus Station","bus",13.433904,75.917263,""
"Dhakki Gate Bus Stop, Circular Road Gujrat","bus",32.573999,74.074999,""
"Fawara Chok Stop, Circular Road Gujrat","bus",32.571172,74.074912,""
"Shah Faisal Gate, Circular Road Gujrat","bus",32.570443,74.078848,""
"Sheeshanwala Gate Bus Stop: Circular road Gujrat","bus",32.576539,74.081277,""
"Shadoula Gate Bus Stop, Circular Road Gujrat","bus",32.572445,74.081729,""
"Kacheri Chowk Bus Stop , gujrat","bus",32.584564,74.080409,""
"Chah Budhey Wala Bus Stop, Rehman Shaheed Rd Gujrat","bus",32.584158,74.075332,""
"Sook Kalan Bus Stop","bus",32.603724,74.137524,""
"Chak Kala Bus Stop","bus",32.61034,74.148338,""
"Tehri Bus Stand","bus",30.458863,78.094704,""
"Navrangpura","bus",23.035588,72.564185,""
"बस स्थानक (Bus Stand, Shirur Anantpal)","bus",18.334009,76.830191,""
"Hulakoti Bus Station","bus",15.423239,75.543745,""
"Vanakbara","bus",20.716635,70.876757,""
"Somanath Bus Stand‎","bus",20.887765,70.405081,""
"Government Bus Stand","bus",26.910131,70.909531,""
"Halvad Bus Stand","bus",23.013266,71.18576,""
"GSRTC Central Bus Station","bus",22.291047,70.802181,""
"Mahasagar Travels Terminal","bus",21.535905,70.464128,""
"Jwalamukhi Bus Depot","bus",31.875557,76.318576,""
"Chamundi Hill","bus",12.2749,76.671111,""
"Kunigal KSRTC Bus Stand","bus",13.025181,77.029384,""
"Bilal Travels","bus",31.537137,74.270632,""
"Niazi Express","bus",31.537196,74.273306,""
"jarandi","bus",20.566333,75.549276,""
"Bidkin Bus Stand","bus",19.703899,75.299605,""
"Siddipet Old Bus Stop","bus",18.101606,78.851597,""
"Paolo Travel","bus",15.279015,76.388575,""
"Paolo bus station","bus",15.289314,73.954323,""
"Uppal","bus",17.40174,78.568726,""
"BUSES  ADDA","bus",34.004805,71.986036,""
"Chembarambakkam","bus",13.031804,80.055528,""
"Guindy Bus Stand","bus",13.009059,80.210793,""
"kunjbag busstand","bus",25.257108,79.139013,""
"Sanath Nagar Bus Depot","bus",17.45498,78.447872,""
"General Bus Station","bus",34.017168,71.600753,""
"کابل بس اڈڈہ","bus",34.017178,71.629397,""
"Colva Beach","bus",15.276286,73.914571,""
"Keshod","bus",21.295107,70.25052,""
"Vanthali","bus",21.476555,70.334659,""
"Adipur Busstand new","bus",23.065543,70.077,""
"HSR Layout","bus",12.912736,77.638005,""
"Erragunta","bus",17.322646,80.692984,""
"TGSRTC BUS STATION , V . M BANJARA","bus",17.206822,80.659539,""
"Chandrugonda","bus",17.390286,80.643307,""
"Hutti Bus Station","bus",16.201075,76.666304,""
"Sillod","bus",20.302746,75.652907,""
"Nagua Bus Stand","bus",24.431108,90.77389,""
"Gaital Bus Stand - গাইটাল বাসস্ট্যান্ড","bus",24.45776,90.77511,""
"Maninagar Bus stop","bus",22.99746,72.625965,""
"Maninagar Railway Station","bus",22.9987,72.610944,""
"Attibele","bus",12.777898,77.771193,""
"Krishna Nagar Bus Statiom","bus",23.077096,72.655807,""
"Ahmedabad","bus",23.021873,72.59849,""
"Lal Darwaja AMTS Bus Stop","bus",23.02419,72.578556,""
"Gurjaro Ka Was ,Balewa","bus",25.92994,70.90607,""
"Tansen Bus Stop","bus",27.864599,83.546864,""
"Chala Bus Station","bus",24.300455,89.697173,""
"মঠবাড়িয়া বাস স্ট্যান্ড","bus",22.292902,89.955257,""
"Mandi Bahauddin Bus Station","bus",32.584424,73.485265,""
"Virpur Bus Station","bus",21.844321,70.693709,""
"Rajesultanpur BUS Station","bus",26.30499,83.079108,""
"Balasore Main Bus Stand","bus",21.503958,86.919362,""
"Konni","bus",9.228845,76.848301,""
"13No Bus Station","bus",23.705951,90.424065,""
"85 Bus Station","bus",22.941419,88.445896,""
"Government Bus Depot","bus",24.894002,85.54201,""
"Nawada Bus Stand","bus",24.892653,85.541591,""
"Buses to Delhi Bus station","bus",27.720964,85.364192,""
"Dholahiti bus station","bus",27.640322,85.318448,""
"Hattigauda Chock Bus Stop","bus",27.923467,85.139455,""
"Danchhi Bus Station","bus",27.726955,85.414722,""
"Tiwari Tol","bus",27.719082,85.393911,""
"Milan Chowk","bus",27.715716,85.39826,""
"Daulatpur Bus Station","bus",22.868349,89.526347,""
"পাড়েরহাট বাসস্ট্যান্ড","bus",22.514291,89.993923,""
"Shastradhara bus stand","bus",30.323716,78.045909,""
"Jhiljhile chowk","bus",26.640204,87.797391,""
"Mirpur-14 Bus Station","bus",23.798538,90.386972,""
"Tatacherla Bus Stop","bus",16.812264,80.249358,""
"ആയൂർ","bus",8.898529,76.859686,""
"Gudiyattam Old Bus Stand","bus",12.943819,78.870045,""
"TGSRTC  Bus Station , Mancherial","bus",18.881519,79.445358,""
"riban bus station","bus",19.362029,79.292853,""
"হিলি স্থানীয় বাস স্টপ","bus",25.390375,88.991162,""
"Lokal Bus Stop","bus",25.392035,88.990848,""
"ASTC Bus Stand","bus",27.825574,95.227845,""
"ASTC Bus Station","bus",26.620913,92.794396,""
"پنڈی بھٹیاں لاری اڈا","bus",31.898991,73.26986,""
"Chatrapur Main Bus stand","bus",19.355596,84.987184,""
"Nani Daman Bus Depot","bus",20.416827,72.838144,""
"Raligate","bus",22.883242,89.517302,""
"bus stand","bus",19.500829,75.747293,""
"Abu Naser","bus",22.851727,89.528656,""
"Vadavalli Bus Stand","bus",11.026755,76.90583,""
"Aniyapuram Bus Stop","bus",11.14108,78.158563,""
"Sathagalli","bus",12.333111,76.693177,""
"Lamatar Dhungin Bus Park","bus",27.627984,85.395238,""
"Green Line Paribahan, Dhaka-Chittagong Highway, Chattogram","bus",22.36295,91.781563,""
"Moza Siaal Bus Station","bus",31.095014,73.345474,""
"Loni Bus Stand","bus",19.5777,74.468303,""
"Hassan Bus Station","bus",12.99818,76.104636,""
"Moolakkal","bus",10.966099,75.885098,""
"Tanur","bus",10.977916,75.880539,""
"Kuttiady New Bus Stand","bus",11.654526,75.751435,""
"Bus stop Lekhnath,Damauli","bus",28.223379,83.987792,""
"chipledhunga","bus",28.223337,83.987771,""
"Truck Stand","bus",23.179316,89.21398,""
"Nabil Bus Kolorob","bus",26.031437,88.464053,""
"Keshabpur Thana Bus Stand","bus",22.90441,89.219874,""
"KSRTC Depot","bus",14.62731,74.847517,""
"Government Bus Station","bus",14.169147,75.020897,""
"Gopalpur Bus Stand","bus",24.556236,89.928368,""
"Hatirdia Bus Stand","bus",24.104233,90.708696,""
"Narandi Bus Stand","bus",24.116668,90.701915,""
"Udupi City Bus Terminus","bus",13.343661,74.747895,""
"Rohi Adda","bus",29.699565,72.553526,""
"parthasarathy bus station","bus",11.325973,75.790124,""
"Cherukulam Bus Station","bus",11.334642,75.771755,""
"Mallikadave Bus Stand","bus",11.309627,75.785281,""
"Narikkuni Bus Stand","bus",11.367698,75.864159,""
"Chaudapura Bus Stand","bus",17.236281,76.553655,""
"Poompuhar Bus Stand","bus",11.144219,79.853389,""
"A Block","bus",22.345105,91.779303,""
"Athikkayam","bus",9.387522,76.843148,""
"Paruva-Kattikkal Bus Stop","bus",9.407837,76.86665,""
"Kuttiady Bus Stand","bus",11.654169,75.753143,""
"Serampore Court Bus Terminus","bus",22.756835,88.343522,""
"Purulia Town Bus Stand","bus",23.331594,86.361243,""
"पर्यटक बस स्टेशन","bus",27.711622,85.315117,""
"bus stand vengara","bus",11.050499,75.977098,""
"Malebennur Bus Station","bus",14.354725,75.740542,""
"Sikkal Bus Stop","bus",10.757349,79.800102,""
"Cheranalloor Ferry Bus Station","bus",10.072223,76.282758,""
"Thapalkaddi Juction","bus",9.660766,80.04608,""
"Vedaranyam","bus",10.376529,79.851678,""
"Pattambi Bus Stand","bus",10.801267,76.179124,""
"Keladi Bus Station","bus",27.871655,83.928378,""
"Goregaon Bus Depot","bus",19.154244,72.835773,""
"Oshiwara Bus Depot","bus",19.153133,72.835898,""
"Kurla Depot","bus",19.074566,72.876058,""
"SRE Ananth Group Bus Station","bus",14.465297,75.924775,""
"മലപ്പുറം കെ.എസ്.ആർ.ടി.സി","bus",11.042552,76.080073,""
"Nabanna Bus Stand","bus",22.565963,88.313151,""
"हेटौँडा - भीमफेदी बस पार्क","bus",27.434628,85.033681,""
"Nidagundi Bus Stand","bus",16.355343,75.935711,""
"Daewoo","bus",32.421841,71.448459,""
"Niazi Bus terminal and Pindi Caoches","bus",32.422085,71.448636,""
"Medical College","bus",8.522508,76.930056,""
"Thangassery Bus Station","bus",8.882522,76.56942,""
"Rapti Bus Park","bus",28.060969,81.630692,""
"Local Bus Stand;தர்மபுரி","bus",12.134852,78.162584,""
"Hogenakkal","bus",12.120847,77.778683,""
"Pennagaram","bus",12.133658,77.897348,""
"Siddapura Bus Stand","bus",12.297289,75.875302,""
"Vaishali Nagar","bus",19.187297,72.94553,""
"Laari Adda (Bus Stand)","bus",30.437979,72.350857,""
"Alappuzha Railway Station","bus",9.485008,76.322625,""
"Santacruz Bus Depot","bus",19.090568,72.838283,""
"Parnasree Bus Stand","bus",22.509398,88.306527,""
"Kamptee MSRTC Bus Stand","bus",21.212232,79.197798,""
"Kalasapura Bus Stand","bus",13.277081,75.93471,""
"tandlianwala city bus terminal","bus",31.030734,73.132883,""
"Bus stop","bus",17.417168,78.481773,""
"Tagachguppe Bus Stop","bus",12.959423,77.288422,""
"سانگھڑ‎","bus",26.044046,68.947098,""
"Tangail New Bus Station","bus",24.26829,89.924927,""
"Baglung/Beni Jeep station","bus",28.234485,83.982783,""
"Micro Bus Station","bus",27.656971,85.326181,""
"Rikshaw Stand","bus",32.605756,74.229484,""
"Thambuttegama Bus Station","bus",8.156154,80.296941,""
"Chunikhel Bus station","bus",27.753447,85.367443,""
"Deawoo Bus Station","bus",34.192613,73.235122,""
"APSRTC Bus Station , Aluru","bus",15.399282,77.224122,""
"Aluru Bus Stop","bus",15.395207,77.226251,""
"Dangal House ","bus",27.634229,85.637628,""
"Paranthan","bus",9.43698,80.407302,""
"Rupaidiya Bus Park","bus",28.012229,81.600549,""
"Kohalpur Old Bus Park","bus",28.199026,81.686429,""
"Thermal Bus Station","bus",11.59685,79.478,""
"Gandaki Hospital Bus Stand","bus",28.211509,83.998205,""
"Tamaghat Bus Station","bus",27.643771,85.619101,""
"GMVN Bus Stand","bus",30.112728,78.295641,""
"Old Gudahalli","bus",12.960995,77.550894,""
"Neri Naka Bus Terminal","bus",21.007415,75.574075,""
"Minibus station","bus",21.201066,94.908141,""
"MoeKaungKin (Ayartaw)","bus",22.285389,95.448842,""
"Bomotang ""jongdili bus stations {Bomotang ,Ttrshuli To Ktm}","bus",27.991828,85.100059,""
"Bus and taxi stand","bus",27.04461,88.265467,""
"Kolkata Station Bus Terminal","bus",22.601515,88.382206,""
"B.B.D. Bag","bus",22.571599,88.35026,""
"Howrah Bus Station","bus",22.586179,88.342985,""
"Esplanade","bus",22.564821,88.351447,""
"Park Circus - Chittaranjan Hospital","bus",22.545159,88.370374,""
"चाबहिल बस स्टेशन","bus",27.717901,85.34694,""
"Phase 7 Bus Station","bus",33.957119,71.4173,""
"Chipledhunga Bus Stop","bus",28.223778,83.987393,""
"Garipatan Bus Stop","bus",28.19219,83.977071,""
"TRC bus stand","bus",34.074581,74.828788,""
"Chauthe Bus Station","bus",28.192822,84.023802,""
"Buddanagar","bus",27.68879,83.32652,""
"ပြုံးပန်းတရာကားဂိတ်","bus",17.349996,95.333698,""
"ရိုင်ရယ်ကားဂိတ်","bus",17.349867,95.333934,""
"ခေတ်မီအဝေးပြေးယာဉ်","bus",17.347687,95.333393,""
"mahedipatnam","bus",17.395515,78.432049,""
"Chauk Bus Terminal","bus",20.893502,94.818768,""
"Bus Station Puttanahalli","bus",13.11105,77.579749,""
"Hadubereni, Kamagara high school, Dhenkanal ","bus",20.762777,85.555756,""
"Banjar","bus",31.64413,77.344267,""
"General bus stand ","bus",29.145762,71.241304,""
"Boratar Micro Station","bus",27.735681,85.295572,""
"Kaukuntla Bus Stop","bus",16.52313,77.859829,""
"Faiz Abad Adda ","bus",33.661641,73.084588,""
"NagShah Chock","bus",30.11076,71.421262,""
"Myingyan","bus",21.457174,95.392194,""
"ottupara bus stand","bus",10.666158,76.254386,""
"Harnoli Mor","bus",32.288905,71.524394,""
"JJ raval","bus",23.596799,72.379823,""
"Patel tour n travels","bus",23.59647,72.379842,""
"Mahesana old bus station","bus",23.606838,72.391395,""
"Masina bus station","bus",28.167947,84.020457,""
"Rikhi Bus Station","bus",32.705969,71.795612,""
"Sittwe","bus",20.151996,92.872682,""
"Tallo bazar","bus",28.111346,84.666434,""
"chanaute","bus",28.112448,84.663926,""
"Gopal Danda","bus",28.109392,84.664757,""
"Dumkibas,","bus",27.584362,83.871612,""
"Mangaon Bus Station","bus",18.239312,73.280658,""
"Goregaon Bus Station","bus",18.153558,73.294672,""
"Thudupathi Bus Station","bus",11.302424,77.549236,""
"Kandanakam Kerala State Road Transport Corporation","bus",10.813916,76.014015,""
"Majheripatan Bus Station","bus",28.177702,84.023432,""
"Marical","bus",16.604159,77.727743,""
"Rajkot Bus station","bus",22.291148,70.802141,""
"Stand","bus",16.816374,74.643305,""
"Nandhavaram","bus",14.702682,79.470709,""
"Khalang Bus Station","bus",28.628317,82.457399,""
"Kali Pur","bus",29.895469,71.303696,""
"Daewoo Terminal","bus",32.061983,72.69669,""
"Shirol Bus Stand","bus",16.736284,74.601689,""
"Gyoe Pyan Bus Station","bus",21.388916,94.776908,""
"Baniyataar Micro Station","bus",27.753789,85.318639,""
"APV Coaches","bus",30.964263,71.211959,""
"Shalimar AC Coach","bus",30.961464,71.217408,""
"Furke khola Station","bus",27.8019,84.844439,""
"Lubhu Bus Park","bus",27.642894,85.374614,""
"Ballarpur","bus",19.855797,79.347596,""
"APSRTC Bus Station , Narasannapeta","bus",18.413776,84.040318,""
"Barshani","bus",32.000796,77.441735,""
"suryabinyak","bus",27.665345,85.427175,""
"UNJHA","bus",23.806493,72.380143,""
"Daewoo express","bus",33.69184,73.056903,""
"Umred","bus",20.845285,79.327951,""
"Saraswatikhel buspark","bus",27.694894,85.399506,""
"Duwakot buspark","bus",27.712272,85.425849,""
"Palapetty beach","bus",10.362378,76.108148,""
"nayatol","bus",27.574796,83.724332,""
"Komarthi Junction Bus Stop","bus",18.390763,84.019466,""
"Nelliady Junction","bus",9.799948,80.20078,""
"Kacheriyady Bus Station","bus",9.661566,80.029168,""
"daewoo terminal","bus",30.705935,70.635537,""
"Faisal movers","bus",33.661571,73.081239,""
"Bagryan Chowk","bus",31.432717,74.300006,""
"china choke","bus",31.546304,74.330724,""
"KORER PAR BUS STATION","bus",23.742739,90.992739,""
"Mathania Bus Station","bus",26.529642,72.980565,""
"Kharian bus stop","bus",32.641568,74.206634,""
"Jalalpur bus stop","bus",32.641424,74.206382,""
"Bus to Besisahar","bus",27.734553,85.310339,""
"বিআরটিসি বাস টার্মিনাল","bus",23.732018,90.424263,""
"SHIRALA BUS STAND","bus",16.990288,74.142136,""
"Gondpipri","bus",19.71463,79.683553,""
"Rajura","bus",19.783361,79.367048,""
"Banda bus station","bus",25.479419,80.3343,""
"bindki bus stop","bus",26.034316,80.579827,""
"Dudhe","bus",26.648178,87.825947,""
"tangail bus station","bus",24.767545,90.390675,""
"Highway bus station pyay","bus",18.818645,95.249633,""
"faisal movers","bus",33.615091,72.991666,""
"Payyoli","bus",11.515017,75.620078,""
"Narayan chok","bus",27.49129,83.785357,""
"Jayapura Bus Stand","bus",13.401063,75.371374,""
"sri sai dhaba zahirabad","bus",17.686401,77.58723,""
"Okhla","bus",28.56526,77.287923,""
"Barpeta Road bus station","bus",26.500487,90.96813,""
"Nandi Nagar bus stand","bus",17.42008,78.430837,""
"Rajapur Bus Station","bus",28.430817,81.094624,""
"ghosia travels","bus",33.61637,72.9912,""
"Enchakkal","bus",8.478744,76.937497,""
"Old ST Stand","bus",16.697166,74.455404,""
"thazhe chovva","bus",11.865846,75.407175,""
"mele chovva","bus",11.871707,75.396983,""
"Vijapur","bus",23.558334,72.74592,""
"Njaliakuzhi Bus Stand","bus",9.521904,76.57344,""
"san","bus",27.977747,83.127088,""
"Munekolala bus stand","bus",12.948695,77.708076,""
"TGSRTC  Bus Station , Koti","bus",17.384431,78.484429,""
"K.K.Nagar Bus Station","bus",10.757342,78.692068,""
"TGSRTC  Bus Depot , Siddipet","bus",18.093333,78.852838,""
"Interstate Bus Terminal","bus",30.738477,79.49459,""
"Niwali Bus Station","bus",21.682634,74.921424,""
"Ramaechhap","bus",27.390597,86.061724,""
"Panthrandil","bus",12.186741,75.129415,""
"Badara Bus stop","bus",27.657751,83.025037,""
"Bus Stand Pandhurna","bus",21.593412,78.526496,""
"Marayamuttom","bus",8.416605,77.10773,""
"Domel","bus",32.894158,74.953994,""
"Diglipur bus stand","bus",13.246113,92.973129,""
"Mukkadamukku, Chavara","bus",8.978465,76.543601,""
"Kunjalumoodu Chavara","bus",8.979766,76.538706,""
"Vazhayilmukku, Chavara","bus",8.978124,76.546124,""
"Viramgam","bus",23.127025,72.051117,""
"喜玛拉雅客运站","bus",29.272379,88.883629,""
"Shabqadar Bus Station","bus",34.221341,71.566023,""
"Biliya sidhpur","bus",23.888399,72.39196,""
"Kapurowali Main Bus Stop","bus",32.533839,74.449925,""
"KalaGhumman Bus Stop 1","bus",32.534122,74.448911,""
"RAIDA বাস স্টেশন, পোস্তোগলা","bus",23.692086,90.432528,""
"Kurigram Bus and Truck Stand","bus",25.73452,89.254657,""
"کھاریاں بس سٹاپ","bus",32.810327,73.864762,""
"Daewoo Bus Stop","bus",30.629168,73.094425,""
"Toudol Micro Station","bus",27.738459,85.290958,""
"Siddapura Bus Station","bus",14.345472,74.894176,""
"Jagdalpur Bus Stand","bus",19.075659,82.017252,""
"Daewoo Terminal Sahiwal","bus",30.629348,73.094232,""
"Toba Tek Singh Bus Station","bus",30.968871,72.483404,""
"নদুয়ারী বাজার","bus",22.738868,91.596733,""
"Thozhuvanoor","bus",10.900761,76.059206,""
"Red Bus","bus",25.301232,82.951052,""
"NBSTC Bus Stand","bus",26.322329,89.449256,""
"Tikapur Bus Terminal","bus",28.519131,81.117479,""
"Paravur Bus Stand","bus",8.810764,76.668691,""
"Gedar Qinqi station","bus",34.152144,71.73713,""
"ရိုးမ ကားဂိတ်","bus",18.337491,95.240176,""
"ကနောင်မင်းသား ကားဂိတ်","bus",18.337671,95.240363,""
"ဧရာသစ္စာ ကားဂိတ်","bus",18.337501,95.240161,""
"Koraput bus station","bus",18.81249,82.711698,""
"Tabo","bus",32.095198,78.385675,""
"Janglat mandi bus stop","bus",33.725742,75.152774,""
"Recong Peo","bus",31.53682,78.270396,""
"Tapri","bus",31.517007,78.096664,""
"Baijnath ISBT","bus",32.049913,76.646833,""
"Khapa Bus Stand","bus",21.41627,78.983256,""
"Daewoo Terminal Faisalabad","bus",31.447849,73.079281,""
"Daewoo Bus Terminal Bhakkar","bus",31.613112,71.082547,""
"ভৈরব","bus",24.055164,90.984425,""
"APSRTC Bus Station / Bus Shelter , Sundipenta","bus",16.073887,78.911476,""
"Eluru New APSRTC Bus Station","bus",16.707252,81.0894,""
"Chail Bus Stand","bus",30.968643,77.198378,""
"New Bus Stand Athagarh","bus",20.517002,85.62766,""
"Dawki - Guwahati bus stand","bus",25.573585,91.876825,""
"नाख्खु बस स्टप","bus",27.661586,85.30577,""
"Muslim Chowk Kalaburagi","bus",17.345064,76.84466,""
"T.S.R.T.C District Bus","bus",17.344846,78.55364,""
"Banu Phatak","bus",33.568975,71.448416,""
"Peshawer Hi Ace Stand","bus",33.619863,71.463522,""
"Hangu Phatak","bus",33.593282,71.41756,""
"Khyber Adda","bus",33.5797,71.445141,""
"Gopalpur","bus",21.322368,86.82192,""
"AMARAPUR","bus",21.617261,71.045658,""
"ali express","bus",30.648521,73.100563,""
"Mirpur 10 Bus Station","bus",23.807401,90.3682,""
"Mirpur 11 Bus Station","bus",23.815669,90.366127,""
"Pallabi Bus Station","bus",23.828321,90.364105,""
"Dharavi Depot","bus",19.051096,72.858191,""
"Mirpur 14 Bus Stop","bus",23.798671,90.387112,""
"Petlad###","bus",22.491636,72.795935,""
"Nandankanan Bus Stand","bus",20.393615,85.826607,""
"ESI Bus Stop","bus",11.007115,77.010998,""
"Chungi No 9","bus",30.208356,71.471549,""
"Napoklu","bus",12.306819,75.687804,""
"Karim Dad Qureshi","bus",30.075214,70.96236,""
"kohistan luxury bus service","bus",33.615289,72.995157,""
"new khan road runner","bus",33.61517,72.994796,""
"Barbari","bus",26.455218,91.793882,""
"Asansol Bus Station","bus",23.687852,86.969611,""
"Bilal Daewoo","bus",30.212467,71.521553,""
"Molakalmuru Bus Station","bus",14.718549,76.746311,""
"Munnar Local bus stand","bus",10.086325,77.061182,""
"Agali Bus Stop","bus",13.785101,77.054003,""
"Kyunhla Bus Station","bus",23.316279,95.526285,""
"Sululya Bus Station","bus",27.599939,93.825784,""
"نیا جنرل بس سٹینڈ، جام پور","bus",29.624186,70.582017,""
"Nerul Sector 46/48 NMMT Bus Depot","bus",19.007865,73.016347,""
"Hatiya-Furkechour Bus Station","bus",27.431046,85.036639,""
"Raigaun-Faparbari Bus Station","bus",27.430871,85.03628,""
"बसपार्क","bus",27.429638,85.036978,""
"konch Bus Stand","bus",25.98834,79.44002,""
"Baruasagar Bus stand","bus",25.378778,78.726609,""
"Rafiganj","bus",24.814056,84.631539,""
"Royel Express","bus",23.758452,88.935014,""
"Purbasha Paribohon","bus",23.758411,88.934983,""
"Uttora Paribahan","bus",23.75839,88.934943,""
"Sumon Delax","bus",23.758331,88.934994,""
"Chuadanga Delux","bus",23.758284,88.93498,""
"Rangat Bus Station","bus",12.504974,92.916738,""
"Vikas Bhavan Bus Depot","bus",8.508559,76.946966,""
"Kekirawa Bus Station","bus",8.041166,80.596393,""
"Talawa","bus",8.236883,80.350601,""
"TNEB bus stop","bus",12.956587,79.141792,""
"Bikaner Bus Depot","bus",28.608697,77.230209,""
"Shyama Prasad Mukharjee New Bus Stand Tikamgarh","bus",24.749669,78.853758,""
"Shewalewadi Bus Depot","bus",18.495486,73.971356,""
"Dehgam Bus Station","bus",23.171016,72.82055,""
"Dhading Bus Park","bus",27.734772,85.306338,""
"Paharganj bus stand","bus",28.644775,77.204337,""
"Qila Kaalarwala","bus",32.094642,74.597887,""
"BRBD link canal","bus",32.072437,74.568693,""
"Keezhur kunnu","bus",11.970788,75.65907,""
"Punnad","bus",11.96421,75.655176,""
"Katas raj","bus",32.722399,72.953022,""
"Old Bus Stand (JSG)","bus",21.865016,84.023921,""
"kothakota bustop","bus",16.381286,77.941699,""
"Alathur private Bus staion","bus",10.646923,76.541739,""
"Meherpur Bus Stand","bus",23.769361,88.636023,""
"Chavara Pvt. Bus Stand","bus",8.975753,76.535106,""
"Kushtia Central Bus Terminal","bus",23.890997,89.1168,""
"চেয়ারম্যান বাড়ি মোড়","bus",23.690699,90.446715,""
"Koddar Mor","bus",24.395167,89.692028,""
"Bishwa Road","bus",24.050262,91.114169,""
"(new) Daewoo bus station","bus",31.469103,74.238514,""
"Radhanagar beach","bus",11.98608,92.953598,""
"City Bus Terminal","bus",27.472135,89.639187,""
"Ghatichhina Stop","bus",28.23846,83.862192,""
"Balaghat Bus Stand","bus",21.816828,80.184271,""
"Kalpla bus stand","bus",31.533397,78.250615,""
"ထူးကြီး (Htugyi)","bus",17.972596,95.256404,""
"မြန်အောင်","bus",18.288404,95.318182,""
"အင်ပင်","bus",18.095002,95.268769,""
"Guduru sc","bus",15.938854,75.916624,""
"New Khan Bus Stand","bus",32.06125,72.69683,""
"Niazi Express Terminal","bus",32.058207,72.707031,""
"အေဝးေျပးကားဝန္း","bus",17.632362,95.477327,""
"Vadalur Bus Stand","bus",11.555689,79.555404,""
"Bhaata Chowkh","bus",33.602106,72.979783,""
"പന്തളം","bus",9.224469,76.677003,""
"PrivateBusStation","bus",9.311192,76.535392,""
"Esplanade Bus Stand to Airport (line VS2)","bus",22.562569,88.349599,""
"Airport Bus Stand (lines VS1, VS2, AC37A, AC39, AC43, AC49A)","bus",22.644756,88.438729,""
"VIJAY TOURS AND TRAVELS","bus",20.38929,78.126721,""
"Turuvekere","bus",13.162666,76.66572,""
"New bus stand koyilandy","bus",11.441063,75.695578,""
"Kohat Adda (Kohat Bus Station) Peshawar","bus",33.969132,71.561479,""
"Emlibun","bus",17.332495,78.530328,""
"SNT - Sikkim Nationalised Transport","bus",27.333937,88.614527,""
"A.P.R.T.C BUS STOP","bus",17.344657,78.553918,""
"Ch Naseer & Company","bus",32.659322,74.583331,""
"Kalagaun Jeep Station","bus",29.157171,81.338058,""
"Skyways Daewoo Bus Service","bus",33.661857,73.083345,""
"Bus Stand  Bhikangaon","bus",21.864823,75.960284,""
"Galenbindunuwewa Bus","bus",8.289519,80.715605,""
"Fulbaria Bus Depot","bus",23.722795,90.410336,""
"Rickshaw Station","bus",24.801146,84.99968,""
"Rickshaw Station to Bodhgaya","bus",24.803733,85.000491,""
"Rickshaw Station to Gaya","bus",24.697856,84.993283,""
"Sattur Bus Stand","bus",9.356702,77.919319,""
"Majnu Ka Tila","bus",28.696574,77.223632,""
"Vajra stand","bus",27.34283,88.613167,""
"Southwest jeep stand","bus",27.329669,88.611587,""
"SNT Bus Station (ground floor)","bus",27.166067,88.363253,""
"Advanced ticket to Darjeeling namchi ravangla south&west sikkim","bus",27.329701,88.611647,""
"Namchi Bus 7am","bus",27.334046,88.614624,""
"Sikkim bus station","bus",26.723936,88.417308,""
"Prepaid taxi (1st floor)","bus",27.166052,88.363023,""
"ျပည္ေတာ္ေအး","bus",21.456904,95.392206,""
"Chongi Adda","bus",31.835138,70.913031,""
"Daewoo Pakistan Bus Station","bus",31.837073,70.911559,""
"qingqi to Wagah","bus",31.596988,74.499484,""
"Bogra Chatti Road Bus Stop","bus",23.662596,87.064476,""
"Janata Colony Bus Stop","bus",17.68291,83.241199,""
"Kalika Campus Stop","bus",28.193542,84.003385,""
"Barguna Zilla Bus Station","bus",22.161451,90.125076,""
"Faisal Mover","bus",33.627974,72.943878,""
"#5 tuktuk to bus going Musoorie","bus",30.288503,77.996134,""
"Thaha Yatayat Sumo Counter","bus",27.64921,85.122956,""
"Mirpurkhas Bus Terminal","bus",25.52203,68.979925,""
"Illa Bus Stop(ইল্লা লোকাল স্টান্ড)","bus",23.050166,90.209078,""
"Barthi Bus Stop","bus",23.03745,90.209809,""
"Pirojpur Bus Terminal","bus",22.570566,89.978684,""
"Bakerganj Bus Stop","bus",22.540979,90.333264,""
"Mahasagar Bus Booking Office","bus",21.510586,70.459121,""
"Baduria Bus Terminus","bus",22.743478,88.787856,""
"Muhammad Ali Chowk.","bus",31.459037,74.302722,""
"home mia","bus",32.576519,71.533009,""
"Neyyar Dam","bus",8.532709,77.144728,""
"New Subhan","bus",31.41781,73.095099,""
"কাঁচপুর বাস স্টপ","bus",23.705841,90.52174,""
"Barthi Bazar Bus Stop","bus",23.035173,90.20924,""
"Anarpura Bus Station","bus",23.573793,90.644008,""
"Gouripur Junction Bus Station","bus",23.53058,90.781994,""
"Raipur Bus Stop রায়পুর বাস স্টপ","bus",23.533887,90.830658,""
"Eliotganj Bus Stop ইলিয়টগঞ্জ বাস স্টপ","bus",23.51409,90.868733,""
"Kakira Old Bus Stand","bus",32.456229,75.933972,""
"Comilla Cantonment Road Junction Bus Stop কুমিল্লা সেনানিবাস জংশন","bus",23.478694,91.117183,""
"Ghatarchar Mor","bus",23.734004,90.336598,""
"واغجان بازارکابل اډه","bus",34.159498,69.071189,""
"Bogdadia Bus Stop বোগদাদিয়া","bus",22.949036,91.464776,""
"Kalaphaat Bus Stop","bus",32.441766,75.94157,""
"United Counter","bus",23.772219,90.401385,""
"Kohistan Bus Station","bus",31.417416,73.094663,""
"Keshor Hat Bus Stop","bus",24.59179,88.65422,""
"শেখাহার বাস স্ট্যান্ড","bus",24.869369,89.216076,""
"Paglapir Bus Stop পাগলাপীর বাস স্টপ","bus",24.867767,89.233868,""
"Bibir Pukur Bus Stop বিবিরপুকুর বাস স্টপ","bus",24.864564,89.246404,""
"Banani বনানী","bus",24.81446,89.380052,""
"Rajghata Bus Stop","bus",22.030682,92.104376,""
"Katihar Bus Station","bus",25.541885,87.56727,""
"Shirur S.T Stand","bus",18.827521,74.37334,""
"Chakan","bus",18.756648,73.858668,""
"Talegaon Phata S.T. Stand","bus",18.755574,73.859125,""
"Dulai Bus Stand","bus",23.954477,89.5244,""
"Ataikula Bazar Bus Stop","bus",24.032831,89.414014,""
"Darwoo Bus","bus",30.049569,70.653053,""
"Mekhtar Transport","bus",30.050918,70.6493,""
"Dashuria Bus Station","bus",24.112749,89.121641,""
"Mohishkata Bus Stop","bus",22.419566,90.247677,""
"Lions Cyclone Center Bus Stop","bus",22.452302,90.259065,""
"New Market Bus Stop","bus",22.437945,90.255173,""
"সুবিদখালী বাস স্ট্যান্ড","bus",22.369576,90.220213,""
"Sukrobari Bazar Bus Stand","bus",24.947483,92.001812,""
"Chiknagul Bus Stop","bus",24.960233,92.013771,""
"SGFL Market Bus Stand","bus",24.967547,92.026239,""
"Horipur Bus Stop","bus",24.990332,92.043189,""
"Bager Sorok Bus Stand","bus",25.032972,92.076158,""
"Dighirpar Bus Stand","bus",25.050883,92.098862,""
"Ayub Chowk Jhang","bus",31.277761,72.321373,""
"Matidali Biman Mor Bus Stop মাটিডালি বিমান মোড় বাস স্টপ","bus",24.889205,89.360263,""
"দরবস্ত বাস স্টপ","bus",25.066784,92.110154,""
"Sarighat Bus Station","bus",25.088693,92.117274,""
"Sarighat","bus",25.089201,92.117663,""
"Sarighat Bus Stop","bus",25.096642,92.117323,""
"Jaintapur Bus Station","bus",25.134798,92.122181,""
"চান্দখালি বাস স্ট্যান্ড","bus",22.249057,90.159174,""
"গলাচিপা বাস স্ট্যান্ড","bus",22.239983,90.144421,""
"তালতলা","bus",24.106914,89.043169,""
"Roshidpur Bus Stop","bus",24.810593,91.791991,""
"রূপসদী উত্তর বাজার বাস স্টেশন","bus",23.788724,90.856898,""
"বাহাদূরপুর লোকাল বাস স্টেশন","bus",23.807055,90.848622,""
"Tajpur Bus Stop","bus",24.722983,91.753131,""
"Basecamp Chok","bus",27.685166,83.478252,""
"রূপসদী বাস স্টপ","bus",23.784693,90.8616,""
"দেশ ট্রাভেলস","bus",23.044468,88.899822,""
"শ্যামলী পরিবহন","bus",23.044191,88.898988,""
"Sherpur Bus Stand","bus",24.62699,91.677763,""
"Aushkandi Bus Stop","bus",24.59141,91.601743,""
"Rustom Pur Toll Plaza Bus Stop","bus",24.572538,91.602652,""
"Tusal Bus stop","bus",27.720135,85.357863,""
"kardampuri","bus",28.680212,77.27448,""
"Shaistaganj Hwy Bus Stop","bus",24.267273,91.475922,""
"Ratanpur Bus Stand","bus",24.198364,91.351157,""
"Baksair Bus Stand","bus",24.122798,91.315234,""
"Madhabpur Bus Stand","bus",24.096183,91.290285,""
"Barobazar Bus Stop","bus",23.303206,89.15265,""
"Islampur Bus Stop","bus",24.074165,91.262458,""
"Chandura Bus Stop","bus",24.046307,91.231541,""
"1st Gate Bus Stop ফাস্ট গেইট বাস স্ট্যান্ড","bus",24.052016,91.168721,""
"Kutta Para Bus Station","bus",24.057443,91.115045,""
"Bishwa Road Bus Station বিশ্ব রোড বাস স্টেশন","bus",24.050601,91.1147,""
"Bertala Bazar Bus Stop","bus",24.044179,91.061964,""
"Kamaura Bus Stop","bus",24.042447,91.047557,""
"আশুগঞ্জ - ঢাকা বাস স্টপ","bus",24.038416,91.002794,""
"কামালপুর বাস স্টপ","bus",24.054028,90.987147,""
"সিলেট বাস স্টেশন","bus",24.055286,90.983893,""
"ভৈরব বাস স্টেশন","bus",24.055333,90.982916,""
"Baroicha Bus Stop","bus",24.051258,90.869561,""
"Shibpur Bazar Bus Stop","bus",24.048163,90.863616,""
"Marjal Bus Stop","bus",24.034334,90.832505,""
"Barguna BRTC Bus Stop","bus",22.159861,90.12924,""
"Chaitanya Bus Stop","bus",24.019992,90.809331,""
"South Line Bus Counter দক্ষিণ লাইন বাস কাউন্টার","bus",23.591783,89.814937,""
"Golden Line Bus Counter গোল্ডেন লাইন বাস কাউন্টার","bus",23.59189,89.814561,""
"Sristigor Bus Station","bus",24.01133,90.796136,""
"Srifulia Bus Stop","bus",24.002354,90.77816,""
"Kundarpara Bus Stand","bus",23.998081,90.767504,""
"Stadium Bus Stop","bus",22.159627,90.133414,""
"Itakhola Bus Stand","bus",23.979991,90.733525,""
"Khudir Bot Tola Bus Stop","bus",22.774593,89.617032,""
"شکریلہ بس اسٹینڈ","bus",32.983604,73.84061,""
"Interstate Bus Stand , Sukma","bus",18.392596,81.659308,""
"খেজুরতলা বাস স্টপ","bus",22.173399,90.11319,""
"সাহেপ্রতাব বাস স্টেশন","bus",23.909778,90.68772,""
"Panchdona Bus Stop","bus",23.893549,90.664826,""
"Caitaba bus stop","bus",23.882936,90.666374,""
"সেকেরচর গোডাউন","bus",23.876269,90.666643,""
"Babur Hat Seker Chor Bus Stop","bus",23.870527,90.667644,""
"Sekerchar Majar Bus Station","bus",23.867914,90.668158,""
"West Dolairpar","bus",23.702229,90.435131,""
"জোমাদ্দার বাড়ি বাস স্ট্যান্ড","bus",22.194741,90.115412,""
"গৌরিচন্না বাস স্ট্যান্ড","bus",22.213869,90.113798,""
"বদরপুর বাস স্টপ","bus",22.423697,90.331276,""
"Bosundiar Mor Bus Station","bus",23.116859,89.353184,""
"Birati Minibus","bus",22.662685,88.43087,""
"Mithapukur bus stand","bus",25.571465,89.274378,""
"গড়ের মাথা বাস স্টেশন","bus",25.580125,89.273448,""
"Narayanganj Bus Stand","bus",23.616907,90.505383,""
"Baldipukur Bus Stop","bus",25.637053,89.270142,""
"BRTC Bus Depot","bus",25.727202,89.240515,""
"Fatulla Post Office Bus Stop ফতুল্লার পোস্ট অফিস বাস স্টপ","bus",23.642859,90.472733,""
"Soleyasha Bus Stopage","bus",25.81162,89.111915,""
"Madhabdi Bus Stop মাধবদী বাস স্টপ","bus",23.854786,90.673292,""
"Madhabdi Old Bus Stand","bus",23.853055,90.670677,""
"Bansherpool Bus Stop","bus",23.855069,90.653418,""
"Shapoorji Bus Stand","bus",22.565707,88.514324,""
"南木林县汽车站","bus",29.680587,89.092233,""
"Pirganj BRTC Bus Stop","bus",25.85694,88.359878,""
"Pirganj West Chourasta Bus Stop পীরগঞ্জ পশ্চিম চৌরাস্তা বাস স্ট্যান্ড","bus",25.85633,88.358378,""
"Pirganj Bus Stand পীরগঞ্জ বাস স্ট্যান্ড","bus",25.856205,88.357541,""
"Purinda Bus Station","bus",23.846863,90.629251,""
"তারগাছ বাস স্টপ","bus",23.928867,90.389432,""
"Kandail Bus Station","bus",23.840539,90.620499,""
"Sonpara Bus Stop","bus",23.831486,90.611451,""
"Pachrukhi Bus Stop","bus",23.818877,90.599569,""
"Adhuria Bus Stand","bus",23.80159,90.584421,""
"Banti Bazzar Bus Stop","bus",23.81529,90.595777,""
"BRTC Passenger Platform","bus",23.801462,90.584418,""
"Mahona Bus Stop","bus",23.801078,90.584481,""
"Saoghat Bus Stand","bus",23.785544,90.570517,""
"Golakandail Bus Stand","bus",23.785358,90.568579,""
"Thakurgaon Bus Stand","bus",25.982627,88.264886,""
"Moulvibazar Bus Terminal","bus",24.485682,91.765851,""
"Bhulta Bus Stand","bus",23.784585,90.565284,""
"B Brothers Garments Bus Stop","bus",23.743435,90.532866,""
"Rupshi South Bound Bus Stop","bus",23.740298,90.525439,""
"Rupshi North Bound Bus Stop","bus",23.740015,90.525055,""
"Borabo Bus Stand","bus",23.728668,90.516542,""
"Bishwaroad South Bound Bus Stop","bus",23.72553,90.513735,""
"Bishwaroad Bus Stand","bus",23.724843,90.513452,""
"Lovely Bus Stop","bus",23.708281,90.519463,""
"Borpa Bus Stop","bus",23.747158,90.541422,""
"Ena Paribahon এনা পরিবহন এনা পরিবহন","bus",24.734876,90.409143,""
"Soukhin Paribahan","bus",24.734708,90.409151,""
"কাঁচপুর (উত্তর)","bus",23.706211,90.52116,""
"ডেমরা সার্কেল বাস স্টপ","bus",23.720269,90.493284,""
"Staff Quarter Bus Stop","bus",23.720005,90.490345,""
"Bhukar Bhanga Point Bus Stop","bus",24.942317,91.616386,""
"Chechan Bus Stop","bus",24.942877,91.587075,""
"Koitok Point","bus",24.928825,91.563585,""
"Potala Ground","bus",28.704847,77.229326,""
"মহিষকাটা বাস স্ট্যান্ড","bus",22.216205,90.300337,""
"Borokapon Bus Stop","bus",24.926257,91.506843,""
"Dabor Bus Stop","bus",24.923432,91.462551,""
"Uttar Bongo Bus Stand","bus",24.746862,90.421082,""
"Alif Trade International","bus",24.74681,90.421312,""
"কালিগঞ্জ","bus",24.644722,89.119689,""
"পাবনা পুরাতন বাস টার্মিনাল","bus",24.00592,89.235962,""
"গুরুদাসপুর বাস স্ট্যান্ড","bus",24.367371,89.234312,""
"Ghoraghat Bus Terminal","bus",25.241235,89.278682,""
"Ranigonj Bus Stand","bus",25.298918,89.219554,""
"Bhaduria Bazar Bus Stop","bus",25.328508,89.14448,""
"TALIKHOLA","bus",23.195424,88.85081,""
"Ak School Bus Stand","bus",22.142289,90.233481,""
"Truck Station ট্রাক স্টেশন","bus",25.110353,90.336488,""
"Phulbari Local Bus Station ফুলবাড়ীর স্থানীয় বাস স্টেশন","bus",25.499876,88.949903,""
"Perambakkam Bus Depo","bus",13.037318,79.813589,""
"Mogappair West Bus Terminus","bus",13.082209,80.170411,""
"New Rajkot bus stop","bus",22.29883,70.798367,""
"Rajkot New Bus Station","bus",22.295499,70.79895,""
"Hasnabad","bus",22.566411,88.910874,""
"Nochchiyagama Bus Station","bus",8.263806,80.210074,""
"ann car gate","bus",19.80148,94.046945,""
"Urban Transport Terminal","bus",31.420875,73.076037,""
"Vembuva","bus",12.065979,75.579921,""
"Payyavoor","bus",12.06102,75.581181,""
"Al Halal Travels","bus",31.447521,73.086922,""
"1st Year Student Bus Station","bus",23.878894,90.268637,""
"Panitanki bus stand","bus",26.639647,88.168015,""
"Savitri Mata Ropeway","bus",26.480415,74.544355,""
"DO NOT BOOK THE BUS TO VARANASI, TAKE THE TRAIN","bus",24.697338,84.988292,""
"فیصل آباد لاری اڈا","bus",31.42811,73.095133,""
"CNG Bus Stop for Fatehpur Sikri Fort","bus",27.096991,77.671826,""
"Electronic City Wipro Main Gate","bus",12.835998,77.657169,""
"Bus to Churachandpur","bus",24.798758,93.934399,""
"Kozhinjampara Bus Stand","bus",10.737547,76.833696,""
"Jeep stand for Darjeeling, Kalmipong and Sikkim","bus",26.638978,88.16794,""
"Apsts Bus Stand","bus",27.594859,91.872606,""
"Nutakki Bus Stop","bus",16.413682,80.648346,""
"Lam Bus Stop","bus",16.382489,80.434158,""
"Network Bus, Sumo Stand","bus",27.263913,92.422893,""
"Vans towards Imphal","bus",24.500329,93.775545,""
"Sumo stand","bus",28.059076,95.332443,""
"SRM Travels","bus",13.071098,80.202996,""
"င႐ုပ္ေကာင္း ေလွဆိပ္","bus",16.519099,94.299729,""
"bus stop hasaan abdal","bus",33.821577,72.680362,""
"Abbasia chowk","bus",29.130938,71.267308,""
"Haideria Chowk","bus",30.060289,70.635489,""
"Traffic Chowk","bus",30.055229,70.640517,""
"Baloch Tansportation","bus",30.054163,70.644946,""
"APSTS","bus",28.169652,94.796793,""
"BRTC Bus Station","bus",23.877194,90.401319,""
"BATTI CHOWK BUS STOP GT ROAD","bus",31.608804,74.303164,""
"चिंगबाङ","bus",27.700421,84.866536,""
"မြေက်ဦးသို့","bus",17.597433,94.580325,""
"Bangra Bus Station","bus",24.367769,89.956838,""
"Sholakura Bus stop","bus",24.360315,89.948054,""
"ইছাপুর বাসস্ট্যান্ড","bus",24.354326,89.937778,""
"Bus shulter","bus",16.406407,80.62216,""
"मानपुर, बेल भन्ज्याङ्ग","bus",27.921539,84.083567,""
"Baloch Transportation","bus",33.631953,73.038714,""
"Rajput Travling agancy","bus",30.648538,73.100257,""
"Bus Repairing Centre","bus",28.064573,81.636035,""
"Bheri Zonal Tempo Jeep Van Yatyat Bebesi Sang","bus",28.052863,81.61535,""
"Sial Mor Bus Stop","bus",31.966388,73.105233,""
"multan hiace stop","bus",29.391621,71.671935,""
"Cheak Post","bus",14.549692,74.325459,""
"খিলক্ষেত পশ্চিম বাস স্টপ","bus",23.830078,90.419495,""
"BRTC Joarshara","bus",23.827146,90.419834,""
"Kuril Bishwa Road Bus Stop","bus",23.821208,90.419537,""
"Khilkhet West Bus Stop","bus",23.830065,90.419495,""
"Baskot Bus station","bus",28.290398,83.889676,""
"Sahid Smriti bus Station","bus",28.265175,83.97309,""
"Chilakaluripeta Bus Stop","bus",16.232709,80.05317,""
"Vinkonda Bus Stop","bus",16.232192,80.053064,""
"Narasaraopet bus station","bus",16.22532,80.065488,""
"Jetty to Ayitti, Padne, Kotty","bus",12.144303,75.14815,""
"Reddy Nagar Busstop","bus",16.239622,80.038326,""
"Lions rest point","bus",28.260849,83.969737,""
"City Bus stand","bus",28.192248,83.971326,""
"murtiya chowk(Rabi chowk)","bus",27.014009,85.484351,""
"Hiace stop","bus",29.393211,71.668367,""
"ကျားမင်း","bus",21.335836,95.077856,""
"Bus to Uch Shareef","bus",29.392738,71.668385,""
"গাবতলী","bus",23.783075,90.345265,""
"KSRTC bus stand","bus",14.905037,76.388003,""
"سیال موڑ انٹرچینج بس سٹاپ","bus",31.970171,73.108906,""
"Tutungaa Bus Station","bus",28.180494,83.992036,""
"Bidyadharpur Bus Stop","bus",23.359627,89.003023,""
"Warraich Express","bus",28.655202,70.657463,""
"खहर चोक","bus",27.728892,85.355221,""
"Bairia Bus Stand ,Muzaffarpur","bus",26.148558,85.361254,""
"Motkyu Bus Stop","bus",28.389094,83.821432,""
"Kankaria Telephone exchange","bus",23.002425,72.592835,""
"Sumo to Shillong","bus",25.28503,91.721525,""
"Sumo station","bus",25.270377,91.732583,""
"jalshiri bus station","bus",24.561729,90.692962,""
"TGSRTC  Bus Station , Bhainsa","bus",19.10513,77.962659,""
"Pachoor Bus Stop","bus",12.593064,78.462992,""
"Mandi Bus Station","bus",31.704724,76.939444,""
"BUS Stop","bus",28.113467,84.096871,""
"New Bus Station","bus",29.379824,79.464017,""
"Vaiyampatti","bus",10.55079,78.303671,""
"Khan flying coach service","bus",29.143701,71.257642,""
"माइक्रोबस स्टप","bus",27.713873,85.303268,""
"Sunauli Bus Stand","bus",27.472577,83.466416,""
"Agarabannihatti stop","bus",14.05599,75.932452,""
"Badarpur Border","bus",28.494114,77.302263,""
"Boudh bus stand","bus",20.83836,84.32213,""
"peer mehal","bus",30.771841,72.433114,""
"Devprayag","bus",30.147797,78.596555,""
"Vidisha Bus Stand","bus",23.520732,77.804371,""
"Kharapani Bus station","bus",28.36047,83.961021,""
"Stop-2  (NBS)","bus",26.159911,91.774141,""
"Naina Devi","bus",31.30243,76.535933,""
"Khanapara South (NBS)","bus",26.119468,91.823815,""
"main bus station Bucheti","bus",26.527096,73.304253,""
"বারঘর বটতলা বাস স্ট্যান্ড","bus",22.228261,90.13239,""
"Dhulipudi bus stop","bus",16.03749,80.769015,""
"Western Court Bus Terminus","bus",28.62333,77.218417,""
"Melamchighyang Bus Stop","bus",28.017372,85.523626,""
"কেন্দুয়া নতুন বাসস্ট্যান্ড","bus",24.660307,90.838557,""
"Ghuma BRTS terminal","bus",23.030936,72.448328,""
"AMTS Ghuma Bus terminal","bus",23.030556,72.450188,""
"Musiri","bus",10.951872,78.440335,""
"bus/jeep stand","bus",30.06558,80.237626,""
"Central Bus Terminal","bus",27.670635,84.438431,""
"Truc stand","bus",22.691532,90.371565,""
"Netrokona District Bus Station","bus",24.873765,90.718349,""
"Modon Bus Station","bus",24.859321,90.731822,""
"Kendua Bus Station","bus",24.858495,90.732145,""
"Molekkurish Bus Stop","bus",10.036662,76.416278,""
"Sheikh Para More","bus",22.580955,89.265324,""
"Boyra Bazar","bus",22.832679,89.530152,""
"Poirotola Bus Station","bus",23.968961,91.101202,""
"Gunupur Bus Station","bus",19.069259,83.812277,""
"Narshingdi Notun Bus Stand Road","bus",23.912381,90.699018,""
"Koduvally Bustand","bus",11.361259,75.910378,""
"GolPark Bus STOP","bus",27.70997,83.467813,""
"Kadamtala Bus Stop","bus",22.737543,89.062736,""
"Narkaltola Bus Stand","bus",22.723632,89.075659,""
"sindh","bus",25.283248,69.39781,""
"নতুনপাড়া","bus",22.416326,91.819121,""
"Gafargaon/Bhaluka CNG Station","bus",24.416131,90.651582,""
"Telegati Bus Station","bus",24.761389,90.86142,""
"Greenline counter","bus",22.810012,89.56114,""
"Pyapon Express","bus",16.300525,95.678386,""
"Akkampeta Bus Stop","bus",13.643239,80.017065,""
"Shib Bari","bus",22.821846,89.553146,""
"Chandipur","bus",22.089301,87.856836,""
"হেদার খাল","bus",24.460885,89.302505,""
"Daewoo Bus Terminal","bus",30.647915,73.095861,""
"Perkit Bus Stand","bus",18.792045,78.307915,""
"Perkit Bus Station","bus",18.792045,78.307915,""
"Vellikulangara Bus Stand","bus",10.360531,76.410899,""
"Sat Mahajan Intrastate Bus Stand","bus",32.303315,75.893227,""
"Sarjapura Bus Stand","bus",12.861384,77.785574,""
"APSRTC Simhachalam Hill Top Bus Station","bus",17.766929,83.248455,""
"Wai ST Stand","bus",17.949675,73.883586,""
"ST Stand Depot","bus",17.949388,73.884835,""
"Elamkadu Bus Stand","bus",9.634239,76.89555,""
"C.B.D.Belapur Railway Station","bus",19.020912,73.039889,""
"Hajipur Bus Stop","bus",25.705093,85.219318,""
"Badrinath & Govindghat","bus",30.554514,79.565982,""
"Bason Bus Stop বাসন বাস স্টপ","bus",23.974214,90.380554,""
"বেতকা চৌরাস্তা বাস স্টপ","bus",23.541297,90.459429,""
"कोठरी बसपार्क","bus",28.039842,82.329216,""
"payer","bus",33.861002,74.941591,""
"Sumo Stand (To Reiek)","bus",23.721127,92.706976,""
"Nazirhat Bus Station","bus",22.62918,91.793376,""
"ঝংকার","bus",22.631521,91.800275,""
"Kurinjipadi Bustand","bus",11.562529,79.597126,""
"Hampi Bus Stand","bus",15.33434,76.462211,""
"Sign Board Bus Stop","bus",23.693583,90.480441,""
"Viralimalai","bus",10.607542,78.546825,""
"Ishaq transport","bus",30.810191,73.458833,""
"কালুরঘাট বাস স্টেশন","bus",22.396997,91.885853,""
"APSRTC Bus Station , Palakonda","bus",18.598913,83.76035,""
"Kamtara Trimohoni Bus Stop","bus",24.968674,89.251858,""
"Sindhi Camp Bus Stand","bus",26.923305,75.800635,""
"নতুন সেতু বাস স্ট্যান্ড","bus",22.331093,91.848659,""
"Kotwali Bus Stop","bus",22.333277,91.836672,""
"ইশান মিস্ত্রি হাট বাস স্টপ","bus",22.304592,91.791531,""
"Mayiladuthurai new bus stand","bus",11.099623,79.651287,""
"BRTC Bogra Bus Depo","bus",24.849404,89.371754,""
"மருதமலை பேருந்து நிலையம்","bus",11.043499,76.863919,""
"vadavalli bus stand","bus",11.027921,76.905941,""
"Tourist Bus Station","bus",24.695159,84.979523,""
"Jhang Sadar Bus Station","bus",31.289661,72.322513,""
"Bus Station to Imphal 130¥","bus",24.244958,94.304405,""
"Ticket counter bus for everywhere","bus",24.816092,93.943541,""
"जिरीखिम्ती","bus",27.163427,87.510812,""
"Darkhana Bus Stop","bus",30.66099,72.170598,""
"Modonganj Bus Stop","bus",23.596717,90.516432,""
"Nobiganj Bus Stop","bus",23.633086,90.525802,""
"Vicky Hotel Ayub Chowk","bus",31.27632,72.320178,""
"Taxila (ٹیکسلا)","bus",33.741621,72.819073,""
"Doulatpur Bus Station","bus",23.351374,91.171867,""
"भालु वाङ","bus",27.84048,82.761312,""
"Daudkandi Bus Stop","bus",23.531277,90.714562,""
"Companiganj Bus Station","bus",23.637878,90.97105,""
"Moreh shared taxi","bus",24.795238,93.940826,""
"Somanur Bus Stand","bus",11.084525,77.187703,""
"टी.एस्.आर्.टी.सी. बोधन् बस् स्टांड्","bus",18.658903,77.895091,""
"Bus to Kolkata","bus",24.694817,84.979359,""
"Abaseen flying coach Peshawar Adda","bus",32.511041,74.524904,""
"Attipeedika Bus Stand","bus",9.576929,76.435136,""
"Форт Кабо де Рама","bus",15.088956,73.922196,""
"Отель Гена","bus",15.180995,73.952897,""
"Ganpatipule MSRTC Bus Stand","bus",17.15074,73.271359,""
"Тупик","bus",15.1477,73.950659,""
"Наша Кармона","bus",15.206696,73.950486,""
"APSRTC Bus Station , Pedanandipadu","bus",16.073741,80.329133,""
"Jorhat bus terminal","bus",26.752281,94.187519,""
"Missan Kalar Railway Station","bus",31.670305,74.204785,""
"६ नंम्बर चौक","bus",27.591659,83.574142,""
"Thawariya","bus",27.623139,73.752047,""
"Difficult to find with works;)","bus",24.828049,92.799714,""
"Bus and Winger to Dimapur (600₹) and other cities","bus",24.810936,93.936962,""
"Shared taxis to Imphal (500₹)","bus",24.247925,94.303752,""
"Winger to Dimapur","bus",24.810878,93.936699,""
"Kalpitiya Bus Terminal","bus",8.240482,79.763584,""
"Buddhanilkantha Bus Stop","bus",27.776204,85.361867,""
"Bus Depot","bus",21.252317,81.599253,""
"FatehPur Chowk","bus",31.179775,71.20901,""
"Kachha/ Private Bus Stand","bus",28.443247,74.505909,""
"Roadways Bus Stand","bus",28.444112,74.502992,""
"Kapavaram Junction","bus",17.021086,81.665628,""
"Afil Gate","bus",22.93485,89.488458,""
"Daktar Bari","bus",22.931678,89.491576,""
"Garrison","bus",22.926403,89.496737,""
"Mir Bari","bus",22.919753,89.500297,""
"Shiromoni","bus",22.914502,89.503163,""
"Badamtola","bus",22.90826,89.507506,""
"Maniktola","bus",22.889578,89.513992,""
"Mohsin Morh","bus",22.873437,89.52343,""
"Notun Rastar Morh","bus",22.862746,89.52998,""
"Goalkhali","bus",22.854316,89.534939,""
"Mujgunni","bus",22.847317,89.538157,""
"Boikali","bus",22.841846,89.53927,""
"Boyra College Morh","bus",22.837397,89.540147,""
"Jora Gate","bus",22.829332,89.54918,""
"New Market","bus",22.825079,89.551495,""
"Power House Morh","bus",22.818921,89.558022,""
"Ferry Ghat Morh","bus",22.81814,89.559554,""
"Shanti Dham Morh","bus",22.812219,89.561306,""
"PTI Mor","bus",22.808131,89.566315,""
"Tootpara Graveyard","bus",22.806626,89.569047,""
"Glaxo Morh","bus",22.804575,89.57305,""
"Rupsha Traffic Morh","bus",22.80208,89.578348,""
"Rupsha Ghat","bus",22.8017,89.580689,""
"Rupsha East","bus",22.80075,89.585456,""
"250 Bed","bus",22.827621,89.536802,""
"Arongghata Bazar","bus",22.871968,89.503113,""
"Boroitola Bypass","bus",22.89654,89.482125,""
"Tiruninravur Bus Stand","bus",13.124774,80.032386,""
"Munshigang Bus Station","bus",22.268217,89.195477,""
"Bhagwangola Rambagh NAtagi More","bus",24.328473,88.304921,""
"TGSRTC  Bus Stand , Nalgonda","bus",17.055604,79.274697,""
"rajeevgandhi nagar","bus",17.35975,78.557816,""
"Banbasa Bus stand","bus",28.992347,80.069822,""
"Parbhani Bus Station","bus",19.260097,76.770325,""
"CHATRAPUR BUS STATION","bus",19.351127,84.981614,""
"Rahara bazar bus depot","bus",22.72388,88.386827,""
"Private Volvo Bus","bus",32.035727,76.715806,""
"Gudru road","bus",16.256326,81.141571,""
"Adda Bus Stop","bus",33.606343,71.245914,""
"Surkhet Buspark","bus",28.590547,81.61886,""
"Nagaland State Transport","bus",26.721389,95.026873,""
"khalini busstation","bus",31.090868,77.172304,""
"डाम्ही","bus",26.708048,85.813915,""
"Mograpara Bus Station","bus",23.636194,90.594777,""
"Dhulikhel","bus",27.620724,85.553414,""
"Babughat bus stand","bus",22.56512,88.339783,""
"Khandwa","bus",21.821799,76.351169,""
"Shree Dadaji Dham Bus Stand","bus",21.821025,76.334928,""
"Bannu Phattak Adda","bus",33.568891,71.44831,""
"4B,Bus Stand","bus",22.618911,88.373181,""
"Sumo to Mon","bus",27.024058,95.028735,""
"Platform 5&6","bus",22.724805,75.86898,""
"Bus to Moirang (Loktak)","bus",24.806534,93.933292,""
"New share taxi stand","bus",34.143332,77.586112,""
"Manipur State Transport - Bus to Moreh","bus",24.795565,93.940324,""
"purana bus station","bus",23.022012,76.722521,""
"Kamma Bus Station","bus",21.383442,94.817135,""
"बालुवा सङ्ग्रहि सल्यान","bus",28.461232,82.000561,""
"New Yuzana Travels","bus",24.831581,92.800084,""
"Daewoo Gujranwala","bus",32.213004,74.17293,""
"Kargil House Jammu","bus",32.704548,74.871206,""
"Palta devi","bus",27.399586,83.029188,""
"Tuk To Sumpur","bus",25.033078,88.971042,""
"Tuk To Paharpur","bus",25.105612,89.000312,""
"Til To Sontur","bus",25.033148,88.970725,""
"Bus to","bus",24.838105,85.415571,""
"Bus to Gaya","bus",24.837806,85.415321,""
"কাশীপুর বাস স্টেশন","bus",23.01632,91.15023,""
"Bus to Puri station","bus",19.793319,85.818673,""
"Religious bus stop","bus",16.512556,80.604936,""
"Vijayawada Railway Station Bus Stop","bus",16.517291,80.61939,""
"Bus no.301,345 to Vijayawada ( Undavalli Cave Temple Bus Stop )","bus",16.497359,80.582178,""
"TGSRTC Bus Station , Rathifile ( Secundrabad )","bus",17.434677,78.504757,""
"Tharpubhanjyang Buspark","bus",27.958292,84.996092,""
"Bus Station Kotkhai","bus",31.114859,77.541549,""
"Kera Bus Station","bus",23.080793,69.596653,""
"Santoshpur BBD BAG mini bus stopage","bus",22.488696,88.416252,""
"Singa Pur Station","bus",27.117525,77.728896,""
"RSRTC Bus Station","bus",25.142615,73.059612,""
"Mohalchari Bus Station","bus",22.933006,92.030084,""
"Netaji bus station chinnamanur","bus",9.848159,77.382953,""
"cumbum bus stand","bus",9.738292,77.288386,""
"Al Halaal Travels","bus",32.061739,72.697082,""
"47 ada","bus",32.061608,72.696627,""
"Bus  stand","bus",16.552411,80.726524,""
"Shravan Chokadi","bus",21.721771,72.985612,""
"စိန္ႏိုင္ေက်ာ္ express","bus",17.350131,95.33383,""
"Dharmapuri Bus Station","bus",18.947356,79.094815,""
"TGSRTC Bus Station , Husnabad","bus",18.127032,79.210191,""
"Chirag Dilli Metro Station Gate no.2","bus",28.54198,77.230046,""
"جنرل بس اسٹینڈ حافظ آباد","bus",32.071561,73.6948,""
"Old Bus Stand Yellandu","bus",17.589486,80.321907,""
"TGSRTC  Bus Stand , Kodangal","bus",17.110393,77.622112,""
"buses for everywhere","bus",24.818979,93.945502,""
"Chigurumamidi Bus Stand","bus",18.237537,79.194965,""
"Toopran Bus Stand","bus",17.846643,78.476717,""
"TGSRTC  Bus Station , Gadwal","bus",16.236902,77.803681,""
"Area Hospital Bus Stop","bus",18.92217,79.476799,""
"Kadamba Bus Stand","bus",15.850342,74.508401,""
"Madan Old Bus Stand","bus",24.717564,90.944146,""
"Adda Road","bus",16.086362,80.161751,""
"TGSRTC  Bus Station , Karimnagar","bus",18.432564,79.129434,""
"thekkekara bus stop","bus",10.760042,76.536145,""
"Gerna","bus",29.120907,71.749031,""
"Chakdaha Bus Terminal","bus",23.079375,88.531456,""
"Guwahati airport","bus",25.574862,91.88268,""
"Tezpur 200rupees","bus",26.119743,91.825716,""
"Aryanad Bus Stand","bus",8.579632,77.083054,""
"Lama Chowk","bus",27.566711,84.61928,""
"Dilawar Khan Adda","bus",34.016366,71.594811,""
"Lumding Bus Stand","bus",25.75867,93.174404,""
"mangatukavala","bus",9.907787,76.720423,""
"private bus station pandalam","bus",9.224831,76.67782,""
"TGSRTC Bus Station , Dilshuknagar","bus",17.368953,78.52506,""
"Leguna Tempu Stand","bus",23.758162,90.386267,""
"Kolhar Bus Stand","bus",19.538625,74.53579,""
"nadapuram bus stand","bus",11.684513,75.653475,""
"Hile jeep station","bus",28.341582,83.741891,""
"Bus Stand Aheri","bus",19.412311,79.998823,""
"Sumo Stand","bus",28.414337,94.677928,""
"KB22 Bus stand","bus",22.546352,88.624688,""
"Ghandruk-Nayapul Bus Ticket Counter","bus",28.377572,83.810805,""
"Ghandruk-Nayapul Jeep Ticket","bus",28.37752,83.810915,""
"Bhagwanpur भगवानपुर","bus",26.586781,86.483876,""
"Bhagwanpur Bus Stop","bus",26.597801,86.483458,""
"RSRTC/Roadways Bus Stand","bus",26.8995,75.813204,""
"Karuvarakund Bus stand","bus",11.125597,76.342483,""
"Satapada Bus Stand","bus",19.66631,85.437868,""
"Gopi Krishna Bus stop","bus",27.721682,85.345727,""
"Sukedhara","bus",27.727969,85.345722,""
"Dhumbarahi bus stop","bus",27.731557,85.344502,""
"APSRTC Bus Station , Markapuram","bus",15.733537,79.268248,""
"Parassala","bus",8.349422,77.146475,""
"Gochhi Bus Stand","bus",28.732529,76.597572,""
"Bhuj Bus Depot","bus",23.250092,69.67076,""
"Main bus station","bus",17.326226,76.817455,""
"Kolahara bus stand","bus",16.472001,75.694861,""
"Kolhara bus stand","bus",16.465995,75.692984,""
"Chomu Pulia","bus",26.941806,75.773422,""
"Roopbas","bus",26.994069,77.593013,""
"Saaras Chauraha/ Saras Circle","bus",27.206353,77.512941,""
"sig,daj,pelling etc.","bus",27.130322,88.286259,""
"Jayanagar Bus Park","bus",28.316707,81.3867,""
"Neyyattinkara Bus Stand","bus",8.397407,77.088025,""
"thriprayar privet bus stand","bus",10.415044,76.107365,""
"Volvo Stand","bus",26.899835,75.812932,""
"Sikandra","bus",26.947687,76.578246,""
"Chonkarwada bus stand","bus",27.098571,77.067957,""
"Sewar","bus",27.183456,77.441124,""
"Hiradas - Bharatpur Bus station","bus",27.211597,77.479673,""
"APSRTC City Bus Stop , Bheemili","bus",17.891852,83.453233,""
"Omni Bus stand","bus",10.796953,78.682597,""
"choppadandi bustop","bus",18.577387,79.170998,""
"TGSRTC New Bus Station , Sircilla","bus",18.384016,78.800151,""
"Vithura","bus",8.676365,77.095115,""
"Mulugu bus stand (bus to palampet)","bus",18.191684,79.946188,""
"Vadakara","bus",11.594192,75.594132,""
"Notun Bridge Point","bus",24.267327,91.477063,""
"Sayastaganja Old Market bus stop","bus",24.27268,91.472989,""
"Bus to Varanasi","bus",26.746818,83.375133,""
"Baranas Bus to Varanasi","bus",26.747014,83.375302,""
"wadakkanchery bus station","bus",10.65732,76.246579,""
"Thiruvambady Bus Stand","bus",11.361163,76.009957,""
"Koodaranji Bus stand","bus",11.348189,76.036184,""
"Aashramum Bus Stop;Ashramam bustop","bus",10.552825,76.161268,""
"Nazir Judge Market.","bus",29.765317,71.068206,""
"Kandala Bus Stop","bus",8.482899,77.072652,""
"Shadi Khel Daewoo","bus",30.177223,71.508781,""
"Kacha Paka Mor MM Road","bus",31.572085,71.265357,""
"TGSRTC  Bus Station , Choutuppal","bus",17.254391,78.894519,""
"APSRTC Bus Station , Nandigama","bus",16.774416,80.289491,""
"TSRTC City Bus Station , Khammam","bus",17.250822,80.142269,""
"Kalimpong bus station and shared jeeps","bus",27.068578,88.471035,""
"Tundikhel Micro Bus Station","bus",28.241628,83.986442,""
"Pampady Bus Stand","bus",9.56967,76.639858,""
"தாம்பரம் சானடோரியம் பேருந்து நிலையம்","bus",12.937195,80.127285,""
"Guskara Bus Stand","bus",23.489365,87.74399,""
"bus to tangmarg","bus",34.076196,74.794565,""
"അങ്കമാലി ബസ് സ്റ്റാന്റ്","bus",10.195854,76.386546,""
"TGSRTC Old Bus Station , Sircilla","bus",18.391434,78.810266,""
"স্বরূপকাঠী বাস স্টেশন","bus",22.74992,90.098259,""
"Jeeps to Silchar","bus",24.806753,93.93275,""
"elampally","bus",9.570469,76.716981,""
"KSRTC BUS STAND, KOOTHATUKULAM","bus",9.863357,76.592844,""
"Puthuppally Bus Stand","bus",9.557396,76.572702,""
"kottaramattam bus terminal","bus",9.708848,76.672861,""
"ksrtc sub depot NDKM","bus",9.836373,77.15963,""
"Pallikkare Bus Stop","bus",12.390606,75.041848,""
"Kallada Tours And Travels Kottarakara","bus",9.004456,76.783235,""
"CNG Bus Stop for Fatehpur Sikri Parking","bus",27.097948,77.667533,""
"কাপ্তাই বাস স্টেশন","bus",22.499469,92.215361,""
"kaptai Bus station","bus",22.498252,92.218776,""
"Hirakud Bus Stand","bus",21.527603,83.898798,""
"Mannanthala","bus",8.560323,76.943511,""
"Kerala State Transport Corporation Bus Stand","bus",8.605466,77.003578,""
"Kavumkara Bus Station/Market Bus Stand","bus",9.989176,76.584512,""
"Chirayinkeezhu","bus",8.660419,76.785387,""
"Parappil Bus Stand","bus",8.717499,76.979059,""
"Kerala State Road Transport Corporation Bus Stand","bus",9.445383,76.54067,""
"Chengannur Private Bus Stand","bus",9.318608,76.609676,""
"Kerala State Road Transport Corporation Regional Workshop","bus",10.09244,76.344839,""
"Kulamavu Bus Stand","bus",9.794952,76.888782,""
"Vazhakulam Private Stand","bus",9.944152,76.640835,""
"Rajakad Bus Stand","bus",9.961674,77.098409,""
"Thalayolaparambu Bus Terminal","bus",9.785414,76.443199,""
"Thanjoor Mala Colony","bus",10.021408,76.607404,""
"kalavoor bus station","bus",9.569125,76.329408,""
"vattoli busstand","bus",11.39927,75.8885,""
"Edoor BusStand &Goods Carrier Stand","bus",11.996406,75.725014,""
"Kumbalam Bus Stand","bus",8.992432,76.661802,""
"Ambalamkunnu","bus",8.900992,76.793121,""
"bus stand ambalapady","bus",9.994881,76.783278,""
"Muthalamad","bus",11.031179,75.954851,""
"Raiya Telephone Ex. BRTS Station","bus",22.293883,70.770597,""
"Kaduvamuzhy Bus station","bus",9.694297,76.773682,""
"Kadukutty Bus Stand","bus",10.270093,76.309524,""
"Muthukurussi bus stand","bus",10.898325,76.256709,""
"Changanassery Private Bus Stand No. 1","bus",9.447058,76.542042,""
"Pothanicad Bus Waiting Station","bus",10.00692,76.681229,""
"Manalinmmel Bus Stand","bus",11.193431,76.235333,""
"Mukkam Old Bus Stand","bus",11.320679,75.997204,""
"Mandiram","bus",9.508042,76.526712,""
"KSRTC Bus Terminus","bus",11.794974,76.000014,""
"Chengam Bus Stand","bus",12.30408,78.792552,""
"Dhungana Chowk","bus",27.568843,84.603898,""
"Kulw Chowk","bus",27.568257,84.609137,""
"Manu Ghol","bus",27.572687,84.60967,""
"Baruwal Chowk","bus",27.570217,84.615876,""
"Waghodia Bus Depot","bus",22.307228,73.398659,""
"New Wakadewadi MSRTC Bus Stand","bus",18.543415,73.852399,""
"Khopoli Msrtc Bus Stand","bus",18.785621,73.343318,""
"Khopoli City Bus Terminal","bus",18.785616,73.343895,""
"peechi bus stand","bus",10.528305,76.367749,""
"Nigdi","bus",18.659813,73.777282,""
"PMPML Bus Parking","bus",18.533851,73.860269,""
"KSRTC Vithura","bus",8.676026,77.095475,""
"GMC Bus Stand","bus",31.81444,70.820848,""
"Tank Bus Station","bus",31.832346,70.893313,""
"Pattur Bus Stand","bus",13.023185,80.118511,""
"Ambalapuzha Junction Bus Stop","bus",9.382829,76.35516,""
"Easy Day Mall Bus Stop","bus",19.857689,75.33582,""
"Sumo Park","bus",27.119636,85.357296,""
"Kesnand Phata","bus",18.580714,73.987587,""
"Saswad Pmpml Bus Stand","bus",18.345023,74.031349,""
"Bus Stand Baihar","bus",22.101514,80.549876,""
"Kalol Bus Depot","bus",22.607696,73.461155,""
"Vashi","bus",19.068863,72.998352,""
"Nerul L.P","bus",19.046407,73.025438,""
"Bus Stand, Udainagar","bus",22.540084,76.203114,""
"Anna Nagar West","bus",13.093755,80.198494,""
"နန်းထိုက်တော်ဝင် ကားဂိတ်","bus",20.579125,94.657971,""
"တော်ဝင် ကားဂိတ်","bus",20.58144,94.659669,""
"ရွှေပွင့်ဖြူ ကားဂိတ်","bus",20.57592,94.660029,""
"Avinashi New Bus stand","bus",11.187599,77.278265,""
"Govt. bus stand jalore","bus",25.351331,72.616384,""
"Private Bus Stand Jalore","bus",25.350832,72.616006,""
"Mahakali Bus community","bus",29.29745,80.590356,""
"Nepal Yatayat Bus Station","bus",27.712517,85.392777,""
"Ambattur O.T","bus",13.119713,80.15001,""
"Fazilka Bus Stand","bus",30.408425,74.03073,""
"Puthenvelikkara Bus Stand","bus",10.187443,76.245428,""
"Bus Stand, Karpi","bus",25.160263,84.728795,""
"Medical College Station","bus",11.271119,75.836899,""
"Bhimavaram Old Bus Stand","bus",16.544297,81.521124,""
"NST Station","bus",26.104473,94.257678,""
"Dindori Bus Station","bus",20.201734,73.830814,""
"GSRTC Bus Stand Talala","bus",21.051792,70.528922,""
"Chiplun","bus",17.525341,73.515567,""
"भिवानी बस स्टैंड","bus",28.796927,76.159527,""
"Thiruppathur","bus",10.111057,78.595267,""
"22 Godam Public Bus Stop","bus",26.902044,75.793017,""
"APSRTC Bus Station  , Parvathipuram","bus",18.773719,83.422964,""
"Rasra bus Station","bus",25.859686,83.861179,""
"Sai Nagar Bus Stop","bus",17.530815,78.388749,""
"Bopal gam","bus",23.034011,72.464107,""
"Sterling City","bus",23.032322,72.469152,""
"گجرانوالہ","bus",32.159214,74.189427,""
"Roadways Bus Depot","bus",29.643223,79.435119,""
"Samundri Bus Station","bus",31.059283,72.964314,""
"PC Memorial Bus Terminal","bus",26.742034,88.434583,""
"Dhandhuka bus station","bus",22.380917,71.977291,""
"pallimukku-mulavana","bus",8.967487,76.688368,""
"Nabil Poribohon","bus",25.934464,88.852099,""
"Shyamoli Poribohon","bus",25.934645,88.852028,""
"Hanif Poribohon","bus",25.93614,88.850797,""
"শ্রীরামপুর কেন্দ্রীয় বাস টার্মিনাস","bus",22.752472,88.329941,""
"Toyej Bus Counter","bus",25.940001,88.846834,""
"Parippu","bus",9.619232,76.475893,""
"Bankura SBSTC Bus Depot","bus",23.238511,87.031761,""
"Shaheen Bus Terminal","bus",34.200023,72.025451,""
"Edathanattukara","bus",11.059738,76.349275,""
"Saddat Bus Terminal","bus",34.192655,72.034081,""
"Bmm school bus station","bus",9.554393,76.628928,""
"Bankura Private Bus Terminal","bus",23.24206,87.034389,""
"Medical College bus Terminal","bus",9.632297,76.521391,""
"chungam pattikkad","bus",11.016298,76.228801,""
"Bishnupur Bus Terminus","bus",23.067405,87.311269,""
"Jeep Counter","bus",29.141992,81.580227,""
"Jeep counter","bus",29.238972,81.637901,""
"Ticket Counter","bus",29.259026,81.620224,""
"3no. Bus Stand","bus",22.753776,88.339643,""
"Alummood Bus Stop","bus",9.509498,76.794271,""
"edneer","bus",12.523699,75.07171,""
"ADOOR BUS STAND","bus",9.152848,76.733132,""
"kunnamkulam bus stand","bus",10.650846,76.069726,""
"Pandalam Private Bus Stop","bus",9.224459,76.677572,""
"Chengannur KSRTC Bus Stand","bus",9.318477,76.613027,""
"BRTC Counter (Gulisthan)","bus",23.465791,90.288723,""
"KSRTC Bus Stop","bus",10.749229,79.112779,""
"Zurkey Collony","bus",33.93866,70.094525,""
"Daulat Gate Metrobus","bus",30.1988,71.47921,""
"Shah Jamal Metrobus","bus",30.194761,71.484092,""
"Manzoorabad Metrobus","bus",30.189901,71.486906,""
"Qasim Bagh Metrobus","bus",30.203459,71.473698,""
"Ahmad Abad Metrobus","bus",30.183702,71.489756,""
"BCG Chowk Metrobus","bus",30.172953,71.491424,""
"Peoples Colony Metrobus","bus",30.172731,71.501445,""
"Vehari Chowk Metrobus","bus",30.175132,71.509377,""
"General Bus Stand Metrobus","bus",30.181092,71.510869,""
"Jinnah Park Metrobus","bus",30.190355,71.51318,""
"Shah Rukne Alam Metrobus","bus",30.196822,71.516061,""
"Kumharanwala Chowk Metrobus","bus",30.208501,71.515621,""
"Chungi No. 9 Chowk Metrobus","bus",30.208755,71.473073,""
"Gulgasht Metrobus","bus",30.217112,71.473966,""
"Chungi No. 06 Metrobus","bus",30.227721,71.478593,""
"Sabzazar Metrobus","bus",30.234809,71.481573,""
"Shalimar Colony Metrobus","bus",30.24038,71.48298,""
"Northern Bypass Metrobus","bus",30.24645,71.485275,""
"Mehmood Kot Metrobus","bus",30.255587,71.488768,""
"Bahadar Pur Metrobus","bus",30.2621,71.492601,""
"Bahauddin Zakariya University Metrobus","bus",30.269397,71.494239,""
"Mekliganj Bus Terminus","bus",26.360118,88.906605,""
"TGSRTC  Bus Station , Mahabubabad","bus",17.603612,80.004264,""
"Karikulam Bus stop","bus",9.394932,76.8132,""
"mangattukavala bus stop","bus",9.902635,76.724811,""
"Valiyaplachal Bus Stop Padi","bus",9.353024,76.789261,""
"Waiting shed, Pazhayidom","bus",9.505376,76.777058,""
"Waiting Shed","bus",9.506691,76.796516,""
"Pallickathodu bus stand","bus",9.601964,76.68255,""
"Arumaloor","bus",8.476992,77.074238,""
"KSRTC Attingal","bus",8.694196,76.818873,""
"ISBT Narnaul","bus",28.053409,76.111673,""
"Mhow Bus Stand","bus",22.556518,75.769982,""
"Sandhu Transport Service","bus",31.467744,74.224745,""
"Thiruvarpu","bus",9.578784,76.471941,""
"Malarikal","bus",9.55902,76.492311,""
"Teri & Nari Panos Flyingcoach Adda Mandi Morr Rawalpindi","bus",33.634467,73.033075,""
"Kayalpuram Pally","bus",9.460914,76.431098,""
"Nedumkandam Bus Stand","bus",9.8437,77.151864,""
"Mannadiyar Bus Garage","bus",8.428794,77.004777,""
"अलावलवास","bus",29.715478,75.489653,""
"अलिका","bus",29.735752,75.432775,""
"दादूपुर","bus",29.679161,75.476659,""
"Sajha Yatayat","bus",27.700852,85.35693,""
"Nekkonda Bus station","bus",17.797246,79.803451,""
"Daewoo express terminal","bus",34.113078,72.019574,""
"umayanalloor bus stop","bus",8.865039,76.653796,""
"sadri bus station","bus",25.185133,73.449939,""
"Hetauda Bus Park","bus",27.430181,85.028822,""
"Fulbari Baspark","bus",28.605666,80.712973,""
"Skyways Adda","bus",32.295254,72.340141,""
"Laboratory School Bus Station","bus",27.677154,85.29388,""
"FAISAL MOVERS","bus",30.174707,71.50866,""
"Koduvayur Bus Stand 1","bus",10.68492,76.654109,""
"Pilathra Bus Stand","bus",12.078217,75.266798,""
"Pazhayangadi Bustand","bus",12.026888,75.265995,""
"Vijayapuri South Bus stand","bus",16.56207,79.311159,""
"Paikpara","bus",22.61605,88.379102,""
"Municipal Bus Stand Thankalam","bus",10.068883,76.612793,""
"Karukachal Bus station","bus",9.503011,76.641388,""
"old bus stand","bus",24.26409,87.249624,""
"ksrtc bus stand irinjakuda","bus",10.346076,76.194967,""
"irinjalakuda bus stand","bus",10.34719,76.20695,""
"New bustand payyanur","bus",12.108095,75.214975,""
"Bustand payyanur","bus",12.105817,75.20731,""
"Changaramkulam Bus Stand","bus",10.73485,76.027755,""
"Vengad","bus",11.872749,75.53894,""
"gov. bus station","bus",26.505478,77.024697,""
"private bus stand","bus",26.505356,77.026116,""
"Robartsganj BUS STATION","bus",24.68992,83.061157,""
"Bus stand, Nawalgarh Road, Sikar","bus",27.621005,75.153816,""
"Mahaveerji bus station","bus",26.698698,76.909941,""
"12B Bus Station (Matiaburj to Dharamtalla)","bus",22.548512,88.287861,""
"Kudra Bus Stand","bus",25.049133,83.790064,""
"Bus Stand Edavanna","bus",11.215243,76.139812,""
"Balaka Bus Terminus","bus",22.574309,88.455856,""
"Sholavandhan Bus Stand","bus",10.022595,77.963651,""
"Veppa Maram bus stop","bus",10.018313,77.962814,""
"Thiruppathu Bus Stand","bus",10.110531,78.599979,""
"Vadakke stand","bus",10.530444,76.214779,""
"chungam","bus",10.657258,76.500681,""
"Sambalpur bus station","bus",21.495119,83.98164,""
"TGSRTC  Bus Station , Korutla","bus",18.825228,78.716368,""
"Chemperi Bus Stop","bus",12.096418,75.547064,""
"auto stand","bus",28.156358,81.572804,""
"Alanallur bus stand","bus",11.007082,76.352194,""
"Thado Bato Bus Stop","bus",27.588939,85.626996,""
"Soura Bus Stand","bus",34.138432,74.802523,""
"omassery bus terminal","bus",11.383192,75.982235,""
"K.M.O.U. Station Ranikhet","bus",29.644425,79.427795,""
"Ranikhet Bus Depot","bus",29.643562,79.437341,""
"Kendriya Vidyalaya Lohgaon","bus",18.577826,73.903067,""
"Lumre Bus Stop","bus",28.351029,83.879765,""
"Samakhiali New Bus Station","bus",23.306704,70.509407,""
"हन्सापुर बस पार्क","bus",28.216188,82.121904,""
"RSRTC Bus Depot","bus",26.912892,75.79163,""
"COMSATS Bus Station","bus",34.198405,73.24511,""
"Valliyur bus stand","bus",8.387427,77.609905,""
"माईक्रो बस पार्क","bus",27.848289,82.781392,""
"Anakaputhur Bus Stand","bus",12.985252,80.12308,""
"Abbihal","bus",16.79002,75.03299,""
"Aasanur","bus",11.674273,77.128544,""
"Sathyamangalam","bus",11.498625,77.245595,""
"Koyil Vazhi bus stand, Tiruppur","bus",11.05822,77.388707,""
"Pulinkunnu","bus",9.448896,76.44637,""
"Thiruvalla KSRTC Terminal","bus",9.386476,76.574606,""
"KSRTC Kottayam","bus",9.585805,76.523438,""
"Asst Transport Office","bus",10.195752,76.386723,""
"Vikravandi Bus Station","bus",12.037624,79.543218,""
"Sampla Bus Stand","bus",28.770773,76.769921,""
"திருச்செங்கோடு பழைய பேருந்து நிலையம்","bus",11.380736,77.895605,""
"Kavalam","bus",9.476561,76.455845,""
"Taltala More","bus",25.329666,88.759449,""
"Badalwas bus stand","bus",27.466836,75.082247,""
"Palayi bus stop","bus",11.846358,75.574916,""
"Mawsynram Station","bus",25.298812,91.581417,""
"Taxi to Shillong","bus",25.299007,91.581642,""
"Kongad Bus Stand","bus",10.854164,76.521362,""
"Daewoo adda","bus",34.015129,71.599556,""
"Haji adda","bus",34.017313,71.6005,""
"Charsadda adda","bus",34.029835,71.577596,""
"Dilawar khan adda","bus",34.015036,71.595409,""
"Lahore adda","bus",34.015029,71.595908,""
"Dilawar khan travels","bus",34.016002,71.594687,""
"Zaman Travels","bus",34.016177,71.597741,""
"Haji Camp adda","bus",34.01731,71.600503,""
"Niazi express","bus",34.0168,71.611341,""
"Bilal Coach","bus",34.016343,71.613957,""
"Skyways travel","bus",34.017287,71.615095,""
"Sania express","bus",34.017248,71.613949,""
"South-West Bus Tarminal","bus",23.912032,90.260163,""
"Kalika Chowk Bus Station","bus",27.687742,83.349423,""
"Karol Bagh Terminal","bus",28.648029,77.200844,""
"TNSTC Bus depot","bus",11.472527,78.157693,""
"haji camp adda bus terminal","bus",34.016962,71.60036,""
"S-3B Bus Terminus","bus",22.580991,88.39119,""
"Fawara chowk highroof terminal","bus",34.14089,73.212823,""
"Fawara chowk wagon terminal","bus",34.1406,73.212295,""
"Fawara chowk bus terminal","bus",34.140446,73.212692,""
"Fawara chowk highroof van terminal","bus",34.140395,73.212937,""
"Badalwas Bus stand","bus",27.466769,75.082452,""
"Sarban chowk Wagon stand","bus",34.143497,73.214916,""
"Makalbari Bus Station","bus",27.737394,85.38682,""
"Lilawati chowk","bus",27.59736,85.455296,""
"राजापुर बसपार्क","bus",28.430909,81.094457,""
"Manedovan","bus",27.599315,85.433043,""
"Mahendra Chowk","bus",26.773522,85.960253,""
"Horina Ferry Ghat Bus Station","bus",23.164072,90.645242,""
"Perumba","bus",12.109753,75.218618,""
"LIC Junction","bus",12.113459,75.210573,""
"Krishnapilla Smaraka Waiting Shed","bus",12.112915,75.205416,""
"Kotti","bus",12.09096,75.194302,""
"Punchakkad","bus",12.079871,75.194807,""
"Punnakadavu","bus",12.07545,75.19469,""
"Vadakkumbad","bus",12.074962,75.183157,""
"CM Musahaji Sahib Smaraka Waiting Shelter","bus",12.077267,75.186132,""
"Vadukkumbad","bus",12.07576,75.187849,""
"Punnakkadavu","bus",12.07395,75.191932,""
"Kunnaru","bus",12.070802,75.190766,""
"Ramanthali Bank","bus",12.063153,75.189982,""
"Lions Bus Shelter","bus",12.100511,75.2315,""
"Payyannur New Stand","bus",12.108263,75.21487,""
"Thayineri","bus",12.122875,75.207944,""
"BUS STOP","bus",27.166252,78.015565,""
"Kandoth Mukku","bus",12.13203,75.216626,""
"Ayurveda","bus",12.128616,75.21623,""
"Kandoth","bus",12.119631,75.217185,""
"Thachangod bus stop","bus",11.189654,76.269744,""
"Rathna Tevels","bus",8.756162,80.484995,""
"Olavara","bus",12.101619,75.186296,""
"School Stop","bus",12.119186,75.182899,""
"Udumbunthala","bus",12.109043,75.185401,""
"Beericheri","bus",12.13601,75.177106,""
"Trikaripur","bus",12.14183,75.176653,""
"badiadka bus stand","bus",12.588881,75.072236,""
"Moinot Bus Stand","bus",23.62085,90.067453,""
"Ratnagiri Bus Depot","bus",16.991604,73.288839,""
"Pawas","bus",16.873687,73.321825,""
"Perumbakkam Bus Depot","bus",12.886663,80.209688,""
"Kumargoan Bus Stand","bus",24.912291,91.828201,""
"Siddhartha Yatayat","bus",27.518943,83.448311,""
"নতুন ব্রীজ বাস স্ট্যান্ড","bus",22.331867,91.851851,""
"IC colony","bus",19.247667,72.847986,""
"Supa Bus Station","bus",18.337498,74.379722,""
"Kalna Ghat","bus",23.194872,89.687703,""
"Tachi","bus",31.681614,77.206495,""
"Swarghat Bus stand","bus",31.229296,76.71693,""
"Ena Transport","bus",22.355892,91.821545,""
"NR Travels","bus",22.356113,91.821444,""
"Koramukku Bus Stop","bus",11.99876,75.708397,""
"Mandapeta Bus Shelter","bus",16.867542,81.927295,""
"Udigavalasa Venkammapeta Bus Stop","bus",18.670692,83.633936,""
"Regulapau Bus Stop","bus",18.667234,83.639926,""
"Bus stand SHANKARPALLY","bus",17.455813,78.131122,""
"City Bus Service Office","bus",27.465387,89.64219,""
"Dangrina Terminal","bus",27.534145,89.638289,""
"Thimphu Inter District Bus Terminal","bus",27.467871,89.642857,""
"आचार्य टोल","bus",27.697411,85.262348,""
"Kudghat Bus Stand","bus",22.481503,88.346365,""
"Auto Stand","bus",17.511529,78.424826,""
"Uttar Pradesh Transport Corporation Bus Station, Hathras","bus",27.588224,78.049638,""
"KSRTC Pickup Point","bus",13.022047,77.5514,""
"Kazipara Bus Stand","bus",23.797108,90.372989,""
"Bikash Chowk","bus",27.71039,84.423755,""
"Bishal Chowk Gaindakot","bus",27.709442,84.423852,""
"नेपाल यातायात बसपार्क","bus",27.672931,85.342679,""
"ASTC Lakhimpur bus station","bus",27.238312,94.105701,""
"Miteri Yatayat","bus",27.735148,85.311725,""
"Tankara Bus Station","bus",22.654815,70.745956,""
"Mansa Devi Bus Stand","bus",30.724832,76.859007,""
"Eenadu Bus Stop","bus",16.496775,80.658312,""
"Panipat Bus Stand","bus",29.397858,76.969664,""
"DSK Vishwa Bus Stand;DSK Vishwa Bus Stop","bus",18.443267,73.799002,""
"Nagerbazar Bus Station","bus",22.623059,88.414085,""
"Sitakunda Bus Terminal","bus",22.622248,91.655727,""
"Alisha Bus Stand","bus",23.218234,87.887897,""
"Banthanti Jeep Station","bus",28.371681,83.727831,""
"Ulleri Jeep and Bus Station","bus",28.356948,83.736298,""
"Mannarkkad Bus Stand","bus",10.992029,76.45505,""
"Dhrol Bus Station","bus",22.563179,70.414605,""
"Sitakunda DHK-CTG Bus Stand, Sitakunda Bus Stand, Sitakund, Chittagong","bus",22.616896,91.6584,""
"Atlas Copco","bus",18.596463,73.828836,""
"Colaba Bus Depot","bus",18.920963,72.830548,""
"Worli Depot","bus",19.013515,72.820006,""
"Magathane Bus Depot","bus",19.221361,72.866379,""
"Malad Depot","bus",19.183696,72.835708,""
"Poisar Bus Depot","bus",19.213723,72.850715,""
"Sangharsh Nagar","bus",19.108489,72.901148,""
"Domestic Airport Terminal 1","bus",19.093453,72.855769,""
"TGSRTC Bus Station , Parkal","bus",18.197447,79.700517,""
"Mogudampally Bus stop","bus",17.615514,77.499867,""
"Vile Parle Station (E)","bus",19.100728,72.844562,""
"Dabaspete KSRTC Bus Stand","bus",13.227358,77.242231,""
"KSRTC Bus Stand, Urdigere","bus",13.342599,77.230594,""
"Vikhroli Station (W)","bus",19.110694,72.927689,""
"APSRTC Bus Station , Nandyal","bus",15.490344,78.479438,""
"Otur Bus Stand","bus",19.260502,73.983292,""
"05 No Road","bus",27.993478,73.306787,""
"চিটাগং রোড বাস স্টেশন","bus",23.697745,90.509252,""
"Mecheri","bus",11.834154,77.942514,""
"Gelephu Bus Terminal","bus",26.869624,90.48711,""
"Mishriskh Bus Stop","bus",27.288703,80.834859,""
"Annur Bus Stand","bus",11.234004,77.102301,""
"Basantapur Bus Stand, Rajshahi - Nawabganj Hwy","bus",24.42379,88.413519,""
"BRTC BUS COUNTER","bus",24.468027,88.324375,""
"Mangalwedha  Bus Station","bus",17.515784,75.446067,""
"APSRTC Bus Station , Rajampeta","bus",14.200051,79.155012,""
"KSRTC BUS STATION","bus",9.667684,76.556018,""
"Ticket bus counter","bus",28.112167,85.296622,""
"BRTC Bus Counter, Sweet Empire Garden, Rohanpur - Shapahar Rd","bus",24.938037,88.482442,""
"Podaturpet bus stand","bus",13.283268,79.483686,""
"اڈا شہانہ لوک ","bus",32.667754,73.548343,""
"Bus stand at Hawakhana","bus",25.515561,90.216275,""
"Bus stand at Chandmari","bus",25.519708,90.218924,""
"Bus stand at Dobasipara","bus",25.507925,90.215356,""
"মোল্লাকুড়ি যাত্রী ছাউনি","bus",24.891143,88.79556,""
"Nangal Bus Stand","bus",31.378472,76.370857,""
"BRTC Bus Counter, Baludanga, Rajshahi Road, Naogaon Bus Terminal, Naogaon","bus",24.833085,88.922209,""
"hetauda to Kathmandu","bus",27.433103,85.032953,""
"Shah Fathe Ali Bus Counter ( Naogaon To Gabtoli ), Bogra - Naogaon Hwy, Naogaon","bus",24.806228,88.949947,""
"Par Naogaon Truck Terminal Jame Masjid, Bogra - Naogaon Hwy, Naogaon","bus",24.805411,88.955026,""
"M/S RS Motor Truck Terminal Naogaon, Bogra - Naogaon Hwy, Naogaon","bus",24.804723,88.955755,""
"Naogaon Truck Terminal, Naogaon","bus",24.805288,88.954766,""
"M/S Saikat Motors, Truk tarminal, Naogaon","bus",24.805048,88.955853,""
"Bus Stand, Nagrota Bhagwa","bus",32.109155,76.382148,""
"Bus Stand Birsa","bus",22.004342,80.741617,""
"Harur Bus Stand","bus",12.053452,78.483548,""
"Visa Seekers Shuttle Service","bus",33.728811,73.136358,""
"New Bus Stand Morbi ન્યૂ બસ સ્ટેન્ડ મોરબી","bus",22.80768,70.822928,""
"Babu honda workshop, Natore Station Bypass Bus Stand, Rajshahi - Dhaka Hwy, Natore","bus",24.405917,88.954864,""
"Ashraf bus counter, Rajshahi - Dhaka Hwy, Natore","bus",24.39161,88.92886,""
"Rajur Bus Stand","bus",19.521183,73.871099,""
"Sangamner Bus Stand","bus",19.573353,74.207217,""
"Bhadra Bus Counters","bus",24.374933,88.622273,""
"APSRTC Bus Station , Kanigiri","bus",15.400085,79.509885,""
"APSRTC Bus Stand , Jarjangi","bus",18.501787,84.134487,""
"Shared jeeps in this parking garage","bus",27.132115,88.282697,""
"Kotabommali  Market Bus Sop","bus",18.520294,84.164962,""
"Dokikamannapeta Bus Stop","bus",18.443678,84.188183,""
"Geddalapadu Bus Stop","bus",18.477918,84.253508,""
"Srimukhalingam Bus Stop","bus",18.595132,83.963898,""
"Santha Bommali Bus Stop","bus",18.536629,84.207586,""
"Kotta Naupada Bus Stop","bus",18.562847,84.297379,""
"Komanapalli Bus Stop","bus",18.54824,83.979919,""
"Narsipuram Bus Stop","bus",18.63465,84.263174,""
"Barjipadu Bus Stop","bus",18.46077,84.162178,""
"Challavanipeta Bus Stop","bus",18.505072,84.063001,""
"Madapam Bus Stop","bus",18.376774,83.997225,""
"Madapam Bua Stop","bus",18.376522,83.997382,""
"Meliaputti  X Roads Bus Stop","bus",18.774037,84.173936,""
"APSRTC Bus Station , Pathapatnam","bus",18.759879,84.096984,""
"Parlakhemundi Bus Station","bus",18.787244,84.088851,""
"Parlakhemundi Three Road Junction Bus Stop","bus",18.773483,84.097966,""
"Thotada Bus Stop","bus",18.388462,84.081089,""
"APSRTC Bus Station , Amadalavalasa","bus",18.406181,83.8985,""
"Polaki Bus Stop","bus",18.376385,84.101924,""
"Singupuram Bypass Bus Stop","bus",18.359058,83.972753,""
"Devadi Bus Stop","bus",18.384937,84.015851,""
"APSRTC Bus Station , Srikakulam","bus",18.309248,83.893263,""
"APSRTC Bus Station , Sarubujjili","bus",18.535441,83.915947,""
"Bathili Bus Stop","bus",19.012269,83.785745,""
"Hadduhbangi Bus Stop","bus",18.814185,83.944878,""
"Ragolu Bus Stop","bus",18.350406,83.895708,""
"Pedapadu Bus Stop","bus",18.31627,83.927379,""
"Amadalavalasa Bus Stop","bus",18.411098,83.903407,""
"Singupuram Junction Bus Stop","bus",18.365948,83.978471,""
"Amadalavalasa Bridge Bus Stop","bus",18.407551,83.893893,""
"Patha Tekkali Bus Stop","bus",18.629947,84.359746,""
"Mabagam Bus Stop","bus",18.361572,84.045907,""
"Chintada Juction Bus Stop","bus",18.388844,83.89886,""
"Maruvada Bus Stop","bus",18.490152,84.26732,""
"Kashinagar Bus Stop","bus",18.858732,83.881209,""
"APSRTC Bus Station , Kotturu","bus",18.778151,83.878136,""
"Nagiripenta Bus Stop","bus",18.526389,84.220296,""
"Teligipenta Bus Stop","bus",18.519694,84.218131,""
"Uddana Ramakrishnapuram Bus Stop","bus",18.624366,84.378005,""
"Pundi Bus Stop","bus",18.663456,84.372845,""
"Saravakota Bus Stop","bus",18.591769,84.049883,""
"Pathapatnam Bus Stop","bus",18.748385,84.090128,""
"Antlavaram Bus Stop","bus",18.516708,84.216681,""
"Vallabharayudupeta Cheruvugattu Bus Stop","bus",18.633564,84.360758,""
"Pollada Bus Stop","bus",18.61196,84.355456,""
"Komarlatada Bus Stop","bus",18.608268,84.364516,""
"Tenkuru Bus Stop","bus",18.49412,84.258283,""
"Kaviti Bus Stop","bus",18.709399,84.385032,""
"Lakkivalasa Bus Stop","bus",18.483353,84.2478,""
"APSRTC Bus Station , Palasa","bus",18.769763,84.41657,""
"Haripuram Bus Stop","bus",18.844838,84.500729,""
"Tekkali Meliyaputti Road Bus Stop","bus",18.617412,84.2362,""
"APSRTC Bus Station , Tekkali","bus",18.604197,84.230451,""
"Sainuru Bus Stop","bus",18.619501,84.370883,""
"Amalapadu Bus Stop","bus",18.639423,84.397919,""
"Kambalarayudu Peta Bus Stop","bus",18.639133,84.405871,""
"Bendi village Bus Stop","bus",18.709729,84.404548,""
"Vjrapukotturu Bus Stop","bus",18.694411,84.440586,""
"Vajrapukotturu Junction Bus Stop","bus",18.694106,84.436247,""
"Cheepi Bus Stop","bus",18.907571,84.453652,""
"Udayachandrapuram Bus Stop","bus",18.912448,84.452036,""
"Mandasa Bus Stop","bus",18.870097,84.461524,""
"Korlam Bus Stop","bus",18.90176,84.551692,""
"Koralm Bus Stop","bus",18.901563,84.552121,""
"APSRTC Bus Station , Baruva","bus",18.880886,84.583871,""
"APSRTC Bus Station , Sompeta","bus",18.947238,84.583456,""
"Kanchili Bypass Bus Stop","bus",18.987173,84.588895,""
"APSRTC Bus Station , Ichapuram","bus",19.108815,84.683828,""
"Gara Bus Stop","bus",18.331228,84.055397,""
"Voppangi Bus Stop","bus",18.290635,83.940882,""
"Srikakulam Old Bus Stand","bus",18.292151,83.896502,""
"APSRTC Bus Station , Ponduru","bus",18.350977,83.757711,""
"APSRTC Bus Station , Ramabhadrapuram","bus",18.494665,83.281499,""
"APSRTC Bus Station , Salur","bus",18.519763,83.19579,""
"Guppidipeta Bus Stop","bus",18.413349,84.183159,""
"Seepanaidupeta Bus Stop","bus",18.303685,83.871913,""
"Ranasthalam Bus Stop","bus",18.201211,83.689108,""
"Bhogapuram Bus Stop","bus",18.031644,83.500222,""
"Damanjodi Bus Stop","bus",18.761032,82.89802,""
"APSRTC Bus Station , Sabbavaram","bus",17.791076,83.123975,""
"APSRTC Bus Stand, Maddilapalem","bus",17.736234,83.320324,""
"APSRTC City Bus Terminal","bus",17.724023,83.307958,""
"APSRTC Cargo and Logistics","bus",17.72409,83.306076,""
"Gurudwara","bus",17.736519,83.307706,""
"APSRTC Bus Station , Chodavaram","bus",17.827134,82.935184,""
"APSRTC Bus Station , Chintapalli","bus",17.866293,82.355791,""
"Similiguda Bus Stop","bus",18.706634,82.85422,""
"APSRTC Bus Station , Bobbili","bus",18.572534,83.346947,""
"APSRTC Bus Station , Makavarapalem","bus",17.619806,82.71964,""
"APSRTC Bus Station , Devarapalli","bus",17.991235,82.980636,""
"APSRTC Bus Station , Kothavalasa","bus",17.902748,83.185963,""
"Downuru Bus Stop","bus",17.767827,82.535945,""
"Lambasinghi Bus Stop","bus",17.805463,82.496283,""
"APSRTC Bus Station , Kunavaram","bus",17.577917,81.252395,""
"Nellipaka Bus Stop","bus",17.659893,81.003317,""
"APSRTC Bus Station , Palamaneru","bus",13.202038,78.744441,""
"APSRTC Bus Station , Penukonda","bus",14.082371,77.598962,""
"APSRTC Bus Station , Puttaparthi","bus",14.164446,77.812089,""
"APSRTC Bus Station , Gorantla","bus",13.986534,77.765759,""
"APSRTC Bus Station  , Singanamala","bus",14.800031,77.716864,""
"APSRTC Bus Station , Chittoor","bus",13.219499,79.105984,""
"APSRTC Bus Station , Punganur","bus",13.368305,78.569169,""
"APSRTC Bus Station , Badvel","bus",14.736329,79.060981,""
"APSRTC Bus Station , Dharmavaram","bus",14.409646,77.715119,""
"APSRTC Bus Station , Madakasira","bus",13.944655,77.277247,""
"APSRTC Bus Station , Kalyanadurgam","bus",14.545122,77.112055,""
"APSRTC Bus Station , Rayadurgam","bus",14.695684,76.859559,""
"APSRTC Bus Station ,  Uravakonda","bus",14.936573,77.255882,""
"APSRTC Bus Station , Anantapur","bus",14.6853,77.599963,""
"APSRTC Bus Station , Pamidi","bus",14.949907,77.593063,""
"APSRTC Bus Station , Gooty","bus",15.113233,77.636398,""
"APSRTC Bus Station , Madanapalle","bus",13.557925,78.507888,""
"APSRTC Bus Station , Lepakshi","bus",13.8036,77.611109,""
"Hindupur Old Bus Stand","bus",13.831469,77.492434,""
"APSRTC Bus Station , Hindupuram","bus",13.835451,77.496697,""
"APSRTC Bus Station ,  Guntakal","bus",15.161263,77.379484,""
"APSRTC Bus Station , Kuppam","bus",12.748914,78.345529,""
"APSRTC Bus Station , VenkatagiriKota","bus",13.000856,78.490586,""
"APSRTC Bus Station , Sadum","bus",13.546603,78.906767,""
"APSRTC Bus Station , Kanipakam","bus",13.275543,79.035179,""
"Puthalapattu Bus Stop","bus",13.346283,79.092948,""
"Srihari APSRTC Bus Station Terminal","bus",13.629412,79.426171,""
"APSRTC Bus Station , Ramabhagicha ( Tirumala)","bus",13.683985,79.351775,""
"APSRTC Bus Station , Tirumala","bus",13.677075,79.349867,""
"APSRTC Bus Station , Renigunta","bus",13.637104,79.505653,""
"APSRTC Bus Station , Srikalahasti","bus",13.752341,79.707299,""
"APSRTC Bus Station , Pichchatur","bus",13.400725,79.740081,""
"APSRTC Bus Station , Nagalapuram","bus",13.390804,79.793688,""
"UTHUKOTTAI BUS STAND","bus",13.334483,79.893781,""
"APSRTC Bus Station , Satyavedu","bus",13.434839,79.954101,""
"APSRTC Bus Station , Kota","bus",14.038637,80.047151,""
"APSRTC Bus Station ,Vakadu","bus",14.001274,80.066366,""
"APSRTC Bus Station , Nayudupeta","bus",13.906059,79.900922,""
"APSRTC Bus Station , Venkatagiri","bus",13.950406,79.58534,""
"APSRTC Bus Station , Kodur ( Railway Koduru )","bus",13.964702,79.351343,""
"Rajampeta Old Bus Stand","bus",14.194861,79.16315,""
"APSRTC Bus Station , Pileru","bus",13.654575,78.944494,""
"APSRTC Bus Station , Kalikiri","bus",13.64605,78.803923,""
"APSRTC Bus Station , Kalakada","bus",13.826144,78.789683,""
"APSRTC Bus Station  , Peapully","bus",15.236064,77.738574,""
"APSRTC Bus Station , Adoni","bus",15.618986,77.285901,""
"APSRTC Bus Station ,  Pattikonda","bus",15.394264,77.498426,""
"APSRTC Bus Station , Veldurthi","bus",15.548541,77.92785,""
"APSRTC Bus Station , Dhone","bus",15.40369,77.875931,""
"APSRTC Bus Station , Owk","bus",15.209773,78.115422,""
"APSRTC Bus Station  , Banaganapalli","bus",15.320749,78.22159,""
"APSRTC Bus Station ,  Yemmiganuru","bus",15.764327,77.48155,""
"Mugati Junction Bus Stop","bus",15.79749,77.473078,""
"APSRTC Bus Station ,  Mantralayam","bus",15.93892,77.424871,""
"APSRTC Bus Station , Kurnool","bus",15.824001,78.027828,""
"APSRTC BUS DEPOT 2 , KURNOOL","bus",15.823579,78.026434,""
"APSRTC Bus Station , Nandikotkur","bus",15.855883,78.260999,""
"APSRTC Bus Station , Atmakur ( K )","bus",15.877555,78.582723,""
"APSRTC Bus Station . Velugodu","bus",15.717269,78.565943,""
"APSRTC Bus Station , Koilakuntla","bus",15.229441,78.312994,""
"APSRTC Bus Station , Jammalamagudu","bus",14.841488,78.386535,""
"Simhadripuram Bus Stop","bus",14.627515,78.12633,""
"APSRTC New Bus Station , Pulivendula","bus",14.433978,78.232343,""
"APSRTC Bus Station , Yerraguntla","bus",14.637118,78.5407,""
"Proddutur Old Bus Stand","bus",14.753812,78.55467,""
"APSRTC Bus Station , Proddutur","bus",14.744586,78.562401,""
"APSRTC Bus Station , Mydukuru","bus",14.723989,78.731779,""
"Mydukuru Bypass Bus Stop","bus",14.727499,78.722087,""
"APSRTC Bus Station , Chagalamarri","bus",14.965549,78.584264,""
"APSRTC Bus Station , Tadipatri","bus",14.906395,78.015571,""
"APSRTC BUS STAND , GALIVEEDU","bus",14.022957,78.505105,""
"APSRTC Bus Station ,  Kowthalam","bus",15.776414,77.139149,""
"APSRTC Bus Station ,  Kosigi","bus",15.857055,77.241647,""
"APSRTC Bus Station , Orvakal","bus",15.683265,78.174611,""
"Orvakal Bus Stop","bus",15.683254,78.174002,""
"APSRTC Bus Station , Allagadda","bus",15.131631,78.50457,""
"APSRTC Bus Station , Kadapa","bus",14.464692,78.831318,""
"Nandipadu X Roads Bus Stop","bus",14.800533,79.349079,""
"APSRTC Bus Station , Udayagiri","bus",14.882554,79.297823,""
"Seetharampuram Bus Stop","bus",15.017098,79.139484,""
"Chintalapalem Bus Stop","bus",14.457784,79.385686,""
"APSRTC Bus Station , Atmakur (N)","bus",14.624941,79.621774,""
"Atmaku (N) Old Bus Stand","bus",14.618674,79.626034,""
"APSRTC BUS STAND , KALUVAYA","bus",14.511915,79.410975,""
"APSRTC P.S.R Bus Station ,Nellore","bus",14.457063,79.989602,""
"APSRTC Bus Station , Chimakurthy","bus",15.586326,79.862746,""
"Penchelakona Bus Stop","bus",14.338289,79.414547,""
"Podalakur X Roads Bus Stop","bus",14.379479,79.729341,""
"Duttalur X Roads Bus Stop","bus",14.84403,79.405085,""
"Komarolu Bus Stop","bus",15.269048,79.00057,""
"APSRTC Bus Station , Giddalur","bus",15.378825,78.933856,""
"Taticherla X Roads Bus Stop","bus",15.381063,79.033196,""
"Bestavaripeta Bus Stop","bus",15.551384,79.102624,""
"Cumbum X Roads Bus Stop","bus",15.582049,79.113611,""
"Devarajugattu Bus Stop","bus",15.795881,79.256888,""
"APSRTC Bus Station , Dornala","bus",15.908089,79.093815,""
"Chintala Bus Stop","bus",15.961502,78.999849,""
"Tokapalle Junction Bus Stop","bus",15.878823,79.2875,""
"APSRTC Bus Station , Podili","bus",15.60244,79.606603,""
"APSRTC Bus Station , Pamuru","bus",15.100315,79.412245,""
"Chandrasekharapuram Bus Stop","bus",15.183212,79.278685,""
"APSRTC Bus Station , Buchireddypalem","bus",14.532472,79.881653,""
"APSRTC Bus Station , Muttukuru","bus",14.290857,80.09457,""
"Rajupalem Bypass Bus Stop","bus",14.544187,79.991595,""
"Rajupalem Town Bus Stop","bus",14.55548,79.989395,""
"APSRTC BUS STAND , KOTHAPATNAM","bus",15.446699,80.165077,""
"APSRTC Bus Station , Tanguturu","bus",15.338112,80.032547,""
"APSRTC Bus Station , Kondapai","bus",15.413539,79.8556,""
"APSRTC Bus Station , Kandukur","bus",15.218166,79.899376,""
"APSRTC Bus Station , Singarayakonda","bus",15.255336,80.023012,""
"Singarayakonda Bypass Bus Stop","bus",15.243238,80.005887,""
"APSRTC Bus Station , Kaligiri","bus",14.829321,79.692361,""
"APSRTC Bus Station , Vinjamur","bus",14.836196,79.580919,""
"APSRTC Bus Station , Kavali","bus",14.91048,79.993495,""
"Tippa Bus Stop","bus",14.761065,80.001585,""
"Bitragunta  Bus Stop","bus",14.763936,79.989467,""
"APSRTC Bus Station , Darsi","bus",15.774132,79.685666,""
"APSRTC Bus Station , Mundlamuru","bus",15.804267,79.833806,""
"APSRTC Bus Station , Medarametla","bus",15.723475,80.016806,""
"APSRTC Bus Station , Vinukonda","bus",16.055373,79.739879,""
"APSRTC Bus Station , Yerragondapalem","bus",16.039963,79.304891,""
"APSRTC Bus Station , Tripuranthakam","bus",16.002057,79.456392,""
"APSRTC Bus Station , Pedana","bus",16.252574,81.145695,""
"APSRTC Bus Station , Bantumilli","bus",16.370008,81.273441,""
"APSRTC Bus Station , Pamarru","bus",16.323038,80.957536,""
"APSRTC Bus Station , Kuchipudi","bus",16.255992,80.914242,""
"APSRTC Bus Station , Macherla","bus",16.476325,79.439265,""
"APSRTC Bus Station , Gurazala","bus",16.559024,79.638412,""
"Dachepalli","bus",16.591808,79.74339,""
"APSRTC Bus Station , Piduguralla","bus",16.481737,79.877624,""
"APSRTC Bus Station , Sattenapally","bus",16.393083,80.156438,""
"APSRTC NTR Bus Station , Guntur","bus",16.295686,80.456454,""
"APSRTC Palnadu Bus Station","bus",16.297336,80.456743,""
"APSRTC Bus Station , Narasaraopeta","bus",16.227554,80.050368,""
"APSRTC Bus Station , Ponnuru","bus",16.076211,80.54828,""
"APSRTC Bus Station , Bapatla","bus",15.908563,80.478566,""
"APSRTC  Arrival Block","bus",16.508448,80.615161,""
"APSRTC Departure Block","bus",16.508444,80.61621,""
"APSRTC Bus Station , Kanchikacherla","bus",16.685945,80.389262,""
"APSRTC Bus Station , Jagayyapeta","bus",16.891539,80.098414,""
"Jagayyapeta Highwaay Bus Stop","bus",16.914362,80.105373,""
"APSRTC Bus Station , Mylavaram","bus",16.761741,80.642467,""
"APSRTC Bus Station , Nuzvid","bus",16.781507,80.848045,""
"APSRTC Bus Station , Movva","bus",16.225103,80.913593,""
"APSRTC Bus Station , Challapalli","bus",16.113345,80.931174,""
"APSRTC Bus Station , Mopidevi","bus",16.065884,80.923829,""
"APSRTC Bus Station , Avanigadda","bus",16.02536,80.916998,""
"APSRTC Bus Station , Koduru ( Krishna District )","bus",16.013083,81.038613,""
"APSRTC Bus Station , Nagayalanka","bus",15.944831,80.914545,""
"APSRTC Bus Station , Repalle","bus",16.019284,80.828031,""
"APSRTC Bus Station , Tenali","bus",16.244548,80.644334,""
"APSRTC Bus Station , Inkollu","bus",15.826008,80.192928,""
"APSRTC Bus Station , Parchuru","bus",15.964787,80.273878,""
"APSRTC Bus Stand , Naguluppalapadu","bus",15.640408,80.111168,""
"Chilakaluripeta Four Road Junction","bus",16.086212,80.161079,""
"APSRTC Bus Station , Chilakaluripeta","bus",16.098356,80.168289,""
"APSRTC Bus Station , Kankipadu","bus",16.43372,80.767904,""
"APSRTC Bus Station , Mudinepalli","bus",16.421977,81.1088,""
"APSRTC Bus Station , Manglagiri","bus",16.433851,80.565518,""
"APSRTC Bus Station , Vuyyuru","bus",16.360348,80.852149,""
"APSRTC Bus Station , Gannavaram","bus",16.543629,80.807656,""
"Benz Circle Bus Stop","bus",16.497587,80.654121,""
"APSRTC Bus Station  , Kaikaluru","bus",16.555334,81.219294,""
"APSRTC Bus Station , Hanuman Junction","bus",16.63486,80.969848,""
"Hanuman Junction Bypass Bus Stop","bus",16.641574,80.988201,""
"APSRTC Bus Station , Gudivada","bus",16.431372,80.997252,""
"APSRTC Bus Station , Undi","bus",16.584762,81.467874,""
"APSRTC Bus Station  , Bhimavaram","bus",16.545027,81.529757,""
"APSRTC Bus Station ,  Palakollu","bus",16.515768,81.726524,""
"APSRTC Bus Station , Narasapuram","bus",16.440129,81.701809,""
"APSRTC Bus Station  , Razole","bus",16.468049,81.835733,""
"APSRTC Bus Station , Amalapuram","bus",16.579835,81.997787,""
"Yerra Kaluva Bus Stop , Amalapuram","bus",16.585506,82.018436,""
"APSRTC Bus Station , Attili","bus",16.686201,81.602311,""
"APSRTC Bus Station , Tanuku","bus",16.757431,81.672113,""
"APSRTC Bus Station , Penugonda","bus",16.658118,81.744112,""
"APSRTC Bus Station , Marteru","bus",16.626057,81.742631,""
"Marteru Bus Stop","bus",16.626159,81.740159,""
"APSRTC Bus Station  , Mukkamala","bus",16.646829,81.961442,""
"APSRTC Bus Station , Ravulapalem","bus",16.761622,81.8423,""
"APSRTC Bus Station   , Ambajipeta","bus",16.595886,81.946661,""
"APSRTC Bus Station  , Kotipalli","bus",16.698257,82.03578,""
"APSRTC Bus Station , Drakasharamam","bus",16.789956,82.064692,""
"APSRTC Bus Station , Ramachandrapuram","bus",16.836111,82.035851,""
"APSRTC Bus Station , Rajamahendravaram","bus",17.001237,81.789745,""
"APSRTC Bus Station , Kakinada","bus",16.965725,82.239403,""
"APSRTC Bus Station , Samarlakota","bus",17.046202,82.16798,""
"APSRTC Bus Station , Peddapuram","bus",17.076055,82.142506,""
"APSRTC Bus Station , Jaggampeta","bus",17.172438,82.057026,""
"APSRTC Bus Station , Yeleswaram","bus",17.286947,82.107026,""
"APSRTC Bus Station , Kathipudi","bus",17.242616,82.33053,""
"APSRTC Bus Station  , Annavaram","bus",17.280349,82.403694,""
"APSRTC Bus Station , Gollaprolu","bus",17.151834,82.28457,""
"APSRTC Bus Station  , Pithapuram","bus",17.122852,82.255683,""
"Gokavaram Bus Stand , Rajamahendravaram","bus",17.009906,81.772046,""
"APSRTC Bus Station , Seethanagaram","bus",17.177459,81.695285,""
"APSRTC Bus Station , Gokavaram","bus",17.262998,81.850064,""
"Yerravaram Bus Stop","bus",17.230182,82.126351,""
"APSRTC Bus Station , Nidadavolu","bus",16.901015,81.673351,""
"APSRTC Bus Station , Tadepallegudem","bus",16.818692,81.523537,""
"Tadepalligudem Canal Bus Stop","bus",16.807385,81.531515,""
"APSRTC Bus Station , Prathipadu","bus",17.22813,82.191378,""
"APSRTC Bus Station , Nallajerla","bus",16.948242,81.407503,""
"APSRTC New Bus Station  , Eluru","bus",16.707517,81.090018,""
"APSRTC Old Bus Station , Eluru","bus",16.711367,81.111619,""
"Eluru ASRAM Hospital Bus Stop","bus",16.73755,81.140572,""
"Eluru Bypass Bus Stop","bus",16.679426,81.023861,""
"APSRTC Bus Station , Jangareddigudem","bus",17.117012,81.295466,""
"APSRTC Bus Station , Koyyalagudem","bus",17.127537,81.430327,""
"APSRTC Bus Station , Dwaraka Tirumala","bus",16.955857,81.25333,""
"APSRTC Bus Station , Kamavarapukota","bus",17.008142,81.204915,""
"APSRTC Bus Station , Chintalapudi","bus",17.078196,80.99038,""
"APSRTC Bus Station , Bhimadolu","bus",16.822895,81.262002,""
"APSRTC Bus Station , Dubacherla","bus",16.908026,81.35414,""
"APSRTC Bus Station , Yernagudem","bus",17.000652,81.505307,""
"APSRTC Bus Station , Kovvur","bus",17.01779,81.726543,""
"APSRTC Bus Station , Akiveedu","bus",16.581132,81.382247,""
"Masid Center Bus Stop . Kaikaluru","bus",16.552796,81.212945,""
"APSRTC Bus Station  , Tuni","bus",17.368564,82.543227,""
"APSRTC Bus Station  , Payakaraopeta","bus",17.362818,82.54919,""
"APSRTC Bus Station , Narsipatnam","bus",17.66326,82.616454,""
"APSRTC Bus Station , Paderu","bus",18.087788,82.668901,""
"APSRTC Bus Station , Araku","bus",18.322641,82.878205,""
"APSRTC Bus Station , Srungavarapukota","bus",18.107681,83.139737,""
"APSRTC Bus Station , Vizianagaram","bus",18.108407,83.398797,""
"APSRTC Bus Station , Gajapathinagaram","bus",18.283134,83.336211,""
"APSRTC Bus Station , Nellimarla","bus",18.165381,83.446797,""
"Nellimarla Bus Stop","bus",18.16476,83.44829,""
"Grividi Bus Stop","bus",18.28166,83.530966,""
"Garividi Bus Stop","bus",18.284641,83.538576,""
"APSRTC Bus Station  , Cheepurupalli","bus",18.310108,83.566388,""
"APSRTC Bus Station , Elamanchili","bus",17.547072,82.853994,""
"Nakkapalli Addu Road Bus Stop","bus",17.431171,82.744603,""
"Nakapalli Bus Stop","bus",17.409025,82.715465,""
"Nkapalli Bus Stop","bus",17.408834,82.715506,""
"APSRTC Bus Station , Kasimkota","bus",17.670249,82.967149,""
"APSRTC Bus Station , Gajuwaka","bus",17.690288,83.223832,""
"APSRTC City Bus Stop , RK Beach","bus",17.71142,83.318225,""
"Denkada Bus Stop","bus",18.074894,83.474971,""
"Teppalavalasa Bus Stop","bus",18.029603,83.588988,""
"Chintapalli Bus Stop","bus",18.072373,83.647913,""
"D.Masthyalesham Bus Stp","bus",18.184971,83.869345,""
"Ichapuram Private Bus Stand","bus",19.113072,84.68433,""
"Satyavaram Bus Stop","bus",18.408916,84.034386,""
"APSRTC Bus Station  , Alipiri","bus",13.647994,79.409108,""
"APSRTC and Private Bus  Station , Kasibugga","bus",18.760654,84.419375,""
"APSRTC Bus Station , Chinturu","bus",17.746376,81.397727,""
"Amdalavalasa Bridge Junction Bus Stop","bus",18.398038,83.895397,""
"Kollivalasa Bus Stop","bus",18.505698,83.832264,""
"Konda Thamarapalli Village Bus Stop","bus",18.166873,83.249901,""
"Nadipalli Bus Stop","bus",18.041555,83.553823,""
"Nizamabad Bus Stop","bus",18.301506,84.023208,""
"Kurudu Bus Stop","bus",18.555165,84.143323,""
"Danta Junction Bus Stop","bus",18.55785,84.130003,""
"Kuramanpeta  Bus Stop","bus",18.565278,84.135773,""
"Kothapalli Bus Stop","bus",18.580533,84.135439,""
"Venkatapuram Bus Stop","bus",18.622308,84.126934,""
"BANDARUVANIPETA BUS STOP","bus",18.324154,84.125887,""
"Srikurmam Village Bus Stop","bus",18.271748,84.003276,""
"Kurupam Bus Stop","bus",18.866189,83.554119,""
"Gumma Laxmipuram X Roads Bus Stop","bus",18.974508,83.663365,""
"Nilakanthapuram Bus Stop","bus",18.831335,83.708483,""
"Mugadalapadu Bus Stop","bus",18.284872,84.07765,""
"Veeraghattam Bus Stop","bus",18.687582,83.612293,""
"ONUKUDELLI BUS STOP","bus",18.518762,82.431494,""
"Lamtaput Bus  Stop","bus",18.618535,82.592445,""
"Jaddangi X Roads Bus Stop","bus",17.480433,82.155812,""
"A. J. R parcel, A.J.R Transport agency, Dhaka - Natore Hwy, Natore","bus",24.411801,89.002003,""
"Rajshahi Bus-Ticket Counter, Natore","bus",24.410204,89.007457,""
"Chittoor Old Bus Stand","bus",13.216281,79.099794,""
"APSRTC Balaji Bus Station , Tirumala","bus",13.677155,79.350369,""
"APSRTC Bus Station , Bethamcherla","bus",15.458068,78.15224,""
"APSRTC Bus Station , Rajvihar  ( Kurnool )","bus",15.828262,78.038896,""
"Ahobilam Bus Stop","bus",15.13165,78.675017,""
"APSRTC Old Bus Station , Kadapa","bus",14.475575,78.821439,""
"APSRTC ZONAL WORK SHOP , KADAPA","bus",14.4437,78.86878,""
"APSRTC Bus Station , Sullurupeta","bus",13.698883,80.014587,""
"APSRTC Bus Station , Podalakur","bus",14.388093,79.736185,""
"APSRTC Bus Station , Hiramandalam","bus",18.666861,83.95072,""
"APSRTC Bus Station , Amaravathi","bus",16.569498,80.358514,""
"Veeravallii Bus Stop","bus",16.613854,80.917485,""
"Veeravallii  Bypass Bus Stop","bus",16.61142,80.913081,""
"Yanam New Bus Station","bus",16.736596,82.212744,""
"APSRTC Bus Station , Kurmanapalem ( Steel City )","bus",17.684535,83.165336,""
"Gajipur bill autogas station, Rajshahi - Dhaka Hwy, Natore","bus",24.381659,89.040819,""
"APSRTC Bus Station , Pakala","bus",13.449209,79.119484,""
"Madhavaram Mofussil Bus Terminus","bus",13.146104,80.2217,""
"PERIYAPALAYAM BUS STAND","bus",13.308127,80.046225,""
"Tiruttani Bus Stand","bus",13.174315,79.613294,""
"Thiruvannamalai Bus Stand","bus",12.239974,79.073379,""
"Kanchipuram Bus Stand","bus",12.835645,79.705241,""
"Krishnagiri Moffusil Bus Stand","bus",12.533195,78.207014,""
"Pondicherry Bus Stand","bus",11.932186,79.817464,""
"Polavaram Bus Stop","bus",18.596825,84.178541,""
"Pattupuram Junction Bus Stop","bus",18.76896,84.200266,""
"Tenagallu Bus Stop","bus",14.352391,77.113298,""
"Obaganapalli Bus Stop","bus",14.361939,77.151057,""
"Malagam Bus Stop","bus",18.470868,84.232403,""
"Naupada Three Road Junction Bus Stop","bus",18.556781,84.292078,""
"Mulapeta Junction Bus Stop","bus",18.525437,84.299222,""
"Teli Nilapuram Bus Stop","bus",18.575894,84.268384,""
"Viswanadhapuram Ammavari Gudi Bus Stop","bus",18.58303,84.257938,""
"Gopalapuram Bus Stop","bus",18.582395,84.02515,""
"Akkivalasa Bus Stop","bus",18.576255,84.015912,""
"Lakkavaram Bus Stop","bus",18.914866,84.579982,""
"Manikyapuram Bus Stop","bus",18.952925,84.63036,""
"Dandu Gedda Bus Stop","bus",19.073846,84.65966,""
"Ranipet New Bus Station","bus",12.928863,79.331711,""
"Kadim Chilan Hwy Bus Stop, Rajshahi - Pabna Hwy, Natore","bus",24.245198,89.097476,""
"Konta Border Bus Stop","bus",17.800557,81.382525,""
"Konta ( Andhra Pradesh - Chattisgarh  )Border Bus Stop","bus",17.799256,81.382059,""
"Konta Bus Stand","bus",17.809596,81.38148,""
"To KTM/Pokhara","bus",28.349916,83.567674,""
"Akshardam Pillar 36 Bus Stand","bus",28.615917,77.281605,""
"toto stand shubhash colony barrackpore","bus",22.767142,88.373236,""
"Singra Central Bus Terminal, Bogra - Natore Highway, Singra, Natore","bus",24.500239,89.14417,""
"kalpi bus stand","bus",26.017135,79.519665,""
"rani laxmi bai chauraha","bus",25.988428,79.455732,""
"shaheed bhagat singh chauraha","bus",25.989011,79.453704,""
"ambedkar chauraha","bus",25.9942,79.45608,""
"Grameen Travels counter Nayabazar, Dhaka - Rajshahi Hwy, Natore","bus",24.334654,89.244263,""
"Kaladhungi Bus Station","bus",29.282844,79.349583,""
"Rajanagaram Bypass Bus Stop","bus",17.081178,81.897446,""
"Diwancheruvu Bus Stop","bus",17.046186,81.844067,""
"Red Hills MTC Bus Terminus","bus",13.192939,80.183987,""
"Vadamalpeta Bus Stop","bus",13.549125,79.523911,""
"Srinivasa Mangapuram Bus Stop","bus",13.607091,79.448777,""
"Red Hills Bypass Bus Stop","bus",13.196737,80.181051,""
"Madhavarm APSRTC , TNSTC Bus Terminus","bus",13.145566,80.221364,""
"Janappanchataram Bus Stop","bus",13.262437,80.154631,""
"Rajam ( Palasa ) Bus Stop","bus",18.758838,84.447408,""
"Elamanchili Bypass BusStop","bus",17.564695,82.860986,""
"bageshwar bus station","bus",29.817785,79.773941,""
"Kannampalayam Bus Stop","bus",10.997527,77.099384,""
"GREEN LINE Bus Counter-Baraiyarhat, Baraiyarhat, Chittagong","bus",22.893063,91.534753,""
"TGSRTC  Bus Station , Miryalaguda","bus",16.870405,79.561426,""
"Baryarhat Bus Counter Service","bus",22.89269,91.534761,""
"ENA Transport (Pvt)LTD, Baraiyarhat, Chittagong","bus",22.892727,91.535498,""
"Badem Bus Stand","bus",15.608165,73.749933,""
"Thakur Dighi Bazar Bus stop, Dhaka - Chittagong Hwy, Chittagong","bus",22.817895,91.554551,""
"Bargachi Bus Station","bus",26.657513,87.636982,""
"Khaiyachara Bus Stand, Mirsharai, Chittagong","bus",22.760951,91.582195,""
"Koyambedu Mofussil Bus Terminal","bus",13.065835,80.205601,""
"TNSTC Tanthiperiyar Bus Depot , Tiruvannamalai","bus",12.213783,79.056561,""
"TNSTC Bus Depot , Tiruvannamalai","bus",12.252044,79.067277,""
"Boro Takia Bazar Bus Stop, Mirsharai, Chittagong","bus",22.755041,91.586009,""
"TGSRTC Bus Station , Ibrahimpatnam","bus",17.191737,78.647465,""
"TSRTC BUS DEPOT , IBRAHIMPATNAM","bus",17.186849,78.648746,""
"TSRTC Bus Stand , Falaknuma","bus",17.329741,78.470299,""
"TSRTC BUS DEPOT , MEHADIPATANM","bus",17.392257,78.44059,""
"Mehdipatnam  Bus Stop","bus",17.392158,78.441849,""
"TSRTC WORKSHOP , RTC X ROADS","bus",17.406325,78.50012,""
"TSRTC Bus Station , Prashant Nagar","bus",17.473504,78.426743,""
"VIDYANAGAR BUS STOP","bus",17.404321,78.510287,""
"Kushaiguda Bus Stop","bus",17.468956,78.565445,""
"L.B Nagar Bus Stop","bus",17.342188,78.557663,""
"TSRTC BUS STAND , N.G.O""S COLONY","bus",17.324908,78.566462,""
"TSRTC BUS DEPOT, MIYAPUR 1","bus",17.513361,78.359976,""
"TGSRTC Bus Building Unit Depot","bus",17.510389,78.360808,""
"APSRTC BUS DEPOT PARKING AREA , RAMACHANDRAPURAM","bus",17.516823,78.289059,""
"MANGALAMPETA BUS STOP","bus",13.576639,79.093852,""
"Damalacheruvu Bus Stop","bus",13.481877,79.042967,""
"K.KothapetaBus Stop","bus",13.550088,79.088224,""
"Krishnapuram Bus Stop","bus",13.487507,79.085693,""
"Shantinagar Ratnapark Bus Station","bus",27.641904,85.323409,""
"Kannurupalem Bus Stop","bus",17.634527,82.81863,""
"Budhanilkantha Bus Station","bus",27.778365,85.360444,""
"Boddavada Bus Stop","bus",19.129889,84.603496,""
"Koligam Bus Stop","bus",19.122105,84.61725,""
"Edukondalu APSRTC Bus Station Terminal","bus",13.629994,79.427417,""
"Srinivasa APSRTC Bus Station Terminal","bus",13.629896,79.426739,""
"Purushottapuram Bus Stop","bus",18.466082,83.94816,""
"Ramanguda Bus Stop","bus",19.214961,83.66505,""
"Unagarada Metta Bus Stop","bus",18.539111,83.724371,""
"Yerakayapuram Bus Stop","bus",18.578568,83.699263,""
"Sankili Bus Stop","bus",18.562396,83.742071,""
"Tunivada Bus Stop","bus",18.575312,83.685058,""
"Kedaripuram Bus Stop","bus",19.127134,83.641574,""
"Battili / Gunupur X Roads Bus Stop","bus",19.03144,83.770799,""
"Seethampeta Bus Stop","bus",18.695427,83.817533,""
"Donakonda Bus Stop","bus",15.831266,79.486157,""
"Atmakur-N Highway Bus Stop","bus",14.645099,79.617399,""
"Gudivaka Lanka Bus Stop","bus",16.637905,81.214094,""
"Thatichetlapalem Bus Stop","bus",14.774063,80.094888,""
"Uppalapadu Bus Stop","bus",14.620876,79.91875,""
"Ulavapadu Bypass Bus Stop","bus",15.167293,80.00136,""
"Ulavapadu Bua Stop","bus",15.164553,80.009529,""
"Tarlupadu Bus Stop","bus",15.657642,79.22278,""
"Machavaram Bus Stop","bus",15.369423,79.486778,""
"Pathapadu ( Kanigiri ) Bus Stop","bus",15.264093,79.421523,""
"Guravajipeta Bus Stop","bus",15.228345,79.398722,""
"Komatigunta Bus Stop","bus",15.177537,79.337582,""
"Sajjavaripalem Bus Stop","bus",16.006207,80.796614,""
"Nakshatranagar Bus Stop","bus",15.891295,80.774819,""
"Kothapalem Bus Stop","bus",15.886243,80.791278,""
"Aduvuladivi Bus Stop","bus",15.912378,80.774204,""
"Kunchinapudi Bus Stop","bus",15.962717,80.749287,""
"Pallapatla Bus Stop","bus",15.982168,80.751944,""
"Lankavanidibba Bus Stop","bus",15.792534,80.843513,""
"Ganganipalem Bus Stop","bus",15.883772,80.8873,""
"Utagundam Bus Stop","bus",15.95029,81.06835,""
"Paradarami Bus Stand","bus",13.06958,78.973485,""
"Pernumbut Bus Stand","bus",12.933465,78.717364,""
"Allagadda Bypass Bus Stop","bus",15.150114,78.500385,""
"Uyyalavada Bus Stop","bus",15.099691,78.395791,""
"APSRTC BUS STAND , GANAPAVARAM","bus",16.702174,81.461666,""
"Katretikona Bus Stop","bus",16.581806,82.153775,""
"Kothur Lanka Bus Stop","bus",16.264477,80.801424,""
"Mohishkundi Bus Stop","bus",24.049658,88.76169,""
"APSRTC Bus Station , Thullur","bus",16.529251,80.471216,""
"Konduru Bus Stop","bus",16.574821,80.067337,""
"MSRTC Bus Depot","bus",18.3986,76.562684,""
"Srikalahasthi Bypass Bus Stop","bus",13.749035,79.688517,""
"Gudur Bypass Bus Stop","bus",14.137961,79.863612,""
"Thallapalem Bus Stop","bus",17.63426,82.893972,""
"Thampanoor central","bus",8.488248,76.95204,""
"Jagannadhapuram Bus Stop","bus",18.440268,84.209396,""
"Udayapuram Bus Stop","bus",18.458617,84.224487,""
"Borubhadra Bus Stop","bus",18.477769,84.207783,""
"Santhabommali X Roads Bus Stop","bus",18.536361,84.217368,""
"Harichandrapuram Village Bus Stop","bus",18.468567,84.130354,""
"Priyagraharam Bus Stop","bus",18.421649,84.14135,""
"Pinnintipeta Bus Stop","bus",18.430832,84.170766,""
"Kotabommali Bus Stop","bus",18.520191,84.163138,""
"Chakrampeta Bus Stop","bus",14.245737,79.242803,""
"Chitvel Bus Stop","bus",14.170828,79.333423,""
"Hemavathi Bus Stop","bus",14.025297,76.995144,""
"Amarapuram Bus Stop","bus",14.129866,76.978196,""
"PulPari","bus",27.66989,85.437672,""
"Lodduputti Junction Bus Stop","bus",19.092336,84.675289,""
"Nanakheda bus station","bus",23.158835,75.788525,""
"Kotanka Bus Stop","bus",14.770227,77.528186,""
"Martadu Bus Stop","bus",14.793375,77.564608,""
"Garladinne Bus Stop","bus",14.820493,77.597794,""
"Vadiyampeta  Bus Stop","bus",14.750179,77.60228,""
"Vadiyampeta Bypass Bus Stop","bus",14.747559,77.603111,""
"Samaladoddi Bus Stop","bus",14.725412,77.604516,""
"Veerannapeta Bus Stop","bus",18.678887,84.168418,""
"Naupada Bus Stop","bus",18.571725,84.274145,""
"Bhavanapadu Bus Stop","bus",18.570836,84.354084,""
"Manchineellapeta Bus Stop","bus",18.662829,84.436308,""
"Kondavuru Bus Stop","bus",18.675387,84.406509,""
"Pallivuru Bus Stop","bus",18.655645,84.417491,""
"Umilada Bus Stop;Umilada Beach Bus Stop","bus",18.427473,84.199405,""
"Katikavakikunta  Bus Stop","bus",15.37216,78.11584,""
"Yaganti Bus Stop","bus",15.346362,78.14901,""
"Patapadu Bus Stop","bus",15.329548,78.158565,""
"New Bus station","bus",23.245608,69.655921,""
"Dewas Gate Bus station, buses north and local","bus",23.180926,75.782384,""
"Unique Transport & Truck Terminal, Dhaka - Chittagong Hwy, Sonaichhari, Chattogram","bus",22.471932,91.722342,""
"Vadodara New Bus Station","bus",22.313539,73.181052,""
"shared jeeps up the hill","bus",22.483013,73.53589,""
"IGMC Bus Station","bus",31.105092,77.185905,""
"IFAD AUTO SERVICES LTD, CTG UNIT-1","bus",22.399139,91.755961,""
"Ashok Leyland Service Centre, Salimpur, Salimpur Union, Chattogram","bus",22.398948,91.755954,""
"Solan Bus Station","bus",30.91,77.096816,""
"Kandaghat Bus Station","bus",30.966836,77.107856,""
"Station road","bus",21.662276,70.52973,""
"kodenchery bus station","bus",11.430951,76.006881,""
"G.M.O.U. Ltd (Rishikesh/Hariwad)","bus",30.55599,79.561237,""
"Bus St","bus",9.268655,80.813124,""
"Hazrat Kalu Shah (R:) Mazar Truck Terminal, Kalushah Nagar, South, Chattogram","bus",22.390674,91.760245,""
"Piravom Bus Stand","bus",9.874492,76.488578,""
"Revallu Bus Stop","bus",17.625022,82.18255,""
"Mampa Bus Stop","bus",17.656376,82.171005,""
"Koyyuru Bus Stop","bus",17.66075,82.208405,""
"Karakapdau Bus Stop","bus",17.641528,82.235069,""
"Boodaralla Bus Stop","bus",17.728211,82.253889,""
"Gudlapalle Bus Stop","bus",17.690923,82.252571,""
"Krishnadevipeta Bus Stop","bus",17.673141,82.379734,""
"Jogumpeta Bus Stop","bus",17.677817,82.478503,""
"Bike taxi stop - never recommend","bus",26.119705,91.822204,""
"ST Workshop","bus",18.406538,76.566972,""
"Majalgaon Bus Point","bus",18.398368,76.572929,""
"Old Railway Station Bus Stand","bus",18.398042,76.57845,""
"Jamuna Logistics & Shipping Limited, Chattogram","bus",22.356898,91.760652,""
"APSRTC Non-Stop Terminal","bus",18.309238,83.89401,""
"Ponduru Bypass Bus Stop","bus",18.354235,83.759487,""
"Kukkidi Bu Stop","bus",19.045299,83.656343,""
"Polla Bus Stop","bus",18.763361,83.686925,""
"Dandasura Bus Stop","bus",18.816636,83.701279,""
"Haji Camp Adda","bus",34.0171,71.611252,""
"Lama Bus Tarminal","bus",21.773819,92.195548,""
"Vaddivada Bus Stop","bus",18.499262,84.209702,""
"TGSRTC Bus Station , Bhadrachalam","bus",17.671753,80.890774,""
"Tongpal Bus Stop","bus",18.72583,81.809939,""
"Akkayyavalasa Junction Bus Stop Shelter","bus",18.51323,84.14163,""
"Green Line Paribahan","bus",21.759076,92.076325,""
"Rekhapalle Bus Stop","bus",17.568013,81.29995,""
"APSRTC Bus Station , Vayalapadu","bus",13.638694,78.631396,""
"ARK Cargo Service, Chittagong Office","bus",22.32902,91.788648,""
"APSRTC Bus Station , Marturu","bus",15.977713,80.098684,""
"Samireddypalli Bus Stop","bus",13.052691,78.95723,""
"Gondivallavuru  Bus Stop","bus",13.090619,78.957665,""
"Patrapalle Bus Stop","bus",13.096122,78.979389,""
"Kakdwip","bus",21.870756,88.185779,""
"Airport Feeder Bus Stop","bus",10.109473,76.349658,""
"Old Bus stand Manjeri","bus",11.119855,76.120228,""
"Vadditandra Bus Stop","bus",18.54266,84.234585,""
"Lakshminarasupeta Junction Bus Stop","bus",18.621947,83.939407,""
"Koppara Bus Stop","bus",18.629514,83.560789,""
"Bangaruvalasa Bus Stop","bus",18.654628,83.566812,""
"Maddivalasa Bus Stop","bus",18.639776,83.587575,""
"Jamadala bus stop","bus",18.727113,83.309804,""
"Namakkal New Bus Stand","bus",11.256637,78.171259,""
"Jadavpur 8b Bus Terminal","bus",22.49566,88.370563,""
"Appikonda Bus Stop","bus",17.574685,83.16997,""
"Murubai Bus Stop","bus",17.580406,83.16163,""
"Tirupathi Airport APSRTC Bus Stop","bus",13.638725,79.547534,""
"APSRTC Bus Station , Agirepalli","bus",16.679788,80.783218,""
"Nidamanuru Bus Stop","bus",16.510832,80.715846,""
"Pedapulipaka Bus Stop","bus",16.458766,80.682525,""
"Munduru Bus Stop","bus",16.82761,81.159587,""
"Avidi Bus Stop","bus",16.674595,81.90457,""
"Gangadhara Nellore Bus Stop","bus",13.230762,79.180955,""
"Balija Khandriga Bus Stop","bus",13.222139,79.443846,""
"Nochili Bus Stop","bus",13.230345,79.474276,""
"Vanadurgapuram Bus Stop","bus",13.24746,79.400648,""
"Satellite Bus Stand","bus",16.832054,75.70183,""
"New bus station","bus",15.30773,76.474412,""
"Mopungchucket, Impur station","bus",26.326575,94.523008,""
"Dhupguri Bus Terminus","bus",26.587099,89.004024,""
"NST counter","bus",26.454474,94.550657,""
"အထက်မင်းလှ အဝေးပြေးကားဂိတ်","bus",19.964909,95.03232,""
"APSRTC Bus Station , yerpedu","bus",13.69438,79.594614,""
"Dasarapalle Bus Stop","bus",13.131015,79.036899,""
"Krishnampalle Bus Stop","bus",13.099309,79.033172,""
"Kottalam Bus Stop","bus",13.077543,79.025859,""
"Yadamari Bus Stop","bus",13.160032,79.038672,""
"Kasiralla Bus Stop","bus",13.125497,79.013582,""
"Patrapalle X Roads Bus Stop","bus",13.098589,78.989529,""
"Tellarallapalle BUs Stop","bus",13.081351,78.959527,""
"Kannikapuram Bus Stop","bus",13.086336,78.984587,""
"Vepanapalle Bus Stop","bus",13.098921,79.018245,""
"Singupallli Bus Stop","bus",16.188213,79.541048,""
"Tellagatla Bus Stop","bus",16.156385,79.493616,""
"Marrivemula Bus Stop","bus",16.235367,79.553716,""
"Ungaranigundla Bus Stop","bus",15.365305,77.829021,""
"U . Kottapalli Bus Stop","bus",15.375261,77.836374,""
"Rekhalakunta Bus Stop","bus",15.331475,77.808322,""
"U . Kottapalli Bypass Bus Stop","bus",15.371783,77.833495,""
"Obulapuram Bus Stop","bus",15.347136,77.794795,""
"Eddupenta X Roads Bus Stop","bus",15.364578,77.783105,""
"Yapadinne  Bus Stop","bus",15.382451,77.776073,""
"Malliyala Bus Stop","bus",15.395028,77.770583,""
"Katarakonda Bus Stop","bus",15.42136,77.751512,""
"Alamkonda Bus Stop","bus",15.43911,77.736275,""
"Lakkasagaram Bus Stop","bus",15.471973,77.713771,""
"Pandirlapalli Bus Stop","bus",15.466063,77.683129,""
"Gundlakonda Bus Stop","bus",15.47687,77.650952,""
"Gundlakonda X Roads Bus Stop","bus",15.475245,77.64894,""
"Gundamralla Bus Stop","bus",15.495623,77.661298,""
"Nelatalamari Bus Stop","bus",15.49598,77.598179,""
"Devanakonda Bus Stop","bus",15.540137,77.546395,""
"Bestharapalli Bus Stop","bus",14.292188,77.101283,""
"Bestharapalli x Roads Bus Stop","bus",14.29389,77.096296,""
"Jambugampala Bus Stop","bus",14.256777,77.063903,""
"Machchalli Sunnapalli Bus Stop","bus",18.517898,84.300266,""
"Manayyapeta Bus Stop","bus",18.384722,83.926501,""
"Sigupuram Juction Bus Stop","bus",18.366232,83.977977,""
"Sigupuram Village Bus Stop","bus",18.354463,83.970807,""
"Urlam Bus Stops","bus",18.418665,83.993663,""
"Nadagam Bus Stop","bus",18.434442,83.982668,""
"Chodavaram Bus Stop","bus",18.467845,83.966828,""
"Allada Bus Stop","bus",18.4811,83.975959,""
"Pedda Lakshmipuram Bus Stop","bus",18.782151,84.215118,""
"Bandapalli Bus Stop","bus",18.70678,84.214964,""
"Jalaka Lingupuram Bus Stp","bus",18.743895,84.186395,""
"Damara Bus Stop","bus",18.647846,84.229374,""
"Ratti Bus Stop","bus",18.817944,84.54457,""
"Gunjarada Bus Stop","bus",18.951873,83.673097,""
"Ratnagiri Bus Stop","bus",13.810986,77.126977,""
"Gollapalli Bus Stop","bus",13.90834,77.530591,""
"Chalakuru Bus Stop","bus",13.939504,77.556928,""
"Brahmanapalli Bus Stop","bus",13.96649,77.573153,""
"Chakarlapalli Bus Stop","bus",13.995573,77.582075,""
"Challapalli Bus Stop","bus",14.004551,77.557097,""
"Malugur X Roads Bus Stop","bus",13.895672,77.524204,""
"Nnadavaram Bus Stop","bus",15.853508,77.485224,""
"Nadigallu Bus Stop","bus",18.694128,83.413559,""
"Papammavalasa Bus Stop","bus",18.697946,83.399658,""
"Mahanandi Bus Stop","bus",15.471014,78.625274,""
"Govindapalle Bus Stop","bus",15.352185,78.517215,""
"Yerraguntla Bus Stop","bus",15.282106,78.507274,""
"Divili Bus Stop","bus",17.144846,82.161877,""
"Rajupalem Bus Stop","bus",17.166849,82.168759,""
"Kirlampudi Bus Stop","bus",17.197819,82.181155,""
"Vommangi Bus Stop","bus",17.258221,82.221323,""
"Uttarakanchi Bus Stop","bus",17.299464,82.208918,""
"Peddipalem Bus Stop","bus",17.312198,82.213273,""
"Ravutpalem Bus Stop","bus",17.308878,82.201497,""
"Maturu X Roads Bus Stop","bus",16.959189,80.400872,""
"Rolupadi Bus Stop","bus",17.051152,80.571291,""
"TGSRTC Bus Station , Kodada","bus",16.996907,79.96595,""
"TSRTC BUS DEPOT, KODADA","bus",16.995687,79.965915,""
"TGSRTC Hi-Tech Bus Stand , Suryapeta","bus",17.152201,79.620031,""
"TGSRTC New Bus Stand , Suryapeta","bus",17.150493,79.622588,""
"TSRTC BUS STAND , PALVANCHA","bus",17.599059,80.705752,""
"TGSRTC Bus Station , Kothagudem","bus",17.548181,80.615643,""
"Down Town","bus",26.1383,91.799712,""
"Indapur","bus",18.497275,75.81564,""
"Choumuhuni Bus Stand, Sheikh Mujib Rd, Chattogra","bus",22.332516,91.812752,""
"T . Kottapalli Bus Stop","bus",14.844082,78.78825,""
"Jyothi Bus Stop","bus",15.060781,78.796183,""
"Mudireddipalle Bus Stop","bus",14.856632,78.798326,""
"Mallepalle Bus Stop","bus",14.888865,78.880704,""
"Amagampalle Bus Stop","bus",14.920262,78.906234,""
"Vankamarri Bus Stop","bus",14.938757,78.941972,""
"Narsingpalle Bus Stop","bus",14.972397,78.977551,""
"Sankhavaram Bus Stop","bus",15.048617,78.978879,""
"Narasapuram Bus Stop","bus",15.052888,78.934418,""
"Ganganapalle Bus Stop","bus",15.05673,78.909288,""
"Balayapalle Bus Stop","bus",15.067151,78.890231,""
"Varikunta Bus Stop","bus",15.051532,78.865362,""
"Tegacherla Bus Stop","bus",14.396645,79.41526,""
"Sydadupalli Bus Stop","bus",14.237974,79.534079,""
"Yepuru Bus Stop","bus",14.256544,79.519074,""
"Akilavalasa Bus Stop","bus",14.290639,79.506004,""
"Penubarthi Bus Stop","bus",14.335123,79.480373,""
"Gonupalle Bus Stop","bus",14.342234,79.47275,""
"Garimenapeta Bus Stop","bus",14.381262,79.462909,""
"Koturupalle  Bus Stop","bus",14.413675,79.39869,""
"Uyyalapalle Bus Stop","bus",14.424857,79.39084,""
"Venkataramarajupeta Bus Stop","bus",14.456305,79.372398,""
"Kulluru Bus Stop","bus",14.492404,79.36745,""
"Kudaravalli Bus Stop","bus",16.561915,81.033639,""
"Satyavolu Bus Stop","bus",16.600599,81.029404,""
"Vangayagudem Bus Stop","bus",16.696046,81.093003,""
"Budawada Bus Stop","bus",16.875803,80.033347,""
"VSP Town Ship vBus Stop","bus",16.87365,80.090053,""
"Kadirepalli Bus Stop","bus",13.986987,77.54315,""
"Cheedigummala Bus Stop","bus",17.687186,82.573617,""
"Golugonda Bus Stop","bus",17.67918,82.469798,""
"Chodyam Bus Stop","bus",17.662433,82.426216,""
"Kannammapeta Bus Stop","bus",17.642592,82.418665,""
"Kantaram Bus Stop","bus",17.606932,82.379652,""
"Kommika Bus Stop","bus",17.603973,82.339264,""
"Borrampeta Bus Stop","bus",17.598767,82.322856,""
"TGSRTC Bus Station , Aswaraopet","bus",17.244945,81.130617,""
"Jeelugumilli Bus Stop","bus",17.212793,81.133773,""
"Vankavarigudem Bus Stop","bus",17.205025,81.143189,""
"Lakshmipuram Bus Stop","bus",17.156795,81.170309,""
"Taduvai Bus Stop","bus",17.141482,81.203699,""
"Vegavaram Bus Stop","bus",17.127134,81.240753,""
"Manchala Bus Stop","bus",17.947872,82.885552,""
"Cheedikada Bus Stop","bus",17.92956,82.891875,""
"Chinna Gogada Bus Stop","bus",17.897921,82.905212,""
"Damunapalle Bus Stop","bus",17.86186,82.926295,""
"Gandhavaram Bus Stop","bus",17.772542,82.987528,""
"Marturu Road X Roads Bus Stop","bus",17.725186,82.996538,""
"Govada Bus Stop","bus",17.804757,82.966397,""
"Krosuru Bus Stop","bus",16.547208,80.136863,""
"Vipparla Bus Stop","bus",16.555223,80.175823,""
"Utukuru Bus Stop","bus",16.566355,80.201892,""
"Bayyavaram Bus Stop","bus",16.55183,80.210549,""
"mUNUGODU bUS sTOP","bus",16.567763,80.23972,""
"Jupudi Bus Stop","bus",16.566072,80.257409,""
"Malladi Bus Stop","bus",16.573536,80.278475,""
"Tammavaram  Bus Stop","bus",16.574929,80.286803,""
"Didugu Bus Stop","bus",16.579872,80.299367,""
"Muttayapalem Bus Stop","bus",16.581163,80.319484,""
"Dharanikota Bus Stop","bus",16.577647,80.347563,""
"Narukullapadu Bus Stop","bus",16.531867,80.366606,""
"Endroyi  Bus Stop","bus",16.514262,80.376569,""
"Mothadaka  Bus Stop","bus",16.471664,80.402989,""
"Thadikonda X Roads Bus Stop","bus",16.410338,80.419882,""
"Lam Farms Bus Stop","bus",16.367039,80.434439,""
"Gorantla Bus Stop","bus",16.342453,80.439173,""
"Government Hospital Bus Stop","bus",16.330411,80.43834,""
"Pottempadu Bus Stop","bus",14.321169,80.029431,""
"Eedulavaripalem Bus Stop","bus",14.342893,80.054912,""
"Brahmadevam Bus Stop","bus",14.344486,80.066267,""
"Kakupalle Bus Stop","bus",14.389497,80.03264,""
"Uttaravalli Bus Stop","bus",18.467051,83.476184,""
"Chinna Sirlam Bus Stop","bus",18.509338,83.691351,""
"Burada Bus Stop","bus",18.497043,83.678608,""
"Burada Junction Bus Stop","bus",18.492078,83.675994,""
"Ommi Bus Stop","bus",18.451102,83.602937,""
"Perumali Bus Stop","bus",18.449162,83.563001,""
"Panukuvalasa Bus Stop","bus",18.460479,83.532294,""
"Locherla Bus Stop","bus",18.481859,83.533574,""
"Vantharam Bus Stop","bus",18.540332,83.53267,""
"Balijipeta Bus Stop","bus",18.613753,83.527026,""
"Maripalli Bus Stop","bus",18.618933,83.152417,""
"Dandigam Bus Stop","bus",18.612964,83.116216,""
"APSRTC Bus Station , Rajam","bus",18.450996,83.659584,""
"Bucchampeta X Roads Bus Stop","bus",17.700886,82.597786,""
"Dharakonda Bus Stop","bus",17.997681,82.12462,""
"Lankapakalu","bus",17.906438,82.181106,""
"Rajupakalu Bus Stop","bus",17.824349,82.471182,""
"Ebulam Bus Stop","bus",17.869931,82.268551,""
"Kadugula  Bus Stop","bus",17.876724,82.296079,""
"Kummarithota Bus Stop","bus",17.975374,82.07603,""
"Patakotta Bus Stop","bus",17.887182,81.984507,""
"Gummarevulu Bus Stop","bus",17.887098,82.002633,""
"Vanchula bUS sTOP","bus",17.909303,82.291076,""
"Jerrila Bus Stop","bus",17.946127,82.303391,""
"Mondigedda Bus Stop","bus",17.952596,82.317415,""
"Duppalwada Bus Stop","bus",18.021513,82.090174,""
"Dharalamma Temple Bus Stop","bus",17.981251,82.13268,""
"Sankada Bus Stop","bus",17.828851,82.288546,""
"Peddavalasa Bus Stop","bus",17.785234,82.269844,""
"Lakkavarapupeta Bus Stop","bus",17.802261,82.245324,""
"Devarapalli Bus Stop","bus",17.835279,82.255302,""
"Sarabhannapalem Bus Stop","bus",17.754767,82.368228,""
"Bayyapureddipalem Bus Stop","bus",17.635068,82.602642,""
"Mulagapudi Bennavaram Bus Stop","bus",17.609397,82.573863,""
"Srungavaram Bus Stop","bus",17.54501,82.526313,""
"Thandava Junction Bus Stop","bus",17.583299,82.55112,""
"Gannavarm Metta Bus Stop","bus",17.512223,82.508296,""
"Kotanandūru Bus Stop","bus",17.481477,82.494957,""
"Diguvulappolavaram Bus Stop","bus",17.431057,82.524239,""
"Nidimipalem Bus Stop","bus",17.642524,82.26968,""
"Sarabhavaram Bus Stop","bus",17.611489,82.242345,""
"Rajavommangi Bus Stop","bus",17.546841,82.232905,""
"Vattigedda Bus Stop","bus",17.511533,82.192988,""
"Cherukumpalem Bus Stop","bus",17.464759,82.146236,""
"Bornagudem Bus Stop","bus",17.428153,82.12402,""
"Jaddangi Annavaram Bus Stop","bus",17.387591,82.09515,""
"Gontuvanipalem Bus Stop","bus",17.356396,82.1134,""
"Ramanayyapeta Bus Stop","bus",17.321123,82.101238,""
"Kinchavanipalem Bus Stop","bus",17.657214,82.180459,""
"Bandamamillu Bus Stop","bus",17.621483,82.139245,""
"Dakodu Bus Stop","bus",17.610698,82.127757,""
"Rampulu Bus Stop","bus",17.753755,82.30565,""
"Chaparatipalem Bus Sstop","bus",17.765712,82.286407,""
"Doddavaram Bus Stop","bus",17.673828,82.238802,""
"Konalova Bus Stop","bus",17.446264,82.090522,""
"Kotthampalem Bus Stop","bus",17.465944,82.120926,""
"Rajampalem Bus Stop","bus",17.432154,82.064361,""
"Papampeta Bus Stop","bus",17.447847,82.038643,""
"APSRTC  Bus Station , Addateegala","bus",17.477338,82.024039,""
"Etupalli Bus Stop","bus",17.472677,81.962583,""
"Chinna Addapalli Bus Stop","bus",17.450586,81.936103,""
"Usirikijonnalu Bus Stop","bus",17.405701,81.852343,""
"Sitapalli Bus Stop \ Sitapalli Bus Stop","bus",17.401836,81.80107,""
"Rampachodavaram Bus Stop","bus",17.440115,81.777355,""
"Chinna Geddāda Bus Stop","bus",17.452532,81.738573,""
"Devarapalle Bus Stop","bus",17.522063,81.723714,""
"Maredumilli Bus Stop","bus",17.59717,81.714931,""
"Mettur Bus Stand","bus",11.791703,77.799168,""
"Gopalpur Main Bus Terminal","bus",19.258581,84.900472,""
"Matchyapuram Bus Stop","bus",18.049314,82.550533,""
"Annavaram Bus Stop","bus",17.984607,82.413206,""
"LothugeddavBus Stop","bus",17.962395,82.393638,""
"Donkarāyi Bus Stop","bus",17.927955,81.802245,""
"Mangampadu Busn Stop","bus",17.965837,81.901024,""
"Forebay Camp Bus Stop","bus",17.853213,81.702989,""
"Mothugudem Bus Stop","bus",17.830228,81.633477,""
"Gudlagudem Bus Stop","bus",17.7568,81.519308,""
"Lakkavaram Junction Bus Stop","bus",17.754136,81.495337,""
"Hukkumpeta Bus Stop","bus",18.14717,82.692333,""
"Peddagaruvu Bus Stop","bus",18.180614,82.747296,""
"Rangasila Bus Stop","bus",18.20868,82.77886,""
"Kinchumanda Bus Stop","bus",18.245688,82.796771,""
"Dumbriguda Bus Stop","bus",18.287841,82.792016,""
"Marela Bus Stop","bus",18.177994,82.753327,""
"Santhari Bus Stop","bus",18.167791,82.788651,""
"Rapa Junction Bus Stop","bus",18.144804,82.812491,""
"Uppa Junction Bus Stop","bus",18.115964,82.824353,""
"Bhalluguda Bus Stop","bus",18.284615,82.940232,""
"Sunkarametta Bus Stop","bus",18.278035,82.966667,""
"Bisupuram Bus Stop","bus",18.269522,82.994815,""
"Borra Junction Bus Stop","bus",18.241641,83.030517,""
"Damuku Bus Stop","bus",18.221891,83.035523,""
"Tyada Park Bus Stop","bus",18.214806,83.039313,""
"Tyada  Bus Stop","bus",18.214154,83.043508,""
"Sivalingapuram Bus  Stop","bus",18.209345,83.068,""
"Kasipatnam Bus  Stop","bus",18.216136,83.116956,""
"Nidigatla X Roads Bus Stop","bus",17.081417,81.820031,""
"Etalapadu Bus Stop","bus",17.364528,81.801114,""
"Jagarampalli Bus Stop","bus",17.405071,81.791324,""
"Korukonda Bus Stop","bus",17.169448,81.831245,""
"Gummalladoddi Bus Stop","bus",17.195147,81.840872,""
"Konthamuru Bus Stop","bus",17.045294,81.795913,""
"Devaratigudem Bus Stop","bus",17.316932,81.839289,""
"Thativada Bus Stop","bus",17.431144,81.811562,""
"Tallapalem Bus Stop","bus",17.46148,81.824486,""
"Gunjugudem Bus Stop","bus",17.512604,81.836261,""
"Kota Bus Stop","bus",17.580013,81.898089,""
"Erragonda Bus Stop","bus",17.564925,81.917376,""
"Regadipalem Bus Stop","bus",17.573687,81.941848,""
"Chavitidibbalu Bus Stop","bus",17.61936,81.984172,""
"Panasalapālem Bus Stop","bus",17.646375,81.972102,""
"Y. Ramavaram Bus Stop","bus",17.679048,81.956752,""
"Kuduru Bus Stop","bus",17.63359,81.734988,""
"Kutravada Bus Stop","bus",17.66147,81.717761,""
"Boduluru Bus Stop","bus",17.695439,81.704557,""
"Vukkuluru Junction Bus Stop","bus",17.715487,81.76437,""
"Akumamidikota Bus Stop","bus",17.743529,81.800535,""
"Pothavaram Bus Stop","bus",17.786116,81.902335,""
"Daragedda Bus Stop","bus",17.811198,81.914912,""
"Edlakonda Bus Stop","bus",17.828103,81.929985,""
"Gurtedu Bus Stop","bus",17.844482,81.943148,""
"Barangi Bus Stop","bus",17.403523,81.756056,""
"Tativada Bus Stop","bus",17.415076,81.740946,""
"Pamugandi Bus Stop","bus",17.395122,81.730851,""
"Velagapalli Bus Stop","bus",17.354088,81.734045,""
"Davanapalle Bus Stop","bus",17.353909,81.716836,""
"Maddirathigudem Bus Stop","bus",17.373663,81.693681,""
"Errametla Bus Stop","bus",17.383729,81.663117,""
"Sriramagiri Bus Stop","bus",17.527791,81.294139,""
"Churu Old Bus Stand","bus",28.288837,74.965013,""
"Nuthalapadu Bus Stop","bus",15.934958,80.230305,""
"Jhinu Danda Bus Stop","bus",28.403846,83.822999,""
"Sahva Bus Stand","bus",29.101612,75.164471,""
"HRTC Volvo Bus Stand","bus",32.989255,74.926704,""
"Kittalapaduv Bus Stop","bus",18.618904,83.975509,""
"Mahalakshmi Puram Bus Stop","bus",18.659161,83.960477,""
"BhagiradhipuramBus Stop","bus",18.669231,83.964792,""
"Nauguda Bus Stop","bus",18.698286,83.951588,""
"Shasthrulupeta Bus Stop","bus",18.726754,83.941612,""
"APSRTC Bus Station , Rapur","bus",14.199269,79.534823,""
"Kalleru Bus Stop","bus",17.805643,81.394958,""
"Motu Bus Stop","bus",17.833886,81.404404,""
"SALEM BUS PORT","bus",11.703533,78.111931,""
"Garudakandi Bus Stop","bus",18.733847,84.400189,""
"Bendi Gtae Bus Stop","bus",18.723332,84.388216,""
"Royal Express Booking","bus",34.016033,71.593349,""
"Bhagirathipuram Bus Stop","bus",18.19826,83.862495,""
"Dharmavaram Bus Stop","bus",18.215588,83.882896,""
"Ponnada Bus Stop","bus",18.254064,83.902158,""
"Collector Office Bus Stop","bus",18.275555,83.900993,""
"Balarama Puram Bus Stop","bus",18.611975,84.147121,""
"Gujji Bus Stop","bus",18.721202,83.71539,""
"Dasegowniyur Bus Stop","bus",12.755009,78.383694,""
"Paluru Bus Stop","bus",12.76927,78.418219,""
"West Bengal Transport Corporation - Belgachia Deopt","bus",22.605582,88.384664,""
"Varatanapalli Bus Stop","bus",12.580225,78.301,""
"Guttuluputtu Bus Stop","bus",18.124368,82.647338,""
"Gamparayi  Bus Stop","bus",18.182708,82.637337,""
"Idulaputtu Bus Stop","bus",18.214298,82.631692,""
"Peda Bayalu Bus Stop","bus",18.286116,82.586962,""
"Adugulaputtu Bus Stop","bus",18.294817,82.562047,""
"Kujabhangi Bus Stop","bus",18.297349,82.546909,""
"Munchangiputtu Bus Stop","bus",18.367077,82.507772,""
"Ontiputtu Bus Stop","bus",18.396728,82.508186,""
"Panasaputtu Bus Stop","bus",18.41035,82.516244,""
"Labburu Bus Stop","bus",18.443569,82.512673,""
"Makavaram Bus Stop","bus",18.462636,82.507524,""
"Allam Puttu Bus Stop","bus",18.267709,82.546048,""
"Laxmipeta Bus Stop","bus",18.249302,82.537773,""
"Kothur Junction  Bus Stop","bus",18.334742,82.549194,""
"Bir Bus Terminus","bus",32.044077,76.725573,""
"Dollputtu Bus Stop","bus",18.311286,82.471659,""
"Rudakota Bus Stop","bus",18.293417,82.460831,""
"Kumada Bus Stop","bus",18.278117,82.427788,""
"Kummarivanipeta Bus Stop","bus",18.289931,84.079797,""
"Srikurmam X Bus Stop","bus",18.300002,83.989831,""
"Vaddadi Bus Stop","bus",17.85097,82.868155,""
"Singavaram Bus Stop","bus",17.820934,82.841383,""
"Lopudi Bus Stop","bus",17.823753,82.845912,""
"Arjanapuram Bus Stop","bus",17.768189,82.741766,""
"Ravikamatam Bus Stop","bus",17.792967,82.802053,""
"Kottha Kota Bus Stop","bus",17.751134,82.698196,""
"Rolugunta Bus Stop","bus",17.715978,82.66899,""
"Chettupalli Bus Stop","bus",17.680026,82.647506,""
"Malliur X Road Bus Stop","bus",13.986266,78.705256,""
"Kurmmaampalle Bus Stop","bus",14.339236,78.475087,""
"Gandi Bus Stop","bus",14.3246,78.486957,""
"Marlagunta Bus Stop","bus",14.123931,79.549796,""
"Uadayagiri Road Junction Bus Stop","bus",14.691748,79.185211,""
"Garudayyagaari Satram Bus Stop","bus",14.731613,79.121276,""
"Raviguntapalle Bus Stop","bus",14.197719,79.569965,""
"Marlapudi Bus Stop","bus",14.196872,79.628589,""
"Kommipadu  Bus Stop","bus",14.200638,79.641274,""
"Saidapuram Bus Stop","bus",14.176557,79.74052,""
"Thippavarappadu X Road Bus Stop","bus",14.165653,79.783867,""
"Goginenipuram Bus Stop","bus",14.156313,79.821541,""
"Anumpalli Bus Stop","bus",14.170375,79.391937,""
"Petluru X Roads Bus Stop","bus",13.937735,79.627294,""
"Panjam X Roads Bus Stop","bus",13.932507,79.657053,""
"Attivaram X Roads Bus Stop","bus",13.915208,79.785023,""
"Timmaji Khandriga Bus Stop","bus",13.91262,79.877163,""
"Amuduru X Roads Bus Stop","bus",13.780213,79.591008,""
"Padmavathi Flour Mill Bus Stop","bus",13.631525,79.469478,""
"APSRTC Bus Station ,Tirupathi","bus",13.629939,79.425808,""
"Mallam Gunta Bus Stop","bus",13.597036,79.41074,""
"Anjaneya swami Gudi Bus Stop","bus",13.512765,79.378017,""
"Pathagunta Bus Stop","bus",13.435759,79.283264,""
"Garigadona Bus Stop","bus",13.442671,79.410483,""
"Vengalrajukuppam Bus Stop","bus",13.20855,79.383048,""
"Eguva Kammakandriga Bus Stop","bus",13.233835,79.324895,""
"Maruvani X Road Bus Stop","bus",15.789468,77.422222,""
"Urukunda","bus",15.79869,77.177556,""
"Malapalli Bus Stop","bus",15.835786,77.326389,""
"Singarajanahalli Bus Stop","bus",15.819108,77.346371,""
"Kambaladinne Bus Stop","bus",15.802606,77.372438,""
"Jalavadi Bus Stop","bus",15.799562,77.378079,""
"Goldoddi Bus Stop","bus",15.786137,77.445316,""
"Jakkidonna Bus Stop","bus",13.40803,79.234631,""
"Penumur Bus Stop","bus",13.372494,79.196914,""
"Nelavoy Bus Stop","bus",13.321921,79.386676,""
"Srirangarajapuram Bus Stop","bus",13.310902,79.360173,""
"Pulicherla Bus Stop","bus",13.599593,79.041573,""
"Mittamidapalle Bus Stop","bus",13.610891,79.016305,""
"Yerraguntlapalle Bus Stop","bus",13.631178,78.963728,""
"Yallampalle Bus Stop","bus",13.625108,78.985806,""
"Chavanapalle Bus Stop","bus",13.405817,79.300077,""
"Devaragudipalle Bus Stop","bus",13.358331,79.253495,""
"Morava Bus Stop","bus",13.38625,79.279573,""
"Devalampeta Bus Stop","bus",13.329285,79.246982,""
"Kothapalli Mitta Bus Stop","bus",13.292714,79.255753,""
"Etteri Bus Stop","bus",13.266458,79.213657,""
"Sivaramapuram Bus Stop","bus",13.621585,78.93028,""
"Balamvaripalle Bus Stop","bus",13.593805,78.924858,""
"Nadigadda Bus Stop","bus",13.521238,78.89679,""
"Cherukuvaripalle Bus Stop","bus",13.477108,78.9033,""
"Booragamanda Bus Stop","bus",13.519341,78.935939,""
"Tirupathur District Bus Stand","bus",12.496491,78.569452,""
"Mulapalle Bus Stop","bus",13.598906,79.215836,""
"Dolagovindapuram Bus Stop","bus",19.064917,84.574721,""
"Padmapuram Bus Stop","bus",18.920668,84.44847,""
"Battigalluru / Ekuvuru Bus Stop","bus",18.859822,84.57987,""
"Jagathi Bus Stop","bus",18.995387,84.678121,""
"Gurudasupuram Bus Stop","bus",18.807377,84.484989,""
"Rangoi Bus Stop","bus",18.80957,84.483802,""
"Singupuram Bus Stop","bus",18.894976,84.395438,""
"Kumbigam Bus Stop","bus",18.857281,84.432864,""
"Kondapalli Bus Stop","bus",18.79215,84.495661,""
"Ammapalli  Bus Stop","bus",13.363279,79.363212,""
"Nindra X Roads Bus Stop","bus",13.39921,79.714716,""
"চাঁদপুর বাস টার্মিনাল","bus",23.233404,90.665789,""
"Bare Last Stop","bus",14.819251,74.488549,""
"Shikaram Bus Stop","bus",16.044694,78.916937,""
"China Arutla Bus Stop","bus",16.042265,78.955597,""
"APSRTC Bus Station , Chirala","bus",15.830632,80.355755,""
"Korukallu Bus Stop","bus",16.48595,81.242956,""
"Kalidindi Bus Stop","bus",16.50683,81.291752,""
"Kadula Viraghottam Bus Stop","bus",18.736302,83.710714,""
"APSRTC Bus Station , Addanki","bus",15.80958,79.975487,""
"Kalleru - Motu Border Bus Stop","bus",17.817667,81.404892,""
"Jeeps to Nungba","bus",24.806651,93.932415,""
"Pachmarhi Bus Station","bus",22.474477,78.435042,""
"TGSRTC Bus Station, Sathupally","bus",17.211598,80.830445,""
"Pipariya Bus Station","bus",22.760402,78.350849,""
"Nimapara Bus Stand","bus",20.066873,85.990804,""
"Raozan Bus Stand, Chittagong - Rangamati Hwy, Raozan, Chattogram","bus",22.53521,91.92213,""
"Jalil Nagar Bus Stand,Bus charter, Jolil Nogor, Chittagong - Rangamati Hwy, Raozan, Chattogram","bus",22.53503,91.919377,""
"Nawdoba Bus Stand, Naodoba, Zajira","bus",23.400094,90.242269,""
"Shariotpur & Kathalbari Ghat Bus Stand, Shariatpur Ghat, Shariatpur Road, Shariatpur","bus",23.418484,90.220168,""
"Nawduba Bus Stand, Padma Brg Rd, Naodoba","bus",23.400571,90.244566,""
"Bus to Mamallapuram","bus",13.06852,80.204936,""
"Mongol Majhir Ghat","bus",23.407701,90.280492,""
"APSRTC Complex West Bus Stop","bus",17.723908,83.305599,""
"Mawa Crossing, Bus stop, Munshiganj Highway, Mawa","bus",23.473298,90.266132,""
"Mawa Crossing, Bus stop, Launch Ghat Rd, Mawa","bus",23.473231,90.265808,""
"Dogachi Bus Stop","bus",23.498951,90.271491,""
"Khan Bari Bus Stands, Dhaka - Mawa Hwy, Mawa, Dhaka","bus",23.489188,90.268487,""
"Sreenagar Bus stop, Sreenagar, Mawa","bus",23.526971,90.287432,""
"Somospur Bus Stand","bus",23.508051,90.275436,""
"Dogachi, Bus stop, Mawa Highway, Mawa","bus",23.498661,90.271515,""
"Bejgaon Bus stop, Sreenagar, Dhaka-Mawa Highway, Mawa","bus",23.533686,90.290324,""
"Bhatiya bus station relay","bus",22.089606,69.278583,""
"Guwahati sumo & shared taxi","bus",25.568076,91.881794,""
"APSRTC Bus Station , Cumbum","bus",15.579579,79.109287,""
"APSRTC BUS STOP , PEDDA ARAVEEDU","bus",15.816494,79.223422,""
"APSRTC Bus Station , Rampachodavaram","bus",17.437583,81.776748,""
"جناح چوک بس سٹاپ","bus",32.074379,73.717468,""
"کسّو کے چوک بس سٹاپ","bus",32.054072,73.694485,""
"تارڑ ٹریول سروس","bus",32.071533,73.691746,""
"اعوان ٹریول سروس","bus",32.071866,73.694444,""
"مدھریانوالہ چوک بس سٹاپ","bus",32.059958,73.670174,""
"Abdullahpur Bus stop, Dhaka - Mawa Hwy, Kalakandi","bus",23.660639,90.358592,""
"Avalakonda Bus Stop","bus",13.194695,79.263319,""
"MukkundramBus Stop","bus",12.986651,78.862083,""
"Anandapuram Bus Stopoooo","bus",18.692465,84.366719,""
"Budithi Junction Bus Stop","bus",18.526523,84.01259,""
"Kakatpur New Bus Stand","bus",20.006649,86.187881,""
"Kainakiri","bus",9.479141,76.386341,""
"Niphad Bus Station","bus",20.07651,74.108915,""
"APSRTC Bus Station , Pedakakani","bus",16.33513,80.487506,""
"Patan Bus Port","bus",23.852356,72.141041,""
"Pallipattu Bus Stand","bus",13.33949,79.43766,""
"Bus Stand Nawalgardg Road Sikar","bus",27.621252,75.154194,""
"Sultanpur Bus station","bus",26.265375,82.072811,""
"District Court City Bus Stop","bus",27.618934,75.150692,""
"Musiram","bus",17.930135,83.122003,""
"TGSRTC Bus Station , Narsapur","bus",17.740231,78.281915,""
"Kowkuntla Bus Stop","bus",14.793432,77.247338,""
"Chiment Clinker Jetty, Chittagong Bangladesh, Potenga Rd, Chattogram","bus",22.280242,91.7968,""
"Rakatla Bus Stop","bus",14.825527,77.251613,""
"Repakagommu Bus Stop","bus",17.546638,81.263149,""
"Jntu Bus Station","bus",17.495777,78.394867,""
"Bus Stand Anjaniya","bus",22.498757,80.503302,""
"দৌলতকান্দি রেল স্টেশন","bus",24.023055,90.948804,""
"Shanti Chowk","bus",27.723998,85.279631,""
"Raichowk","bus",27.725362,85.278606,""
"Serajdikhan Paribahan Bus Counter","bus",23.708651,90.434766,""
"Unique Bus Counter, Station Rd, Chattogram","bus",22.336335,91.82464,""
"Kadamtoli Bus Stop, Station Rd, Chattogram","bus",22.33698,91.822483,""
"Konark Bus Stand","bus",19.891183,86.102144,""
"Doiya Gonj Mor Bus Stop","bus",23.710486,90.423906,""
"Doiya Gonj Mor Bus stop, Doyaganj New Rd, Dhaka","bus",23.710456,90.424103,""
"APSRTC Bus Station  , Seethanagaram","bus",18.663673,83.371863,""
"APSRTC Non - Stop Bus Terminal","bus",17.7238,83.30667,""
"APSRTC Bus Station , MVP Colony","bus",17.740444,83.336161,""
"APSRTC Bus Stand Parking Area , Rajamahendravaram","bus",17.002339,81.789852,""
"Etteyar Bus Stop","bus",11.990765,75.47161,""
"APSRTC Bus Station , Srisailam","bus",16.073798,78.875069,""
"Purabi Bus Terminal, A G Road, Chattogram","bus",22.362984,91.851844,""
"Shyamoli Bus counter 6, Kamlapur Rd, Dhaka","bus",23.713113,90.428308,""
"Ongole Bus Stand, Kanigiri","bus",15.406962,79.501271,""
"Pamuru Bus Stand, Kanigiri","bus",15.403792,79.504269,""
"N.S Agricultural College Bus Stop","bus",15.805882,79.261732,""
"Golden Line Sayedabad Counter, Dhaka - Sylhet Hwy, Dhaka","bus",23.712372,90.429239,""
"Royal Express Sayedabad counter, Dhaka - Sylhet Hwy, Dhaka","bus",23.71221,90.429432,""
"Unique Paribahan (Dampara Counter), Zakir Hossain Rd, Chattogram","bus",22.356289,91.821407,""
"CDA Avenue Bus Station, Bus ticket agency, Chattogram","bus",22.353673,91.821863,""
"Garibulla Shah A/C Bus Counter, CDA Ave, Chattogram","bus",22.356198,91.82149,""
"Shohagh Paribahan Pvt Ltd, Dampara, Zakir Hossain Rd, Chattogram","bus",22.355245,91.821677,""
"APSRTC Bus Station , Kadiri","bus",14.115641,78.161117,""
"APSRTC Bus Station , Vempalle","bus",14.370738,78.459107,""
"Old bus station rangamati, Old bus station, Chattogram","bus",22.39366,91.821418,""
"BRTC CBS-2 Bus Terminal, Fulbaria, A H M Kamruzzaman Sharani, Dhaka","bus",23.722764,90.410348,""
"Gulistan Bus stop, Gulistan Rd, Dhaka","bus",23.722767,90.411873,""
"Phulbaria Terminal Bus stop, Gulistan Rd, Dhaka","bus",23.722708,90.410607,""
"Police Headquarters","bus",23.723132,90.40722,""
"Parlapalle Bus Stop","bus",14.564975,80.03959,""
"Pallepalem Bus Stop","bus",14.583281,80.164695,""
"Gadela Dinne Bus Stop","bus",14.625859,80.097604,""
"Indupuru Bus Stop","bus",14.657209,80.066414,""
"Mokkalapudi Bus Stop","bus",13.961065,79.533414,""
"Bongo Bazaar Bus stop","bus",23.723114,90.405703,""
"Nekkanti Jungle Ride Bus Stop","bus",16.044415,78.940489,""
"Kotta Mudivemula Bus Stop","bus",16.018619,79.537429,""
"Amalner Bus Stand","bus",21.040112,75.060414,""
"Rajwada Bustand","bus",17.683281,73.98878,""
"गेवराई बस स्थानक","bus",19.268129,75.746267,""
"Surja Nagar Bus Stand South, Chandra","bus",23.371855,90.09033,""
"College Bus Stand","bus",13.182259,74.932689,""
"Chowduwada Bus Stop","bus",17.837817,82.999687,""
"Rupbabu Hut Stand","bus",23.384987,90.294868,""
"Sanopul","bus",27.746483,85.299552,""
"Burir Haat Bus Stop, Vedorgonj - Shariatpur Rd","bus",23.180611,90.387078,""
"BRTC Bus STOP, Bhedarganj","bus",23.194705,90.448354,""
"Mollarhat Bus Stand, Shopping mall, Shariatpur - Bhedarganj Hwy, Shakhipur","bus",23.171688,90.506209,""
"Kashimpur Bazar Bus Stop, Shariatpur - Bhedarganj Hwy","bus",23.198466,90.510372,""
"Balar Bazar Bus Stop, Shariatpur - Bhedarganj Hwy","bus",23.191571,90.552322,""
"Puran Court Bus Stop, Dhaka Highway, Madaripur","bus",23.167899,90.210608,""
"Iter Pool Bridge Bus Stop, Iterpool, Madaripur","bus",23.167289,90.19492,""
"Madaripur Bus Terminal, Bus station, Madaripur","bus",23.162259,90.180866,""
"Khakdi Bus Stand, Khakdi, Charmuguria, Madaripur","bus",23.159244,90.168224,""
"Thoothukudi New Bus Stand","bus",8.810572,78.137361,""
"Besant Nagar MTC Terminus","bus",13.000348,80.265776,""
"ISBT","bus",25.631105,91.892721,""
"Kolabari Bus Stand, Bus ticket agency, Dhaka - Barisal Highway","bus",23.175725,90.112637,""
"Somaddar Bazar Bus Stop, Bhanga - Barisal Hwy","bus",23.179657,90.099268,""
"Samaddar Bridge Bus Station, Samaddar Bus Station, Madaripur","bus",23.179478,90.098629,""
"Sadur Bridge Bus Stop, Bhanga - Barisal Hwy","bus",23.185882,90.088806,""
"Kamaldi Bus Stop, Bhanga - Barisal Hwy","bus",23.192725,90.078611,""
"Amgram Bridge Bus Station, Dhaka - Barisal Highway","bus",23.198829,90.06717,""
"Rajoir Bus Stop, Bhanga - Barisal Hwy, Rajoir","bus",23.202746,90.047472,""
"Trimbakeshwar Bus Depot","bus",19.938155,73.536349,""
"Zambada Bus Stop","bus",13.235579,79.714838,""
"Tekerhat to Madaripur Bus Counter, Bus ticket agency, Dhaka - Barisal Hwy, Bhanga","bus",23.226393,90.02018,""
"Chandrappavalasa Bus Stop","bus",18.549682,83.227477,""
"14 TH Mile Bus Stop","bus",14.834075,79.814868,""
"Abbarajupalem Bus Stop","bus",16.496387,80.277401,""
"Nandigam Bus Stop","bus",16.402436,80.196637,""
"Ambatikhambaram Bus Stop","bus",19.011347,84.432041,""
"Ramakrishanapuram / Nandigam X Roads Bus Stop","bus",16.381849,80.187166,""
"Lingapuram Bus Stop","bus",16.536892,80.325624,""
"Balusupadu Bus Stop","bus",16.532206,80.319261,""
"Kasipadu Bus Stop","bus",16.527435,80.307653,""
"Parasa Bus Stop","bus",16.516174,80.302479,""
"75 - Thallur Bus Stop","bus",16.514195,80.29078,""
"APSRTC Bus Station , Peddakurapadu","bus",16.467459,80.258064,""
"Pedamakkena Bus Stop","bus",16.434944,80.24413,""
"Gudipudi Bus Stop","bus",16.418236,80.217845,""
"Kuladi Bus Stop","bus",18.997944,84.442591,""
"Pedda Kosta Bus Stop","bus",18.994694,84.457874,""
"Gaudaguranti Bus Stop","bus",18.968131,84.475405,""
"Badupuram Bus Stop","bus",18.979955,84.471758,""
"Amaravathi (Amareswara) Temple","bus",16.58043,80.3589,""
"Reddy Nayak Thanda Bus Stop","bus",16.884211,80.028681,""
"Tripuravaram X Road Bus Stop","bus",16.907577,80.072867,""
"Rathkhola Bus Stand","bus",23.285342,90.011806,""
"Dignagor Bus Stop","bus",23.294479,90.003455,""
"Kasarbada Bus Stop","bus",16.667505,80.146219,""
"Boroitala Bus Stop","bus",23.309238,89.998138,""
"BablaTola Bus Stand","bus",23.336684,89.998868,""
"Bhanga Bus Stand","bus",23.38843,89.987494,""
"Bhanga Bus Stop","bus",23.384401,89.98256,""
"Bogail Bus Stop","bus",23.380422,90.006299,""
"KolaBagan Bus stop","bus",23.745642,90.381793,""
"Sir C.R.Reddy College of Engineering Bus Stop","bus",16.694978,81.048025,""
"Kalakurru Bus Stop","bus",16.617421,81.157492,""
"Amaravathi Bus Stop","bus",16.487682,81.323871,""
"Ramakrishnapuram Bus Stop","bus",16.431476,81.358039,""
"Peddalanka Bus Stop","bus",16.442826,81.381916,""
"CRR Womens College Request Bus Stop","bus",16.6997,81.057016,""
"Ngabiphu Terminal","bus",27.425034,89.644057,""
"Bestawaripeta Junction Bus Stop","bus",15.540851,79.099003,""
"Podili  X Roads","bus",15.559485,79.322386,""
"N Konthalapadu Bus Stop","bus",15.647784,78.148354,""
"Guttapadu Highway Bus Stop","bus",15.662636,78.1754,""
"Guttapadu Village Bus Stop","bus",15.666511,78.164384,""
"Pudicherla Bus Stop","bus",15.706681,78.128517,""
"Nannuru Bus Stop","bus",15.72004,78.087856,""
"Bandi Tandrapadu Bus Stop","bus",15.757964,78.06425,""
"Sakunala Bus Stop","bus",15.663711,78.238456,""
"Kalava Bus Stop","bus",15.625373,78.197926,""
"Husainpuram Highway Bus Stop","bus",15.630699,78.174106,""
"Husainpuram  Village Bus Stop","bus",15.628918,78.185615,""
"H. Kottala Bus Stop","bus",15.653334,78.176717,""
"Maddileti Sri Lakshmi Narasimha Swamy Temple Bus Stop","bus",15.362456,78.089871,""
"Rangapuram Bus Stop","bus",15.406636,78.075115,""
"Gorumanukonda  / Garumanukonda Bus Stop","bus",15.519703,78.176188,""
"Sitaramapuram Bus Stop","bus",15.534153,78.157805,""
"Chennamsetti Palle Bus Stop","bus",15.573758,78.175669,""
"Somayajulapalli Bus Stop","bus",15.582037,78.175858,""
"Kalvabugga Bus Stop","bus",15.605616,78.17233,""
"Gadivemula Bus Stop","bus",15.677815,78.422634,""
"Talamudi Bus Stop","bus",15.680922,78.388352,""
"Manchalakatta Bus Stop","bus",15.680602,78.354008,""
"Gani Bus Stop","bus",15.670043,78.314593,""
"Saheed kalee charn chouraha","bus",23.836904,78.762272,""
"Baguvalasa Bus Stop","bus",18.587097,83.243204,""
"Tadilova Bus Stop","bus",18.61641,83.266856,""
"Makkuva Town Bus Stop","bus",18.660311,83.266451,""
"Makkuva Bus Stop","bus",18.657402,83.272471,""
"Yerra Samantha Valasa Bus Stop","bus",18.724056,83.211503,""
"Khaviripalle Bus Stop","bus",18.669057,83.23532,""
"Sambara Bus Stop","bus",18.654127,83.211194,""
"Mavudi Bus Stop","bus",18.676153,83.165632,""
"Nanda Bus Stop","bus",18.699081,83.156676,""
"Goda Boddavalasa Bus Stop","bus",18.55523,83.183362,""
"Annamrajuvalasa Bus Stop","bus",18.628169,83.187139,""
"Jammu Narayanapuram Junction Bus Stop","bus",18.09843,83.432507,""
"Govindapuram Bus Stop","bus",18.094129,83.609416,""
"Kandivalasa Bus Stop","bus",18.12229,83.598827,""
"Pedda Nadipilli Bus Stop","bus",18.05194,83.549922,""
"Burapeta Bus Stop","bus",18.045506,83.565047,""
"APSRTC Bus Station ,  Kadavakuduru","bus",15.724089,80.253708,""
"Jahangir Gate Bus stop","bus",23.775247,90.390317,""
"Old Airport Bus stop","bus",23.772189,90.390127,""
"Shaheen College Dhaka Bus stop","bus",23.77548,90.391991,""
"Nabisco Bus Stop, Bus station","bus",23.769646,90.400864,""
"MOHAKHALI BUS STAND","bus",23.777944,90.398483,""
"Mohakhali Bus TerminalBus stop","bus",23.773251,90.40002,""
"S A Paribahan Parcel Service (New Office), Mohakhali Bus Terminal","bus",23.774077,90.399322,""
"Tibet Factory Bus stop","bus",23.766458,90.40072,""
"Hatirjheel Mor Bus stop","bus",23.753669,90.400832,""
"Mohakhali Bus Terminal Bus depot","bus",23.772034,90.401258,""
"Hatirjheel Garden Bus stop","bus",23.753973,90.402009,""
"Siddigam Bus Stop","bus",18.880177,84.48213,""
"Mandasa College Road Bus Stop","bus",18.877955,84.460693,""
"Rangarayapuram Bus Stop","bus",18.5484,83.368173,""
"Palteru Bus Stop","bus",18.528976,83.39933,""
"Botchavanivalasa  Bus Stop","bus",18.520777,83.422208,""
"Vadada Bus Stop","bus",18.505709,83.45585,""
"Karada Bus Stop","bus",18.549477,83.42896,""
"Gopalakrishna Rangardyipuram ( G . K . R Puram ) Bus Stop","bus",18.521446,83.440804,""
"Ravivalasa Bus Stop","bus",18.498283,83.41603,""
"Ramachandrapuram Bus Stop","bus",18.485088,83.400887,""
"BadangiBus Stop","bus",18.494918,83.372669,""
"Gajarayunivalasa Bus Stop","bus",18.487276,83.328091,""
"Ramabhadrapuram Junction Bus Stop","bus",18.489602,83.283098,""
"Kottakki Bus Stop","bus",18.505738,83.239286,""
"Paradhi Bus Stop","bus",18.526996,83.30336,""
"Sitarampuram Bus Stop","bus",18.537381,83.316962,""
"Mettavalasa Bus Stop","bus",18.544994,83.326194,""
"Jagannathapuram Bus Stop","bus",18.58296,83.375199,""
"Kalavarai Agraharam Bus Stop","bus",18.609165,83.409429,""
"Chintada Bus Stop","bus",18.609149,83.447581,""
"Mirthuvalasa Bus Stop","bus",18.623921,83.486541,""
"Janardhanapuram Bus Stop","bus",18.558389,83.529743,""
"Gangada Bus Stop","bus",18.546902,83.573008,""
"Galavelli Bus Stop","bus",18.535676,83.616473,""
"Uddavolu Bus Stip","bus",18.524412,83.608705,""
"Panukuvalasa  Junction Bus Stop","bus",18.454839,83.531661,""
"Chukkavalasa Bus Stop","bus",18.473762,83.558663,""
"Chinna Mangalapuram Bus Stop","bus",18.575147,83.719051,""
"Mangalapuram Bus shelter","bus",18.572397,83.734745,""
"Lolugu Bus Stop","bus",18.30701,83.783859,""
"Garapeta Bus Stop","bus",18.331047,83.771044,""
"Palakanayam Bus Stop","bus",18.391876,83.723218,""
"Pogiri Bus Stop","bus",18.409866,83.696822,""
"Therlam Bus Stop","bus",18.487741,83.503794,""
"Rejeru Bus Stop","bus",18.519638,83.468753,""
"Nemalam Bus Stop","bus",18.499003,83.565342,""
"Sundarada Bus Stop","bus",18.51951,83.584841,""
"Akulakatta Bus Stop","bus",18.474912,83.430565,""
"Antipeta Bus Stop","bus",18.623686,83.373163,""
"Chinna Bhogila Bus Stop","bus",18.657463,83.365734,""
"Gutchimi Bus Stop","bus",18.699862,83.376652,""
"Arikathota Bus Stop","bus",18.457259,83.31021,""
"Andhra Pradesh Special Police 5th Battalion Bus Sstop","bus",18.050668,83.402121,""
"Maradam Bus Stop","bus",18.403991,83.336602,""
"Manapuram Bus Stop","bus",18.362224,83.336854,""
"Manapuram Santha Bus Stop","bus",18.375151,83.333746,""
"Bondapalli Bus Stop","bus",18.237589,83.349342,""
"Nelivada Bus Stop","bus",18.193735,83.364708,""
"Gotlam Bus Stop","bus",18.168779,83.375894,""
"Dwarapudi Bus Stop","bus",18.140103,83.373532,""
"Tampatapalli  / Tumarada Bus Stop","bus",18.605457,83.718377,""
"Navagam Bus Stand","bus",18.636481,83.676594,""
"Tudi Bus Stop","bus",18.657532,83.650724,""
"Dasumantapuram Bus Stop","bus",18.72102,83.594132,""
"Gadisingupuram Bus Stop","bus",18.754546,83.605357,""
"Jiyyamavalasa Bus Stop","bus",18.790321,83.601896,""
"Joguladumma Bus Stop","bus",18.812106,83.576556,""
"APSRTC Bus Stand , Chinna Merangi","bus",18.837307,83.548688,""
"Pedda Merangi Junction Bus Stop","bus",18.837606,83.523292,""
"Pedda Merangi Bus Stop","bus",18.83542,83.52913,""
"Jogirajupeta Bus Stop","bus",18.85371,83.520111,""
"Vikramapuram Bus Stop","bus",18.814592,83.445759,""
"Gangareguvalasa Bus Stop","bus",18.85243,83.455889,""
"Komarada Bus Stop","bus",18.898648,83.460627,""
"Ramabhadrapuram Bus Stop","bus",18.940848,83.452832,""
"Kuneru Bus Stop","bus",18.965589,83.44376,""
"Vattada Bus Stop","bus",19.000522,83.444994,""
"Pedabondapalli Bus Stop","bus",18.752693,83.37675,""
"Putturu Bus Stop","bus",18.734764,83.352701,""
"Hata Seskhal Bus Stop","bus",19.010938,83.441063,""
"Hata Seskhal.","bus",19.018865,83.448554,""
"Seskhal Bus Stop","bus",19.013525,83.433874,""
"Jimidi Peta Bus Stop","bus",19.037326,83.42971,""
"Ladda Bus Stop","bus",19.106743,83.413737,""
"Pitamahel Bus Stop","bus",19.133107,83.412337,""
"Rayagada Bus Stand","bus",19.168078,83.408119,""
"Kothapeta Bus Stop","bus",19.204641,83.422208,""
"Jaykaypur Bus Stop","bus",19.243823,83.42165,""
"Bandaluppi Bus Stop","bus",18.719536,83.333919,""
"Puligummi Bus Stop","bus",18.712529,83.354924,""
"Tamarakandi Bus Stop","bus",18.671658,83.348627,""
"Venkatabhairipuram Bus Stop","bus",18.694059,83.314257,""
"Papayyavalasa Bus Stop","bus",18.66059,83.297644,""
"Barli / Pakki Bus Stop","bus",18.617829,83.473398,""
"Piridi Bus Stop","bus",18.573925,83.417727,""
"Sivadavalasa Bus Stop","bus",18.575397,83.470209,""
"Bhiripuram / Pakki Bus Stop","bus",18.5804,83.480646,""
"Vangara Bus Stop","bus",18.371471,83.353811,""
"Chukkapeta Bus Stop","bus",18.383696,83.375222,""
"Datti Bus Stop","bus",18.400835,83.389496,""
"Timiteru Burjavalasa Bus Stop","bus",18.391782,83.419355,""
"Garbham Bus Stop","bus",18.365543,83.448945,""
"Thotapalle Bus Stop","bus",18.785024,83.507281,""
"Simalaguda Bus Stop","bus",19.122489,83.641439,""
"Khadgavalasa Bus Stop","bus",18.767429,83.514089,""
"Kondanidagallu Bus Stop","bus",18.839769,83.621518,""
"Amiti Colony Bus Stop","bus",18.974005,83.612063,""
"Amiti Juncton Bus Stop","bus",18.956403,83.626609,""
"Gumma Bus Stop","bus",18.960252,83.643105,""
"Iridi Bus Stop","bus",19.037335,83.648838,""
"Kothaguda Bus Stop","bus",19.02466,83.661684,""
"Tadikonda Bus Stop","bus",19.044122,83.615385,""
"Mondemkhallu Bus Stop","bus",18.920863,83.692916,""
"Chappagottili Bus Stop","bus",18.883713,83.712323,""
"Gadidapaiv Bus Stop","bus",18.770624,83.724667,""
"Donubai Bus Stop","bus",18.744038,83.723719,""
"Gumada Bus Stop","bus",18.734658,83.76051,""
"Magadhara Bus Stop","bus",18.710446,83.801946,""
"Goyidi Bus Stop","bus",18.663286,83.810291,""
"Velagavada Bus Stop","bus",18.614975,83.772599,""
"Vimal Auto Deal","bus",23.844769,78.733491,""
"Bangla Moto, Bus stop","bus",23.746231,90.394781,""
"Poribagh Bus stop","bus",23.743062,90.395857,""
"Kakarail Mosjid Bus stop","bus",23.737065,90.403988,""
"Dallavalasa Bus Stop","bus",18.342394,83.818257,""
"Penubarti Bus Stop","bus",18.362294,83.818611,""
"Gokarnapalli Bus Stop","bus",18.386724,83.805385,""
"Kavali Bus Stop","bus",18.39272,83.820551,""
"Panasapeta Bus Stop","bus",18.409654,83.819383,""
"Vamaravalli Bus Stop","bus",18.334271,84.081213,""
"Chinna Vatsavalasa Bus Stop","bus",18.275138,84.038311,""
"Perlavanipeta Bus Stop","bus",18.285558,84.067455,""
"Akkulapeta Bus Stop","bus",18.451657,83.879869,""
"Uppanivalasa Bus Stop","bus",18.484913,83.867822,""
"Burja Junction Bus Stop","bus",18.545603,83.814893,""
"Tuddali Bus Stop","bus",18.586725,83.786093,""
"Teachers Colony","bus",13.129995,80.202191,""
"Ingilapalle Bus Stop","bus",18.375691,83.320812,""
"Poram Bus Stop","bus",18.394994,83.276863,""
"Jakkuva Bus Stop","bus",18.368633,83.273269,""
"Konisa Bus Stop","bus",18.297258,83.296935,""
"Mentada Bus Stop","bus",18.31216,83.257368,""
"Pittada Bus Stop","bus",18.324936,83.242045,""
"Andra Bus Stop","bus",18.34426,83.206482,""
"Jammu Bus Stop","bus",18.231614,83.525314,""
"Porali Bus Stop","bus",18.366862,83.412343,""
"Datti Rajeru Bus Stop","bus",18.371795,83.391368,""
"Billalavalsa Bus Stop","bus",18.364875,83.501033,""
"Phool Bagh Bus Stop","bus",18.126829,83.423085,""
"Nellimarla X Roads Bus Stop","bus",18.156164,83.447262,""
"Gurla Bus Stop","bus",18.211279,83.466371,""
"Gujjangivalasa Bus Stop","bus",18.233841,83.491451,""
"Achutapuram Bus Stop","bus",18.261369,83.513348,""
"Vedullavalasa Bus Stop","bus",18.358319,83.520938,""
"Thondrangi Bus Stop","bus",18.245214,83.537172,""
"Thondrangi /Jammu Road Bus Stop","bus",18.256346,83.546321,""
"Ramatheertham Bus Stop","bus",18.167882,83.495191,""
"Tangudubilli Bus Stop","bus",18.162435,83.516058,""
"Sativada Bus Stop","bus",18.166777,83.548317,""
"Boppadam Bus Stop","bus",18.181479,83.591101,""
"Kammasigadam Bus Stop","bus",18.197533,83.638532,""
"Mettapalle Bus Stop","bus",18.295393,83.62473,""
"Laveru Bus Stop","bus",18.237615,83.692583,""
"Jonnavalasa Junction Bus Stop","bus",18.077037,83.379694,""
"Kapusambham Bus Stop","bus",18.339444,83.584961,""
"Bondapalle Bus Stop","bus",18.371149,83.602439,""
"Penubaka Bus Stop","bus",18.419893,83.638707,""
"Ayyannapeta Bus Stop","bus",18.122496,83.373637,""
"Bonangi Bus Stop","bus",18.139603,83.228052,""
"Pothanapalle Bus Stop","bus",18.110246,83.171114,""
"Kisiri","bus",19.237205,83.6082,""
"Pedda Kharja Bus Stop","bus",19.047863,83.654773,""
"Lankajodu Bus Stop","bus",18.876001,83.733201,""
"Valasaballeru Bus Stop","bus",18.873763,83.739669,""
"Avuri Bus Stop","bus",18.853392,83.788088,""
"Tittiri Bus Stop","bus",18.842476,83.803925,""
"Attali Bus Stop","bus",18.611009,83.704723,""
"Bejji Bus Stop","bus",18.618598,83.693279,""
"Vanduva Bus Stop","bus",18.647308,83.662699,""
"Bodlapadu Bus Stop","bus",18.651099,83.657779,""
"Vikrampuram Bus Stop","bus",18.699073,83.579414,""
"Naguru Bus Stop","bus",18.747948,83.521623,""
"Santhoshapuram Bus Stop","bus",18.775068,83.503366,""
"Ullibhadra ( Vullibhadra ) Bus Stop","bus",18.757354,83.478201,""
"Addapuseela Bus Stop","bus",18.766203,83.451783,""
"Bagan Shwe Pyi Highway Bus Terminal","bus",21.157511,94.931648,""
"APSRTC Bus Stand , Uppugunduru","bus",15.670886,80.167066,""
"Pedda Bangarunatham Bus Stop","bus",12.716536,78.367075,""
"Vanaguttapalli Bus Stop","bus",12.686232,78.389669,""
"Mallanur Bus Stop","bus",12.661819,78.409337,""
"Gandhi Nagar Bus Stop","bus",12.627316,78.435754,""
"Kothur Bus Stop","bus",12.617197,78.440837,""
"Natrampalli Bus Stop","bus",12.590085,78.509472,""
"Mottur bUS sTOP","bus",12.542848,78.506731,""
"Adavi Budugur Bus Stop","bus",12.657954,78.431748,""
"Gundlamadugu Bus Stop","bus",12.657541,78.455544,""
"Sivanandhapuram Bus Stop","bus",12.658315,78.462052,""
"Nayanacheruvu Bus Stop","bus",12.614914,78.496472,""
"Bus Stend","bus",24.038284,78.961637,""
"Bus","bus",15.446112,79.13036,""
"1.32 Bus Stand","bus",15.447564,79.131675,""
"Semiliguda Bus Stand","bus",18.706502,82.853647,""
"OSRTC Bus Terminal","bus",18.716553,82.847267,""
"Kottaindlu Bus Stop","bus",12.734611,78.372564,""
"Erramannuguntalu Bus Stop","bus",12.642077,78.457121,""
"Chandam Bus Stop","bus",12.732509,78.376106,""
"Mittapalle Junction  Bus Stop","bus",12.689621,78.402404,""
"Vepur Mittapalli Junction Bus Stop","bus",12.68416,78.400993,""
"Vepur Mittapalli Village Bus Stop","bus",12.683374,78.408558,""
"Mittapalle Village  Bus Stop","bus",12.691523,78.407729,""
"Thagarakuppam Bus Stop","bus",12.653424,78.484339,""
"Nattrampalli Bus Stand","bus",12.592289,78.515497,""
"Narayanapuram Bus Stop","bus",18.635246,83.545711,""
"Bhairipuram Bus Stop","bus",18.576251,83.478396,""
"China Irlapadu Bus Stop","bus",15.384785,79.541788,""
"Hazis Puram Bus Stop","bus",15.362362,79.57818,""
"Peda Alavala Padu Bus Stop","bus",15.329583,79.62475,""
"Kotapadu Agraharam Bus Stop","bus",15.317078,79.68657,""
"Venkupalem Bus Stop","bus",15.303904,79.744501,""
"Ponnaluru Bus Stop","bus",15.27142,79.799716,""
"Muttarajupalem Bus Stop","bus",15.248687,79.840881,""
"Marella Bus Stop","bus",15.289413,79.597469,""
"Pedacherlopalle Bus Stop","bus",15.277293,79.571208,""
"Pedda Varimudugu  Bus Stop","bus",15.248856,79.584821,""
"Peda Irla Padu Bus Stop","bus",15.203163,79.58204,""
"Doddavenkatapalle Bus Stop","bus",15.171453,79.376959,""
"Vaggampalle Bus Stop","bus",15.164549,79.441225,""
"Manneru Brg Bus Stop","bus",15.128897,79.41881,""
"Kattakinda Palli BuS Stop","bus",15.161744,79.380634,""
"Lingareddy Palli Bus Stop","bus",15.323048,79.471733,""
"Kancharlavaripalli Bus Stop","bus",15.307417,79.467955,""
"Vangapadu X Roads Bus Stop","bus",15.276027,79.467938,""
"Vangapadu Bus Stop","bus",15.239011,79.375928,""
"Raviguntapalle  Bus Stop","bus",15.229096,79.460349,""
"Bhumireddipalle Bus Stop","bus",15.201738,79.452053,""
"Inimerla Bus Stop","bus",15.090431,79.45761,""
"Botla Gudur Bus Stop","bus",15.086589,79.522159,""
"Appamambhapuram Bus Stop","bus",15.064178,79.544341,""
"Sriranga Puram Bus Stop","bus",15.426568,79.454342,""
"Hanumathunipadu Bus Stop","bus",15.460729,79.407311,""
"Moramvaripalle Bus Stop","bus",15.466908,79.39677,""
"Thimmareddypalli Bus Stop","bus",15.484238,79.37068,""
"Gayamvaripalle Bus Stop","bus",15.514097,79.357131,""
"Vemula Padu Bus Stop","bus",15.530157,79.339472,""
"Gollapalli / Rolugampadu Bus Stop","bus",15.568306,79.208571,""
"Ravipadu Bus Stop","bus",15.559628,79.166359,""
"Salakalaveedu Bus Stop","bus",15.55617,79.157406,""
"Kalagotla Bus Stop","bus",15.545472,79.126892,""
"Ayyavaripalle Junction  Road Bus Stop","bus",15.105801,79.576004,""
"Bodavada Bus Stop","bus",15.074581,79.609089,""
"Gollapalle / Rollamadugu Bus Stop","bus",15.607784,79.224432,""
"Meerja Peta Bus Stop","bus",15.619035,79.206566,""
"Seetanagulavaram Bus Stop","bus",15.688522,79.242562,""
"Kasol private bus stand","bus",32.011328,77.318339,""
"Hanumakonda Palem Bus Stop","bus",14.848916,79.861765,""
"ဝတလုံးကားဂိတ်","bus",17.900112,95.229364,""
"Golukondaltopu Bus Stop","bus",14.62596,80.066433,""
"Dampuru Bus Stop","bus",14.611104,80.079522,""
"Vavilla Bus Stop","bus",14.604092,80.077918,""
"Chowkacherla Bus Stop","bus",14.606985,80.046325,""
"Gundalammapalem Bus Stop","bus",14.581424,80.010149,""
"Basistha Mandir","bus",26.095054,91.786145,""
"Uppinangadi Bus Stand","bus",12.839823,75.248862,""
"APSRTC Bus Station , Porumamilla","bus",15.001267,78.990967,""
"Manimala","bus",9.493703,76.749153,""
"Ananthapalli Bus Stop","bus",16.976381,81.445431,""
"Ananthapalli Bypass Bus Stop","bus",16.970406,81.448193,""
"Pattempalem Bus Stop","bus",16.930333,81.533018,""
"Pedatadepalli Bus Stop","bus",16.842576,81.496223,""
"Venkata Ramannagudem Bus Stop","bus",16.879165,81.468001,""
"Prakashraopalem Bus Stop","bus",16.916255,81.432222,""
"Rambhag Bus Stop","bus",16.331457,81.741385,""
"Antarvedi Bus Stop","bus",16.333542,81.733628,""
"Kesavadasupalem Bus Stop","bus",16.35999,81.793558,""
"Antarvedipalem Bus Stop","bus",16.403693,81.778949,""
"Bettalanka Bus Stop","bus",16.41887,81.839911,""
"Malikipuram Bus Stop","bus",16.409649,81.804304,""
"Chintalapalle Bus Stop","bus",16.450082,81.849966,""
"Gullalamodha Bus Stop","bus",15.8298,80.925704,""
"Etimoga Bus Stop","bus",15.8621,80.900622,""
"T . Kothapalem Bus Stop","bus",15.915074,80.912954,""
"APSRTC Bus Stand & Night Halt , Bheemili ( Bheemunipatnam )","bus",17.8979,83.445927,""
"အလောင်းတော်ကဿပ ယာဉ်ရပ်နားစခန်း","bus",22.312807,94.461999,""
"SJCIT Bus Stand","bus",13.394209,77.729728,""
"DPJDRA Toll Plaza","bus",23.72548,78.809103,""
"Hosapalya Bus Stop","bus",12.89728,77.645485,""
"Bus Stend Gourjhamar","bus",23.524476,78.931518,""
"Starline Bus Counter - Airport, DESCo","bus",23.852551,90.407398,""
"BRTC Elevated express bus counter","bus",23.85897,90.401894,""
"Rahtgadn Bus Stend","bus",23.629181,78.572979,""
"Goverdhan Chowk","bus",22.251569,70.790638,""
"ZAKHAR PATIYA","bus",22.331478,69.775184,""
"Padrai Bus Stend","bus",23.70321,78.592747,""
"Bus Stend Sarkhadi","bus",23.735446,78.586351,""
"Bus Stend Caloni Padrai","bus",23.711452,78.589718,""
"Bus Stend Onria Tiggda","bus",23.682483,78.590419,""
"Bus Stend Sagoni  Tiggda","bus",23.679543,78.589607,""
"Bus Stend Sarkhdi","bus",23.738519,78.587788,""
"Mukhy Bus Stend","bus",23.756193,78.61867,""
"Bus Stend Agariya","bus",23.672959,78.587302,""
"Bus Stend Badua","bus",23.787645,78.635156,""
"Jaisinagar Tiggda","bus",23.80459,78.6341,""
"Bus Stand for Zero Point","bus",24.220602,71.212931,""
"93 Bus Stand","bus",22.646414,88.552113,""
"Gare routière pour Changu Narayan ( 50  rps)","bus",27.676564,85.43278,""
"New Bus Stend No. 2  Bhopal Road","bus",23.837011,78.718255,""
"Charterwed Bus Stap&Karyalay","bus",23.829062,78.751527,""
"Semra Lahariya Bus Stop","bus",23.932821,78.533736,""
"Khurai Bus Stenad","bus",24.035795,78.34093,""
"Bardha Bus Satend","bus",24.13967,78.2478,""
"Ainthapali Bus Terminal","bus",21.495385,83.983956,""
"Bus Stop Mehar","bus",23.985783,78.662926,""
"Baruwa Bus Park","bus",26.789543,86.710776,""
"Peddavanka Bus Stop","bus",12.704336,78.49572,""
"Vaniyambadi Bus Station","bus",12.678112,78.620754,""
"APSRTC Bus Station , Varadaiahpalem","bus",13.601256,79.932202,""
"Coopers Halt Train Station","bus",23.157241,88.58478,""
"Kalyanidam Bus Stop","bus",13.645321,79.269823,""
"Vidyanikethan and Marrimanu Center Bus Stop","bus",13.623785,79.28953,""
"Dam X Roads Bus Stop","bus",14.300964,79.640889,""
"Dimma center","bus",16.177441,81.035609,""
"Devarajapuram Bus Stop","bus",12.762734,78.563847,""
"Ramalaxmana Junction","bus",18.299503,83.904802,""
"Jumri Buspark Counter","bus",28.101591,82.847909,""
"Jumri Bus Station","bus",28.099725,82.848922,""
"Bijuwar bus/magic stop","bus",28.103265,82.854867,""
"Calcutta State Transport Corporation Depot","bus",22.506812,88.354079,""
"Tollygunge Tram Depot","bus",22.493976,88.346172,""
"Zirabo Bus stop","bus",23.912948,90.31916,""
"Kanjirapally","bus",9.557973,76.791649,""
"Ponkunnam","bus",9.565099,76.75583,""
"பள்ளப்பட்டி","bus",10.723013,77.891689,""
"KSRTC Jagalur-Bethur Road Station","bus",14.480695,75.931459,""
"Bus stand bahadurgarh","bus",28.679647,76.946786,""
"Poladpur Bus station","bus",17.98315,73.465486,""
"Kalamangalam Bus stand","bus",12.604674,77.854016,""
"Mallasamudram Bus Station","bus",11.494195,78.028536,""
"பேறிகை பேருந்து நிலையம்","bus",12.806806,77.96748,""
"பாகலூர் பேருந்து நிலையம்","bus",12.830319,77.866158,""
"TGSRTC  Bus Station , Gajwel","bus",17.844882,78.683048,""
"Busstand","bus",16.116525,80.81138,""
"Irala Bus Stop","bus",13.387358,78.982028,""
"Y.S.Gate Bus Stop","bus",13.344449,79.011143,""
"Old Head Post Office Area","bus",17.695365,83.292468,""
"Omerga Bus Stand","bus",17.839726,76.61885,""
"Chadayamangalam","bus",8.874066,76.869061,""
"Ramchandrapur Bus Stand, Bus charter","bus",24.723481,90.182663,""
"New Poorna Junction Bus Stop","bus",18.117035,83.410225,""
"Udayagiri Old Bus Stand","bus",14.878282,79.303164,""
"APSRTC Bus Station,  Old Gajuwaka","bus",17.683626,83.199928,""
"Muttil","bus",11.64251,76.110598,""
"Puducherry Bus Stand (Temporary)","bus",11.927731,79.819279,""
"Karunagapally","bus",9.05547,76.535819,""
"Ukkadam Bus Stand","bus",10.988599,76.961668,""
"Pamba KSRTC bus stand","bus",9.406516,77.069109,""
"Govt Polytechnic Bus Stop ( Adoni  )","bus",15.58182,77.317333,""
"Ranibavi Bus Stop","bus",14.71509,78.926954,""
"Ranni","bus",9.386161,76.786035,""
"Anchal Municipal Bus Station","bus",8.929098,76.90798,""
"Punalur KSRTC Bus Station","bus",9.016962,76.927122,""
"Punalur Chemmanthoor Private Bus Station","bus",9.018684,76.917686,""
"Kadakkal","bus",8.825361,76.917228,""
"Achampeta Bus Stop","bus",17.022456,82.24852,""
"Marikuppe","bus",13.042256,77.29842,""
"D . Maruvada Bus Stop","bus",18.487973,84.269279,""
"Doyal Super","bus",23.41844,91.172517,""
"Dhubaria Battala Bus Stand","bus",24.01115,89.849757,""
"Nagarpur Bus Station, Bus station","bus",24.056296,89.873264,""
"Mayur Vihar Phase - 3, Bus Stand","bus",28.614039,77.337383,""
"damanjodi bus terminal","bus",18.759177,82.898537,""
"Aurangabad Bus Stand","bus",24.761899,84.361525,""
"Samastipur Bus Stand","bus",25.862972,85.780141,""
"chhura bus stand","bus",20.807213,82.207351,""
"HYDERABAD Bus Terminal , ONGOLE","bus",15.511146,80.041526,""
"Bhadwasiya bus stand","bus",26.313022,73.043363,""
"Khejroli bus stand","bus",27.333245,75.700028,""
"New Mallampet Bus Stop","bus",17.559351,78.364628,""
"Jamuna Bridge - Tangail Bus Terminal","bus",24.394122,89.816684,""
"Inter State Bus Terminal - ISBT Khanapara","bus",26.118928,91.822525,""
"Inter State Bus Terminal - ISBT North Lakhimpur","bus",27.270992,94.088277,""
"Shimultali Bus Stop, Transportation service","bus",24.833228,89.93919,""
"Kottampatti Bus stand","bus",10.224377,78.374373,""
"Diktel Bus Station","bus",27.217659,86.80081,""
"Sherpur Bus Stand, Bus company","bus",24.907255,89.950267,""
"Mcleodganj ISBT Bus stand","bus",32.24033,76.323647,""
"Maruthamalai Bus Ticket counter","bus",11.044379,76.862349,""
"Nikosera Microbus Park","bus",27.67921,85.398554,""
"APSRTC Complex East City Bus Stop","bus",17.723678,83.308103,""
"Barsana Bus Stand","bus",27.649326,77.378969,""
"Bahalgarh Chowk","bus",28.961758,77.092326,""
"Daewoo Express Faizabad Terminal","bus",33.660704,73.081281,""
"Faisal Movers Faizabad Al-Makkah Terminal","bus",33.662178,73.084029,""
"စိန်တလုံး ကားဂိတ်","bus",19.108919,95.035891,""
"ရွှေသရက် ကားဂိတ်","bus",19.109011,95.03665,""
"Morich မိုးရစ်ကားဂိတ်","bus",19.108909,95.036935,""
"Neeleswaram Bus Stand","bus",12.255699,75.130325,""
"Khed ST Bus Stand","bus",17.719483,73.397894,""
"Buses to Kathmandu","bus",28.209056,83.986921,""
"Bus timings enquiry","bus",10.798851,78.680982,""
"Sankarnkovil New Bus Stand","bus",9.175508,77.545517,""
"APSRTC Bus Station  , Gummalakshmipuram","bus",18.973216,83.656909,""
"Bus to Siliguri (50 rupees)","bus",26.640647,88.171297,""
"旅游大巴换乘区","bus",30.73809,91.086534,""
"TMT Mulund Bus Station","bus",19.173512,72.95772,""
"TNSTC Bus Depot , Palani","bus",10.451329,77.517216,""
"M.G.R Mattuthavani Bus Stand , Madurai","bus",9.944091,78.156043,""
"Periyar Bus Stand , Madurai","bus",9.916054,78.111172,""
"Tiruchirapalli New Bus Stand","bus",10.75504,78.655764,""
"Palani Bus Stand","bus",10.449561,77.515576,""
"Vadapalli Bus Parking","bus",16.813174,81.813014,""
"Yerra Koneru Bus Stop","bus",17.321915,82.478082,""
"Choudhary Colony","bus",27.985723,73.307121,""
"palakurthy busstop","bus",17.657312,79.426829,""
"Private Shared Taxi to Leh","bus",32.244348,77.190037,""
"Vikhroli Depot","bus",19.101758,72.919323,""
"Marathon Chowk Teen Hath Naka","bus",19.187461,72.962439,""
"Neermarga Junction Bustop","bus",12.893798,74.909513,""
"APSRTC Bus Station , Autonagar","bus",16.490691,80.671189,""
"ညောင်တုန်းကားဂိတ်","bus",17.044379,95.639145,""
"Norangpura Bus Stand","bus",28.375149,75.454785,""
"APSRTC Bus Station , Visakhapatnam","bus",17.723797,83.307344,""
"Pakurtola Bus Stand, Bus ticket agenc","bus",25.043319,89.36694,""
"Kotha Kodur Bus Stop","bus",14.411368,80.158668,""
"Bus Stop Collectorate","bus",22.708508,75.854868,""
"Satrawada Bus Stop","bus",13.31954,79.549974,""
"Pannuru Bus Stop","bus",13.317067,79.713622,""
"APSRTC Bus Station , Vissannapeta","bus",16.940015,80.78422,""
"APSRTC Bus Station , Tiruvuru","bus",17.117268,80.610238,""
"Amadalavalasa APSRTC Bus Terminal","bus",18.413981,84.040043,""
"Seethanagaram Bridge Bus Stop","bus",18.662933,83.371119,""
"APSRTC Bus Station , Anakapalli","bus",17.686329,83.00234,""
"نیو اڈا جلالپور بھٹیاں","bus",32.063494,73.383837,""
"ٹاہلی گورائیہ بس سٹاپ","bus",31.995318,73.329725,""
"جلالپور بھٹیاں بس سٹاپ","bus",32.063155,73.378393,""
"وائٹ پرل چوک بس سٹاپ","bus",32.048078,73.367623,""
"انٹرچینج بس سٹاپ","bus",31.932505,73.285617,""
"بائی پاس پنڈی بھٹیاں اڈا","bus",31.916152,73.273474,""
"APSRTC Bus Terminal 1 , Tenali","bus",16.244099,80.644122,""
"P.S.R Bus Station , Nellore","bus",14.456719,79.989429,""
"APSRTC Bus Parking Area","bus",14.910016,79.993468,""
"Mango Bus Stand","bus",22.81567,86.211803,""
"Central Bus Terminal Mor, Bus depot","bus",25.742399,89.233098,""
"Dinajpur Bus Stand, Transportation service","bus",25.744588,89.231747,""
"Atmakuru Bus Stop ( Nandyala )","bus",15.485217,78.48643,""
"Jagadhri Bus Stand","bus",30.16458,77.297361,""
"vasavi bus stop","bus",16.85917,81.496776,""
"Beerupadu Bus Stop","bus",19.061367,83.472861,""
"BUS Station ,anjad","bus",22.041682,75.049123,""
"Chitrakoot Bus Stand","bus",25.213398,80.879832,""
"कोइलाबास बसपार्क","bus",27.689946,82.526912,""
"Barakar Bus Stand","bus",23.734758,86.818509,""
"Shamoli N R Poribohon, Bus ticket agency","bus",26.11369,88.764405,""
"APSRTC Bus Station , Chinnamandem","bus",13.94155,78.684028,""
"Jumla Buspark","bus",29.271315,82.17737,""
"ITI Bus Stand","bus",23.376147,85.283219,""
"SNT bus stand","bus",26.72403,88.417197,""
"Palitana Taleti Bus stop","bus",21.508446,71.81551,""
"Roni Trades Sakeya, Boda Panchagarh, Transportation service","bus",26.178113,88.634548,""
"New Bus Park","bus",29.268413,82.177151,""
"BUS STAND","bus",23.251256,77.523085,""
"جھجھا بس سٹاپ","bus",32.28854,71.756079,""
"NDE gate Bus stopage, Bus depot","bus",23.877731,90.355167,""
"APSRTC Bus Station , Kodumur","bus",15.683391,77.766828,""
"bus stop kairupala","bus",15.552112,77.470868,""
"Kadayanallur Bus Stand","bus",9.078989,77.346645,""
"Harewali Bus Terminal","bus",28.831081,77.007561,""
"AIIMS City Bus Stop","bus",16.444588,80.585938,""
"APSRTC Old Bus Stand , Veldurthy","bus",15.553807,77.929384,""
"APSRTC and Private New Bus Station , Atmakur ( N )","bus",14.618478,79.625776,""
"Mammoottil Kadavu","bus",8.910361,76.56803,""
"देउल बस पार्क","bus",28.943496,82.254666,""
"Shantigrama","bus",12.983868,76.213803,""
"Chalivendra Bus Stop","bus",15.796827,79.646177,""
"Chandaluru Bus Stop","bus",15.800609,79.599761,""
"Thummedalapadu Bus Stop","bus",15.8066,79.561107,""
"Gudipadu Bus Stop","bus",15.796819,79.516808,""
"Purushottampur Bus Stand","bus",19.520042,84.887749,""
"Villupuram Bus Stand","bus",11.930639,79.482801,""
"Raebareli Bus Stand","bus",26.22599,81.234279,""
"Faisal Movers / Sania Express 26 No.Terminal","bus",33.63064,72.944078,""
"SALEM OLD BUS STAND","bus",11.652604,78.159538,""
"BrahmeswaramBus Stop","bus",14.853098,79.448609,""
"Sangam Highway Bus Stop","bus",14.594302,79.751218,""
"Dharmapuri Mofussil Bus Stand","bus",12.133744,78.162309,""
"Martuvaripalle Bus Stop","bus",13.482563,78.934713,""
"Hanuman Temple Bus Stop , Rayachoti","bus",14.089955,78.755696,""
"Bandlapalli Bus Stop","bus",14.133183,78.756039,""
"Mhalunge Gaon (Bajirao Padale Chowk)","bus",18.564616,73.735792,""
"Tapovan Depot","bus",20.008274,73.814387,""
"Denduluru Highway Bus Stop","bus",16.745627,81.159487,""
"ADB Road Junction Bus Stop","bus",17.03391,82.185143,""
"Lebukhali Bus Station","bus",22.454352,90.341071,""
"Bus Stand , Terekanambhi","bus",11.815629,76.792201,""
"APSRTC Bus Station , Guduru ( Kurnool )","bus",15.777006,77.800944,""
"APSRTC Bus Station New Terminal , Hanuman Junction","bus",16.634301,80.969937,""
"Railway Koduru Highway / Main Road Bus Stop","bus",13.960014,79.349962,""
"Venkatagirikota X Roads Bus Stop","bus",13.001687,78.479669,""
"Pulivendula Old Bus Stand Circle","bus",14.415018,78.225532,""
"7th Mile Bus Stop","bus",16.810782,81.147136,""
"APSRTC Alluri Seetharamaraju Bus Station , Krishnadevipeta","bus",17.672389,82.380876,""
"Nidigurthu Bus Stop","bus",13.885813,80.158353,""
"Chinnatota Bus Stop","bus",13.854387,80.210155,""
"Kondurupalem Bus Stop","bus",14.004845,80.15181,""
"Raviguntapalem Bus Stop","bus",13.92115,80.145314,""
"Pambali Bus Stop","bus",13.920808,80.178049,""
"Srinivasapuram Bus Stop","bus",13.959762,80.18037,""
"Puli Kalva Bus Stop","bus",13.968872,80.060629,""
"Madakasira X Roads Bus Stop","bus",13.941545,77.276242,""
"Gudur Railway Station Bus stop","bus",14.148611,79.84619,""
"Jangampalle Bus Stop","bus",14.009318,78.592899,""
"Katarupalle Bus Stop","bus",14.101336,78.240782,""
"Kamatampalle Bus Stop","bus",14.106238,78.207011,""
"APSRTC Bus Station , Machilipatnam","bus",16.188376,81.136432,""
"Gangavaram Bus Stop","bus",17.673786,82.174827,""
"Pattam Bus Stop","bus",18.162762,82.864817,""
"Vengada Bus Stop","bus",18.164653,82.891281,""
"Ammavari Padalu Bus Stop","bus",18.019826,82.710999,""
"Bodalanka Bus Stop","bus",17.741746,81.849558,""
"Dandigunta Bus Stop","bus",14.631856,80.114718,""
"Modegunta Bus Stop","bus",14.551999,80.046701,""
"Sri Gowripuram  Village Bus Stop","bus",14.632337,80.149353,""
"Nellore Bus Stand ,Ongole","bus",15.496216,80.04922,""
"Upparapalem Bus Stop","bus",15.192509,80.038499,""
"Karedu Bus Stop","bus",15.188847,80.054457,""
"Karedu Ramp Bus Stop","bus",15.201179,80.015121,""
"Mundlamuri Varipalem Bus Stop","bus",15.270886,79.741983,""
"Sunki Reddy Palem Bus Stop","bus",15.261878,79.736334,""
"Cherukuru Bus Stop","bus",15.264187,79.749458,""
"Chevuru Bus Stop","bus",15.001086,79.997976,""
"Orugantivaripalem  Bus Stop","bus",15.360674,79.656926,""
"Balireddy Palem Bus Stop","bus",15.34945,79.704387,""
"Chennipadu Bus Stop","bus",15.33616,79.736167,""
"Marlapadu Bus Stop","bus",15.427657,79.968436,""
"Sarvireddipalem Bus Stop","bus",15.472821,79.984503,""
"Vengamukka Palem Bus Stop","bus",15.475885,80.015256,""
"Alakurapadu Bus Stop","bus",15.361294,80.066208,""
"Unguturu Bus Stop","bus",16.823761,81.422216,""
"Uppakapadu Bus Stop","bus",16.818508,81.488865,""
"Ponduru Bus Stop","bus",15.416628,79.926076,""
"Lakshmakka Palem Bus Stop","bus",15.414367,79.904028,""
"Kovvali Highway Bus Stop","bus",16.74815,81.170095,""
"Isukapalle Bus Stop","bus",15.053304,79.775763,""
"Saioeta Bus Stop","bus",15.03241,79.757765,""
"Pakala Bus Stop","bus",15.275724,80.07305,""
"T. Ganguvada village bus stop","bus",18.784423,84.539769,""
"Yerramukkam   Bus Stop","bus",18.839709,84.56511,""
"Manhala Bus Stand","bus",31.530997,74.543001,""
"Shuvarampuram X Roads Bus Stop","bus",15.674065,79.865122,""
"Tatepuram  Bus Stop","bus",15.345941,80.096441,""
"Tadukupeta Bus Stop","bus",13.271573,79.582112,""
"Tadukupetq Bus Stop","bus",13.270025,79.582108,""
"Pothapi Bus Stop","bus",14.346173,79.229434,""
"Chintakayalapalle Bus Stop","bus",14.329195,79.219994,""
"Lebaka  X Roads Bus Stop / Lebaka Bus stop","bus",14.300484,79.182715,""
"Mantapampalle Bus Stop","bus",14.320523,79.083537,""
"Sankarpuram Bus Stop","bus",16.628513,79.7308,""
"Bhatrapalem Bus Stop","bus",16.678154,79.733433,""
"Katrapadu Bus Stop","bus",16.713744,79.755624,""
"APSRTC Bus Station , Simhachalam","bus",17.771651,83.243583,""
"Kamalapadu Bus Stop","bus",15.06477,77.377853,""
"Gulapalyam ( Gulapalem ) Bus Stop","bus",15.092539,77.368061,""
"Budhagavi Bus Dtop","bus",14.96168,77.233452,""
"Cheekalaguriki Bus Stop","bus",14.965778,77.231694,""
"Kottalapalli Bus Stop","bus",15.011994,77.208596,""
"Malapuram Bus Stop","bus",15.044449,77.194057,""
"APSRTC Bus Station , Vidapanakallu \","bus",15.060358,77.181591,""
"Thatrakal Bus Stop","bus",15.003101,77.364178,""
"Ganji Kunta Bus Stop","bus",15.009529,77.368501,""
"Vajrakarur Bus Stop","bus",15.02655,77.383917,""
"Konakondla Bus Stop","bus",15.109073,77.364144,""
"Ramapuram Kottala ( R . Kottala ) Bus Stop","bus",15.088387,77.206383,""
"Gadekal Bus Stop","bus",15.114676,77.243528,""
"Pepili Cross Bus Stop","bus",14.979307,77.318831,""
"Kadamalakunta Bus Stop","bus",14.980272,77.32965,""
"Ragulapadu Bus Stop","bus",14.987696,77.350542,""
"Nancherla Bus Stop","bus",15.205921,77.403919,""
"Kasapuram Bus Stop","bus",15.194625,77.391923,""
"Maddikera Bus Stop","bus",15.248402,77.412377,""
"Maddikera Agraharam Bus Stop","bus",15.265686,77.433738,""
"Burujula Bus Stop","bus",15.334284,77.445598,""
"Hosur Bus Stop","bus",15.380905,77.457842,""
"Dudekonda Bus Stop","bus",15.4523,77.523275,""
"Kothiralla Bus Stop","bus",15.47399,77.528191,""
"Kanakadinne Bus Stop","bus",15.487124,77.531152,""
"Velamakuru Bus Stop","bus",15.507786,77.537314,""
"Kottapeta Bus Stop","bus",15.562113,77.55311,""
"Kappatralla Bus Stop","bus",15.606833,77.630695,""
"Karidikonda Bus Stop","bus",15.579528,77.577951,""
"Karivemula Bus Stop","bus",15.597575,77.599031,""
"Edula Devarabanda Bus Stop","bus",15.630759,77.670878,""
"Machapuram Bus Stop","bus",15.649569,77.703223,""
"Lingamdinne Bus Stop","bus",15.674882,77.749722,""
"Chanugondla Bus Stop","bus",15.710308,77.803038,""
"Pyalakurthy Bus Stop","bus",15.716795,77.819346,""
"Kuruvanagalapuram Bus Stop","bus",15.756329,77.905085,""
"K.Markapuram Bus Stop","bus",15.773429,77.937438,""
"Salkapuram Bus Stop","bus",15.785218,77.954653,""
"A.Gokulapadu Bus Stop","bus",15.7764,77.941406,""
"Peddapadu Bus Stop","bus",15.805155,77.981631,""
"Venkanna Palem Bus Stop","bus",17.794886,82.974596,""
"Gotivada Bus Stop","bus",17.792778,83.109936,""
"Thimmasamudram Bus Stop","bus",13.965078,78.913694,""
"Papannagari Palli Bus Stop","bus",13.892557,78.947894,""
"Gundlapalli Bus Stop","bus",13.913395,78.937434,""
"Kottapalle Bus Stop","bus",13.937944,78.93645,""
"Rachapalle Bus Stop","bus",13.960929,78.983212,""
"Kadirayacheruvu Bus Stop","bus",13.791832,78.675216,""
"Late Rajiv Gandhi Udyan BRT","bus",18.453457,73.858424,""
"Kummarapalle Bus Stop","bus",14.044664,78.815171,""
"Anumpalle Bus Stop","bus",14.023805,78.857676,""
"Rachamvandlapalle Bus Stop","bus",14.00252,78.889979,""
"T. Sundupalle Bus Stop","bus",13.981461,78.915913,""
"Madithadu Bus Stop","bus",13.985674,78.961486,""
"Rayavaram Bus Stop","bus",13.986995,78.989838,""
"Pincha Bus Stop","bus",13.91346,78.999056,""
"Peddinenikalva Bus Stop","bus",13.954163,78.9822,""
"Vandadi Bus Stop","bus",13.999695,78.693324,""
"Balijapalle Bus Stop","bus",13.989028,78.667637,""
"T.Sakibanda Bus Stop","bus",13.992348,78.649407,""
"Kammapalle Bus Stop","bus",13.989275,78.620348,""
"Goramchervu Bus Stop","bus",14.008965,78.563269,""
"Gaaliveedu Bus Stop","bus",14.021391,78.514311,""
"Gondhipalle Bus Stop","bus",13.910869,79.012276,""
"Kondalaturupu Bus Stop","bus",13.914725,78.96647,""
"Sontam Vari PaIIe Bus Stop","bus",13.899657,78.964657,""
"Krishna Puram Bus Stop","bus",13.794839,78.634249,""
"Papireddigaripalle Bus Stop","bus",13.805498,78.729961,""
"Bojjiguntapalle Bus Stop","bus",13.810861,78.746034,""
"Peddakaivapalle Bus Stop","bus",14.054024,78.718804,""
"Boyapalle Bus Stop","bus",14.039167,78.681152,""
"Vadlapalle Bus Stop","bus",14.020115,78.645211,""
"RamapuramBus Stop","bus",14.008699,78.610279,""
"Veligallu Bus Stop","bus",14.042155,78.444715,""
"Nambula Pulakunta Bus Stop","bus",14.056248,78.411626,""
"Bandaruchetlapaalle Bus Stop","bus",14.067467,78.392261,""
"Dhaniyanicheruvu Bus Stop","bus",14.0797,78.356499,""
"Rekkamanu Bus Stop","bus",14.093417,78.314763,""
"Gandlapenta Bus Stop","bus",14.095203,78.272066,""
"Garugupalle Bus Stop","bus",14.076594,78.518876,""
"Battinivandlapalle Bus Stop","bus",14.110877,78.522896,""
"Nuliveedu Bus Stop","bus",14.10007,78.553858,""
"Gundlacheruvu Junction Bus Stop","bus",14.058891,78.536325,""
"Pandikunta Bus Stop","bus",14.123369,78.53423,""
"Talamudipi Bus Stop","bus",14.150398,78.515987,""
"Thumukunta Bus Stop","bus",14.077572,78.476772,""
"Madarsab Garipalle Bus Stop","bus",14.078374,78.451202,""
"Mamillavari Palle Bus Stop","bus",13.791651,78.55988,""
"Turakapalle Bus Stop","bus",13.824458,78.550965,""
"Kalicherla Bus Stop","bus",13.886624,78.542142,""
"Peddamandyam Bus Stop","bus",13.928538,78.537997,""
"Papepalle Bus Stop","bus",13.954125,78.528657,""
"Araveedu X Roads Bus Stop","bus",13.98802,78.517572,""
"Chittiboyanapalle Bus Stop","bus",13.800544,78.609002,""
"Nadimicherla Bus Stop","bus",13.831543,78.684935,""
"Kona Bus Stop","bus",13.830805,78.72624,""
"Yellama Gudibanda Bus Stop","bus",13.833655,78.737277,""
"Bonga Vandlapalle Bus Stop","bus",14.167098,78.873338,""
"Brhamagundam Temple Bus Stop","bus",15.554304,77.965901,""
"Bandapalli  Bus Stop","bus",14.126507,78.735399,""
"Maddirevula Bus Stop","bus",14.145637,78.721989,""
"Lakkireddipalle Bus Stop","bus",14.185476,78.697087,""
"Konapeta Bus Stop","bus",14.209606,78.649526,""
"Payalapalle Bus Stop","bus",14.214796,78.59855,""
"Bālatimmayagāripalle Bus Stop","bus",14.219502,78.553231,""
"Chilekampalle Bus Stop","bus",14.24756,78.509594,""
"Chekrayapeta Bus Stop","bus",14.263764,78.496774,""
"Vepulamitta Bus Stop","bus",14.228543,78.957577,""
"Gadikota Bus Stop","bus",14.201626,78.934166,""
"YadaballeBus Stop","bus",14.190925,78.910516,""
"Tarpupalle Bus Stop","bus",14.155205,78.86915,""
"Veeraballe Bus Stop","bus",14.156787,78.858042,""
"Rachakuntapalle Village Cross Bus Stop","bus",14.367721,78.27796,""
"Nakkalapalle Bus Stop","bus",14.511993,78.206497,""
"Visakhapatnam Old Bus Stand","bus",17.709589,83.294265,""
"Gotlamitta Village Bus Stop","bus",14.162954,78.537711,""
"Sangameshwar","bus",17.169118,73.534222,""
"Deorukh","bus",17.062801,73.623201,""
"Arilova Colony Bus Stop","bus",17.769918,83.30596,""
"Old Dairy Farm Bus Stop","bus",17.761188,83.333873,""
"APSRTC BUS STATION , PULLALACHERUVU","bus",16.155186,79.430018,""
"Alluri Bus Stop","bus",14.686417,80.053893,""
"Vemalaagardi Bus Stop","bus",14.256898,78.406386,""
"Peddannavaripalle Bus Stop","bus",14.253869,78.338447,""
"Vepamanipeta Bus Stop","bus",14.266724,78.301045,""
"Talupula Bus Stop","bus",14.241039,78.259086,""
"Thogata Vandla Pllli Bus Stop","bus",14.20537,78.26527,""
"Obulareddipalle Bus Stop","bus",14.191444,78.291989,""
"Gudalagondi Bus Stop","bus",14.147891,78.30471,""
"Obulapuram Thanda Bus Stop","bus",14.162092,78.310264,""
"Pedda Kambaloor Bus Stop","bus",15.3024,78.613118,""
"Chinna Kambaloor Bus Stop","bus",15.283799,78.56971,""
"Reppalapattu Bus Stop","bus",13.417327,79.746488,""
"Sadasiva Puram Bus Stop","bus",13.501995,79.732646,""
"Maddi Khandriga Bus Stop","bus",13.460195,79.726495,""
"Sivanadhapuram Bus Stop","bus",13.713124,79.725818,""
"Birajukandriga Bus Stop","bus",13.666931,79.733371,""
"Kotturu Bus Stop","bus",13.626433,79.73349,""
"Matham Bus Stop","bus",13.578799,79.747243,""
"Bodireddikandriga Bus Stop","bus",13.548855,79.741694,""
"Puttapasham Bus Stop","bus",15.70245,77.671515,""
"Megha Bus (Cochin and Munnar)","bus",8.491107,76.953954,""
"IT SEZ Bus Stop","bus",17.810296,83.389304,""
"Tiruvannamalai New Bus Stand","bus",12.237892,79.079444,""
"Sugguna Lanka  Bus Stop","bus",16.234096,80.81299,""
"Epuru Lanka Bus Stop","bus",16.220231,80.806217,""
"Alamuru Bus Stop","bus",14.642542,77.540275,""
"Bhavapuram Bus Stop","bus",15.259933,78.982472,""
"APSRTC Bus Station , Srimukhalingam","bus",18.595206,83.964249,""
"TGSRTC Bus Station , Alampuram","bus",15.879134,78.132132,""
"42A BUS STAND","bus",22.530747,88.38945,""
"Pernadu Bus astop","bus",13.78551,80.151499,""
"Atakanitippa Bus Stop","bus",13.724341,80.12257,""
"Koridi Bis Stop","bus",13.763006,80.140004,""
"SHAR Gate","bus",13.724253,80.163101,""
"APSRTC Bus Station , Epuru","bus",16.229674,79.777229,""
"Bus Station Bharwari","bus",25.545617,81.480089,""
"Chikli Bus Stop","bus",18.683787,73.814199,""
"APSRTC Bus Station , Kudair","bus",14.730491,77.425551,""
"APSRTC Bus Station , Polavaram","bus",17.246574,81.639464,""
"பார்த்திபனூர் வெள்ணையம்மாள்கோவில்","bus",9.587625,78.453985,""
"Dwarka Bus Station","bus",22.245502,68.963764,""
"Pmpml Bus Stand","bus",18.786957,73.776502,""
"Srinivasa mangapuram Bus and car Temple parking","bus",13.610722,79.326554,""
"Sri Vaari Mettu Bus Stop","bus",13.660236,79.336588,""
"Pampml Bus Stand","bus",18.766219,73.774913,""
"Kamalamarri Bus Stop","bus",14.061393,78.584896,""
"Cheemalacheruvu Palli Bus Stop","bus",14.083892,78.595216,""
"Kadapavandlapalle Bus Stop","bus",14.099056,78.614993,""
"Katimayakunta Bus Stop","bus",14.080266,78.672746,""
"Pedda Kowkuntla Village Bus Stop","bus",14.792854,77.250605,""
"Vonija Bus Stop","bus",18.30709,83.228489,""
"Baharagora Bus Terminal","bus",22.282683,86.716931,""
"Star Line Special Ltd.","bus",23.009221,91.388173,""
"Kalmeshwar Bus Stand MSRTC","bus",21.232261,78.917523,""
"Bus Stand City Bus","bus",21.237024,78.904821,""
"APSRTC Bus Stop  - Andhra Pradesh High Court Parking Area","bus",16.521066,80.487506,""
"APSRTC Bus Parking at Andhra Pradesh High Court","bus",16.521054,80.487027,""
"APSRTC Bus Stop , Andhra Pradesh High Court","bus",16.521355,80.487173,""
"Kachapur bus stop","bus",18.329824,79.358819,""
"Gaddapaka Bus stop","bus",18.345205,79.358052,""
"கரூர் புதிய பேருந்து நிலையம்","bus",10.945167,78.081157,""
"TGSRTC Bus Station , Aiza","bus",16.015237,77.665916,""
"TGSRTC Bus Station , Achampet","bus",16.397713,78.633425,""
"TGSRTC Bus Station , Pebbair","bus",16.208038,77.99183,""
"TGSRTC Bus Station , Bijinapalli","bus",16.53361,78.20446,""
"TGSRTC Bus Station , Wanaparthy","bus",16.358373,78.060461,""
"TGSRTC Bus Station. Devuni Palem","bus",16.525278,78.233596,""
"TGSRTC Bus Station , Kollapur","bus",16.108348,78.318809,""
"TGSRTC Bus Station , Jadcherla","bus",16.773296,78.129889,""
"TGSRTC  Bus Station , Kalwakurthy","bus",16.664628,78.490981,""
"TGSRTC Bus Station , Adilabad","bus",19.669422,78.527443,""
"TGSRTC Bus Station , Banswada","bus",18.383078,77.875676,""
"TGSRTC Bus Station , Bhupalapally","bus",18.439931,79.863978,""
"TGSRTC Bus Station , Bodhan","bus",18.658761,77.895435,""
"TGSRTC Old Bus Station , Devarakonda","bus",16.691564,78.919519,""
"TGSRTC Bus Station , Pragnapur","bus",17.831528,78.706067,""
"TGSRTC Jublee Bus Station , Hyderabaf","bus",17.447775,78.49825,""
"TGSRTC JBS Bus Station","bus",17.447749,78.497755,""
"JBS","bus",17.447612,78.498632,""
"TGSRTC  Bus Station , Godavarikhani","bus",18.760126,79.508289,""
"TGSRTC Bus Station , Hanumakonda","bus",18.003041,79.566207,""
"TGSRTC Bus Station , Dubbaka","bus",18.172186,78.663469,""
"TGSRTC New Bus Station , Gajwel","bus",17.842373,78.660502,""
"TGSRTC Bus Station, Huzurabad","bus",18.202908,79.396294,""
"Muzzafarnagar Bus Adda","bus",29.46789,77.705073,""
"TGSRTC New Bus Station , Jagityal","bus",18.789433,78.913505,""
"TGSRTC Old Bus Station , Jagityala","bus",18.798075,78.920682,""
"TGSRTC Bus Station , Janagaon","bus",17.719297,79.16269,""
"TGSRTC New Bus Station , Khammam","bus",17.260951,80.14956,""
"TGSRTC Bus Station, ECIL","bus",17.472488,78.570112,""
"TGSRTC Bus Station , Kosigi","bus",16.987056,77.711361,""
"TGSRTC Bus Station , Madhira","bus",16.922469,80.367132,""
"TGSRTC Bus Station , Mahbubnagar","bus",16.74804,77.995764,""
"TGSRTC Bus Station , Manuguru","bus",17.947509,80.811948,""
"TGSRTC Bus Station , Maheshwaram","bus",17.135846,78.435379,""
"TGSRTC Bus Station , Manthani","bus",18.651397,79.66775,""
"TGSRTC Bus Station , Medak","bus",18.050724,78.269886,""
"TGSRTC Bus Station , Narayanakhed","bus",18.036985,77.779591,""
"TGSRTC Bus Station , Narsampet","bus",17.925373,79.886235,""
"TGSRTC Bus Station , Narayanapet","bus",16.741841,77.497495,""
"TGSRTC Bus Station , Nirmal","bus",19.100414,78.341291,""
"TGSRTC Bus Station , Pargi","bus",17.175763,77.880912,""
"TGSRTC Bus Station , Nizamabad","bus",18.676072,78.099539,""
"TGSRTC Bus Station , Sangareddy","bus",17.615349,78.081956,""
"TGSRTC Bus Station , Siddipet","bus",18.094263,78.852897,""
"TGSRTC Bus Station , Thorrur","bus",17.586308,79.656003,""
"TGSRTC Bus Station , Tandur","bus",17.25345,77.590819,""
"TGSRTC Bus Station , Utnur","bus",19.371695,78.779758,""
"TGSRTC Bus Station , Vemulavada","bus",18.461325,78.868019,""
"TGSRTC Bus Station , Warangal","bus",17.973889,79.606726,""
"TGSRTC Bus Station ( Near Warangal Railway Station ) , Warangal","bus",17.973963,79.606234,""
"TGSRTC Bus Station , Yadagirigutta","bus",17.58274,78.946127,""
"TGSRTC Bus Station , Zaheerabad","bus",17.681504,77.614118,""
"3 No. Bus Stand","bus",24.891244,85.553708,""
"sirikonda bus stip","bus",18.58195,78.456847,""
"Matihani Bus Station","bus",26.612859,85.845069,""
"Kadamtala Bus Terminus","bus",26.523939,88.716507,""
"Shrivari Paadaalu Bus Stop","bus",13.678116,79.332736,""
"Silathoranam Natural Stone Arch Bus Stop","bus",13.685976,79.341154,""
"Gundrevari Palli Bus Stop","bus",13.865928,78.896207,""
"Anjanadri Bus Stop","bus",13.659913,79.384822,""
"T.Sadum Bus Stop","bus",13.664538,78.100623,""
"Nepal Yatayat Bus Park","bus",27.667224,85.361529,""
"Motu Bus Station","bus",17.833353,81.400447,""
"Kattubavi Bus Stop","bus",13.466544,78.426731,""
"Donduvaripalle Bus Stop","bus",13.516251,78.478267,""
"အဝေးပြေးကားဝင်း","bus",20.610216,93.172196,""
"Pulivallem Bus Stop","bus",13.623849,79.995318,""
"Taluk Office Bus Stop","bus",15.227175,78.324297,""
"Ночная стоянка автобусов","bus",27.109631,85.963097,""
"Rahatgarh Bus Stand","bus",23.790281,78.394458,""
"Nernoor Bus Stop","bus",14.420443,79.595407,""
"Borpul Bus Stand বড়পুল বাসস্ট্যান্ড","bus",24.469065,90.770761,""
"Gouripur Bus Stand গৌরীপুর বাসস্ট্যান্ড","bus",24.751961,90.56432,""
"TGSRTC Bus Station. Yellandu","bus",17.595195,80.321919,""
"Hadpsar Gadi Tal","bus",18.500419,73.939268,""
"Gownivaripalli Bus Stop","bus",13.882169,78.561726,""
"Pasalavandla Palle Bus Stop","bus",13.886766,78.619762,""
"Erakannapalem Bus Stop","bus",17.522485,82.373623,""
"Dhanujavari Palli  Bus Stop","bus",13.500818,79.146134,""
"Bhikhariwal Bus Stop","bus",32.015172,75.252788,""
"Dasukuppam Bus Stop","bus",13.337805,79.89105,""
"Mogili Highway Bus Stop","bus",13.186611,78.832454,""
"Mogili Village  Bus Stop","bus",13.185305,78.836183,""
"Reobus Pro","bus",32.035281,76.716226,""
"Northern Travels","bus",32.03533,76.716271,""
"Bedi Travels","bus",32.035379,76.716317,""
"Himalayan Nomad Ktc","bus",32.035447,76.71636,""
"Bharmani Travels","bus",32.035521,76.716407,""
"পাটগাতী বাস টার্মিনাল","bus",22.886492,89.893772,""
"Yarada Village Bus Stop","bus",17.662821,83.278253,""
"Kakaralova - Chintalalova Bus Stop","bus",17.68291,83.258227,""
"wireless Station Bus Stop","bus",17.672583,83.272124,""
"Sector J Bus Stop","bus",17.681169,83.268634,""
"Sector L Bus Stop","bus",17.679232,83.266974,""
"Dolphin Cove Bus Stop","bus",17.667178,83.281948,""
"Yarada Beach Bus Stop","bus",17.653503,83.264073,""
"Paravada Sub Station Bus Stop","bus",17.628304,83.089442,""
"Krishnampalem  Bus Stop","bus",17.507451,82.937162,""
"Rajakoduru Bus Stop","bus",17.510739,82.936374,""
"Votagada Village Road","bus",17.614459,83.072256,""
"Venkatapuram  Bus Stop","bus",17.544581,82.944548,""
"Sanakaluva Bus Stop","bus",17.578425,83.009085,""
"Palavalasa Village Road Bus Stop","bus",17.574814,83.152092,""
"Jangalaplem Bus Stop","bus",17.530405,82.942299,""
"Jajulavanipalem Bus Stop","bus",17.636003,83.109928,""
"Kotthapatnam Bus Stop","bus",17.435527,82.895211,""
"Vada Narsapuram Bus Stop","bus",17.446064,82.909784,""
"Govindapalem Bus Stop","bus",17.45596,82.915991,""
"Rambilli Bus Stop","bus",17.465352,82.927699,""
"Kondavaripalem Bus Stop","bus",17.477588,82.938962,""
"Appannapalem Bus Stop","bus",17.490602,82.9377,""
"Holy Sprit School Bus Stop","bus",16.246612,80.912087,""
"Nidumolu X Roads  Bus Stop","bus",16.254449,80.935382,""
"Ayyanki Bus Stop","bus",16.266371,80.942409,""
"Kaza Village Bus Stop","bus",16.19815,81.006357,""
"Jamiya Masjid Bus Stop","bus",16.198442,81.004246,""
"Kosuru Bus Stop","bus",16.207294,80.967997,""
"Vemulamada Bus Stop","bus",16.218561,80.94159,""
"Movvapalem Bus Stop","bus",16.22052,80.931977,""
"Kanuru X Roads Bus Stop","bus",16.483981,80.685918,""
"Poranki Bus Stop","bus",16.476036,80.706832,""
"Tadigadapa Bus Stop","bus",16.478992,80.699184,""
"Anjaneyaswamy Temple Bus Stop","bus",16.30169,80.955135,""
"Pamarru Centre Bus Stop","bus",16.323038,80.960801,""
"Kurumaddali Bus Stop","bus",16.332098,80.929202,""
"Gopuvanipalem Bus Stop","bus",16.348552,80.891854,""
"Mantada Bus Stop","bus",16.355818,80.878069,""
"Vuyyuru Bypass-Tandava Lakshmi","bus",16.371282,80.837403,""
"Chinna Ogirala X Roads Bus Stop","bus",16.382222,80.826027,""
"Pedda Ogirala Bus Stop","bus",16.393376,80.813712,""
"Nepalli Masjid Bus Stop","bus",16.40249,80.801402,""
"Nepalli  Bus Stop","bus",16.403403,80.80008,""
"Prodduturu X Roads Bus Stop","bus",16.417284,80.782179,""
"Edupugallu Bus Stop","bus",16.450788,80.745683,""
"Vijay Spinning Mills  Bus Stop","bus",16.461337,80.734994,""
"Penamaluru X Roads Bus Stop","bus",16.471224,80.720095,""
"Kasturibaipet Bus Stop","bus",16.507085,80.639995,""
"Siddhartha College Bus Stop","bus",16.481923,80.691233,""
"State Guest House Bus Stop","bus",16.509211,80.634098,""
"JNNURM Colony Bus Stop","bus",16.553187,80.617641,""
"Koyda Bus Stop","bus",17.483686,81.380303,""
"Tekuru Bus Stop","bus",17.488712,81.357416,""
"Katukur Bus Stop","bus",17.492255,81.341693,""
"Chigurumamidi Bus Stop","bus",17.473714,81.310289,""
"Kotthuru Bus Stop","bus",17.47845,81.288134,""
"Kannaigudem Bus Stop","bus",17.497995,81.276988,""
"Velerupadu Bus Stop","bus",17.524149,81.258186,""
"Bachuvarigudem Bus Stop","bus",17.409886,81.173928,""
"Narayana Puram Bus Stop","bus",17.387662,81.155069,""
"Vutlapalli Bus Stop","bus",17.292359,81.117603,""
"Sivakasipuram Village Road","bus",17.502919,81.238456,""
"Medapalle Bus Stop","bus",17.457677,81.191679,""
"Siribala Bus Stop","bus",17.914225,82.248427,""
"Nimmidoddi Junction Bus Stop","bus",17.591337,83.154831,""
"Madeena Bagh Bus Stop","bus",17.622678,83.161038,""
"Islampet Bus Stop","bus",17.608966,83.151404,""
"Vengamvaripalle Bus Stop","bus",13.046179,78.617073,""
"KEC Bus Stand","bus",11.273405,77.608255,""
"Hamrahi Travels","bus",33.548751,73.102294,""
"Madhavaram Village Bus Stop","bus",13.29799,78.842691,""
"Puthramaddi Village Bus Stop","bus",13.322061,78.991956,""
"Howrah CSTC","bus",22.577347,88.334244,""
"Mussoorie Bus Stand","bus",30.315703,78.033474,""
"Faisal Movers Ghizali Terminal","bus",33.630427,72.943345,""
"ISBT Ludhiana","bus",30.896509,75.846629,""
"Gurugram Bus Stand","bus",28.465249,77.032208,""
"Juhu Chowpati Bus Station","bus",19.09609,72.827547,""
"Nagpur Main Bus Stand","bus",21.139068,79.096676,""
"Broadway Bus Terminus","bus",13.086923,80.28417,""
"Mandaveli Bus Terminus","bus",13.026626,80.265738,""
"Thyagaraya Nagar Bus Terminus","bus",13.034561,80.23008,""
"Yamunanagar bus stand","bus",30.134675,77.276945,""
"CTU Local Bus Station 43","bus",30.717178,76.743364,""
"Cox's Bazar Central Bus Terminal","bus",21.42699,92.003957,""
"Minjur Bus Stand","bus",13.282039,80.253714,""
"Sriperumbudur Bus Stand","bus",12.966503,79.94505,""
"Kulgaon Bus Station","bus",19.168713,73.236782,""
"Erode Bus Stand","bus",11.347065,77.71997,""
"Domlur Bus Station","bus",12.961802,77.63873,""
"Vitthalwadi","bus",19.227107,73.148971,""
"Chennai Mofussil Bus Terminus","bus",13.067044,80.205648,""
"Kalpetta New Bus stand","bus",11.605675,76.084706,""
"Mohakhali Inter District Bus Terminal","bus",23.772915,90.401465,""
"Anna Square Bus Station","bus",13.06641,80.284296,""
"Vadakara Old Bus Stand","bus",11.597452,75.587691,""
"KR Market Bus Terminus","bus",12.964073,77.577792,""
"Gita Mandir Bus Station","bus",23.015485,72.591852,""
"Kalasipalyam Bus Stand","bus",12.960397,77.577151,""
"Kashmere Gate ISBT","bus",28.668689,77.230418,""
"Pudukkottai New Bus Stand","bus",10.377503,78.814494,""
"Thavakkara New Bus Stand","bus",11.866943,75.371817,""
"Taliparamba Municipal Bus Stand","bus",12.036958,75.360076,""
"K S R T C Bus Stand","bus",12.502633,74.988091,""
"Cheruvathur Busstand","bus",12.215936,75.161914,""
"Kottachery Bus Stand","bus",12.32218,75.086767,""
"Sundernagar Bus Station","bus",31.536892,76.892197,""
"Thanjavur New Bus Stand","bus",10.750124,79.112323,""
"Old Bus S tand Rampur","bus",31.450257,77.631457,""
"Mumbai Central Bus Station","bus",18.969326,72.822056,""
"SETC Bus Stand","bus",10.78629,79.136278,""
"Hampinagara Bus Station","bus",12.958979,77.535479,""
"Chamba Old ISBT","bus",32.55296,76.12587,""
"Uttam Nagar Terminal","bus",28.625608,77.065571,""
"Naya Bus Park, Gongabu","bus",27.733165,85.308063,""
"DTC Bus Depot Sector 2","bus",28.598719,77.06514,""
"Gandhipuram Town Bus Stand","bus",11.016461,76.969318,""
"Manali Inter State Bus Terminus","bus",32.244113,77.189866,""
"Azadpur","bus",28.707457,77.17789,""
"Rohini II DTC Bus Depot","bus",28.730283,77.122503,""
"Sarai Kale Khan ISBT","bus",28.585075,77.259049,""
"Duliajan New Bus Station","bus",27.357317,95.334451,""
"Goregaon Bus Station (W)","bus",19.163637,72.848986,""
"Goregaon Bus Station East","bus",19.16573,72.850443,""
"Brindavan Garden Bus Station","bus",12.422045,76.577078,""
"Kerala State Road Transport Corporation Bus Station","bus",9.68454,76.7768,""
"tampo station","bus",31.081709,75.333277,""
"Central Bus Stand","bus",17.921689,77.507463,""
"Central Bus Station","bus",16.824946,75.715397,""
"Old Bus Station","bus",15.350369,75.136165,""
"Dharwad New NWKRTC Bus Station","bus",15.469373,74.993112,""
"Jaffna Central Bus Stand","bus",9.666771,80.01182,""
"SEEPZ Bus Station","bus",19.12599,72.872978,""
"idgah bus stand","bus",27.166001,77.995363,""
"Rajabazar Tram Depot","bus",22.574211,88.373803,""
"CBIT bus stop","bus",17.393733,78.320177,""
"Bus Stop Barnala","bus",30.377094,75.538865,""
"PRTC","bus",30.375796,75.536282,""
"Baglung Bus Park","bus",28.232023,83.982998,""
"Perundurai Bus Stand","bus",11.273538,77.580015,""
"Medical College Bus Stand","bus",9.63222,76.52145,""
"Hullahalli Bus Stand","bus",12.098248,76.555706,""
"Kondapur Bus Depot","bus",17.465385,78.364109,""
"Bus Station, Harike","bus",31.165788,74.942684,""
"Bus Stand, Bullowal","bus",31.589647,75.782463,""
"Pulgate","bus",18.506064,73.882099,""
"Bus Stand (ISBT FZR)","bus",30.930591,74.623843,""
"लगनखेल बस पार्क","bus",27.66733,85.32312,""
"Old Bus Park","bus",28.207825,83.986553,""
"Anushakti Nagar Bus Stand","bus",19.042615,72.926397,""
"Koramangala TTMC","bus",12.940967,77.625052,""
"Saheed Bhagat Singh Interstate Bus Terminal","bus",31.310935,75.592354,""
"Central Bus Terminus","bus",15.344637,75.145415,""
"Karwar Bus stand","bus",14.805652,74.12799,""
"Vadapalani Bus Terminus","bus",13.04919,80.207094,""
"Chromepet Bus Stand","bus",12.951576,80.140084,""
"சென்னை சென்ட்ரல்","bus",13.082012,80.275622,""
"Anna Nagar West Depot","bus",13.093925,80.198087,""
"Pallavaram Bus Stand","bus",12.969295,80.150249,""
"Kelambakkam Bus Station","bus",12.786247,80.222007,""
"Thiruverkadu Bus Depot","bus",13.069503,80.12401,""
"Thiruvanmiyur MTC Terminus","bus",12.986836,80.259333,""
"Saidapet MTC Terminus","bus",13.023427,80.22772,""
"Swargate ST Stand","bus",18.499364,73.859266,""
"Maharaja Pratap Interstate Bus Terminal","bus",32.274226,75.642387,""
"Chandigarh ISBT, Sector 43","bus",30.716325,76.74467,""
"Chandigarh ISBT, Sector 17","bus",30.735727,76.779073,""
"Panchkula Interstate Bus Stand","bus",30.691982,76.852987,""
"Kadugodi Bus Station","bus",12.995701,77.75851,""
"Jeevan Bhima Nagar Bus Depot","bus",12.965759,77.658083,""
"Raikot Bus Stop","bus",30.655228,75.595599,""
"Ghatkopar Bus Station","bus",19.087792,72.918026,""
"Mandya Bus Stand","bus",12.527989,76.889609,""
"KSRTC Gadag New Bus Stand","bus",15.417611,75.63631,""
"Gadag Old Bus Stand","bus",15.429062,75.632938,""
"Alappuzha Bus stand","bus",9.499924,76.347436,""
"Belgavi Railway Station Bus Sand","bus",15.850085,74.508399,""
"Vijayanagar Bus Stand","bus",12.965467,77.534673,""
"Sharada Colony Bus Depot","bus",12.988425,77.533666,""
"Faridabad Bus Stand","bus",28.38645,77.298989,""
"Bhaktapur Bus Park","bus",27.705645,85.316969,""
"Bhuj Bus Station (State Buses)","bus",23.250122,69.670728,""
"New Busstand","bus",11.030278,76.951732,""
"Mannargudi Bus Station‎","bus",10.66558,79.448648,""
"Ervadi Bus Station","bus",9.206795,78.710756,""
"Prabhodankar Thakre Charkop Bus Station","bus",19.220434,72.829287,""
"P.Thakre Bus Station","bus",18.997845,72.85251,""
"JVPD Bus Station","bus",19.116431,72.829291,""
"Thane Station (W)","bus",19.186938,72.97565,""
"Ooty","bus",11.40365,76.695786,""
"Hanagal KSRTC Bus stand","bus",14.771104,75.12798,""
"Dwarka Bus Depot","bus",28.576164,77.070228,""
"Dharmasthala Bus Stand","bus",12.956358,75.385444,""
"Payyanur","bus",12.111552,75.218137,""
"Payyanur Old Bus Stand","bus",12.105802,75.207339,""
"Salt Lake Bus Depot","bus",22.580079,88.429585,""
"47/1 BUS DEPOT (SALTLAKE - TOLLYGUNJ METRO)","bus",22.57842,88.418711,""
"Moodabidri Bus Stand","bus",13.068141,74.995685,""
"Kollegal Bus Stand","bus",12.153729,77.104152,""
"Karkala Bus Stand","bus",13.212918,74.998598,""
"KSRTC Mangalore Bus Stand","bus",12.885244,74.841677,""
"begusarai bus station","bus",25.423466,86.132924,""
"Benapole Truck Terminal","bus",23.039064,88.892836,""
"Kurugodu Bus Stand","bus",15.343488,76.832646,""
"Rewari Bus Stand","bus",28.192574,76.616095,""
"VRL IT Park Bus stand","bus",15.353082,75.132679,""
"Atal Bihari Vajpayee Bus Stand","bus",12.917327,77.589157,""
"Banashankari TTMC","bus",12.917765,77.572995,""
"Amaravati Bus Station","bus",20.930461,77.764699,""
"Ratnapark Micro Bus Station","bus",27.701599,85.313508,""
"Tinkune Bus Station","bus",27.686263,85.34544,""
"Airport Bus Station","bus",27.700457,85.354057,""
"Rankala Bus Stand","bus",16.695681,74.218346,""
"Najafgarh Main Bus Stand","bus",28.615153,76.977635,""
"General Bus Stand Jammu","bus",32.729478,74.859397,""
"Veerulapadu","bus",16.820213,80.400257,""
"Tiptur KSRTC Depot","bus",13.266523,76.47421,""
"Jhajjar old bus stand","bus",28.607561,76.649764,""
"UP Roadways Bus Stand","bus",28.446035,77.544476,""
"Old Busstand(Town Bus station)","bus",12.528667,78.217767,""
"Bus Stand Hoshiarpur","bus",31.532795,75.90306,""
"ISBT Mandi","bus",31.705142,76.936795,""
"Ballabgarh","bus",28.341454,77.315065,""
"Gudalur Bus Stand","bus",11.505874,76.491974,""
"Udupi Service Bus Station","bus",13.342702,74.747212,""
"KGF Bus Station","bus",12.958097,78.271916,""
"Rangamati New Bus Counter","bus",22.646658,92.183268,""
"Bhor","bus",18.153764,73.845748,""
"Greenline Travels","bus",27.713448,85.314981,""
"Dapoli ST","bus",17.756789,73.191413,""
"Pavoorchatram Bus Stand","bus",8.916715,77.380708,""
"Tirunelveli New Bus Stand","bus",8.702667,77.72777,""
"Mohan Nagar Bus Depot","bus",28.677235,77.381029,""
"Alangulam Bus Stand","bus",8.866966,77.495169,""
"Tenkasi New Bus Stand","bus",8.971165,77.302079,""
"Kerala State Road Transport Corporation Sub Depot","bus",9.27854,76.458732,""
"Mavelikkara","bus",9.247545,76.539552,""
"Biratnagar Buspark","bus",26.450423,87.275358,""
"KSRTC Garage Palakkad","bus",10.76708,76.649457,""
"AC Bus Stand","bus",30.179983,71.509369,""
"Al Noor Hotel & Restaurant","bus",30.20956,71.5111,""
"Lari Adda Bahawalpur","bus",29.407553,71.677172,""
"Dera Ghazi Khan Bus Station","bus",30.054691,70.644802,""
"Hisar Bus Stand","bus",29.165432,75.717434,""
"Trolly Bus Station","bus",27.688583,85.339096,""
"Junagadh","bus",21.522744,70.454724,""
"Jethbai Bus Stand Diu","bus",20.718632,70.981094,""
"Cuddalore","bus",11.746307,79.755695,""
"Shivajinagar Bus Stand","bus",17.525729,73.522925,""
"Chiplun Bus Stand","bus",17.525367,73.515225,""
"Navlakha Bus stand","bus",22.700731,75.87667,""
"Sarvate Bus Station","bus",22.713816,75.868676,""
"Stadium Bus Stand","bus",10.773991,76.662654,""
"Karunamoyee International Coach Terminus","bus",22.585606,88.421024,""
"Nelamangala BMTC Bus Stand","bus",13.097774,77.394133,""
"ST-6 W-3 Bus Terminus‎","bus",22.579929,88.430839,""
"Mysore City Bus Station","bus",12.307603,76.653415,""
"Kovilpatti Mofussil Bus stand","bus",9.182532,77.852866,""
"Kaushambi Bus Stand","bus",28.646471,77.318451,""
"Kalaghatgi KSRTC Bus Stand","bus",15.18057,74.972026,""
"Subrahmanya Bus Stand","bus",12.665892,75.613857,""
"Rajapalayam Old bus stand","bus",9.454455,77.555702,""
"Sector 35 Bus Terminus","bus",28.577042,77.357157,""
"Tirunelveli Junction Old Bus Stand","bus",8.730983,77.710774,""
"7 Bungalows Bus Depot","bus",19.131033,72.819921,""
"Raja Yashovarman Bus stand","bus",24.846459,79.924814,""
"Villupuram New Bus Stand","bus",11.930777,79.482275,""
"Kerala State Road & Transport Corporation","bus",10.767619,76.649173,""
"Arasikere Bus Stand","bus",13.315971,76.254187,""
"Vemulawada","bus",18.461362,78.867984,""
"Bhuvanagiri","bus",17.516134,78.886748,""
"Trichy Central Bus Stand","bus",10.798441,78.68028,""
"Vellakovil","bus",10.951041,77.712913,""
"khari booat","bus",27.659737,85.306543,""
"Kozhikode Moffusil Bus Stand","bus",11.258576,75.786914,""
"Sultanabad bus station","bus",18.529616,79.319155,""
"Shivajinagar Bus Station","bus",12.983209,77.603076,""
"Kadambazhipuram Bus Stand","bus",10.872779,76.446094,""
"Vridavan","bus",26.769237,80.956523,""
"Panjim KTC Bus Stand","bus",15.495417,73.836704,""
"Egmore Railway Station","bus",13.079456,80.262775,""
"सुर्खेत बस पार्क","bus",28.591159,81.618842,""
"Kaiserbagh Bus Station","bus",26.853253,80.928446,""
"Charbagh Bus Station","bus",26.83269,80.920226,""
"Kerala State Road Transport Cooperation Bus Station","bus",9.788663,76.853873,""
"Guindy Estate MTC Terminus","bus",13.0092,80.210746,""
"Bhimashankar Bus Stand","bus",19.076351,73.534793,""
"Chairman Balasubramaniam Bus Station","bus",11.073905,77.886508,""
"Butwal Bus Park","bus",27.694253,83.464383,""
"Midnapore Central Bus Stand","bus",22.427616,87.316066,""
"ধনবাড়ী","bus",24.676392,89.952506,""
"MMDA Colony","bus",13.062514,80.215383,""
"Villivakkam MTC Bus Terminus","bus",13.105383,80.208366,""
"Babu Ghat","bus",22.565437,88.339679,""
"Tardeo Bus Depot","bus",18.964507,72.820982,""
"Naragunda Bus station","bus",15.718917,75.385668,""
"Navalgund Bus Station","bus",15.555297,75.353983,""
"RR Bus Station","bus",15.862851,74.525605,""
"Belguam City Bus Station","bus",15.862755,74.521396,""
"গ্রিনলাইন বাস টার্মিনাল","bus",23.741667,90.418124,""
"Baramati Bus Stand","bus",18.14565,74.57549,""
"Dharwad Old Bus Stand","bus",15.459601,75.010792,""
"Hangal Bus Depot","bus",14.782121,75.135648,""
"Hebsur Bus Stop","bus",15.45201,75.301236,""
"Inter State Bus Terminal","bus",26.116356,91.722015,""
"Ranebennur Bus Station","bus",14.615956,75.634038,""
"Tanakpur Bus Station","bus",29.075066,80.104561,""
"நாகர்கோவில் வடசேரி பேருந்து நிலையம்","bus",8.191047,77.430106,""
"Vaduj Bus Depot","bus",17.595433,74.450175,""
"Dharamshala ISBT Bus Stand","bus",32.218093,76.317244,""
"Palay Bus Stand","bus",8.71822,77.733215,""
"City Bus Stand Vadodara","bus",22.310263,73.182732,""
"Nimani Bus Station","bus",20.011676,73.796822,""
"Kullu Bus Station","bus",31.961041,77.111103,""
"Baramunda Bus Stand","bus",20.273346,85.792282,""
"Palampur ISBT","bus",32.10303,76.533734,""
"Shikaripalya","bus",12.83598,77.657182,""
"Sangli Bus Stand","bus",16.853002,74.563112,""
"گجو متہ","bus",31.397981,74.361641,""
"Shahdra Terminal","bus",31.615597,74.290896,""
"Bariar#3 Stop","bus",33.792074,72.719971,""
"Basti Adda","bus",33.783647,72.72371,""
"Sharif hospital stop","bus",33.781483,72.718925,""
"Illam Bus Park","bus",26.909688,87.924013,""
"Daewoo Buss Terminal","bus",34.015152,71.599518,""
"Gujrat Bus Station, Near Ramtalai Chowk, Gujrat","bus",32.564563,74.07847,""
"Municipal Wagon Stand, Old GT Rd Tyre Market Gujrat","bus",32.565361,74.07742,""
"Tirur Bus Stand","bus",10.918157,75.924804,""
"Mulund Check Naka","bus",19.183182,72.954087,""
"Vashi Bus Depot","bus",19.075219,72.997188,""
"Asudgaon Bus Depot","bus",19.013893,73.108149,""
"Inter State Bus Terminal-ISBT","bus",19.042005,72.878668,""
"Asiad MSRTC Stand","bus",19.015631,72.846133,""
"Liwang Bus Park","bus",28.304489,82.638288,""
"Bandra Reclamation Bus Station","bus",19.047945,72.826703,""
"Hosur Main Bus Stand","bus",12.735158,77.827399,""
"44 Bus Stand","bus",22.610812,88.428527,""
"New Town Bus Depot","bus",22.582708,88.4538,""
"Charminar Bus Station","bus",17.35914,78.473848,""
"206 Bus Terminal‎","bus",22.591903,88.427935,""
"lamahi bus station","bus",27.874196,82.518072,""
"Surathkal Bus Stand","bus",12.990219,74.79987,""
"Kempegowda Bus Station","bus",12.978153,77.572425,""
"Birtamod New Buspark","bus",26.651751,88.004927,""
"Balussery Bus Stand","bus",11.4479,75.8289,""
"Koottalida Bus Stand","bus",11.496283,75.811581,""
"Balussery","bus",11.447924,75.828731,""
"Beed Bus Stand","bus",18.993015,75.753562,""
"Thrissur KSRTC Bus Station","bus",10.517684,76.210455,""
"Kanakapura Bus Stand","bus",12.548398,77.425604,""
"Pimpri-Chinchwad Bus Stand","bus",18.615092,73.815925,""
"Annamanada Bus Terminal","bus",10.239381,76.328471,""
"Kuvempunagara Bus Station","bus",12.915689,77.616245,""
"Intercity Bus Stand","bus",11.01728,76.970219,""
"Cherupuzha Bus Stand","bus",12.274541,75.363971,""
"Bhor Bus Station","bus",18.153564,73.845952,""
"Nagaland State Transport Bus Station (NST)","bus",25.906733,93.729594,""
"Private Omni Bus Stand","bus",8.191155,77.428707,""
"Sirsi New Bus Stand","bus",14.622135,74.822451,""
"Sidlaghatta New Bus stand","bus",13.392433,77.864372,""
"Sidlaghatta Bus Stand","bus",13.384475,77.862387,""
"Thiruvallur Bus Depot","bus",13.140313,79.908288,""
"Chitradurga KSRTC Bus Station","bus",14.226802,76.396035,""
"Ambur","bus",12.78328,78.719494,""
"Malur Bus Stand","bus",13.004205,77.937559,""
"pouro Bus Station","bus",24.921332,89.965947,""
"MTC Bus Terminus","bus",12.844758,80.061639,""
"Municipal Bus Station","bus",9.01874,76.917519,""
"Mundakkayam Bus Stand","bus",9.538575,76.885786,""
"Khandagiri Bus Stand","bus",20.265461,85.786278,""
"Madha Bus Stop","bus",18.031926,75.517686,""
"Anna Town Bus Stand","bus",8.181766,77.434279,""
"Channarayapattana Bus Stand","bus",12.898108,76.391182,""
"Nandurbar ST Stand","bus",21.371115,74.243367,""
"കൊല്ലം ബസ് സ്റ്റേഷൻ","bus",8.891192,76.585207,""
"Ksrtc Bus Depot","bus",9.172745,76.497615,""
"Colachel","bus",8.178938,77.253603,""
"Andamukkam Private Bus Stand","bus",8.883083,76.589155,""
"VRL Truck and Bus Depot","bus",14.191601,76.452642,""
"Ellenabad Bus Stand","bus",29.44334,74.667795,""
"Chavara","bus",8.975781,76.535127,""
"Mananthavady Panchayath Bus Stand","bus",11.798325,76.005234,""
"Nashik Road Railway Station","bus",19.948145,73.84129,""
"Guhagar Bus Station","bus",17.482746,73.19169,""
"Paithan Bus Station","bus",19.475346,75.386548,""
"KSRTC Bus Station Karunagapally","bus",9.051734,76.53611,""
"Aurangabad Central Bus Station","bus",19.880991,75.31671,""
"Bus Agencies","bus",18.970477,72.821126,""
"Haliyal KSRTC Bus Stand","bus",15.332376,74.76507,""
"State Bank Bus Stand","bus",12.86317,74.837354,""
"Hari Nagar DTC Depot","bus",28.623638,77.100206,""
"Rasipuram Bus Stand","bus",11.457195,78.190592,""
"ISRO Layout Bus Stand","bus",12.89948,77.558449,""
"bus","bus",29.23716,91.751357,""
"Backbay Depot","bus",18.909766,72.816998,""
"Tarakpur Bus Stand","bus",19.106433,74.74055,""
"Sonipat Bus Stand","bus",28.997196,77.023567,""
"Delhi Transport Corporation","bus",28.682574,77.078195,""
"Nepal Yatayaat Bus Station","bus",27.693994,85.366793,""
"Karlekhind Bus Station","bus",18.695297,72.930993,""
"Dhulikhel Bus Park","bus",27.61848,85.553761,""
"Katraj-Sarpodyan Bus Depot","bus",18.455254,73.859242,""
"Angamaly","bus",10.195628,76.386384,""
"Kizhakambalam","bus",10.03625,76.408264,""
"Gokarna Bus Station","bus",14.546153,74.319175,""
"Feroke","bus",11.176636,75.831655,""
"Bus stand Parappanangadi","bus",11.048346,75.859919,""
"Batlagundu Bus stand","bus",10.163716,77.75592,""
"Gohana Bus Stand","bus",29.130886,76.703063,""
"Uttarkashi Bus Stand","bus",30.729839,78.439015,""
"Kaloor Private Bus Station","bus",9.994167,76.29188,""
"North Paravur","bus",10.149981,76.231719,""
"Kottarakkara Bus Station","bus",9.005803,76.781852,""
"Jhinaidaha BRTA Bus Terminal","bus",23.543441,89.191007,""
"Battar buspark","bus",27.902786,85.142464,""
"ST Bus Depot","bus",21.395948,79.316414,""
"Himatnagar Bus Station","bus",23.592223,72.958946,""
"Irinjalakuda","bus",10.347192,76.206955,""
"Bus Stand Mandla","bus",22.6016,80.370679,""
"Dandeli Bus Stand","bus",15.247967,74.621802,""
"KSRTC Bus Station Punalur","bus",9.017209,76.927139,""
"Shivaji Stadium Bus Terminal","bus",28.632517,77.215525,""
"Ulliyeri Bus Stand","bus",11.450928,75.769965,""
"Kunnamangalam","bus",11.304748,75.877826,""
"جنرل بس اسٹیشن","bus",32.172463,74.183846,""
"Modasa Bus Station","bus",23.460694,73.297542,""
"Cheruthoni","bus",9.856766,76.963645,""
"KSRTC Bus Stand Kattappana","bus",9.767858,77.107449,""
"Roadways Bus Stop","bus",25.352551,74.640231,""
"Adoor Bus Station","bus",9.152837,76.733077,""
"Choudeshwari Bus Stand","bus",13.03283,77.554012,""
"Trincomalee Bus Station","bus",8.576687,81.235295,""
"Koparkhairane NMMT Bus Station","bus",19.104976,73.003892,""
"Kulappully Bus Stand","bus",10.781548,76.278538,""
"Shahpur Bus Stand","bus",16.694401,76.846462,""
"Doctor Ambedkar Terminal (Dilli Gate)","bus",28.639391,77.243728,""
"Dichaun Kalan DTC Depot","bus",28.628793,76.998409,""
"TNSTC Coimbatore Central Bus Depot","bus",11.01411,76.967066,""
"Kanhangad Bus stand","bus",12.305679,75.096989,""
"Panchayat Bus Stand","bus",10.593502,76.599816,""
"Mohammadpur BRTC Bus Depot","bus",23.757273,90.361508,""
"Vedasandur Busstand","bus",10.530023,77.948082,""
"WBTC Bus Terminal","bus",22.474069,88.310808,""
"Theni New Bus Stand","bus",10.009869,77.493715,""
"Jhelum Bus Stand","bus",32.935157,73.718624,""
"Tamghas Bus Park","bus",28.065841,83.247,""
"Bhimad Bus Station","bus",27.979398,84.084116,""
"Damak Bus Park","bus",26.658559,87.700698,""
"Bus Stand Nahan","bus",30.55912,77.287613,""
"Bus Stand Bhirani","bus",29.077102,75.368178,""
"Shikohabad Bus Stand","bus",27.107946,78.576882,""
"Kollengode Bus Stand","bus",10.615688,76.694776,""
"കാഞ്ഞിരപ്പള്ളി","bus",9.557983,76.791649,""
"Sankari Old Bus Station","bus",11.47485,77.869368,""
"Sankagiri Bus Stand","bus",11.479707,77.880394,""
"Monywa Bus Station","bus",22.100213,95.142733,""
"Tedi Bagiya, Bus Stand","bus",27.22871,78.046933,""
"Patuakhali Bus Terminal","bus",22.357035,90.31877,""
"Rohtak Bus Stand","bus",28.903335,76.601864,""
"Gobichettipalayam","bus",11.454519,77.436684,""
"Bodhgaya Bus Stand","bus",24.697614,84.988317,""
"Sikaria Mod Bus Stand","bus",24.776914,84.976397,""
"Manpur Bus Station","bus",24.796549,85.022862,""
"Dr. MGR Central Bus Stand - Salem","bus",11.66909,78.139402,""
"错那市客运站","bus",27.997094,91.959992,""
"Gujarat State Road Transport Corporation | Bus Station | Gita Mandir","bus",23.014104,72.59246,""
"မကွေးခရီးသည်ကားဝင်း","bus",20.153178,94.941971,""
"Kangra","bus",32.111056,76.278011,""
"Hindupuram Town ( Parigi Bus Stand )","bus",13.831212,77.492439,""
"Lonavala Bus Stand","bus",18.753811,73.406463,""
"Kuvempunagar","bus",12.276683,76.625589,""
"Jinnah Intercity Bus Terminal, Lahore","bus",31.466517,74.225562,""
"Shanti Ashram Bus Depo","bus",19.241741,72.846606,""
"Anekal Bus Stand","bus",12.709008,77.696369,""
"Pakokku","bus",21.330543,95.062476,""
"Lokmanya Nagar Bus Depot","bus",19.209329,72.952163,""
"KSRTC New Bus stand","bus",12.941192,75.781418,""
"MHADA Bus Station","bus",19.169272,72.968127,""
"Ponkunnam Bus Stand","bus",9.565137,76.755905,""
"Kerala State Road Transport Cooperation Bus Depot, Ponkunnam","bus",9.567871,76.752681,""
"گلبہار بسونو اڈہ","bus",34.014972,71.596632,""
"فلینگ کوچ اڈڈہ","bus",34.017169,71.600123,""
"Pickup Adda","bus",34.017629,71.601232,""
"Latur Bus stand","bus",18.400367,76.579994,""
"KSRTC Bus Terminal 3","bus",12.975059,77.571691,""
"Diu","bus",20.718138,70.981293,""
"Una","bus",20.825797,71.043252,""
"Mahuva Bus Stand","bus",21.095043,71.765042,""
"Rajula Bus Stand","bus",21.03366,71.442495,""
"Talaja Bus Stand","bus",21.350326,72.031004,""
"Anjar Bus Stand","bus",23.109298,70.0341,""
"Gandhidham Bus Station","bus",23.071594,70.145711,""
"Mandvi Bust Station","bus",22.83015,69.354537,""
"Dhrangadhra Bus Stand","bus",22.989515,71.46025,""
"Nava vadej bus stop","bus",23.055084,72.571099,""
"New Bhopa","bus",29.472946,77.723142,""
"Gandhinagar Bus Stop","bus",23.216783,72.642163,""
"Viveknagar Bus Station","bus",12.954345,77.622696,""
"Basaveshwara Bus Station","bus",13.044906,77.525668,""
"Shahdara Town Bus Stop","bus",31.626014,74.305526,""
"Bodi City Main Bus Station","bus",10.00801,77.349808,""
"पोखरा बसपार्क","bus",27.702929,84.432074,""
"Sonadanga Bus Terminal","bus",22.815892,89.541327,""
"Hutti New Bus Station","bus",16.198807,76.660269,""
"Helmet Cross Roads Bus Station","bus",23.044418,72.542295,""
"Vasna Bus Station","bus",23.002228,72.547635,""
"Hukkeri Bus Station","bus",16.231659,74.603865,""
"Sira Private Bus stand","bus",13.740975,76.901984,""
"Sindagi Bus Station","bus",16.922065,76.233401,""
"Sagara Government Bus Station","bus",14.169799,75.021105,""
"Jog Road Stand","bus",14.162802,75.02859,""
"Lari / Bus Adda - بس اڈہ","bus",33.774523,72.359473,""
"Ghanpur Bus Stand","bus",17.85347,79.370378,""
"मिलन चोक","bus",28.12905,84.41052,""
"खत्रिठाटि","bus",28.138202,84.404773,""
"Badambadi Bus Stand","bus",20.458631,85.881293,""
"MGR Paerundhu Nilaiyam","bus",9.943831,78.156206,""
"Public station","bus",27.538715,84.807858,""
"Mecheda Bus Station","bus",22.414036,87.859965,""
"Jangalia Bus Terminal","bus",23.434674,91.172477,""
"Konni Bus Station","bus",9.228773,76.848166,""
"Pathanapuram KSRTC Bus Station","bus",9.091393,76.856037,""
"Bandra East","bus",19.055996,72.845075,""
"Khairatabad","bus",17.413221,78.460853,""
"Keerthi Mahal Bus Stop","bus",17.496688,78.297397,""
"Kukrahati","bus",22.187065,88.119895,""
"Besishahar Bus Park Danaiphant","bus",28.224328,84.382889,""
"Kundgol Bus Stand","bus",15.260241,75.244364,""
"Bus Park Banepa","bus",27.629867,85.521182,""
"Kavre Bhanjyang Bus Stop","bus",27.599925,85.576488,""
"Chandeshwori Buspark","bus",27.636343,85.530796,""
"Basavanagar Bus Stand","bus",12.966891,77.682646,""
"Lingasuguru Bus Station","bus",16.15667,76.527141,""
"Aluru Bus Station","bus",12.978288,75.990251,""
"Manmad Bus Depot","bus",20.256626,74.441243,""
"Brahmapur New Bus Stand","bus",19.312568,84.802496,""
"Bus nach Kathmandu","bus",27.516514,85.671431,""
"Gopal Dapcha Poulty Farm Bus Stop","bus",27.544982,85.624203,""
"MTC Bus station","bus",25.577109,91.883523,""
"Kandi Bus Stand","bus",23.965378,88.038521,""
"Kaptanupalem Bus Stop","bus",16.092233,80.922824,""
"Private Bus Station, Kottarakkara","bus",9.006175,76.782963,""
"Jeep Park","bus",28.27,83.598816,""
"Motkur Bus Station","bus",17.465378,79.265489,""
"Hesaghatta Bus Terminal","bus",13.137631,77.479423,""
"Kadampuzha Bus Stand","bus",10.943126,76.042086,""
"Valanchery Bus Stand","bus",10.888878,76.073072,""
"Ballari New Bus Terminal","bus",15.137357,76.918848,""
"Ballari Local Bus Terminal","bus",15.146302,76.927742,""
"Private Bus Terminal","bus",15.138759,76.916133,""
"Mundra Bus Terminus","bus",22.839048,69.724384,""
"IGBT Bus Stand, Manjeri","bus",11.109552,76.119804,""
"New Bus Stand, Manjeri","bus",11.119531,76.12294,""
"Kondhwa Bus Stop","bus",18.473068,73.889048,""
"Erode Mini Bus Stand","bus",11.346107,77.720881,""
"Hosur Interchange Terminal","bus",15.355849,75.127585,""
"Bus Park","bus",26.720284,85.913158,""
"TSRTC - Old Bus Stand","bus",16.894214,79.872212,""
"TSRTC - New Bus Station","bus",16.903016,79.876662,""
"Thakkar Bazzar Bus Stand","bus",19.998364,73.780847,""
"Manasa Bus Stand","bus",24.474886,75.137442,""
"Bus stand - Kattumankoil","bus",11.276969,79.550997,""
"Vavuniya SLTB (CTB) Bus Stand","bus",8.753545,80.497591,""
"PK Stop","bus",18.631575,73.77181,""
"Assam State Transport Corporation","bus",26.759559,94.205899,""
"rajani miss","bus",18.537934,73.863038,""
"PMPML Marketyard Depot","bus",18.483609,73.870828,""
"Chinchwad Bus Station","bus",18.627923,73.782377,""
"Transport Department","bus",23.411539,85.441926,""
"Kotagiri Bus Stand","bus",11.421219,76.86264,""
"Nagerjala Bus Stand","bus",23.825053,91.267944,""
"Nainpur Bus Stand","bus",22.430029,80.106054,""
"Bus Stand Udgir","bus",18.386727,77.119761,""
"OPD City Bus Station","bus",15.154958,76.898969,""
"Ottappalam Municipal Bus Stand","bus",10.772049,76.376839,""
"Birgunj Bus Park","bus",27.010845,84.886566,""
"Lamki Buspark","bus",28.626737,81.158033,""
"Van Adda","bus",32.511834,74.523304,""
"Lorry Adda","bus",32.510079,74.52507,""
"Perumbavoor KSRTC Bus Stand","bus",10.110643,76.482825,""
"Gulariya Buspark","bus",28.205459,81.341724,""
"Ksrtc Bus Station","bus",13.318041,75.771747,""
"Art-Gallery Bus Station","bus",26.033208,88.457175,""
"সায়দাবাদ বাস টার্মিনাল","bus",23.715354,90.427442,""
"Municipal Main Bus Stand","bus",10.064539,76.620833,""
"Bidadi Bus Station","bus",12.797119,77.38464,""
"Gangawal Bus Stand","bus",22.712522,75.841011,""
"മണ്ണാർക്കാട് ബസ് സ്റ്റാൻഡ്","bus",10.991408,76.454869,""
"Kadur KSRTC Bus Stand","bus",13.549446,76.010113,""
"Beluru Bus Stand","bus",13.165646,75.866361,""
"Cherpulassery Muncipal Bus Stand","bus",10.87827,76.312647,""
"GSRTC Terminal","bus",21.637122,69.606696,""
"Naya Bus Adda","bus",29.697943,72.544073,""
"KSRTC Bus Terminal 1","bus",12.976757,77.573931,""
"Bus Stand Ratia","bus",29.686972,75.57018,""
"Kalaburagi Bus Station","bus",17.326239,76.81732,""
"GSRTC","bus",21.636885,69.606748,""
"Jodhpur Bus Stand","bus",26.293085,73.039993,""
"Sri Gudneshwar Swamiya Bus Stand, Kuknoor","bus",15.489705,75.993983,""
"Velanthavalam Bus Stand","bus",10.818857,76.863097,""
"SALEM TOWN BUS STAND","bus",11.652807,78.159249,""
"Kongad","bus",10.853951,76.521612,""
"KSRTC Putturu Bus Stand","bus",12.761504,75.204684,""
"KSRTC Bus Depot","bus",14.221305,76.409015,""
"Municipal Bus Stand Kunnamkulam","bus",10.650419,76.070084,""
"Pandikkad Bus Stand","bus",11.095017,76.221897,""
"Melattur Bus Stand","bus",11.05975,76.273717,""
"Cherthala","bus",9.686859,76.343624,""
"Cherthala Private Bus Station","bus",9.685842,76.338848,""
"Shornur Bus Stand","bus",10.763416,76.269948,""
"Bannerghatta BMTC Bus Stand","bus",12.800696,77.577675,""
"Kelakam","bus",11.895254,75.81047,""
"Parasnagar BRTS stand","bus",23.055545,72.543231,""
"Sola cross road BRTS stand","bus",23.052742,72.546803,""
"Kottakkal Bus stand","bus",11.001724,76.004783,""
"Kuttippuram Bus Stand","bus",10.8445,76.033973,""
"Kinnigoli Bus Stand","bus",13.063663,74.846703,""
"Nagapattinam","bus",10.773288,79.842008,""
"SBSTC Bus Terminal Digha","bus",21.62148,87.507041,""
"Cherkala","bus",12.508334,75.057614,""
"ARARIA BUS DEPOT","bus",26.116305,87.472427,""
"Humnabad KSRTC Bus Stand","bus",17.771994,77.124478,""
"Roadways Bus Depo","bus",28.117577,75.392952,""
"Purana Ada (Old Bus Station)","bus",32.297065,72.349259,""
"General Buss Stand Bhakkar","bus",31.614081,71.082917,""
"Kerala State Road Transport Cooperation Bus Station, Irinjalakuda","bus",10.346094,76.194982,""
"Panoor Bus Stand","bus",11.756504,75.579141,""
"Andheri West","bus",19.119252,72.845818,""
"Govandi Bus Depot","bus",19.054233,72.915764,""
"Purnia Bus Station","bus",25.767734,87.47155,""
"Kerala State Road Transport Corporation Bus Stand, Ponnani","bus",10.765519,75.925285,""
"Pirwadhai Mor Bus Station","bus",33.629887,73.042077,""
"Kalpetta Old Bus Stand","bus",11.61344,76.08302,""
"Canacona","bus",15.008456,74.044062,""
"Haldia Bus Terminal","bus",22.025644,88.056281,""
"BRTC Bus Terminal","bus",23.782389,90.340028,""
"New Private Bus Stand","bus",8.763209,80.495686,""
"Khardi Bus Stop","bus",19.585757,73.388292,""
"Bas Stop","bus",19.586041,73.388983,""
"VRL Basava Vana Bus Stand","bus",15.353162,75.13547,""
"Inter State Bus Terminus (ISBT)","bus",24.829251,92.751518,""
"MSRTC Bus Stand Bramhapuri","bus",20.615372,79.855348,""
"Badami Bus Station","bus",15.923418,75.678466,""
"Chaudhari Charan Singh Bus Station","bus",25.328709,82.990113,""
"Pundri","bus",29.772197,76.56213,""
"Thiruthuraipundi Bus Stand","bus",10.539309,79.639623,""
"Bypass Bus Stand","bus",21.389815,79.325515,""
"SLTB Depot","bus",8.157471,81.4243,""
"Yeshwanthapura TTMC","bus",13.018104,77.556525,""
"Hebbal Bus Station","bus",13.042788,77.592016,""
"Kempegowda International Airport Bus Station","bus",13.199143,77.708076,""
"Jhargram New Bus Stand","bus",22.439617,86.992673,""
"Shivaji Nagar Bus Depot","bus",19.066042,72.929153,""
"Sutarwadi Bus Terminus","bus",18.54165,73.779095,""
"Rural Bus Stand","bus",12.528604,76.901333,""
"Bus Stand Wardha","bus",20.735285,78.599824,""
"Cooch Behar Mini Bus Stand","bus",26.328733,89.442064,""
"Vidyaranyapura Bus Terminus","bus",13.083524,77.560804,""
"Tumkur KSRTC Bus Stand","bus",13.341157,77.102516,""
"Tumkur Private Bus Stand","bus",13.3425,77.101175,""
"Naduvannur Bus stand","bus",11.485705,75.775514,""
"Natore New Bus Terminal","bus",24.41017,89.010309,""
"Neelasandra","bus",12.95764,77.614153,""
"കോട്ടയം കെ.എസ്.ആർ.ടി.സി. ബസ് ടെർമിനൽ","bus",9.585394,76.523955,""
"Namakkal Bus Stand","bus",11.220069,78.168043,""
"Kurla West","bus",19.067442,72.8789,""
"Manazhi Bus Stand Perinthalmanna","bus",10.976407,76.240688,""
"Nanguneri Main Bus Station","bus",8.48978,77.661751,""
"പെരിന്തൽമണ്ണ","bus",10.975404,76.229653,""
"Tharayil Bus Stand Perinthalmanna","bus",10.982776,76.221711,""
"Palitana","bus",21.531816,71.823489,""
"Khajuwala Bus Station","bus",28.701643,72.595829,""
"Panruti Bus Station","bus",11.771263,79.552936,""
"parking near ksrtc bus stand","bus",9.716119,76.68838,""
"Foresty Bus Station","bus",28.188798,83.990516,""
"New bus stand","bus",13.245647,77.712849,""
"Lalmonirhat Central Bus Terminal","bus",25.905123,89.433926,""
"3A bus stand","bus",22.456729,88.304576,""
"Yelahanka Satellite Town","bus",13.105729,77.572528,""
"Pandavapura Bus Station","bus",12.497614,76.674812,""
"halalpur bus stand","bus",23.273698,77.363287,""
"Barwala","bus",22.158046,71.891999,""
"Dhading Bus Station","bus",27.913038,84.883658,""
"Vignananagar Bus Station","bus",12.972627,77.677734,""
"Vavuniya Depo","bus",8.735898,80.490926,""
"General Hospital Bus Stand","bus",10.994563,76.969327,""
"Anandapur Bus Stand","bus",22.512076,88.408583,""
"Shri Vidhyanagara BMTC Bus station","bus",12.934135,77.539655,""
"C V Raman Nagar Bus Stand","bus",12.985643,77.664081,""
"Yelahanka Old Town","bus",13.100955,77.594781,""
"Sanaur Bus Stand","bus",30.301749,76.453412,""
"Jammu Tawi Bus Station","bus",32.704628,74.878501,""
"Peravoor","bus",11.901952,75.734051,""
"Pakokku Bus Station ( West Gate )","bus",21.330543,95.062476,""
"Puthukudiyirupu Bus Station","bus",9.320853,80.68512,""
"Karnali river Yatayet","bus",28.705558,80.575078,""
"Jamnagar ST Bus Depot","bus",22.46829,70.059395,""
"Habiganj Main Bus Station","bus",24.368064,91.411303,""
"Andheri East","bus",19.119067,72.848199,""
"Nalasopara","bus",19.417464,72.817596,""
"Private Bus Stand Jagalur","bus",14.52068,76.335483,""
"Chittapura Bus Stand","bus",17.123322,77.0862,""
"rajbiraj bus park","bus",26.539003,86.751081,""
"We one arts and sports club","bus",10.648562,76.13807,""
"Vellarannur Bus Stop","bus",10.658265,76.150902,""
"Jhon kuttikattil bus stop","bus",10.657118,76.15769,""
"Velur Society Bus Stop","bus",10.640258,76.164603,""
"Gyoe  Pyan Bus-Station","bus",21.38891,94.776845,""
"Kolhapur Central Bus Stand","bus",16.703347,74.243217,""
"Pazhayanur Bus Stand","bus",10.686117,76.422304,""
"Radhanagar Bus Terminus","bus",23.845098,91.282301,""
"Bandra Bus Station (W)","bus",19.054017,72.839734,""
"Mahendranagar Bus Station","bus",28.971843,80.179204,""
"Zirakpur Bus Station","bus",30.659134,76.821189,""
"Bus Stand Shri Anandpur Sahib","bus",31.234592,76.495486,""
"Kokkarne","bus",13.459485,74.839422,""
"Denkanikottai Bus Stand","bus",12.527147,77.78886,""
"MSRTC Latur Bus Depot","bus",18.398494,76.562574,""
"Kengeri TTMC","bus",12.913707,77.487041,""
"Chandra Layout Bus Station","bus",12.959163,77.526892,""
"Margao KTC Bus Stand","bus",15.287814,73.956116,""
"Virar","bus",19.452191,72.809986,""
"Kankavli Bus Depot","bus",16.26324,73.707934,""
"Tindivanam Old Bus Stand","bus",12.226586,79.64872,""
"Tindivanam Bus Stand","bus",12.226421,79.651087,""
"Vasai","bus",19.344583,72.80586,""
"Shaturia Howladar Bari Bus Station.","bus",22.580616,90.070812,""
"NES Office","bus",13.0977,77.591487,""
"Tisaiyanvillai Main Bus Station","bus",8.336503,77.865338,""
"Dhaka Bus Terminal","bus",25.740316,89.249639,""
"Topi adda","bus",34.067275,72.614548,""
"Koppal Bus Station","bus",15.351798,76.148997,""
"Kaviarasu Kannadasan Nagar(KKD) Nagar Bus Terminus","bus",13.136177,80.256762,""
"Kodungaiyur Parvathi Nagar Bus Terminus","bus",13.142555,80.24916,""
"Nepalganj buspark","bus",28.06605,81.637198,""
"Ghorahi Bus Park","bus",28.047511,82.483674,""
"Sreekrishnapuram Bus stand","bus",10.904702,76.408154,""
"Sahiwal","bus",30.648326,73.098435,""
"New Bus Stop Makhdumpur","bus",30.461591,72.040372,""
"Ranasan Bus Station","bus",23.466784,73.113626,""
"Bus Stop Chak 11/8R","bus",30.472657,72.075403,""
"Chemmad Bus Stand","bus",11.042949,75.912761,""
"Thiruvalla Private bus stand","bus",9.385813,76.578109,""
"ചാവക്കാട്","bus",10.580224,76.025672,""
"Haveri Bus Stand","bus",14.788137,75.397851,""
"Virudhunagar Old Bus Stand","bus",9.589267,77.952197,""
"ISBT Dehradun","bus",30.287821,77.998025,""
"Ranip GSRTC","bus",23.068384,72.57579,""
"Karukachal","bus",9.503002,76.64136,""
"Manimala Bus Stand","bus",9.493725,76.749075,""
"Ambaji Bus Station","bus",24.332724,72.848678,""
"CIDCO Bus Station","bus",19.875452,75.367082,""
"NBSTC Bus Terminus","bus",26.330164,89.44137,""
"Mala private bus station","bus",10.239987,76.265448,""
"Rayagada","bus",19.168184,83.407669,""
"Bus stand private buses","bus",11.671693,92.739154,""
"VVT Bus Station","bus",9.823556,80.169382,""
"Vadakara Ksrtc Depot","bus",11.594319,75.594059,""
"Asansol Bus Stand","bus",23.688022,86.969276,""
"Burnpur Bus stand","bus",23.671348,86.947624,""
"Jambu Savari Dinne Bus Bay","bus",12.865741,77.581431,""
"ကြံခင်းမြို့ ၊ အဝေးပြေး ကားဝင်း","bus",18.337555,95.240312,""
"Ksrtc Bus Depot - Vizhinjam","bus",8.381229,76.99252,""
"Gadhinglaj Bus Stand","bus",16.222982,74.351386,""
"Udhampur Bus Stand","bus",32.924218,75.13634,""
"Arunachal pradesh State transport bus station","bus",27.087986,93.61032,""
"Puri Bus Stand, Pala Mandap","bus",20.457286,85.885102,""
"Palllikathodu Bus Station","bus",9.601978,76.682732,""
"Pampady","bus",9.569814,76.639946,""
"Itahari Bus Park","bus",26.662367,87.263293,""
"Sitabuldi City Bus Stand","bus",21.142507,79.079577,""
"New Delhi Railway Station (Ajmeri Gate)","bus",28.642613,77.223564,""
"DTC Kashmere Gate Bus Station","bus",28.66668,77.228226,""
"Sharishabari Bus Stop","bus",24.769126,89.843068,""
"Gondia Bus Stand","bus",21.470015,80.201126,""
"Kondotty Bus Stand","bus",11.145946,75.963279,""
"Nimwadi Private Bus Stand","bus",20.698107,76.996096,""
"Pulamanthole Bus Stand","bus",10.901659,76.194024,""
"Garia 6 no. bus terminus","bus",22.465144,88.377238,""
"Garia 5no. bus terminus","bus",22.466434,88.378262,""
"Bus Stand Mirzapur","bus",25.136011,82.573265,""
"APST Station","bus",28.070162,95.322335,""
"Kerala State Road Transport Cooperation Bus Stand","bus",10.14547,76.231695,""
"nazirhat bus stand","bus",22.631798,91.792548,""
"আলমডাঙ্গা পৌর বাস টার্মিনাল","bus",23.758632,88.934953,""
"Kumily Bus Stand","bus",9.608694,77.169911,""
"Shegaon","bus",20.795463,76.693573,""
"Chaibasa Bus Stand","bus",22.553217,85.80656,""
"Oddanchatram Bus Stand","bus",10.486867,77.750114,""
"KSRTC City 2 Depot","bus",12.276994,76.626752,""
"Bagalakote bus station","bus",16.184064,75.702266,""
"Kodaikanal Bus Stand","bus",10.235402,77.493109,""
"Paradip Port Trust Bus Stand","bus",20.267383,86.662335,""
"Bhalki Bus Stand","bus",18.046035,77.211646,""
"Bhekrainagar Depot","bus",18.484417,73.953035,""
"Chandakunnu Bus Stand","bus",11.287699,76.240175,""
"Jawaharlal Nehru Bus Stand","bus",11.275831,76.225579,""
"Wandoor","bus",11.196215,76.23675,""
"Vazhikkadavu Bus Stand","bus",11.389196,76.347319,""
"Gundlupet Bus Station","bus",11.810527,76.686404,""
"Areekode","bus",11.234672,76.051202,""
"Mavoor Bus Station","bus",11.260883,75.954295,""
"Alandi Darshan","bus",18.674461,73.897246,""
"PRTC Depot","bus",29.929554,75.556867,""
"Budhlada Bus Stand","bus",29.929252,75.558242,""
"Yallammagudda Bus Stand","bus",15.752741,75.148422,""
"Mukai Chowk, Kiwale Terminal","bus",18.660385,73.731568,""
"Theradi Bus Stop","bus",10.88039,79.107251,""
"Thiruvaiyaru Bus Stand","bus",10.878425,79.103207,""
"Vadakkencherry Bus Stand","bus",10.589406,76.479971,""
"Athmallik Bus Stand","bus",20.725485,84.534151,""
"Thandwe Highway Bus Station","bus",18.468681,94.368375,""
"Kakarvitta Bus Park","bus",26.647255,88.155894,""
"Nandura","bus",20.836522,76.453463,""
"N. R. Colony Bus Station","bus",12.93807,77.569026,""
"Saputara Bus Station","bus",20.580912,73.747975,""
"Kerala State Road Transport Corporation Bus Depot","bus",9.6075,77.16468,""
"Joginder Nagar Bus Depot","bus",31.990259,76.789468,""
"Wani bus stand","bus",20.059814,78.951547,""
"Madhepura Bus Stand","bus",25.922663,86.798498,""
"GSRTC Bus Depot","bus",24.172531,72.419077,""
"Palanpur Bus Station","bus",24.172885,72.431322,""
"Theni old Bus Stand","bus",10.009384,77.477046,""
"micro park","bus",27.604388,85.327489,""
"Bus park","bus",27.577994,85.309686,""
"Chapra Bus Stand","bus",25.783643,84.733147,""
"Mungeli","bus",22.06163,81.68407,""
"Gandhipuram Central Bus Stand","bus",11.014124,76.966916,""
"Omni bus stand","bus",11.022949,76.971505,""
"Jhakarkati Bus Stand","bus",26.45046,80.340235,""
"GSRTC bus depot.","bus",20.768636,72.970721,""
"New Tehri Bauradi Bus Station Building","bus",30.383233,78.440285,""
"Fatullah Bus Stand ফতুল্লা বাসস্ট্যান্ড","bus",23.640789,90.473033,""
"Vidyavihar (W)","bus",19.080036,72.89632,""
"Udaipur Bus Station","bus",32.725922,76.667197,""
"New Bus Terminal","bus",31.147644,74.457164,""
"Jhalokathi Inter-District Bus Terminal","bus",22.642445,90.211123,""
"Vadakke chira bus hub","bus",10.530325,76.214778,""
"Government Bus Stop","bus",23.350092,85.327945,""
"Thiruvilwamala Grama Panchayath Bus Stand","bus",10.732653,76.428706,""
"Khadgara Bus Stand","bus",23.361934,85.345678,""
"Durgapur City Center","bus",23.535765,87.297916,""
"Ghoramara Parking Lot","bus",22.493086,91.718311,""
"Bhadrapur Busstation","bus",26.541416,88.091532,""
"Rajsamand Depot Bus Stand","bus",25.042844,73.874985,""
"Thanal Bus Stop","bus",10.613088,76.19695,""
"industrial area bus stop","bus",10.618487,76.205056,""
"Maduranthakam Bus Stand","bus",12.512126,79.885135,""
"Kankroli Bus Stand","bus",25.055749,73.890257,""
"New Bus Depot","bus",23.990006,85.364444,""
"Old Bus Depot","bus",23.993283,85.363084,""
"Nayarhat Bus & Truck Terminal","bus",23.913623,90.234463,""
"Meghna Ghat Bus Stop মেঘনা ঘাট বাস স্টপ","bus",23.618455,90.609676,""
"Bhoberchar Bus Stop ভবেরচর বাস স্টপ","bus",23.559106,90.655577,""
"BRTC Ticket Counter","bus",23.558638,90.656146,""
"Shahidnagar Bus Stop শহীদ নগর বাস স্টপ","bus",23.529909,90.756053,""
"کابل اډه","bus",34.007928,69.015349,""
"DINAJPUR BUS TERMINAL","bus",25.644688,88.647883,""
"মহিপাল বাস স্ট্যান্ড","bus",23.010903,91.379126,""
"M/S Harun Enterprise এম / এস হারুন এন্টারপ্রাইজ","bus",22.998685,91.405468,""
"Baraiyarhat Bus Terminal","bus",22.893747,91.534439,""
"Nawdapara Bus Terminal নওদাপাড়া বাস টার্মিনাল","bus",24.406208,88.615747,""
"Six Star Truck Terminal, Sonaichhari, Chattogram","bus",22.470557,91.723854,""
"City Gate Inter District Bus Parking","bus",22.377909,91.769425,""
"Chapai Nawabganj Pouro Truck Terminal Parking","bus",24.569785,88.30392,""
"Chapai Nawabganj Bus Station","bus",24.588396,88.285835,""
"নতুল্লাবাদ বাস টার্মিনাল","bus",22.714408,90.348269,""
"Gatelock Bus Terminal-2","bus",24.591504,88.282288,""
"Nawabganj Truck Station","bus",24.598942,88.27827,""
"Dhaka Bus Station","bus",24.599035,88.277826,""
"Mehsana GSRTC Bus Port (New Bus Station)","bus",23.593172,72.380664,""
"Truck terminal","bus",24.800418,88.143215,""
"Chakaria municipal bus terminal চকরিয়া পৌর বাস টার্মিনাল","bus",21.755532,92.076404,""
"বালু ডাঙ্গা বাস স্ট্যান্ড, নওগাঁ বালুডাঙ্গা বাসস্ট্যান্ড, নওগাঁ","bus",24.832748,88.920456,""
"Inter District Bus Stand আন্তঃজেলা বাস স্টান্ড","bus",24.806696,88.949854,""
"Charmatha Bus Terminal চারমাথা বাস টার্মিনাল","bus",24.857987,89.349501,""
"Bogra Truck Terminal বগুড়া ট্রাক টার্মিনাল","bus",24.853991,89.35019,""
"রুপাতলী বাস টার্মিনাল","bus",22.678446,90.345897,""
"Bus Stand Terminal বাসস্ট্যান্ড টার্মিনাল","bus",24.669826,89.416238,""
"Truck Turminal","bus",24.663478,89.420605,""
"Shikerjung Bus Stop","bus",27.897197,84.716295,""
"Pabna Bus Station","bus",24.007348,89.256571,""
"বাকেরগঞ্জ বাস টার্মিনাল","bus",22.541532,90.332612,""
"Bypass Bus Terminal বাইপাস বাস টারমিনাল","bus",24.007909,89.257941,""
"Pabna-Dhaka Bus Station","bus",24.008373,89.257241,""
"BRTC Stand","bus",24.007554,89.254058,""
"BRTC Chittagong Bus Depot বিআরটিসি চট্টগ্রাম বাস ডিপো","bus",22.416377,91.820053,""
"Kecheri Bus Stop","bus",10.617791,76.121079,""
"Jaypurhat Central Track Stand","bus",25.092091,89.05529,""
"জয়পুরহাট বাস টার্মিনাল","bus",25.093691,89.046701,""
"ঈশ্বরদী বাস টার্মিনাল","bus",24.122737,89.064337,""
"Mojompur Bus Terminal","bus",23.907874,89.12064,""
"Grarage","bus",23.724483,89.147834,""
"Dhaka Bus Counter ঢাকা বাস কাউন্টার","bus",23.55375,89.174775,""
"Landport bus station","bus",23.03894,88.886196,""
"শামীম এন্টারপ্রাইজ,প্যাসিফিক পরিবহন","bus",23.041373,88.891512,""
"New Truck Terminal নিউ ট্রাক টার্মিনাল","bus",23.548928,89.1857,""
"ST Bus Stand - Khopat","bus",19.201246,72.97275,""
"বেলকুচি বাস স্টপ","bus",24.293434,89.697524,""
"Truck Terminal ট্রাক টার্মিনাল","bus",23.536659,89.167809,""
"Sohag Counter Jessore New Market","bus",23.178478,89.214102,""
"New Market Truck Stand নিউ মার্কেট ট্রাক স্ট্যান্ড","bus",23.179363,89.213746,""
"ভৈরব বাস টারমিনাল","bus",24.054885,90.9817,""
"Magura Main Bus Terminal মাগুরা প্রধান বাস টার্মিনাল","bus",23.497076,89.432509,""
"Faridpur Truck Stand ফরিদপুর ট্রাক স্ট্যান্ড","bus",23.590777,89.814237,""
"Private Buses Station","bus",13.598006,75.973943,""
"Colombo Bus Station","bus",8.339218,80.415255,""
"CTB Bus Station","bus",8.340703,80.414651,""
"Harur Bus stand","bus",12.053521,78.483461,""
"New KSRTC Bus Station","bus",12.950644,78.271462,""
"Noapara Track Terminal নওয়াপাড়া ট্রাক টারমিনাল","bus",23.058354,89.377443,""
"Jessore Old Bus Terminal যশোর পুরাতন বাস টার্মিনাল","bus",23.159616,89.223483,""
"Old Bowenpally Bus stop","bus",17.476561,78.478855,""
"Hasmathpet Bus stop","bus",17.475426,78.485675,""
"রংপুর ট্রাক স্টান্ড","bus",25.727924,89.24068,""
"Bus terminal Pond","bus",25.743273,89.231437,""
"Rangpur Bus Terminal কেন্দ্রিয় বাস টার্মিনাল","bus",25.743648,89.232106,""
"Saidpur Bus Terminal সৈয়দপুর বাস টার্মিনাল","bus",25.780417,88.916723,""
"Hossen Market Bus Stop হোসেন মার্কেট বাস স্টপ","bus",23.913441,90.395601,""
"Nadra Bus Stand","bus",23.265303,77.405336,""
"Salna Bus Stop","bus",24.025515,90.385443,""
"Rajendrapur Chowrasta Bus Stop রাজেন্দ্রপুর বাস স্টপ","bus",24.095372,90.401867,""
"Hotapara Bus Stop হোতাপাড়া বাস স্টপ","bus",24.123085,90.409161,""
"Memberbari Bus Stop","bus",24.157454,90.425641,""
"2 No C & B Bus Stop","bus",24.207134,90.418994,""
"Nayonpur Bazar Bus Stop","bus",24.25916,90.398537,""
"Jaina Bazar Bus Stop","bus",24.276245,90.393978,""
"Seedstore Bazar Bus Stand সিডস্টোর বাজার বাসস্ট্যান্ড","bus",24.331363,90.377081,""
"Hazir Bazar Bhaluka Bus Stop","bus",24.364,90.37603,""
"Bhaluka Bus Stop","bus",24.404592,90.385944,""
"Dhaka Bus Terminal মাসকান্দা","bus",24.7349,90.408648,""
"പഴയങ്ങാടി ബസ് സ്റ്റാന്റ്","bus",12.026611,75.266446,""
"Trishal Bus Stand ত্রিশাল বাস স্ট্যান্ড","bus",24.752949,90.404837,""
"Panchagarh Bus Terminal","bus",26.328059,88.547543,""
"China Mor Bus Stop চায়না মোড় বাস স্টপ","bus",24.761311,90.43755,""
"Haluaghat Bus Stand হালুয়াঘাট বাস স্ট্যান্ড","bus",25.111953,90.337161,""
"Pattabiram Bus Depo","bus",13.122974,80.061165,""
"Anna bus stand","bus",12.510947,79.126594,""
"Kurigram Bus Stand কুড়িগ্রাম বাস স্ট্যান্ড","bus",25.810335,89.634586,""
"Mini Truck Stand মিনি ট্রাক স্ট্যান্ড","bus",25.812416,89.640836,""
"Micro Bus Stand","bus",25.811937,89.642772,""
"হানিফ বাস ডিপো","bus",23.795507,90.282442,""
"Bhurungamari Bus Stop","bus",26.1088,89.674061,""
"Bundi Bus Stand","bus",25.438969,75.643904,""
"পাটগ্রামের পুরাতন বাস স্ট্যান্ড","bus",26.342359,89.024025,""
"Channapatna Bus Station","bus",12.652964,77.204205,""
"Chungam Bus Stand","bus",11.663662,76.263369,""
"জাহাঙ্গীরনগর বিশ্ববিদ্যালয়ের বাস স্টেশন","bus",23.879839,90.272815,""
"নবীনগর বাস স্টপ","bus",23.912434,90.259474,""
"Nobinagar Bus Stop‎ নবীনগর বাস স্টপ","bus",23.914039,90.257813,""
"Sultan Bathery Town Bus Stand","bus",11.662603,76.25661,""
"KSRTC  Bus Station","bus",11.670732,76.259771,""
"Kerala State Road Transport Corporation - Dippo, Palode","bus",8.723584,77.030321,""
"Karjan GSRTC BUS Depot","bus",22.055658,73.119174,""
"Karjan GSRTC Bus Station","bus",22.055228,73.119323,""
"Seawoods Bus Station","bus",19.015243,73.015034,""
"SETC bus depot","bus",11.931844,79.820409,""
"Manikganj Bus Terminal","bus",23.871371,90.000542,""
"Matale Junction Bus Stop","bus",8.354032,80.441347,""
"Abhanpur Bus stand","bus",21.05419,81.747365,""
"Shivranjani","bus",23.024304,72.531295,""
"Marthandam","bus",8.301087,77.222549,""
"Kanniyakumari Bus Stand","bus",8.082278,77.543168,""
"Baratakia Bazar Bus Stand , Dhaka - Chittagong Hwy, Mirsharai, Chittagong","bus",22.757393,91.585022,""
"Bartakia Bus Stop, Dhaka - Chittagong Hwy, Mirsharai, Chittagong","bus",22.757077,91.58521,""
"K-Pudur","bus",9.947162,78.14529,""
"old bus stop","bus",11.599794,78.597897,""
"Aranthagi Bus Station","bus",10.172713,78.999365,""
"Veraval ST Bus Depot","bus",20.912947,70.363938,""
"chopda bus stand","bus",21.242111,75.295745,""
"Paribahan Bhavan","bus",23.778042,91.279107,""
"Panvel Bus Station","bus",18.990795,73.116588,""
"Ajmer Bus Stand","bus",26.469056,74.644222,""
"Kaligonj Bus Stop,Rajshahi - Bogra Hwy, Singra, Natore","bus",24.50026,89.143851,""
"Sikar Bus Stand","bus",27.600029,75.15171,""
"Mattannur","bus",11.930694,75.572115,""
"Bus Parking","bus",16.200374,80.055705,""
"Artist Colony Sector-8 Depot","bus",19.035068,73.043,""
"Godhra Bus station","bus",22.786016,73.613983,""
"Pratishyalaya","bus",28.142503,84.087773,""
"Khudi Bus Stop","bus",28.148234,84.083278,""
"Vashi Sector-6 Bus Depot","bus",19.070486,72.987139,""
"Bheri Anchal yaataayat sang","bus",28.451161,81.323008,""
"Nerul Bus Station","bus",19.040024,73.019796,""
"CBD Belapur Bus Station","bus",19.024874,73.041896,""
"Nizamuddin Railway Station","bus",28.586395,77.25316,""
"Angamaly Municipal Bus Stand","bus",10.1836,76.378883,""
"Hingurakgoda CTB Stand","bus",8.040135,80.952051,""
"Sangrai Parking","bus",32.03523,76.716682,""
"Sanpada Railway Station","bus",19.066998,73.009231,""
"Mannar CTB Bus Stop","bus",8.978114,79.913708,""
"New Bus Stand Koyilandy","bus",11.441152,75.695692,""
"Dalhousie Bus Station","bus",32.53857,75.966659,""
"Muthu Bus Station","bus",8.453196,81.263077,""
"Rahuri Bus Station","bus",19.391508,74.648487,""
"Airoli Bus Station","bus",19.156569,72.998463,""
"Belapur Bus Depot","bus",19.020968,73.039918,""
"Sarsole Bus Station","bus",19.040315,73.014151,""
"Kalamboli Bus Depot","bus",19.027574,73.10081,""
"Mawa Bus Station","bus",23.464907,90.28785,""
"بھاٹی چوک","bus",31.580525,74.306182,""
"کچہری","bus",31.574684,74.306507,""
"سول سیکریٹیریٹ","bus",31.568746,74.304265,""
"ایم اے او کالج","bus",31.561713,74.306667,""
"جناز گاہ","bus",31.553895,74.311432,""
"قرطبہ چوک","bus",31.5487,74.315106,""
"شمع","bus",31.539077,74.319069,""
"Khedbrahma GSRTC Station","bus",24.041635,73.05147,""
"Kalka Bus Stand","bus",30.82886,76.93198,""
"ISKON BRT Station","bus",15.404742,75.070007,""
"RTO BRT Station","bus",15.400625,75.077294,""
"NEW BUS STAND","bus",20.174544,85.614269,""
"PURUNA BUS STANDE","bus",20.186923,85.621172,""
"DALATOLA BUS STAND","bus",20.140027,85.510261,""
"NIANMUHA BUS STOP","bus",20.138246,85.519009,""
"সিরাজগঞ্জ কেন্দ্রীয় বাস টার্মিনাল","bus",24.45176,89.697676,""
"Kayamkulam Railway Station","bus",9.181066,76.511198,""
"Antop Hill Bus Depot","bus",19.02578,72.866619,""
"Dr. B. R. Ambedkar Udyan","bus",19.059927,72.901162,""
"chelopara Bus Station","bus",24.852295,89.378192,""
"Pattukkottai","bus",10.419434,79.317665,""
"Bolpur Bustand","bus",23.666242,87.681383,""
"Chowari Bus Stand","bus",32.431752,76.011959,""
"Rayapur BRT Station","bus",15.406712,75.065026,""
"KMF1 BRT Station","bus",15.409349,75.060749,""
"Navalur Railway BRT Station","bus",15.415155,75.053843,""
"Navanagar BRT Station","bus",15.39715,75.082543,""
"APMC BRT Station","bus",15.393669,75.092154,""
"Shantinikethan BRT Station","bus",15.391352,75.098157,""
"Bairidevarakoppa BRT Station","bus",15.387034,75.105381,""
"Unkal Lake BRT Station","bus",15.382329,75.11188,""
"Vidyanagar BRT Station","bus",15.364002,75.124867,""
"Hosur Circle BRT Station","bus",15.354759,75.130456,""
"Hosur Interchange BRT Station","bus",15.357265,75.128937,""
"KIMS BRT Station","bus",15.36021,75.12715,""
"BVB College BRT Station","bus",15.367615,75.121185,""
"Unakal Cross BRT Station","bus",15.370132,75.118875,""
"SDM Hospital BRT Station","bus",15.417388,75.047967,""
"Sattur BRT Station","bus",15.418304,75.042541,""
"Marol Maroshi","bus",19.118045,72.879799,""
"Chamarajanagar KSRTC Bus Stand","bus",11.924063,76.940318,""
"Dindoshi","bus",19.176044,72.865483,""
"Chidambaram Bus Stand","bus",11.396738,79.700698,""
"Mehrauli Bus Terminal","bus",28.522506,77.182354,""
"Lado Sarai Bus Terminal","bus",28.523672,77.191237,""
"Kerala State Road Transport Corporation, Perumbavoor","bus",10.111055,76.482701,""
"Omalur Bus Stand","bus",11.743639,78.047673,""
"Unkal Village BRT Station","bus",15.375645,75.114143,""
"Dharwad BRTS Terminal","bus",15.46016,75.009428,""
"Murbad","bus",19.2578,73.389898,""
"Jubilee Circle BRT Station","bus",15.458058,75.007491,""
"Court Circle BRT Station","bus",15.455642,75.007025,""
"Jayalakshmi Travels","bus",9.388219,76.558422,""
"Belgavi KSRTC Central Bus Stand","bus",15.861422,74.520413,""
"Aluva Private Bus Stand","bus",10.108236,76.350887,""
"Sivakasi Bus Stand","bus",9.446756,77.802132,""
"East Kadungallor","bus",10.115057,76.32937,""
"CSMT Bus Station","bus",18.939166,72.835424,""
"Main Bus stand","bus",33.645989,75.014539,""
"Qazigund Bus Stand","bus",33.647061,75.021332,""
"Laroo Bus Stand","bus",33.654207,75.026029,""
"Bus Stand Sopore","bus",34.28817,74.460383,""
"NTTF BRT Station","bus",15.453608,75.00913,""
"Hosa Yallapura BRT Station","bus",15.449703,75.011221,""
"Toll Naka BRT Station","bus",15.446085,75.012697,""
"Vidyagiri BRT Station","bus",15.44085,75.016861,""
"Gandhinagar BRT Station","bus",15.437785,75.019192,""
"Lakamanahalli BRT Station","bus",15.432911,75.024929,""
"Shaktan Thampuran Private Bus Stand","bus",10.515136,76.214728,""
"Alappuzha Private Bus stand","bus",9.500021,76.336253,""
"orathanadu Bus Stand","bus",10.627406,79.251065,""
"Ghugus Bus Stand","bus",19.942304,79.117068,""
"Bhadrawati Bus Stand","bus",20.110841,79.121311,""
"Dhar Bus Terminal","bus",22.592823,75.302117,""
"Jal Vihar Terminal","bus",28.578478,77.246268,""
"Pollachi New Bus Stand","bus",10.66141,77.0064,""
"Pollachi Old Bus Stand","bus",10.662554,77.006266,""
"DTC Bus Depot Yamuna Vihar","bus",28.697632,77.271142,""
"Pusad","bus",19.907865,77.56728,""
"Niravilpuzha","bus",11.741618,75.860868,""
"Temple Bus Stand","bus",10.739698,76.429257,""
"TGSRTC  Bus Station , Mehdipatnam","bus",17.394751,78.440319,""
"Sashongasa Bus Stand","bus",23.467428,91.163955,""
"Brahmanbaria BRTA Bus Station","bus",23.952855,91.116351,""
"Kuliarchar Bus Station","bus",24.146519,90.929588,""
"Karad Bus Stand","bus",17.283258,74.182449,""
"Shrirampur Bus Stand","bus",19.618538,74.661211,""
"কদমতলি Kadamtali","bus",24.882303,91.870937,""
"TNSTC Bus Depot","bus",11.007221,77.564295,""
"Kangeyam Bus stand","bus",11.006335,77.560569,""
"SETC Bus Depot","bus",10.788157,78.697081,""
"Kyauk Taw","bus",20.832092,92.980271,""
"Nileshwar Bus Stand","bus",12.256428,75.131508,""
"Seethathodu","bus",9.325346,76.969597,""
"Attingal Private Bus Station","bus",8.695569,76.817395,""
"Botanic Garden Bus Station","bus",28.561913,77.337295,""
"samsa bus","bus",25.62303,85.927807,""
"Govardhan Bus Stand","bus",27.493461,77.467769,""
"Karimban","bus",9.893537,76.97181,""
"Rahon Bus Stand","bus",31.056019,76.116641,""
"Kovilpatti Main Bus Stand","bus",9.174888,77.865814,""
"Rajeevgandhi nagar","bus",17.359751,78.557819,""
"ঢাকা বাস স্টেশন","bus",26.149459,88.920438,""
"KTC Valpoi Bus Station","bus",15.532875,74.141502,""
"নীলফামারী টার্মিনাল","bus",25.915896,88.865453,""
"Shahdara Terminal","bus",28.674035,77.287232,""
"পাটগ্রাম পৌরসভা কেন্দ্রীয় বাস টার্মিনাল","bus",26.342535,89.015592,""
"Dombivali MSRTC Bus Terminal","bus",19.212804,73.099742,""
"Kalemyo Bus station","bus",23.192446,94.027693,""
"Kalyan Nagar BMTC Depot","bus",13.026564,77.638343,""
"Kerala State Road Transport Cooperation Office","bus",9.445699,76.540954,""
"KSRTC Bus Station Gubbi","bus",13.309704,76.943382,""
"Maldanga Bus Terminus","bus",23.431678,88.083216,""
"Muradnagar Bus Station","bus",23.639141,90.930631,""
"Yedshi Bus Stand","bus",18.318778,75.964399,""
"Old Bus Stand, Thamarassery","bus",11.414941,75.936609,""
"Civil Lines Bus Station","bus",25.448536,81.838743,""
"HDBRTS Hubballi Depot","bus",15.349077,75.11809,""
"Kishanganj Bus Station aka Bihar Bus Adda (Vir Kunwar Singh)","bus",26.094393,87.943038,""
"Metro Bus Terminal Parade Ground","bus",33.724753,73.084342,""
"Metro Bus Terminal Pak Secretariat","bus",33.734674,73.092561,""
"Metro Bus Terminal Shaheed-E-Millat","bus",33.721499,73.078119,""
"Metro Bus Terminal 7th Avenue","bus",33.718038,73.071492,""
"Metro Bus Terminal Stock Exchange","bus",33.711656,73.059299,""
"PIMS Metro Bus Station","bus",33.705883,73.048291,""
"Metro Bus Terminal Katchery","bus",33.702342,73.041505,""
"Metro Bus Terminal Ibn-e-Sina","bus",33.695766,73.038567,""
"Metro bus stand Islamabad","bus",33.689812,73.043039,""
"Metro Bus Terminal Peshawar Mor","bus",33.684599,73.047569,""
"Metro Bus Terminal Faiz Ahmed Faiz","bus",33.675545,73.054481,""
"Metro Bus Terminal Khyban-e-Johar","bus",33.669024,73.059389,""
"Metro Bus Terminal IJP","bus",33.656501,73.072042,""
"Metro Bus Terminal Faizabad","bus",33.661263,73.083034,""
"Metro bus Mareer Chowk station","bus",33.599523,73.062663,""
"Metro Bus Saddar station","bus",33.593782,73.056151,""
"Kashipur Bus Station","bus",29.20877,78.963697,""
"Mawana Bus Stand","bus",28.993837,77.721759,""
"Bhainsali Bus Stand","bus",28.9894,77.701333,""
"Sohrab Gate","bus",28.970604,77.722262,""
"Saoner Bus Stand","bus",21.383645,78.924918,""
"ISBT Rohru","bus",31.200999,77.751082,""
"Kerala State Road Transportation Corperation Stand Thamarassery","bus",11.409053,75.935453,""
"Fort Kochi Bus Stand","bus",9.967958,76.244729,""
"Mirzapur Puratan Bus Station","bus",24.101797,90.095259,""
"Anuradhapura New Bus Station","bus",8.323062,80.402432,""
"Vijayapura bus station","bus",13.295064,77.802073,""
"Mallasandra Bus Station","bus",13.059074,77.507693,""
"Tirupattur Bus Stop","bus",10.110649,78.600067,""
"Poovar Bus Station","bus",8.319415,77.072125,""
"KSRTC Poovar Depo","bus",8.32202,77.063833,""
"Brahmour ISBT","bus",32.440516,76.541921,""
"Engapuzha bus stand","bus",11.471512,75.968579,""
"Naduvil Bus Stand","bus",12.121226,75.483404,""
"Chettipadi-Tirur","bus",11.071577,75.853899,""
"Ayancheri Bus stand","bus",11.625321,75.67635,""
"MSRTC Bus Station","bus",18.351331,74.029353,""
"پرانا کے ایم ڈی اڈا","bus",33.737021,75.146165,""
"Kanhangad Muncipal Bus Stand","bus",12.305784,75.097083,""
"Vettathur Bus Stop","bus",11.007987,76.314295,""
"Malatipatpur Bus Stand","bus",19.866029,85.829393,""
"HRTC Bus Stand Kotli","bus",31.753925,76.875518,""
"Public Bus Terminus","bus",26.51144,93.970646,""
"Assam State Transport Corporation (A. S. T. C.)","bus",26.511704,93.970101,""
"Saliya Wewa Bus Stand","bus",8.194747,80.094604,""
"Jayanagar TTMC","bus",12.928249,77.584341,""
"Gudneppana Matha","bus",15.503573,76.009561,""
"Bayana Bus stand","bus",26.916285,77.294315,""
"Omni Paerundhu Nilaiyam","bus",9.945362,78.15803,""
"Irikkur Bus satnd","bus",11.983905,75.554139,""
"Ernakulam Boat Jetty","bus",9.972791,76.279191,""
"Kaipamangalam Bus Stand","bus",10.323213,76.144804,""
"Kaiparambu Bus Stop","bus",10.60897,76.137951,""
"Sasthamnada Bus Stop","bus",9.074137,76.658961,""
"Private Bus Stand, North Paravur","bus",10.145282,76.232225,""
"Dharapuram Main Bus Stand","bus",10.733121,77.519067,""
"Vypin","bus",9.973429,76.24414,""
"Villupuram old Bus Stand","bus",11.940452,79.491595,""
"Daewoo Express ChowkBahadarpur","bus",28.439633,70.21551,""
"Ottupara Stand","bus",10.664488,76.249007,""
"Pvuvathoor Bus Stand","bus",10.553702,76.073521,""
"Challakere KSRTC Bus Stand","bus",14.315229,76.652288,""
"Meppadi","bus",11.553026,76.134475,""
"Juhu Bus Station","bus",19.108084,72.826589,""
"Thiyagadurgam Bus Stand","bus",11.742072,79.073064,""
"police line bus stop","bus",17.436855,78.423595,""
"Bus Terminal Tarn Taran","bus",31.464558,74.932533,""
"Adimaly prvt.stand","bus",10.014967,76.953018,""
"Loary Stand","bus",9.635247,76.605282,""
"Hubballi Railway BRT Station","bus",15.349537,75.14845,""
"Sanguem Bus Stand","bus",15.228008,74.151736,""
"Payyoli Bus stand","bus",11.514682,75.620155,""
"Mid West Bus Ticket Booking Counter","bus",28.499331,81.745102,""
"Meppayur Bus stand","bus",11.531074,75.711603,""
"Prashanth nagar bus stop","bus",17.474801,78.425528,""
"Patti Bus Station","bus",31.279721,74.855435,""
"Fawara Chowk Bus Stop","bus",33.613191,73.054763,""
"Erumely Private Bus Stand","bus",9.482442,76.849654,""
"curchorem bus stand","bus",15.261203,74.106616,""
"Kengeri Uppanagara Bus Stand","bus",12.916249,77.482537,""
"18 mile bus station","bus",9.569433,76.720204,""
"Arappalayam Bus Stand","bus",9.934778,78.103747,""
"Manwath Bus Terminal","bus",19.295406,76.490453,""
"Kulathoormoozhi Bus Stand","bus",9.458503,76.711068,""
"KSRTC BUS STATION, PIRAVOM","bus",9.871719,76.488137,""
"Kuruppampady bus stand","bus",10.111219,76.519091,""
"Chalode","bus",11.929423,75.503295,""
"Kalady Private Bus Stand","bus",10.167001,76.436791,""
"Paravoor Bus Stand Building","bus",8.810965,76.668656,""
"Kaniyapuram Bus Depot","bus",8.588036,76.859292,""
"Nannilam Bus Stand","bus",10.880636,79.610943,""
"Thaira Bus Stand","bus",12.487977,75.073571,""
"Bus carrage of RIT college BUS","bus",9.578742,76.624769,""
"Edathua Kerala State Road Transport Corporation Bus Stand","bus",9.362384,76.473063,""
"padanilam","bus",9.193381,76.636141,""
"Payyanur New Bus stand","bus",12.108169,75.214886,""
"Anakkara Bus Stand","bus",9.664993,77.159643,""
"Edavanna bus stand","bus",11.215234,76.139826,""
"Kallara Bus Station","bus",8.752467,76.939693,""
"Mangalapuram","bus",8.624044,76.84844,""
"college bus shed","bus",8.541647,76.903961,""
"ISRO Bus Depot","bus",8.521237,76.945385,""
"Pulpally Bus Stand","bus",11.792247,76.166752,""
"vatakara old bustand","bus",11.597578,75.587699,""
"Adimali bus stand","bus",10.015021,76.95328,""
"Elanji Bus Stand","bus",9.829838,76.54643,""
"Kakathode bus station","bus",12.042239,75.357343,""
"Ksrtc Bust stand Kothamangalam","bus",10.060413,76.629554,""
"idimuzhikkal bus stop","bus",11.163459,75.877836,""
"mathamangalam bus stand","bus",12.13693,75.302625,""
"Muvattupuzha Private Bus Stand","bus",9.97981,76.586087,""
"Chittumala Bus Stop","bus",9.008918,76.65916,""
"Perambra bus station","bus",11.557745,75.76079,""
"Kerala State Road Transport Corporation Bus Station Erumely","bus",9.481326,76.844444,""
"Koottilangadi bus stop","bus",11.033514,76.103057,""
"Private Bus Stand,Perumbavoor","bus",10.113235,76.473753,""
"Muncipal Bus Stand,Thankalam","bus",10.068714,76.6126,""
"mallapally","bus",9.446055,76.657486,""
"Medical College Kalamassery Bus Terminal","bus",10.053216,76.352008,""
"Thookupalam Bus Stand","bus",9.812985,77.19853,""
"Aripra Bus Waiting Shed","bus",10.99078,76.165325,""
"Muncipal Bus Stand Sreekandapuram","bus",12.0442,75.508334,""
"Vazhakulam Private Bus Stand","bus",9.944076,76.640763,""
"kannapilavu bus station","bus",12.004914,75.392657,""
"kolenchery","bus",9.981189,76.473583,""
"Hospital Junction Bus Stand","bus",9.943477,76.491332,""
"Aloor Bus Stop","bus",12.484172,75.089974,""
"Paingotoor Bus Stand","bus",10.007074,76.710546,""
"Perumanna bus stand","bus",11.23975,75.879105,""
"Neriamangalam bus stand","bus",10.054016,76.774524,""
"Chalakudy KSRTC Bus Stand","bus",10.301498,76.33295,""
"Chelachuvadu Bus Stand","bus",9.918702,76.963653,""
"Pathanamthitta Municipal Bus Stand","bus",9.266529,76.790874,""
"Old Private Bus Stand","bus",9.265795,76.78691,""
"kilimanoor private bus stand","bus",8.770142,76.878672,""
"Eramalloor","bus",9.825394,76.310459,""
"Kakkoor Ambalapaddy","bus",9.896005,76.533262,""
"Changanassery Perunna Muncipal Bus Station","bus",9.443294,76.544305,""
"bottu kadavu bus stop","bus",10.41749,76.119286,""
"seraphic bus stop","bus",10.428518,76.120691,""
"Valiyapadam Bus Stop","bus",9.889233,76.562307,""
"Anjugramam Bus Stand","bus",8.148683,77.569973,""
"Bus Station, Alakode","bus",12.189364,75.465299,""
"Aachikkal Bus Stop","bus",9.816125,76.586827,""
"Depots Enquiry - Kerala State Road Transport Corporation","bus",11.362285,76.011276,""
"Thirumarady Panchayath Bus Stop","bus",9.889253,76.553412,""
"Kakkoor Bus Stop","bus",9.894622,76.538066,""
"Railway Station Bus Stop ( Shar )","bus",13.697235,80.018717,""
"Kumbalangi Bus Stand","bus",9.851133,76.293937,""
"Koorappilly Kurishu","bus",9.898497,76.52951,""
"Kaliyar Bus Stand","bus",9.976354,76.781711,""
"Peroorkada KSRTC Depot","bus",8.534489,76.968254,""
"Kerala State Road Transport Corporation Bus Station Ambalappuzha","bus",9.383012,76.355063,""
"Onakkor Bus Stop","bus",9.888846,76.503085,""
"Marady Canal Bus Stop","bus",9.941838,76.575831,""
"Marady Canal-side Bus Stop","bus",9.94185,76.575655,""
"Shappipady Bus Stop","bus",9.945824,76.574056,""
"Pallikavala Bus Stop","bus",9.956503,76.575034,""
"Ksrtc Sub Depo","bus",9.836418,77.159586,""
"Kerala State Road Transport Corporation","bus",9.977191,76.580016,""
"Nedumonkavu","bus",8.922592,76.736695,""
"mallapuram muncipal bus stand","bus",11.044095,76.076289,""
"Kattoor Bus Stand","bus",10.378684,76.151527,""
"Shirur Anantpal Bus Stand","bus",18.33405,76.830131,""
"Kunggippara","bus",12.224432,75.191602,""
"Chakkarakkal Bus Stand","bus",11.89054,75.468785,""
"Kannur HQ Bus Stand","bus",11.862252,75.371336,""
"Oachira KSRTC Bus Station","bus",9.13523,76.512621,""
"parassiniKadavvu Bus stand","bus",11.983925,75.398672,""
"paraghaadi bus stop","bus",10.30742,76.288989,""
"Paruthumpara Bus Stop Towards Kottayam Via Chingavanam","bus",9.529583,76.540729,""
"Paruthumpara Bus stop towards Njaliyakuzhy, Changanassery","bus",9.529654,76.540813,""
"Kerala State Road Transport Bus Depot Thalasserry","bus",11.760983,75.482199,""
"velloor Bus stand","bus",9.834485,76.454628,""
"kolmotta bus stop","bus",11.994157,75.394551,""
"New Chakdha bus stand","bus",23.049063,88.831953,""
"Old Bus Stand Kunnamangalam","bus",11.305174,75.878099,""
"Mukkam New Bus Stand","bus",11.319692,75.99798,""
"kunnupara","bus",11.996208,75.393379,""
"Parappanangadi bus stand","bus",11.048374,75.859916,""
"chorukkala bus station","bus",12.03993,75.410058,""
"manjeri","bus",11.119772,76.123203,""
"Ulikkal Bus Stand","bus",12.040316,75.66525,""
"Mananthavady KSRTC Bus Terminal","bus",11.794838,76.000407,""
"kadamberi bus stop","bus",12.003535,75.385028,""
"Pattambi Bus Station","bus",10.801305,76.179049,""
"KSRTC Bus Station Ernakulam","bus",9.977411,76.289004,""
"kadalundi panchayath","bus",11.150324,75.825977,""
"Mayyil","bus",11.993288,75.448774,""
"ksrtc Depot Vadakkencherry","bus",10.595379,76.480019,""
"New market bus stand","bus",23.039615,88.827824,""
"Thingal Nagar Busstand","bus",8.200525,77.303525,""
"Khopoli KMT Bus Depot","bus",18.791159,73.340285,""
"VRL Logistics Akurdi","bus",18.649414,73.765106,""
"Dehu Gaon","bus",18.720831,73.766072,""
"Rudra Bus Parking Nigdi","bus",18.656507,73.780805,""
"Talegaon Dabhade ST Stand","bus",18.734686,73.671279,""
"Sangamwadi BRT Stop","bus",18.537438,73.863277,""
"Sangamwadi Private Bus Stand 1","bus",18.535342,73.860728,""
"Sangamwadi Private Bus Stand 2","bus",18.537125,73.863612,""
"Kothrud Depot","bus",18.50652,73.795247,""
"vellanad ksrtc station","bus",8.56299,77.05765,""
"Swargate MSRTC Bus Stand","bus",18.499955,73.859007,""
"Swargate MSRTC Bus Stand-2","bus",18.49951,73.859709,""
"Swargate PMPML Bus Stand","bus",18.499154,73.857899,""
"PMPML Bhosari Depot","bus",18.627144,73.850665,""
"Private Bus Parking Bhosari","bus",18.627545,73.851511,""
"Bus Terminal Varkala","bus",8.740415,76.721398,""
"Ambajogai Bus Station","bus",18.731081,76.390112,""
"Bhosari Terminal","bus",18.624455,73.851472,""
"PMPML Ashok Leyland Workshop","bus",18.679779,73.786148,""
"Bhakti Shakti Pmpml Terminal","bus",18.66547,73.772324,""
"Bhakti Shakti Electric Bus Depot","bus",18.66531,73.770545,""
"Wagholi Kesnand Phata PMPML Bus Stand","bus",18.580947,73.987639,""
"Saswad Pmpml Stand","bus",18.344993,74.031387,""
"Bhosari Sadgurunagar Depot","bus",18.632172,73.849452,""
"Saswad ST Stand","bus",18.350638,74.02947,""
"Pothukal Bus Station, Pothukal","bus",11.404544,76.252118,""
"Nambiyur Bus Stand","bus",11.356263,77.319413,""
"Tiruchengode New Bus Stand","bus",11.383141,77.895439,""
"Natepute ST Stand","bus",17.902067,74.75234,""
"Phaltan ST Stand","bus",17.990968,74.437481,""
"Hosanagara Bus Station","bus",13.916681,75.06561,""
"Uttara Bus Terminal","bus",23.267368,87.829542,""
"lamatol bus terminal","bus",27.697877,84.461866,""
"Vashi Railway Station","bus",19.064162,72.997857,""
"bust stand karulai","bus",11.287918,76.29783,""
"Bus Terminal for Tamil Nadu","bus",9.610954,77.171729,""
"Juinagar Railway Station","bus",19.057005,73.018773,""
"Karuvarakundu Bus Stand","bus",11.125584,76.342524,""
"Ayoor KSRTC Bus Stand","bus",8.898492,76.859679,""
"KSRTC Terminal Thodupuzha Complex","bus",9.894494,76.715717,""
"Chundale Bus Stand","bus",11.574228,76.058008,""
"Muncipal Bus Termial Thodupuzha","bus",9.893773,76.708147,""
"Kozhikode KSRTC Bus Terminal","bus",11.259399,75.782554,""
"TNSTC Bus Depo","bus",11.741808,78.962997,""
"Aryankavu Interstate Bus Station","bus",8.982112,77.15374,""
"Vasantrao Naik Chowk Tardeo Bus Station","bus",18.969743,72.815415,""
"Sasaram Bus Stand","bus",24.955156,84.015403,""
"Boisar Bus Stand","bus",19.801846,72.758438,""
"Hubli OCBS BRT Station","bus",15.351148,75.13626,""
"HDMC BRT Station","bus",15.350859,75.140701,""
"Dr.Ambedkar BRT Station","bus",15.352889,75.145388,""
"NBSTC BUS STAND","bus",24.09651,88.260335,""
"Uppal X Road Bus Stop ( Towards Nagole )","bus",17.401018,78.560541,""
"Uppal _ Nagole Bus Stop","bus",17.400856,78.560498,""
"Thavanakadav Jetty Bus Station","bus",9.742532,76.368916,""
"Lakeshore stop","bus",9.918672,76.317066,""
"Lakshore stop","bus",9.918334,76.317358,""
"kattangal bus station","bus",11.318473,75.939922,""
"Tirunelveli Omni Bus stand","bus",8.705109,77.730594,""
"Omassery Bus station","bus",11.364176,75.964324,""
"Kaithal Bus Stand","bus",29.800319,76.426325,""
"Parassinikadavu","bus",11.983989,75.398994,""
"Kottiyoor","bus",11.874609,75.861216,""
"Anjarakkandi","bus",11.882136,75.509893,""
"Mall of Chamkani","bus",34.020546,71.642695,""
"ٹرانسپشاور ڈپو","bus",34.021412,71.643776,""
"Sardar Garhi Station","bus",34.018944,71.639764,""
"چغل پورہ اسٹیشن","bus",34.017513,71.629259,""
"Main Bus stop","bus",17.26214,74.714432,""
"Elappara Bus Stand","bus",9.630767,76.978687,""
"Dhand Bus Station","bus",29.878824,76.621536,""
"Talala ST Bus Stand","bus",21.051723,70.529064,""
"Arcot","bus",12.907866,79.3251,""
"مقامی لاری اڈا","bus",32.327042,74.345662,""
"Sanganer Bus Depot","bus",26.796618,75.815108,""
"Koyananagar ST Stand","bus",17.393103,73.742141,""
"JCTSL Vidhyadhar Nagar Bus Depot","bus",26.962628,75.772351,""
"Vidhyadhar Nagar Bus Depot (RSRTC)","bus",26.964346,75.772776,""
"Private Bus Parking","bus",26.94019,75.779957,""
"DoodhMandi Bus Stand","bus",26.936312,75.793357,""
"Madawachchiya Bus Stand","bus",8.539073,80.492559,""
"Mettupalayam Bus Stand","bus",11.302478,76.937652,""
"Nhavare Bus Stand","bus",18.662683,74.37171,""
"ISBT Jabalpur","bus",23.194914,79.914887,""
"SVITS College Bus Stop","bus",16.64672,77.859155,""
"Paribahan Nagar Bus Terminal","bus",26.724566,88.389494,""
"Pampakuda Private Bus Stand","bus",9.920348,76.521197,""
"Thiruvattar Bus Station","bus",8.332552,77.26844,""
"Harippad","bus",9.279306,76.459079,""
"kunnathpalam","bus",11.2262,75.834252,""
"Velankanni Bus Station","bus",10.682144,79.848205,""
"Malkangiri Bus stand","bus",18.364334,81.892451,""
"Katraj PMPML Bus Stand","bus",18.446902,73.858508,""
"KMOU Bus Depot","bus",29.220402,79.511589,""
"puzkakkattiri bus stop","bus",10.978276,76.156745,""
"thottasseriara bus stop","bus",11.094998,75.954723,""
"kunnumpuram bus stop","bus",11.085502,75.952588,""
"vettom cheerp bus station","bus",10.857824,75.903041,""
"Narnaul InterState Bus Terminal","bus",28.053775,76.112161,""
"pookkottukavu","bus",11.042463,76.21792,""
"thottasseriara kakkad bus waiting centre","bus",11.091707,75.954588,""
"kadappadi karuvankallu bus stop","bus",11.112933,75.943284,""
"kadappadi padikkal bus stop","bus",11.112644,75.942506,""
"PUTHANATHANI BUS STAND","bus",10.934,76.005123,""
"Mavelikara Private Bus Stand","bus",9.251714,76.539208,""
"POONJAR BUS STATION","bus",9.673537,76.813305,""
"Vellarikund Bus Stand","bus",12.364965,75.286462,""
"বাঁকুড়া বেসরকারী বাস টার্মিনাস","bus",23.241962,87.03442,""
"সরকারি বাস টার্মিনাস","bus",23.238172,87.031563,""
"Kalavoor Bus Stand","bus",9.569404,76.3278,""
"Alummood Bus Station","bus",9.509448,76.794173,""
"Kallarakavu Bus Shelter","bus",9.522206,76.796781,""
"Uthralikkavu Bus Stop","bus",10.672482,76.261533,""
"BUS WORK SHOP","bus",9.152833,76.732806,""
"Kalayat bus station","bus",29.671723,76.256049,""
"Ranni KSRTC Terminal","bus",9.386351,76.785729,""
"Ettumanoor private bus stand","bus",9.669062,76.55698,""
"Thekkethazham Bus Stop","bus",10.14988,76.263015,""
"রেলগেট বাস টার্মিনাল","bus",24.448987,88.345438,""
"Pennadam Bus Stand","bus",11.402774,79.242091,""
"Virdhachalam Bus Stand","bus",11.522478,79.324264,""
"Singanallur Bus Stand","bus",11.002421,77.029091,""
"KSRTC Bus Terminal","bus",12.881824,75.027596,""
"Long distance bus terminal","bus",9.664355,80.011021,""
"Piravom Private Bus Stand","bus",9.874645,76.488491,""
"Iritty Bus Station","bus",11.989548,75.678316,""
"Manapa Bhavan PMPML Bus Station","bus",18.523076,73.853724,""
"Faisal Colony Station","bus",34.016665,71.614585,""
"Old Haji Camp Station","bus",34.016318,71.607487,""
"Lahore Adda Station","bus",34.01598,71.600168,""
"ہشتنگری","bus",34.015127,71.581355,""
"خیبر بازار","bus",34.010225,71.566335,""
"ریلوے اسٹیشن","bus",34.002604,71.549718,""
"ایف سی چوک","bus",33.999115,71.544515,""
"صدر بازار","bus",33.995076,71.538336,""
"مال روڈ","bus",33.998292,71.533572,""
"ڈبگری گارڈنز","bus",34.005331,71.557011,""
"شعبہ بازار","bus",34.007946,71.56203,""
"GOPESHWAR STATION","bus",30.410339,79.317265,""
"تہکال پایان","bus",34.008271,71.519351,""
"ابدرہ روڈ","bus",34.003086,71.501737,""
"یونیورسٹی ٹاؤن","bus",33.99946,71.494857,""
"پشاور یونیورسٹی","bus",33.997765,71.487261,""
"اسلامیہ کالج","bus",33.998327,71.478423,""
"بورڈ بازار","bus",33.998116,71.471369,""
"گلبہار چوک","bus",34.015507,71.591611,""
"ملک سعد شہید","bus",34.014632,71.574235,""
"Karkhano Market Station","bus",33.998628,71.424946,""
"Hospital Chowk Station","bus",33.993493,71.443485,""
"PDA Station","bus",33.989529,71.443226,""
"BRT Tatara Park Station 28","bus",33.986025,71.442991,""
"حیات آباد فیز ۳","bus",33.984808,71.449351,""
"بابِ پشاور","bus",33.990232,71.454875,""
"مال آف حیات آباد","bus",33.992025,71.461415,""
"VETTIYIL KALUNGU BUS STOP","bus",9.509002,76.571913,""
"Shikrapur Bus Stand","bus",18.691785,74.134171,""
"pallikavala  bus stand","bus",9.753252,76.561679,""
"Chunkappara Bus Stand","bus",9.452165,76.745909,""
"Chuna Bhatti","bus",19.051515,72.868698,""
"Muthukadai","bus",12.931821,79.335288,""
"Aarani old bus stand","bus",12.672541,79.285461,""
"Bus Stop Pulimood","bus",8.648658,77.059681,""
"Pulimood Bus Stop","bus",8.648635,77.059459,""
"Methottam Bus Stop","bus",8.61712,77.071404,""
"Nanded Bus Stand","bus",19.159408,77.306119,""
"Pawar Nagar","bus",19.228858,72.96597,""
"Lalitpur Bus Stand","bus",24.697638,78.415279,""
"墨脱县客运站","bus",29.331858,95.337801,""
"Birmaharajpur Bus Stand","bus",20.865781,84.049856,""
"Kagal Msrtc Bus Stand","bus",16.579123,74.313,""
"Depot-40 Dasanapura BMTC Bus Garage","bus",13.078106,77.446131,""
"Etawah bus adda","bus",26.779921,79.028731,""
"Bus Station,Thankamany","bus",9.840201,77.037181,""
"Kollam KSRTC Bus Station","bus",8.89079,76.585089,""
"Simhachalam Devasthanam Hill Down Free Bus Stop","bus",17.772713,83.245543,""
"melethumele to perrorkada bus stop","bus",8.533575,76.985729,""
"Kannur KSRTC Bus Stand","bus",11.875359,75.37442,""
"Bus Stand Mauda","bus",21.147214,79.402065,""
"Chiniot Bus Terminal","bus",31.724674,72.986677,""
"Alambagh Bus Station","bus",26.81932,80.90685,""
"Pumpa Kerala State Road Transport Corporation Bus Station","bus",9.406514,77.068496,""
"Sayukta Bus Park","bus",27.761979,85.364129,""
"Pandalam Bus Station","bus",9.225935,76.67445,""
"Bus Parking Area","bus",8.671602,76.816998,""
"Doddaballapura","bus",13.293296,77.542284,""
"Vandiperiyar","bus",9.571521,77.088931,""
"New Lari Ada","bus",32.927368,72.432307,""
"Vandavasi Bus Interchange","bus",12.497519,79.608704,""
"Panskura Central Bus Stand","bus",22.391803,87.739533,""
"Perubadavu bus stop","bus",12.167414,75.391707,""
"JHAJJAR BUS STAND","bus",28.625579,76.646495,""
"Kenichira Bus Stand","bus",11.724204,76.147542,""
"K S R T C Bus Depo Puthukkad","bus",10.425764,76.268087,""
"Bindapur Bus Stand","bus",28.608527,77.06617,""
"Mandarmani","bus",21.663142,87.700744,""
"Bus Depot Khetri","bus",28.00425,75.787047,""
"Amangal Bus Stand","bus",16.849083,78.52972,""
"Kadukutty Bus Stand Complex","bus",10.270193,76.309641,""
"Kunnathukal Bus Stop","bus",8.39025,77.162138,""
"ksrtc depo","bus",10.995153,76.469742,""
"Hadapsar Gadital PMPML Bus Stand","bus",18.500293,73.9392,""
"Hiranandani Powai","bus",19.118094,72.906008,""
"GGC Private bus stand","bus",26.477316,76.730587,""
"Government Bus Stand Sundargarh","bus",22.122042,84.042597,""
"Malampuzha Bus Stand","bus",10.823982,76.688617,""
"Amlai Burhar bus stand","bus",23.195901,81.576059,""
"Burhar bus stand","bus",23.210955,81.535889,""
"Ottapalam Bus Terminal","bus",10.771992,76.376839,""
"Pushpak Airport Liner Bus Stop","bus",17.440891,78.506256,""
"Chottanikara Private Bus Stand","bus",9.928803,76.390624,""
"chirangara bus stop","bus",10.252144,76.367938,""
"bus stop to chalakudy","bus",10.253793,76.366696,""
"Gauribidanur KSRTC Bus Terminal","bus",13.60877,77.519904,""
"Bhagalpur Bus Station","bus",25.243046,86.978129,""
"Maddur Bus Stand","bus",12.588814,77.044984,""
"Madduru Bus Stand","bus",12.589643,77.044686,""
"Kunnamkulam New Bus Stand","bus",10.649245,76.067185,""
"purana bus stand","bus",23.523885,80.830658,""
"Iskcon Cross Road BRTS","bus",23.027152,72.508523,""
"Ashok Vatika BRTS","bus",23.027939,72.495702,""
"Jaintilal Park BRTS","bus",23.028425,72.49101,""
"Swagat Bunglows BRTS","bus",23.027883,72.485885,""
"Ambli Gam BRTS","bus",23.026462,72.482193,""
"Bopal Appoach BRTS","bus",23.025848,72.477914,""
"காரைக்குடி","bus",10.07372,78.781431,""
"காரைக்குடி பழைய பேருந்து நிலையம்","bus",10.06921,78.761555,""
"Nagarukhra Public Bus Terminal","bus",22.946596,88.638764,""
"Sindhanuru State Bus Station","bus",15.771053,76.753574,""
"Jagdishpur bus adda (bus station)","bus",26.457717,81.62515,""
"Hattiguduru Bus Station","bus",16.604213,76.881668,""
"Manvi Bus Station","bus",15.997251,77.049119,""
"Interstate Bus Terminus","bus",31.686408,76.116953,""
"Private/Ksrtc Bus Station Mundakayam","bus",9.538532,76.885776,""
"pallickal bus station","bus",8.824383,76.809719,""
"Ponda Bus Station","bus",15.406458,73.997414,""
"Parking","bus",21.836759,73.727958,""
"Bhekrainagar PMPML Bus Depot Road","bus",18.484219,73.952944,""
"Kulithalai Bus Stand","bus",10.939162,78.421969,""
"Chemperi Bus Stand","bus",12.099331,75.549602,""
"Palladam Paerarignar Anna Paerundhu Nilaiyam","bus",10.994488,77.283097,""
"PANGODE BUSSTAND","bus",8.765663,76.964034,""
"Koombara Bus Stand","bus",11.323735,76.075846,""
"Tirunelveli Town city Bus Stand( Exhibition Ground)","bus",8.729425,77.697464,""
"Bhari Bus Station","bus",20.386965,78.197719,""
"MINI BUS STATION YAVATMAL","bus",20.364184,78.093874,""
"Vesave/Yari Road Bus Station","bus",19.139138,72.808483,""
"Checkanurani Bus Stand","bus",9.941111,77.973294,""
"Morgaon MSRTC ST Stand","bus",18.27657,74.321256,""
"Panamaram Bus Stand","bus",11.739117,76.073256,""
"Petta Bus Stop","bus",9.949758,76.331796,""
"M.S.R.T.C. Bus stand","bus",19.884471,74.478365,""
"Paramakudi Bus Station","bus",9.540045,78.593671,""
"Hinganghat Bus Stand","bus",20.55262,78.842914,""
"Bustap Chennaram","bus",16.344581,78.200917,""
"Ariyalur Bus Stand","bus",11.135611,79.076996,""
"Balurghat Bus Stand","bus",25.226139,88.782479,""
"Balurghat State Bus Stand","bus",25.227556,88.784699,""
"Osmanabad Bus stand","bus",18.18687,76.04308,""
"Paratwada Bus Stand","bus",21.286652,77.519974,""
"Alibag Bus Station","bus",18.647629,72.875119,""
"Private Bus Stand, Koothattukulam","bus",9.863238,76.593305,""
"KSRTC Bus Stand, Koothattukulam","bus",9.86334,76.592674,""
"Ganagapur Bus Stand","bus",17.341384,76.594064,""
"Gadchiroli Main Bus Stand","bus",20.186401,80.012995,""
"Interstate Bus Station Raipur","bus",21.219563,81.631068,""
"Rajbiraj Bus Park","bus",26.540734,86.757352,""
"Kerala State Road Transport Corporation, Kacheri, Attingal","bus",8.694049,76.818604,""
"Satellite Bus Station","bus",28.351309,79.439434,""
"Private bus stand, kacheri jn","bus",8.694919,76.81868,""
"Periyar Paerundhu Nilaiyam","bus",9.915812,78.111113,""
"Koyil vazhi bus stand, Tiruppur","bus",11.058222,77.38837,""
"New Bus Stand, Tiruppur","bus",11.132049,77.341207,""
"Vishrantwadi","bus",18.573223,73.881342,""
"Methanam Bus Stand","bus",10.094627,76.291518,""
"thadikal bus station","bus",18.311794,79.289931,""
"Thrippunithura Bus Stand","bus",9.943276,76.346204,""
"Naroda Gam","bus",23.077106,72.655787,""
"Bus Stand, Neyveli-2","bus",11.540597,79.464055,""
"Parshivani Msrtc Bus Stand","bus",21.370701,79.150352,""
"Devakottai Bus Station","bus",9.947539,78.820912,""
"Devka;i Bus Station","bus",26.768016,82.175748,""
"International Bus Terminal","bus",26.791083,82.228738,""
"Sankeshwar Bus stand","bus",16.259163,74.485304,""
"Jose Thomas Padinjarekkara Private Bus Terminal, Kottaramattam, Palai","bus",9.708791,76.672998,""
"Marcela Bus Stand","bus",15.515885,73.961399,""
"KSRTC Bus Terminal Complex","bus",9.386363,76.574331,""
"Khapri Depot - Bus Terminal","bus",21.05591,79.05339,""
"Dholera Bus Stand","bus",22.247005,72.192031,""
"Public Bus Station","bus",25.618154,88.126754,""
"KSRTC BUS STAND","bus",9.89448,76.71574,""
"Chandrakona Central Bus Stand","bus",22.732429,87.514103,""
"বিদ্যাসাগর বাস টার্মিনাস","bus",22.886827,87.783744,""
"দক্ষিণ বঙ্গ রাষ্ট্রীয় পরিবহন সংস্থা আরামবাগ ডিপো","bus",22.886465,87.784388,""
"Gwalior Inter-state Bus Stand","bus",26.215022,78.186121,""
"Dhanbad Bus Stand","bus",23.808088,86.430525,""
"வாலாஜா","bus",12.925679,79.364341,""
"Shoolagiri Bus Stand","bus",12.664073,78.008813,""
"School Bus Stand","bus",25.323724,81.912827,""
"Paranur Bus Station","bus",12.730288,79.984787,""
"Avadi MTC Terminus","bus",13.120051,80.102118,""
"கரூர் பழைய பேருந்து நிலையம்","bus",10.959962,78.075199,""
"Yavat PMPML Bus Stand","bus",18.47477,74.273706,""
"Nangi Adda","bus",33.151433,73.738882,""
"Roha ST Stand","bus",18.438842,73.119104,""
"Vodra Bus Stand,Bhadra Bus Stop, Rajshahi city","bus",24.375092,88.622291,""
"Oros Bus Stand","bus",16.116649,73.704457,""
"MSRTC Bus Stand","bus",19.711387,77.143444,""
"ST Bus Stand Aundha Nagnath","bus",19.537747,77.038466,""
"Silapathar ASTC","bus",27.590335,94.724173,""
"Murud Bus Stand","bus",18.334041,72.96065,""
"30D Bus Stop","bus",22.636716,88.412685,""
"Talaimari Truck Stand Truck dealer","bus",24.359398,88.62575,""
"Upper Depot","bus",18.460525,73.872053,""
"Keelkattalai Bus Stand","bus",12.956027,80.186129,""
"Sibsagar Bus Terminal","bus",26.986577,94.637806,""
"Attraiya Bus Park","bus",28.815826,80.554867,""
"CMS HSS Busstop Kuzhikala","bus",9.289008,76.7101,""
"Islampur New Bus Terminal","bus",26.255311,88.181982,""
"Srivaikuntam Bus Stand","bus",8.629762,77.910688,""
"Vandalur Kelambakkam Bus Terminus","bus",12.872569,80.082142,""
"Vandalur Mofussil Bus Terminus","bus",12.873379,80.079212,""
"Kilambakkam Moffusil Terminus","bus",12.872302,80.082137,""
"Aligarh Bus Station","bus",27.904913,78.048966,""
"Khandala","bus",17.236374,73.269203,""
"Garhbeta Bus Stand","bus",22.855724,87.357502,""
"Mudigere Bus Depot","bus",13.122332,75.620302,""
"Sonprayag Parking","bus",30.625367,78.999385,""
"Mundhela Kalan Bus terminal","bus",28.607565,76.892244,""
"Jaysingpur Bus Stop","bus",16.780067,74.557098,""
"Sambhaji Nagar Bus Stand","bus",16.680021,74.219768,""
"Gujarwadi Phata (Katraj) PMPML Bus Stand","bus",18.440518,73.860244,""
"Bhiwandi ST Stand","bus",19.302565,73.065442,""
"Raxaul Bus Terminal","bus",26.9769,84.844997,""
"solapur Bus Stand","bus",17.680844,75.898147,""
"Akkalkot Bus Stand","bus",17.526652,76.203658,""
"Aland Bus Station","bus",17.563566,76.564035,""
"Koyambedu Omni Bus Station","bus",13.07078,80.198793,""
"Vashi Highway","bus",19.068383,72.996362,""
"Chhindwara Bus Stand","bus",22.058494,78.937964,""
"Kalavad Bus Depot","bus",22.20718,70.381937,""
"KSRTC BUS TERMINAL","bus",8.445738,77.194327,""
"Chalakudy Bus Stand","bus",10.300962,76.336477,""
"General Bus Stand Shopian","bus",33.722461,74.827422,""
"Bus Stand Phagwara","bus",31.21994,75.767831,""
"M M School","bus",18.614203,73.78517,""
"New Bus Stand Bhawanigarh","bus",30.264787,76.044489,""
"Shantipur Buspark","bus",28.109343,83.415624,""
"Lakhtar Bus Stand","bus",22.852197,71.786786,""
"Chatram bus stand","bus",10.831487,78.693651,""
"Terokhada New Bus Stand","bus",22.936395,89.66668,""
"NEKRTC Raichur Bus Station","bus",16.201606,77.346144,""
"MP Group","bus",18.491277,73.811631,""
"Pimple Nilakh Bus Stand","bus",18.571525,73.794087,""
"Narayanpur Bus Park","bus",28.056946,82.404204,""
"Gopalpet Bustop","bus",16.394776,78.14392,""
"KSRTC Terminal Complex Thiruvalla","bus",9.38659,76.574583,""
"সোনাগাজী বাস স্ট্যান্ড","bus",22.85088,91.390919,""
"Veppampattu Bus Depot","bus",13.128905,80.008449,""
"Vikhroli Station (E)","bus",19.110562,72.929066,""
"Mulund Railway Station (W)","bus",19.172805,72.95652,""
"Bhandup Railway Station (W)","bus",19.144236,72.937971,""
"Filter Pada","bus",19.13912,72.894439,""
"Ghatkopar Station (E)","bus",19.084696,72.907346,""
"Parner Bus Top","bus",19.000991,74.442315,""
"Kannamwar Nagar","bus",19.12058,72.938578,""
"KSRTC Bus Stand Honnavar","bus",14.279468,74.443833,""
"Huskuru Bus Stop","bus",12.861619,77.705304,""
"KSRTC-SWIFT Super Class Bus Terminal","bus",8.51281,76.900138,""
"ᱵᱟᱹᱨᱯᱟᱫᱟ ᱵᱚᱥ ᱥᱴᱟᱱᱰ","bus",21.941131,86.729291,""
"Kannur Old Bus stand","bus",11.876057,75.366024,""
"Haridwar Roadways Bus Station","bus",29.945218,78.153702,""
"Vallalar Nagar Bus Depot","bus",13.104335,80.276257,""
"M.G.R Nagar Bus stop","bus",11.522864,77.45025,""
"Podaturpet Bus Station","bus",13.283146,79.483547,""
"Kiwale Goan Bus Stop","bus",18.657823,73.722295,""
"Fatehpur UPSRTC","bus",25.928529,80.822213,""
"Fatehpur DEPO","bus",25.925116,80.826956,""
"byas bus park","bus",27.86731,83.906678,""
"Vydehi TTMC","bus",12.977165,77.726503,""
"Chakdaha","bus",23.079811,88.531511,""
"Padmavati Bus Depot","bus",18.47731,73.855945,""
"Shirur ST Stand","bus",18.827514,74.373331,""
"Akkelpur Bus Stand, Kanupur, Joypurhat","bus",24.974286,89.014242,""
"Rampurhat Bus Stand","bus",24.170447,87.79028,""
"Ranihati Bus Stand, Nawabganj - Shibganj Rd, Moharajpur","bus",24.610041,88.214586,""
"Bandra Colony","bus",19.06154,72.850688,""
"KSRTC BUS  TERMINAL","bus",9.667832,76.555781,""
"Barmer Govt Bus Station","bus",25.750398,71.41092,""
"Mapusa KTC Bus Stand","bus",15.589109,73.810071,""
"Anna Bus Stand","bus",9.924761,78.13858,""
"Pillaiyarpatti","bus",10.122642,78.671338,""
"Panjim Private Bus Stand","bus",15.494451,73.836252,""
"Sauraha Tourist Bus Terminal","bus",27.582966,84.502218,""
"Chaparappadavu bus stand","bus",12.126795,75.409992,""
"Katra Bus Stand","bus",32.992897,74.93051,""
"Buses parts","bus",17.508339,78.580646,""
"Kandhar Bus Stop","bus",18.874443,77.183831,""
"Selu Bus Stand","bus",19.451472,76.432816,""
"Panjappur Integrated Bus Terminus","bus",10.754373,78.655932,""
"Metro Bus Station  Uppal","bus",17.390054,78.559245,""
"New Mapusa Bus Stand","bus",15.588143,73.809262,""
"Dr. Puratachi Thalavi Amma Paerundhu Nilaiyam","bus",11.028807,77.129591,""
"Pallahara Bus Station","bus",21.433499,85.192232,""
"Vasco KTC Bus Stand","bus",15.400157,73.820885,""
"Medirigiriya Main Bus Stand","bus",8.141097,80.963014,""
"Santa Cruz Station (E)","bus",19.081328,72.842302,""
"Kattappana Municipal Bus Stand","bus",9.753601,77.118195,""
"Netaji Subhash Bus Terminus","bus",26.536341,88.712061,""
"NBSTC Jalpaiguri Depot","bus",26.536434,88.712793,""
"Rohini Bus Terminal","bus",28.717727,77.064197,""
"Sulichaur Buspark","bus",28.247725,82.729965,""
"Tambaram","bus",12.928162,80.11905,""
"Bus Stand Nalwa","bus",28.946218,75.829251,""
"old Bus-stand","bus",29.314374,76.326232,""
"Peroorkkada Bus Stand","bus",8.534554,76.967918,""
"Tosham Bus Stand","bus",28.872685,75.916577,""
"Bus Depot Tosham","bus",28.872614,75.915476,""
"Vellore New Bus Stand","bus",12.934667,79.137093,""
"Ramanagara Bus Stand","bus",15.423389,74.491611,""
"NEW BUS STAND FATEHABAD","bus",29.48611,75.490848,""
"Santinagar Ratnapark MicroBus Stand","bus",27.64186,85.323447,""
"ဆိပ်ဖြူကားဂိတ်","bus",20.908131,94.789235,""
"RAJGURUNAGAR ST STAND","bus",18.854049,73.888306,""
"RAJGURUNAGAR ST DEPOT","bus",18.853629,73.88848,""
"Korattur MTC Terminus","bus",13.111587,80.184212,""
"Mattancherry","bus",9.958662,76.259888,""
"Bus Stand Rajgarh","bus",28.632193,75.381898,""
"Bir srestho Mostofa Kamal Bus Stop","bus",22.65625,90.662315,""
"State Transport Work Shop","bus",16.989555,73.307706,""
"Puducherry New Bus Stand","bus",11.933137,79.816151,""
"Kichha Bus Station","bus",28.911141,79.515439,""
"Vallalar Nagar Bus Terminal","bus",13.105908,80.280433,""
"Islampur Bus Station","bus",17.046178,74.26036,""
"kaliyamuzha bus stop","bus",11.393079,76.032386,""
"Uppal Bus Station","bus",17.401797,78.56849,""
"Vattiyoorkavu","bus",8.529509,76.986391,""
"Omassery bus stand","bus",11.36402,75.964568,""
"Prantik gare","bus",23.875855,90.273222,""
"Bus Terminal 2, 2A","bus",12.976718,77.57192,""
"Hansi Bus Stand","bus",29.094783,75.964566,""
"Panchgani Bus Stand","bus",17.923399,73.798238,""
"Satara MSRTC Bus Stand","bus",17.693014,74.00448,""
"Tarale ST Stand","bus",17.498427,73.980666,""
"লাকসাম বাস টার্মিনাল","bus",23.237183,91.123545,""
"Sankhali KTC Bus Stand","bus",15.56118,74.00996,""
"Bicholim Bus Stand","bus",15.588428,73.949775,""
"Mongla Bus Station","bus",22.474471,89.598099,""
"Kadampuzha Bus Stand & Comfort Station","bus",10.943199,76.042021,""
"Roorkee Roadways Bus Stand","bus",29.864005,77.888569,""
"Uttarakhand Pariwahan Nigam Roadways Bus Station Haldwani","bus",29.216545,79.529971,""
"S Alam Bus Counter, Satkania","bus",22.080164,92.05316,""
"Una Interstate Bus Terminal","bus",31.469523,76.265898,""
"Sarsuna Bus Stand","bus",22.480315,88.294596,""
"Bus Stand Shakargarh","bus",32.267063,75.147697,""
"Hiace Terminal","bus",32.259608,75.16404,""
"Hissar Bus Stand","bus",29.107671,75.172531,""
"Yelahanka New Town","bus",13.095655,77.579035,""
"Krishnanagar Bus Stand","bus",23.410188,88.499293,""
"Krishnanagar New Bus Stand","bus",23.41201,88.498232,""
"Nagampadam Bus stand","bus",9.596046,76.528378,""
"Muhamma","bus",9.605373,76.360586,""
"Thanneermukkom","bus",9.67632,76.391877,""
"KSRTC Mysore Road Satellite Bus Station","bus",12.953204,77.543723,""
"Vaikom KSRTC Sub Depot","bus",9.753165,76.391235,""
"Alappuzha Railway Station Bus Stand","bus",9.48495,76.322704,""
"Kodinar","bus",20.790499,70.700643,""
"City Busses","bus",21.519473,70.461066,""
"Sirsa Bus Terminal","bus",29.534132,75.044692,""
"UTC Bus Depot Ramnagar","bus",29.396778,79.125384,""
"Thottilpalam KSRTC Depot","bus",11.678294,75.782891,""
"Modinagar Bus stand","bus",28.831963,77.573528,""
"Power House Bus Deport","bus",25.238299,88.785379,""
"Kukshi Bus Stand","bus",22.204505,74.756024,""
"Omkareshwar new bus stand","bus",22.239098,76.137641,""
"APSRTC  Pandit Nehru Bus Station , Vijayawada","bus",16.508804,80.615601,""
"ST Stand","bus",18.6121,74.701775,""
"Bus stand Kapasan","bus",24.875423,74.308876,""
"Nagiri Bus Stand","bus",13.318998,79.585728,""
"Radaur Bus Stand","bus",30.033123,77.149521,""
"Kunnamkulam bus stand","bus",10.649363,76.067149,""
"Kerala State Road Transport Corporation Bus Stand, Munnar","bus",10.072712,77.061999,""
"Chathannoor KSRTC Bus Depot","bus",8.857347,76.72202,""
"mahendragarh bus station","bus",28.271029,76.143481,""
"Bus Station Phalia","bus",32.432564,73.573787,""
"Avadh Bus Station","bus",26.873061,81.015817,""
"Agra Cantonment Bus Stand","bus",27.159348,77.992427,""
"Mangala puri","bus",28.590431,77.086917,""
"Bhachau Old bus station","bus",23.295481,70.34113,""
"Paud Bus Stand","bus",18.524085,73.619063,""
"Thalayad Bus Stand","bus",11.506821,75.89176,""
"Kumaraswamy Layout","bus",12.902935,77.561716,""
"Nandini Layout","bus",13.011582,77.535844,""
"Kolhar Bust Stand","bus",19.538629,74.535794,""
"Mannanchery Bus Stand","bus",9.572375,76.347376,""
"Panangad Private Bus Stand","bus",9.882907,76.329893,""
"Vangara Bus Stand","bus",18.129877,79.335696,""
"Hupari Bus Stand","bus",16.620366,74.402845,""
"Bus Station Georai","bus",19.268129,75.746325,""
"Araniki Bus Station","bus",27.674585,85.354396,""
"College Bus stand","bus",13.182315,74.932831,""
"拉萨柳梧汽车站","bus",29.625849,91.065406,""
"Shri Mohangarh","bus",27.285332,71.240989,""
"Ramda Bus Stop","bus",24.88791,92.105465,""
"Kodomtoli Bus Terminal","bus",24.882694,91.871794,""
"المدینہ بس ٹرمینل","bus",29.596611,72.848119,""
"珠峰景区环保车换乘中心","bus",28.427429,87.022859,""
"Bajwa Bus Terminal","bus",29.591418,72.84764,""
"ntr bus stand","bus",16.296031,80.456372,""
"Changanassery KSRTC Bus Stand","bus",9.445449,76.540837,""
"Ayarkkunnam Private Bus Stand","bus",9.635436,76.606528,""
"Mahim Bus Depot","bus",19.043095,72.840539,""
"Dhaka Bus Stand","bus",23.261649,89.023139,""
"Dhalavakulam Bus Stand","bus",9.750406,76.398548,""
"Atal Sarovar Smart City","bus",22.319396,70.734449,""
"Kstrc Bus Stand","bus",13.801169,76.284488,""
"Suzlon Equipment Yard","bus",22.147329,69.317231,""
"Khonsa Bus Stand","bus",26.988031,95.504676,""
"Atit ST Stand","bus",17.526851,74.068923,""
"Kasauli Bus Stand","bus",30.901117,76.964754,""
"Annai Indira Gandhi Bus Stand, Karumandurai","bus",11.825615,78.627969,""
"杂多县客运站","bus",32.898578,95.248048,""
"busstand","bus",16.116522,80.811375,""
"Vasco Market Bus Stand","bus",15.39848,73.811094,""
"Eastern University Bus Stand","bus",23.866733,90.313236,""
"Cuncolim","bus",15.182355,73.997245,""
"purana bus adda / old bus station","bus",28.669799,77.431382,""
"Tarkeswar Bus Stand","bus",22.880793,88.014077,""
"Calangute Beach","bus",15.546036,73.758628,""
"Chapora Jetty Bus Stand","bus",15.606669,73.739558,""
"Padinjarathara","bus",11.679508,75.97506,""
"Ambalavayal Bus Station","bus",11.617683,76.212743,""
"Chulliyode Bus Stand","bus",11.601515,76.256998,""
"Kattikulam Bus Stand","bus",11.848086,76.063374,""
"Vaduvanchal Bus Stand","bus",11.557073,76.223673,""
"Champakulam-Poopally Bus Stand","bus",9.408713,76.409785,""
"Champakulam Bus Stand","bus",9.406455,76.412887,""
"Kumarakom Bus Stand","bus",9.59234,76.436772,""
"Maraimalai Nagar Bus Stand","bus",12.791908,80.032185,""
"Talwandi Sabo Bus Stand","bus",29.990612,75.082701,""
"Safidon New Bus Stand","bus",29.409074,76.661194,""
"Bus Stabd","bus",26.26022,82.064116,""
"Rani Laxmibai Chowk (Sion)","bus",19.04374,72.863757,""
"Assonora Bus Stand","bus",15.618848,73.901281,""
"Gudur Old Bus Stand","bus",14.146947,79.847636,""
"Aalephata Bus Stand","bus",19.182541,74.095889,""
"Tirupur Old Bus Stand","bus",11.098185,77.348264,""
"Dhaula Kuan","bus",28.590402,77.168428,""
"Lokapur Bus Station","bus",16.161858,75.367932,""
"Bus Staand","bus",18.465048,77.802067,""
"Kohalpur new Bus Park","bus",28.197483,81.692237,""
"NUST Metro Bus Area","bus",33.655522,72.993124,""
"Mallasamudram Bus Depot","bus",11.49405,78.028881,""
"VRL Vadagaon Budruk Pune Bus Stand","bus",18.463244,73.820018,""
"Vandavasi Bus Stand","bus",12.5069,79.603912,""
"Mau Bus Stand","bus",25.936487,83.567953,""
"New Bus Adda, Pulwama","bus",33.859104,74.895463,""
"Loharu Bus Station","bus",28.431136,75.805425,""
"Honda Bus Stand","bus",15.546053,74.052103,""
"Bus Parking Lot","bus",22.613128,92.16473,""
"Panathur Bus Stand","bus",12.455268,75.365812,""
"Chincholi","bus",17.457439,77.420087,""
"Badnera Bus Stand","bus",20.85493,77.724891,""
"APSRTC Dwaraka Bus Station , Visakhapatnam","bus",17.723852,83.306969,""
"Kharghar Railway Station","bus",19.026555,73.058924,""
"Tinbatti Bus Terminus","bus",26.688759,88.420325,""
"Dharavi T-junction","bus",19.047548,72.85278,""
"Kaliganj Bus Stand কালীগঞ্জ বাস স্ট্যান্ড","bus",23.408684,89.134871,""
"Valsad Bus Depot","bus",20.610413,72.932331,""
"Netaji Bus Terminal (CNBT)","bus",20.454627,85.880539,""
"Bhekrai Nagar PMT Depot","bus",18.484424,73.952967,""
"Mayiladuthurai New Bus Stand","bus",11.099519,79.651313,""
"ကားဂိတ်","bus",17.044348,95.639214,""
"Chityal Bus Station","bus",17.232882,79.124091,""
"Murthal Chowk Bus Adda","bus",29.026655,77.07237,""
"Bande Maramma","bus",12.966786,77.516055,""
"Konaraopet Bus Stand","bus",18.481876,78.693528,""
"Kancharla Bus Stand","bus",18.463483,78.635942,""
"GOX Mopa Airport","bus",15.730761,73.869595,""
"Pernem KTC Bus Stand","bus",15.716354,73.798981,""
"Murtijapur Bus Stand","bus",20.735813,77.356748,""
"Birawas Bus Stand","bus",26.273261,73.681375,""
"Bus Station (Beri)","bus",28.696862,76.577067,""
"Badarganj Bus Stand","bus",25.674114,89.060924,""
"Chandrakona Road Central Bus Stand","bus",22.734724,87.340172,""
"Vengurla Bus Stand","bus",15.855889,73.63279,""
"Sawantwadi Bus Stand","bus",15.909931,73.821991,""
"Terminal 2","bus",12.940803,77.690013,""
"Kohlu Town Bus Terminal","bus",29.901293,69.252276,""
"BUS STOP JAISTAMBH CHOWK GONDIA","bus",21.454935,80.19677,""
"Sector-16","bus",28.743649,77.124499,""
"Dewas Bus Stand","bus",22.966891,76.059208,""
"Holalkere Bus Station","bus",14.04223,76.184,""
"Kiwalegaon  last bus stop","bus",18.656398,73.7206,""
"Adoni Old Bus Stand","bus",15.61695,77.269389,""
"Himachal Pradesh Road Transport Corporation Bus Parking","bus",28.626351,77.232887,""
"Machilipatnam Bus Stand","bus",16.188247,81.136553,""
"Indapur MSRTC Bus Stand","bus",18.116897,75.028372,""
"Mahatma Gandhi Bus Station","bus",17.37811,78.484631,""
"Malawale Nagar","bus",18.662054,73.735175,""
"Aadarshnagar","bus",18.664344,73.739256,""
"Gharkul Ravet","bus",18.665459,73.743432,""
"Mhaske Wasti Corner Ravet","bus",18.663679,73.746221,""
"Bhondve Patil Estate Ravet","bus",18.662808,73.749389,""
"Ganesh Nagar Ravet","bus",18.661098,73.752788,""
"Durga Devi Tekadi / Appughar","bus",18.661329,73.764528,""
"Vahatuknagari","bus",18.662506,73.76901,""
"Pali ST Stand","bus",18.540511,73.217911,""
"کینال","bus",31.519329,74.326938,""
"اچھرا","bus",31.531509,74.321417,""
"Jogimal Bus Stop","bus",21.990396,83.976705,""
"Makhjhan Bus Stand","bus",17.270091,73.500196,""
"Thalayolaparambu bus terminal","bus",9.785359,76.443351,""
"Mela Bus Stand","bus",19.999883,73.780784,""
"Satpur Bus Stand","bus",19.991056,73.731539,""
"బస్టేషన్","bus",19.93438,73.531584,""
"Monica NC Bus Stand","bus",10.321015,76.91863,""
"TNSTC Bus Stand","bus",10.322548,76.949561,""
"Mumbai Naka Mahamarg Bus Stand","bus",19.988042,73.782937,""
"Rayadurgam ( Anantapur ) Bus Stop","bus",14.697972,76.85,""
"Pushkar bus stand","bus",26.492358,74.552851,""
"New Bus Stand, Jind","bus",29.313886,76.357863,""
"Bhakti-Shakti Bus stop","bus",18.665467,73.772834,""
"Kharora Bus Stand","bus",21.395025,81.919741,""
"Roadways - Azamgarh UPSRTC","bus",26.05342,83.177492,""
"Injapur Bus Stop","bus",17.29947,78.582102,""
"B.N Reddy Nagar Bus Stop","bus",17.321909,78.559795,""
"Injapur Bus Stop (Sagar Ring Road side)","bus",17.298738,78.582543,""
"Red Water Tank Stop","bus",17.329018,78.568975,""
"Ganesh Temple Bus Stop","bus",17.331092,78.569174,""
"Old Bus Terminal","bus",24.414486,88.997147,""
"Samay Shatabdi","bus",26.461698,80.306126,""
"Patliputra Inter State Bus Terminal","bus",25.575917,85.187135,""
"Motijheel Junction Bus Station","bus",23.729323,90.421564,""
"Kinwat Bus Stand","bus",19.626036,78.201032,""
"we one nagar","bus",10.363147,76.205112,""
"TGSRTC New Bus Station , Devarakonda","bus",16.690451,78.91981,""
"TGSRTC Jublee Bus Station , Secunderabad","bus",17.445289,78.498054,""
"札达县客运站","bus",31.482565,79.810966,""
"chandarlapdu bus stand","bus",16.770808,80.28518,""
"sirikonda bus stop","bus",18.581913,78.456731,""
"ksrtc bus stand","bus",13.413531,76.621866,""
"Nabadiganta Bus Terminus","bus",22.576881,88.439225,""
"Sangvi Gaon Bus Stand","bus",18.575135,73.825986,""
"Sangvi Phata BRTS","bus",18.572611,73.807278,""
"Bhachchek Bus Station","bus",28.157058,84.649433,""
"Dehra Bus Stand","bus",31.883792,76.214681,""
"Bus Stand Nisarpur","bus",22.114734,74.827954,""
"Temple Road Bus stop","bus",16.119245,77.699325,""
"Old Bus stand, Maldakal","bus",16.121949,77.701117,""
"Old Bus Stand Banswara","bus",23.547014,74.443026,""
"林芝市客运中心","bus",29.658549,94.354315,""
"KEC BUS STAND","bus",11.273355,77.608292,""
"Pune Station Bus Stand","bus",18.527465,73.87276,""
"Pune Railway Station Bus Terminus","bus",18.527998,73.872197,""
"Ambattur OT Bus Shelter","bus",13.119637,80.15017,""
"Ambattur Estate Bus Terminus","bus",13.099488,80.169631,""
"Minibus Stand","bus",26.352869,86.073926,""
"Thalassery","bus",11.749697,75.494551,""
"Chandpur Bus Terminal","bus",23.235623,90.664701,""
"Companiganj Bus Terminal","bus",23.639724,90.971339,""
"Amberpet Bus Station","bus",17.390263,78.516481,""
"Chatrapur Main Bus Stand","bus",19.351191,84.981525,""
"Erattupetta","bus",9.686877,76.780596,""
"Navanagara Bus Stand","bus",16.158982,75.671304,""
"تہکال بالا","bus",34.006815,71.508891,""
"Mehsana GSRTC Old Bus Station","bus",23.606807,72.39179,""
"Tenzing Norgay Bus Terminus","bus",26.72512,88.414869,""
"MTC Bus Stand","bus",12.87316,80.079082,""
"Kilambakkam Bus Terminus","bus",12.872222,80.081215,""
"Vyttila Mobility Hub","bus",9.968563,76.321777,""
"BUS PARKING","bus",33.937514,75.021414,""
"Kottarakkara KSRTC Bus Stand","bus",9.006078,76.781855,""
"Vasai Road","railway",19.382668,72.832025,""
"Naigaon","railway",19.351093,72.846523,""
"Bhayandar","railway",19.310185,72.852699,""
"Kharbhav","railway",19.298321,72.984468,""
"Ranjangaon Road","railway",18.878166,74.606712,""
"Vapi","railway",20.373548,72.908438,""
"Palghar","railway",19.697888,72.771889,""
"گھنگریلہ ریلوے اسٹیشن","railway",33.301135,73.265753,""
"واہگہ","railway",31.589944,74.576507,""
"Attari","railway",31.59455,74.606621,""
"مارگلہ ریلوے اسٹیشن","railway",33.663539,73.047219,""
"Doraha","railway",30.803852,76.043676,""
"Bhivandi Road","railway",19.268874,73.046312,""
"Dahisar","railway",19.249357,72.85963,""
"Santa Cruz","railway",19.081522,72.841757,""
"Sanehwal","railway",30.837992,75.979054,""
"Jassowal","railway",30.800132,75.832109,""
"Bangalore Cantonment","railway",12.993687,77.598,""
"Thane","railway",19.186483,72.975766,""
"چک لالہ ریلوے اسٹیشن","railway",33.600917,73.096446,""
"Chennai Chetpet","railway",13.074342,80.242421,""
"Bisanattam","railway",12.842245,78.249858,""
"Kuppam","railway",12.74728,78.340363,""
"Mulanur","railway",12.662548,78.406755,""
"Patchur","railway",12.586531,78.469733,""
"Pattaravakkam","railway",13.11439,80.166398,""
"لودھراں جنکشن ریلوے اسٹیشن","railway",29.540384,71.623014,""
"کہروڑپکا","railway",29.628447,71.898919,""
"Anand Vihar","railway",28.649811,77.314499,""
"Gujhandi","railway",24.498121,85.463683,""
"Kalipahari","railway",23.66485,87.016255,""
"Dankuni","railway",22.677961,88.290763,""
"Sealdah","railway",22.567966,88.371105,""
"Bengaluru East","railway",13.001146,77.618345,""
"جڑانوالہ","railway",31.335411,73.42487,""
"Kanchipuram","railway",12.848311,79.705073,""
"Hoshiarpur","railway",31.524331,75.905996,""
"Walajabad","railway",12.796826,79.818583,""
"Kanchipuram East","railway",12.840861,79.712198,""
"Pattabiram Military Siding","railway",13.137376,80.060118,""
"Etawah Junction","railway",26.78693,79.020936,""
"Tirumalpur","railway",12.956567,79.673763,""
"Kozhikode","railway",11.245909,75.780386,""
"Ambivli","railway",19.268291,73.172246,""
"Titwala","railway",19.296383,73.203066,""
"Khadavli","railway",19.356724,73.219037,""
"Vithalwadi","railway",19.22842,73.149108,""
"Ambarnath","railway",19.210061,73.184688,""
"Badlapur","railway",19.166624,73.238906,""
"Lonavala","railway",18.750369,73.406944,""
"Wellington","railway",11.356078,76.786104,""
"Aruvankadu","railway",11.359534,76.769611,""
"Ketti","railway",11.381791,76.737613,""
"Udhagamandalam","railway",11.405169,76.696339,""
"Hill Grove","railway",11.342014,76.835665,""
"Kallar","railway",11.338553,76.882906,""
"Lovedale","railway",11.384835,76.705102,""
"Erode Junction","railway",11.328626,77.72579,""
"Khairatabad","railway",17.412974,78.461058,""
"Necklace Road","railway",17.423336,78.463186,""
"Hyderabad Deccan Nampally","railway",17.392422,78.467596,""
"Birapatti","railway",25.406185,82.913046,""
"Babatpur","railway",25.453966,82.880517,""
"Kashi","railway",25.326808,83.031804,""
"Kaniyapuram","railway",8.587403,76.854403,""
"Ajni","railway",21.126923,79.082575,""
"Mangaluru Junction","railway",12.866628,74.879231,""
"Mulki","railway",13.068958,74.805273,""
"Badnera Junction","railway",20.857061,77.732182,""
"Kaotha","railway",20.737366,78.377382,""
"Kanhan Junction","railway",21.224885,79.236809,""
"Padil","railway",12.875297,74.894361,""
"Raja-Ki-Mandi","railway",27.194026,77.997075,""
"ڈومیلی ریلوے اسٹیشن","railway",33.032863,73.465849,""
"Harappa","railway",30.598393,72.906839,""
"Anna Nagar West","railway",13.098539,80.201006,""
"Cheruvattur","railway",12.214518,75.154426,""
"Neyyattinkara","railway",8.410064,77.081627,""
"Balaramapuram","railway",8.429903,77.051905,""
"Itwari Junction","railway",21.157503,79.118826,""
"Tumsar Road Junction","railway",21.342177,79.751143,""
"Rajnandgaon","railway",21.101463,81.037982,""
"Bhilai Nagar","railway",21.201184,81.335227,""
"Bhilai Power House","railway",21.208228,81.375807,""
"Bhilai","railway",21.202872,81.421087,""
"Sonma Pranpur halt","railway",25.632098,86.225552,""
"সায়দাবাদ রেল স্টেশন","railway",24.396119,89.733473,""
"ইব্রাহিমাবাদ রেল স্টেশন","railway",24.389511,89.820092,""
"Malakpet","railway",17.376503,78.494826,""
"Kacheguda","railway",17.389311,78.49924,""
"پبی","railway",34.013374,71.780929,""
"پشاور چھاؤنی","railway",34.002248,71.550409,""
"Hejjala","railway",12.848411,77.418328,""
"Kengeri","railway",12.917657,77.483757,""
"Nayandahalli","railway",12.941325,77.521212,""
"Chikka Banavara","railway",13.074679,77.505637,""
"Moula Ali","railway",17.440739,78.55067,""
"Titagarh","railway",22.741126,88.374584,""
"Shyamnagar","railway",22.828516,88.380189,""
"Naihati Junction","railway",22.887006,88.417653,""
"Halisahar","railway",22.920966,88.436979,""
"Kanchrapara Workshop Gate","railway",22.934712,88.444811,""
"Tribeni","railway",22.990303,88.398261,""
"Nasibpur","railway",22.804641,88.263673,""
"Uttarpara","railway",22.667046,88.341146,""
"Kazipara","railway",22.72265,88.508366,""
"Bahira Kalibari","railway",22.685971,88.564894,""
"Mau Junction","railway",25.938073,83.563378,""
"Buxar","railway",25.561189,83.981333,""
"Naini Junction","railway",25.393729,81.860203,""
"Daraganj","railway",25.443035,81.880499,""
"Prayag Junction","railway",25.469049,81.86747,""
"Sarai Chandi","railway",25.539384,81.979998,""
"Phulpur","railway",25.552128,82.090713,""
"Manauri","railway",25.469819,81.661905,""
"Banahi","railway",25.561346,84.3911,""
"Danapur","railway",25.582302,85.046325,""
"Parsa Bazar","railway",25.549682,85.119042,""
"Iradatganj","railway",25.318022,81.819351,""
"Raja Talab","railway",25.263753,82.851067,""
"Allahabad City","railway",25.439681,81.849293,""
"Getor Jagatpura","railway",26.837001,75.832023,""
"Dahar-Ka-Balaji","railway",26.944515,75.766114,""
"Govindgarh Malikpur","railway",27.240355,75.646193,""
"Vrindavan","railway",27.576332,77.694208,""
"Dhaurmui Jaghina","railway",27.291874,77.536205,""
"Dholpur Junction","railway",26.696354,77.905952,""
"Hetampur","railway",26.610962,77.943806,""
"Shivpuri","railway",25.438084,77.638152,""
"Anand Junction","railway",22.561721,72.965946,""
"Sadanapura","railway",22.601188,73.011344,""
"Savli","railway",22.555925,73.227212,""
"শ্রীমঙ্গল","railway",24.306613,91.734825,""
"Vishwamitri Junction","railway",22.28461,73.178983,""
"Pratapnagar","railway",22.281499,73.210832,""
"Makarpura","railway",22.233662,73.175933,""
"Chhayapuri","railway",22.371253,73.165645,""
"Bajva","railway",22.366843,73.14378,""
"Kanjari Boriyavi Junction","railway",22.615675,72.921833,""
"Vadod","railway",22.514477,73.008314,""
"Adas Road","railway",22.486905,73.033888,""
"Vasad Junction","railway",22.452869,73.060645,""
"Nandesari","railway",22.417804,73.094919,""
"Vallabh Vidynagar","railway",22.542349,72.931069,""
"ব্রাহ্মণবাড়িয়া স্টেশন","railway",23.966798,91.10862,""
"Pilol","railway",22.415153,73.20988,""
"Naroda","railway",23.08541,72.658095,""
"Vastrapur","railway",23.007906,72.517437,""
"Maninagar","railway",22.99866,72.611401,""
"Sabarmati","railway",23.077071,72.589068,""
"Kappil","railway",8.779556,76.679288,""
"Mayyanad","railway",8.838029,76.647681,""
"Kadakavur","railway",8.678699,76.767643,""
"Chirayinkeezh","railway",8.659556,76.785555,""
"Settigunta","railway",13.870358,79.384176,""
"Yelahanka Junction","railway",13.105007,77.591894,""
"Varkala Sivagiri","railway",8.740637,76.723134,""
"Pune Junction","railway",18.528877,73.874415,""
"Nature Cure Hospital","railway",17.445657,78.452149,""
"Begumpet","railway",17.438695,78.458097,""
"Chalakudi","railway",10.302385,76.321561,""
"Chandigarh Railway Station","railway",30.702162,76.821453,""
"Ghagghar","railway",30.610286,76.848271,""
"Dhulkot","railway",30.396096,76.787775,""
"Mohri","railway",30.255527,76.850459,""
"Shahabad Markanda","railway",30.165885,76.861666,""
"Dhola Mazra","railway",30.115398,76.853834,""
"Dhirpur","railway",30.066416,76.844439,""
"Dhoda Kheri","railway",30.01856,76.842411,""
"Kurukshetra Junction","railway",29.969859,76.851711,""
"Amin","railway",29.904621,76.899603,""
"Nilokheri","railway",29.831979,76.925471,""
"Bhaini Khurd","railway",29.751995,76.955529,""
"Gharaunda","railway",29.540877,76.965377,""
"Kohand","railway",29.495658,76.968594,""
"Babarpur","railway",29.449984,76.966619,""
"Diwana","railway",29.318071,76.980157,""
"Bhodwal Majri","railway",29.185226,77.008419,""
"Ganaur","railway",29.131526,77.011089,""
"Barota","railway",28.904091,77.059044,""
"Panipat Junction","railway",29.390329,76.964085,""
"Bazida Jatan","railway",29.613412,76.965496,""
"Narela","railway",28.846477,77.085663,""
"Sandal Kalan","railway",29.063408,77.012804,""
"Holambi Kalan","railway",28.801579,77.102483,""
"Khera Kalan","railway",28.76969,77.115861,""
"Chandi Mandir","railway",30.727087,76.887223,""
"Kalka","railway",30.839229,76.931565,""
"Khar Road","railway",19.068241,72.840041,""
"Khanna","railway",30.708775,76.223487,""
"Rajpura Junction","railway",30.486277,76.593624,""
"Jandiala","railway",31.58923,75.056871,""
"Goraya","railway",31.12989,75.774172,""
"Khurdpur","railway",31.42569,75.723687,""
"Tarakeswar","railway",22.882399,88.014201,""
"Sithouli","railway",26.14654,78.187202,""
"Virangana Lakshmibai Jhansi Junction","railway",25.44395,78.553442,""
"Kuzhiturai","railway",8.301306,77.218662,""
"Nagercoil Junction","railway",8.174535,77.443879,""
"Aralvaymozhi","railway",8.248356,77.527928,""
"N. Panakudi","railway",8.314658,77.581427,""
"Nanguneri","railway",8.489839,77.663222,""
"Kadayanallur","railway",9.085685,77.36298,""
"Jaisalmer","railway",26.915021,70.926746,""
"Thaiyat Hamira","railway",26.993275,71.078297,""
"Jetha Chandan","railway",27.000057,71.306543,""
"Odhaniya Chacha","railway",26.970802,71.723694,""
"Ashapura Gomat","railway",26.950561,71.893097,""
"Ramdevra","railway",27.007043,71.930147,""
"Dhelana","railway",26.946771,72.652816,""
"Harlaya","railway",26.867412,72.720848,""
"Manaklao","railway",26.456228,73.020367,""
"Kolayat","railway",27.836218,72.955437,""
"Lalgarh Junction","railway",28.043431,73.314535,""
"Bikaner Junction","railway",28.015244,73.315641,""
"Nokha","railway",27.555271,73.475596,""
"Nagaur","railway",27.200012,73.723704,""
"Marwar Mundwa","railway",27.063847,73.815932,""
"کھوکھراپار","railway",25.699882,70.195175,""
"Munabao","railway",25.74368,70.277234,""
"Besroli","railway",26.991391,74.561292,""
"Thathana Mithri","railway",27.055108,74.898066,""
"Saradhna","railway",26.340549,74.566359,""
"Piplaj","railway",26.16696,74.380782,""
"Beawar","railway",26.107056,74.312842,""
"Charbhuja Road","railway",25.300731,73.921528,""
"Jalor","railway",25.35431,72.634164,""
"Marwar Bhinmal","railway",25.001014,72.275766,""
"Bhildi Junction","railway",24.194424,72.00934,""
"Dharmapuri","railway",12.125861,78.154221,""
"Sriganganagar Junction","railway",29.931964,73.872345,""
"Sadulshahar","railway",29.903019,74.172177,""
"唐古拉北","railway",33.081409,91.774265,""
"Manaksar","railway",29.679866,74.383674,""
"Hanumangarh Town","railway",29.574409,74.331239,""
"Churu Junction","railway",28.288864,74.966402,""
"Napasar","railway",27.981015,73.563701,""
"Suratgarh Junction","railway",29.32338,73.907064,""
"Loharu Junction","railway",28.42713,75.803209,""
"Jhilo","railway",27.848368,75.885098,""
"Narnaul","railway",28.044772,76.123273,""
"Jaswantgarh","railway",27.667634,74.442902,""
"Bidiyad","railway",26.980914,74.703714,""
"Gulabpura","railway",25.902532,74.655583,""
"Hosur","railway",12.718336,77.822948,""
"Rayakkottai","railway",12.514501,78.027275,""
"Pugalur","railway",11.051413,77.991614,""
"Karur Junction","railway",10.965808,78.084956,""
"Palayam.I","railway",10.718816,78.129209,""
"Caranzol","railway",15.360373,74.306105,""
"Dudhsagar","railway",15.31653,74.306362,""
"Omalur Junction","railway",11.738293,78.04493,""
"Chikhale","railway",18.973755,73.151941,""
"Thondebhavi","railway",13.503993,77.514955,""
"Devarapalli","railway",13.723234,77.511948,""
"Malugur","railway",13.891793,77.541664,""
"Penukonda Junction","railway",14.100066,77.59458,""
"Hirehalli","railway",13.280665,77.188783,""
"Kyatsandra","railway",13.31561,77.147748,""
"Bardoli","railway",21.133829,73.10539,""
"ভাতশালা","railway",23.89101,91.171846,""
"রথনাপুর","railway",24.276422,91.485599,""
"মনতলা","railway",24.069397,91.345048,""
"হরষপুর","railway",24.017093,91.310613,""
"মুকুন্দপুর","railway",23.963621,91.264593,""
"আজমপুর","railway",23.893321,91.220797,""
"তাল শহর","railway",24.010419,91.038228,""
"Surat","railway",21.205029,72.840743,""
"Madhi","railway",21.145712,73.242402,""
"Parassala","railway",8.339724,77.165665,""
"Banaswadi","railway",13.005836,77.628132,""
"Channasandra","railway",13.011857,77.662814,""
"Ludhiana Junction","railway",30.912252,75.849376,""
"Nandol Dahegam","railway",23.17343,72.816157,""
"Agra Cantonment","railway",27.158953,77.990048,""
"Kosli","railway",28.411485,76.465484,""
"Jalandhar Cantonment Junction","railway",31.307331,75.631199,""
"Malavli","railway",18.744214,73.480164,""
"Chiplun","railway",17.542353,73.522233,""
"Khed","railway",17.71257,73.410664,""
"Apta","railway",18.863708,73.153299,""
"Kanwalpura","railway",24.780732,75.983071,""
"Bhawani Mandi","railway",24.419288,75.830284,""
"Vaitarna","railway",19.518652,72.849977,""
"Saphale","railway",19.577132,72.821881,""
"Khandala","railway",18.754847,73.376709,""
"পাহাড়তলী","railway",22.354241,91.795296,""
"ফেনী জংশন","railway",23.013103,91.403182,""
"ভৈরব জংশন রেলওয়ে স্টেশন","railway",24.050259,90.978195,""
"Chamarajapuram","railway",12.298154,76.637862,""
"Kalianpur","railway",26.503252,80.252686,""
"Indore Junction","railway",22.717006,75.868472,""
"Daliganj","railway",26.875342,80.927572,""
"Lucknow Charbagh","railway",26.831158,80.924361,""
"Lucknow City","railway",26.859306,80.918089,""
"Mohiuddinpur","railway",28.885765,77.622009,""
"Meerut Cantonment","railway",29.016325,77.687098,""
"Gamharia Jn.","railway",22.79657,86.101133,""
"Asarva","railway",23.044093,72.613216,""
"Sardargram","railway",23.071501,72.642439,""
"Dabhoda","railway",23.164716,72.743577,""
"Rakhiyal","railway",23.254189,72.899457,""
"Talod","railway",23.351344,72.947771,""
"Prantij","railway",23.430443,72.866423,""
"Sonasan","railway",23.488448,72.894093,""
"Raigadh Road","railway",23.597235,73.184057,""
"Shamlaji Road","railway",23.634494,73.3427,""
"Lusadiya","railway",23.685634,73.420956,""
"Jagabor","railway",23.740246,73.453782,""
"Bechhiwara","railway",23.787872,73.535188,""
"Shri Bhavnath","railway",23.81439,73.585302,""
"Umra","railway",24.522972,73.772241,""
"Degana Junction","railway",26.897066,74.316992,""
"Changsari","railway",26.261561,91.69403,""
"New Jalpaiguri Junction","railway",26.682855,88.44248,""
"Fateha","railway",25.599065,85.862879,""
"Mohiuddinnagar","railway",25.60653,85.70369,""
"Laksar Junction","railway",29.751543,78.021245,""
"Saharanpur Junction","railway",29.961459,77.54124,""
"Haridwar","railway",29.947471,78.154325,""
"Kartarpur","railway",31.432925,75.491839,""
"Kendrapara Road","railway",20.498512,85.917811,""
"Padubidri","railway",13.196988,74.768065,""
"Bhatkal","railway",13.989357,74.56563,""
"Karwar","railway",14.820248,74.182591,""
"Karmali","railway",15.490454,73.924552,""
"Roha","railway",18.44658,73.123872,""
"Naya Ghaziabad","railway",28.674376,77.437786,""
"Kalanour","railway",30.082838,77.339838,""
"Kalaikunda","railway",22.32963,87.244878,""
"Sini Junction","railway",22.789102,85.946823,""
"Belagavi","railway",15.849057,74.508943,""
"Budaun","railway",28.02865,79.137005,""
"Patiala","railway",30.342159,76.402266,""
"Siddampalli","railway",13.159867,79.137119,""
"Pakala Junction","railway",13.450904,79.114505,""
"Rupsa Junction","railway",21.622365,87.018874,""
"Jaleswar","railway",21.797637,87.220064,""
"Sora","railway",21.291142,86.692351,""
"Bhadrak Junction","railway",21.090906,86.516542,""
"Jakhapura Junction","railway",20.916279,86.064715,""
"Jajpur Keonjhar Road Junction","railway",20.943567,86.133103,""
"Byree","railway",20.628414,86.035198,""
"Dhanmandal","railway",20.686844,86.112423,""
"Narayangarh","railway",22.173862,87.38103,""
"Vizianagaram Junction","railway",18.111464,83.396325,""
"Santragachi Junction","railway",22.584699,88.283072,""
"Visakhapatnam","railway",17.721431,83.290622,""
"Gadwal","railway",16.225195,77.809493,""
"Chigicherla","railway",14.516567,77.684094,""
"Zangalapalli","railway",14.590082,77.641803,""
"Ramaraju Palli","railway",15.041212,77.617495,""
"Turkapalli","railway",15.087287,77.628137,""
"Gooty Junction","railway",15.149548,77.625239,""
"Pendekallu Junction","railway",15.374304,77.648589,""
"Malliyala","railway",15.396921,77.775341,""
"Dhone Junction","railway",15.395332,77.868066,""
"Veldurti","railway",15.553559,77.927454,""
"Dupadu","railway",15.742985,78.013105,""
"Kurnool City","railway",15.832599,78.032622,""
"Alampur Road","railway",15.89552,78.046814,""
"Raiwala Junction","railway",30.032445,78.209863,""
"Turavur","railway",9.774928,76.310275,""
"Cherthala","railway",9.691204,76.325717,""
"Jalgaon Junction","railway",21.01798,75.563254,""
"Ramanagaram","railway",12.721048,77.283738,""
"Kalva","railway",19.195224,72.996333,""
"Kanjur Marg","railway",19.128653,72.928039,""
"Vidyavihar","railway",19.079542,72.897117,""
"Lower Parel","railway",18.99568,72.830276,""
"Diva Junction","railway",19.188756,73.041417,""
"Grant Road","railway",18.963355,72.815826,""
"Delhi Cantonment","railway",28.611709,77.115663,""
"Karjat","railway",18.909965,73.320963,""
"Junagadh Junction","railway",21.529413,70.457811,""
"Visavadar Junction","railway",21.34024,70.755733,""
"Gondal","railway",21.972182,70.795524,""
"Baghajatin","railway",22.482739,88.386671,""
"Ballygunge Junction","railway",22.519341,88.371978,""
"Maddur","railway",12.604671,77.0497,""
"Kokpara","railway",22.474795,86.634545,""
"Chakulia","railway",22.47843,86.721907,""
"Londa Junction","railway",15.448949,74.495498,""
"Alnavar Junction","railway",15.424511,74.738303,""
"Kundgol","railway",15.258883,75.250045,""
"Ranebennuru","railway",14.625888,75.635724,""
"Sambre","railway",15.884318,74.577209,""
"Miraj Junction","railway",16.81866,74.639763,""
"Bhavani Nagar","railway",17.156921,74.313328,""
"Takari","railway",17.133002,74.358228,""
"Shirvade","railway",17.36089,74.157712,""
"Targaon","railway",17.514317,74.15621,""
"Karad","railway",17.309634,74.216865,""
"Satara","railway",17.688336,74.063183,""
"Bhanapur","railway",15.38657,76.038971,""
"Guledgudda Road","railway",16.067305,75.694556,""
"Bagalkot","railway",16.179322,75.699932,""
"Almatti","railway",16.345046,75.901225,""
"Vijayapura","railway",16.830361,75.739477,""
"Neral Junction","railway",19.027431,73.318437,""
"Chitradurga","railway",14.230797,76.386473,""
"Latur Railway Station","railway",18.429456,76.555797,""
"لالہ موسیٰ جنکشن ریلوے اسٹیشن","railway",32.700039,73.949505,""
"Delhi Shahdara Junction","railway",28.673456,77.292209,""
"Vivek Vihar","railway",28.673191,77.318295,""
"Dakshineshwar","railway",22.653848,88.363756,""
"Hooghly Ghat","railway",22.904902,88.396563,""
"Hooghly","railway",22.905211,88.376064,""
"Ujjain Junction","railway",23.179535,75.781954,""
"Dewas Junction","railway",22.978023,76.051964,""
"Maksi Junction","railway",23.252069,76.158487,""
"Dashnagar","railway",22.597997,88.308404,""
"Ramrajatala","railway",22.588661,88.296666,""
"Serampore","railway",22.754579,88.338308,""
"Bally","railway",22.655065,88.340303,""
"Liluah","railway",22.620903,88.339404,""
"Belur","railway",22.635732,88.339822,""
"Hind Motor","railway",22.683651,88.341799,""
"Konnagar","railway",22.70126,88.342511,""
"Rishra","railway",22.724706,88.343435,""
"Singur","railway",22.814569,88.229071,""
"Uluberia","railway",22.472223,88.093845,""
"Fuleswar","railway",22.477436,88.115644,""
"Chengail","railway",22.48639,88.138953,""
"Bauria","railway",22.502522,88.163288,""
"Nalpur","railway",22.529101,88.186061,""
"Abada","railway",22.547871,88.199521,""
"Sankrail","railway",22.562344,88.210446,""
"Shrirangapattana","railway",12.424144,76.677873,""
"Channarayapatna","railway",12.892715,76.393964,""
"Dharwad","railway",15.442435,75.001935,""
"Bantawal","railway",12.878167,75.034092,""
"Solapur","railway",17.664529,75.893494,""
"Minchnal","railway",16.970561,75.821783,""
"Basavana Bagewadi Road","railway",16.480299,75.828287,""
"Bharoli Junction","railway",32.271538,75.616385,""
"Pathankot Junction","railway",32.272204,75.647784,""
"Bari Brahman","railway",32.638584,74.9164,""
"Udhampur","railway",32.926234,75.153621,""
"Palampur Himachal","railway",32.081564,76.515491,""
"Reddigudem","railway",16.441876,80.050511,""
"Guntur Junction","railway",16.301083,80.443132,""
"Nalgonda","railway",17.060637,79.283285,""
"Palasdhari","railway",18.884354,73.320813,""
"Adoni","railway",15.617614,77.274694,""
"Yadgir","railway",16.744649,77.129702,""
"Shahabad","railway",17.121932,76.943397,""
"Nanjangud Town","railway",12.122068,76.684341,""
"Kasarwadi","railway",18.608093,73.820868,""
"Tin Mile Hat","railway",26.412521,88.256812,""
"Nijbari","railway",26.607315,88.345339,""
"Heelalige","railway",12.813289,77.711074,""
"Anekal Road","railway",12.723608,77.71053,""
"Sewri","railway",18.99878,72.854422,""
"Cotton Green","railway",18.987187,72.843896,""
"Nimbal","railway",17.118795,75.860337,""
"Nawandgi","railway",17.216357,77.427161,""
"Tandur","railway",17.250936,77.584126,""
"Bidar","railway",17.911886,77.515435,""
"Ratanpura","railway",25.921907,83.744427,""
"Tiruchendur","railway",8.502464,78.1173,""
"Krishnapuram","railway",14.495962,78.774316,""
"Hastavaramu","railway",14.218932,79.122011,""
"Razampet","railway",14.185647,79.152304,""
"Nellore","railway",14.461974,79.990227,""
"Kadapa Junction","railway",14.451567,78.829278,""
"Kolar","railway",13.123993,78.132928,""
"Chamarajanagar","railway",11.934601,76.932821,""
"Kabaka Puttur","railway",12.768714,75.204724,""
"Kadagaravalli","railway",12.838038,75.696014,""
"Yedekumeri","railway",12.823225,75.664001,""
"Munirabad","railway",15.308008,76.336383,""
"Talaguppa","railway",14.21431,74.914409,""
"Ghagwal","railway",32.50517,75.213419,""
"Sri Satya Sai Prashanthi Nilayam Railway Station","railway",14.161031,77.758879,""
"Tanguturu","railway",15.337746,80.033529,""
"Tettu","railway",15.04312,80.005594,""
"Sangam Jagarlamudi","railway",16.246405,80.570402,""
"Mangalagiri","railway",16.437656,80.564645,""
"Repalle","railway",16.019397,80.828963,""
"Vemuru","railway",16.177533,80.742731,""
"Machilipatnam","railway",16.17166,81.13821,""
"Kovvur","railway",17.007531,81.727697,""
"Anaparti","railway",16.936208,81.953808,""
"Tadepalligudem","railway",16.810244,81.526592,""
"Kavutaram","railway",16.328607,81.069424,""
"Navabpalem","railway",16.831416,81.605441,""
"Khanapur Junction","railway",17.9425,77.384221,""
"Nagireddipalli","railway",17.423689,78.940581,""
"Shrungavarapukota","railway",18.116932,83.133106,""
"Vikarabad Junction","railway",17.337403,77.909693,""
"Shri Chatrapati Shahu Maharaj Terminus","railway",16.702736,74.23768,""
"Dhrangadhra Junction","railway",22.988062,71.477753,""
"Okha","railway",22.471608,69.076542,""
"Viramgam Junction","railway",23.127629,72.053493,""
"Mithapur","railway",22.411796,69.008939,""
"Joravar Nagar","railway",22.712896,71.64099,""
"Surendranagar Junction","railway",22.744384,71.628906,""
"Paddhari","railway",22.429796,70.605756,""
"Bhatiya","railway",22.088543,69.280072,""
"Siliguri Junction","railway",26.723785,88.413713,""
"Salbari","railway",26.545738,89.104758,""
"New Gitaldaha","railway",26.034926,89.48894,""
"Falakata","railway",26.539236,89.191447,""
"Rangiya Junction","railway",26.446761,91.60698,""
"Dimapur","railway",25.906871,93.728459,""
"Kaithalkuchi","railway",26.450876,91.343436,""
"Amguri Junction","railway",26.812939,94.524155,""
"Simaluguri Junction","railway",26.917408,94.755982,""
"Sarupathar","railway",26.195162,93.862165,""
"Naojan","railway",26.121279,93.842764,""
"Furkating Junction","railway",26.464719,94.001834,""
"Jirania","railway",23.82693,91.430951,""
"Murkongselek","railway",27.831151,95.220213,""
"Agartala","railway",23.792917,91.278594,""
"Pampur","railway",33.998857,74.894922,""
"Kakapor","railway",33.953136,74.913534,""
"Kirihrapur","railway",26.043753,83.73549,""
"Makkapeta","railway",16.912749,80.189395,""
"Akola","railway",20.722776,77.005299,""
"Bhitaura","railway",28.470281,79.306593,""
"Bareilly Junction","railway",28.338104,79.410266,""
"Chikjajur Junction","railway",14.123821,76.139893,""
"Tisua","railway",28.135833,79.586183,""
"Anjhi Shahabad","railway",27.644302,79.974234,""
"Reoti","railway",25.834307,84.375459,""
"Dighwara","railway",25.744154,85.003885,""
"Rayagada","railway",19.175365,83.41068,""
"Chintalpalli","railway",17.914395,79.702165,""
"Kesamudram","railway",17.686246,79.896983,""
"Nekkonda","railway",17.794898,79.804542,""
"Garla","railway",17.486212,80.139564,""
"Itarsi Junction","railway",22.608563,77.76707,""
"Sevaliya","railway",22.808615,73.347792,""
"Bir","railway",22.052871,76.547165,""
"Mathela","railway",21.878791,76.38911,""
"Na Nadi","railway",27.436457,94.346712,""
"Batala Junction","railway",31.821405,75.194553,""
"Gurdaspur","railway",32.043626,75.41994,""
"Pathankot Cantonment","railway",32.259378,75.636536,""
"Jogighopa","railway",26.240383,90.575459,""
"Abhayapuri","railway",26.356921,90.642155,""
"Damodar","railway",23.650989,86.908589,""
"Garh Dhrubeswar","railway",23.509294,86.617666,""
"Burnpur","railway",23.672748,86.939455,""
"Kulti","railway",23.738142,86.848515,""
"Chhota Ambana","railway",23.76209,86.572568,""
"Fazilka Junction","railway",30.408684,74.026794,""
"Firozpur City Junction","railway",30.962103,74.601266,""
"Amruka","railway",30.289128,73.88875,""
"سیالکوٹ","railway",32.498368,74.540871,""
"Khem Karan","railway",31.139782,74.553459,""
"Tarn Taran Junction","railway",31.455038,74.932264,""
"Dinhata","railway",26.123838,89.468099,""
"Jangaon","railway",17.724031,79.15371,""
"Giddalur","railway",15.379383,78.926331,""
"Bhimavaram Town","railway",16.547223,81.51956,""
"Pennada Agraharam","railway",16.541886,81.578081,""
"Bhimavaram Junction","railway",16.544395,81.53764,""
"Undi","railway",16.580763,81.464754,""
"Kurichedu","railway",15.912589,79.572042,""
"Narasapur","railway",16.444191,81.699788,""
"Samalkot Junction","railway",17.045316,82.168989,""
"Kallayi","railway",11.233819,75.788954,""
"Romana Albael Singh","railway",30.511224,74.850263,""
"Harpalpur","railway",25.290305,79.33364,""
"Bela Tal","railway",25.276295,79.554119,""
"Khairar Junction","railway",25.451919,80.236308,""
"Bharatkup","railway",25.21559,80.771471,""
"Nizamabad Junction","railway",18.678787,78.103517,""
"Dichpalli","railway",18.613695,78.195304,""
"Gate Vanampalli","railway",17.443161,77.890068,""
"Tuggali","railway",15.311038,77.530242,""
"Rangapuram","railway",15.407163,78.059992,""
"Nandyal","railway",15.469221,78.47046,""
"Madanapalle Road","railway",13.644358,78.555665,""
"Kalikiri","railway",13.643861,78.800191,""
"Cochin Harbour Terminus","railway",9.960295,76.267619,""
"Hazur Sahib Nanded","railway",19.16018,77.309882,""
"Parbhani Junction","railway",19.257703,76.773751,""
"Jalna","railway",19.831823,75.890934,""
"Tanakallu","railway",13.92249,78.201045,""
"Kadiri","railway",14.114615,78.165397,""
"Nallacheruvu","railway",14.020815,78.177784,""
"Mudigubba","railway",14.348838,77.996084,""
"Chinnekuntapalle","railway",14.443625,77.845363,""
"Mudkhed Junction","railway",19.148005,77.509748,""
"Donakonda","railway",15.833709,79.484318,""
"Parli-Vaijnath","railway",18.852726,76.524826,""
"Manikpur Junction","railway",25.063215,81.094056,""
"Latur Road","railway",18.506444,76.845125,""
"Yedshi","railway",18.31753,75.976853,""
"Bargarh","railway",25.163859,81.450389,""
"Gangakher","railway",18.973867,76.7556,""
"Hingoli Deccan","railway",19.726712,77.147765,""
"Washim","railway",20.1029,77.148062,""
"Chalisgaon Junction","railway",20.46402,74.999071,""
"Kalluru Junction","railway",14.925015,77.581539,""
"Chikballapur","railway",13.42744,77.732143,""
"Yerraguntla","railway",14.643568,78.533822,""
"Pithapuram","railway",17.110882,82.257026,""
"Macherla","railway",16.470524,79.438775,""
"Nadikudi Junction","railway",16.590834,79.724803,""
"Jaggayyapeta Town","railway",16.891915,80.113933,""
"Rentachintala","railway",16.545882,79.552566,""
"Hagari Bommanahalli","railway",15.049997,76.20871,""
"Kotturu","railway",14.825463,76.21236,""
"Ranjitpura","railway",15.056111,76.599554,""
"Swamihalli","railway",14.97615,76.608903,""
"Yeshwanthnagar","railway",15.03931,76.502708,""
"Karepalli","railway",17.510799,80.271188,""
"Bhadrachalam Road","railway",17.551292,80.614453,""
"Manuguru","railway",17.898468,80.81179,""
"Kaptanganj","railway",26.925665,83.69922,""
"Bhairoganj","railway",27.152044,84.238907,""
"Khadda","railway",27.182804,83.867952,""
"Parsendi","railway",27.578518,80.844161,""
"Maikalganj","railway",27.717315,80.337877,""
"Sitapur Cantonment","railway",27.557373,80.699431,""
"Bilpur","railway",28.08109,79.626993,""
"Govindnagar","railway",26.85308,82.721866,""
"Jarwal Road","railway",27.120672,81.540389,""
"Burhwal Junction","railway",27.086219,81.389658,""
"Valmikinagar Road","railway",27.195702,84.034578,""
"Siswa Bazar","railway",27.149219,83.756019,""
"Baruachak","railway",27.124909,82.049807,""
"Babhnan","railway",26.937782,82.501874,""
"Bagaha","railway",27.130413,84.067489,""
"Biswan","railway",27.488836,80.991396,""
"Bettiah","railway",26.805388,84.522357,""
"Majhowalia","railway",26.801765,84.61941,""
"S Narayan Chhapia","railway",26.980999,82.395827,""
"Paniahwa","railway",27.16728,83.933622,""
"Ghughuli","railway",27.05377,83.713874,""
"Colonelganj","railway",27.137692,81.693662,""
"Sagauli Junction","railway",26.758519,84.739763,""
"Nagaria Sadat","railway",28.550037,79.206011,""
"Hapur Junction","railway",28.739539,77.778971,""
"Sitapur City Junction","railway",27.584015,80.680175,""
"Pipraich","railway",26.828087,83.53576,""
"Malda Town","railway",25.015964,88.130576,""
"Ib","railway",21.816317,83.949001,""
"Balurghat","railway",25.232944,88.75811,""
"Brajarajnagar","railway",21.822738,83.923678,""
"Satna Junction","railway",24.567731,80.828681,""
"Bilaspur Junction","railway",22.056102,82.170767,""
"Rewa","railway",24.53781,81.251495,""
"Dangari","railway",27.709329,95.568031,""
"Hansara","railway",27.554281,95.539577,""
"Rourkela Junction","railway",22.227717,84.863158,""
"Amla Juncion","railway",21.91951,78.122756,""
"Guna Junction","railway",24.640901,77.314291,""
"Ratlam New","railway",23.339409,75.051331,""
"Ratlam Junction","railway",23.340708,75.050993,""
"Darbhanga Junction","railway",26.154534,85.907699,""
"Tarsarai","railway",26.19417,86.013347,""
"Angar Ghat","railway",25.793381,85.909812,""
"Nirmali","railway",26.305732,86.57534,""
"Ranipatra","railway",25.727952,87.515059,""
"Salmari","railway",25.615731,87.83764,""
"Meenapur","railway",25.613918,87.802935,""
"Kumedpur Junction","railway",25.428016,87.806707,""
"Gunjaria","railway",26.217955,88.131706,""
"Sabaur","railway",25.23852,87.045967,""
"Tinpahar Junction","railway",24.996565,87.743551,""
"Karamtola","railway",25.255166,87.553237,""
"Kahalgaon","railway",25.262578,87.234186,""
"Mokameh Junction","railway",25.392114,85.914192,""
"Ratanpur","railway",25.314303,86.542154,""
"Dasharathpur","railway",25.265237,86.465179,""
"Kamarganj","railway",25.237215,86.687348,""
"Ballia","railway",25.759429,84.14891,""
"Shivajinagar","railway",18.532591,73.851311,""
"Sham Kauria","railway",26.034511,84.834125,""
"Gopalganj","railway",26.453762,84.435263,""
"Barhaj Bazar","railway",26.283924,83.7309,""
"Marhaura","railway",25.968859,84.850938,""
"Padrauna","railway",26.897561,83.982705,""
"Ratan Sarai","railway",26.373766,84.573867,""
"Maharajganj","railway",26.108245,84.507294,""
"Duraundha Junction","railway",26.087641,84.459164,""
"Sasa Musa","railway",26.524863,84.359006,""
"Masrakh Junction","railway",26.100264,84.809313,""
"Sitalpur","railway",25.768643,85.036162,""
"Sirhind Juntion","railway",30.623814,76.382365,""
"Phagwara Junction","railway",31.217576,75.765438,""
"Mandi Gobindgarh","railway",30.669338,76.297468,""
"Dharakhoh","railway",22.00984,77.95012,""
"Ghoradongri","railway",22.125642,78.0022,""
"Hinganghat","railway",20.542611,78.833164,""
"Ramagundam","railway",18.763986,79.434826,""
"Wangapalli","railway",17.581246,78.984645,""
"Wihirgaon","railway",19.725596,79.441452,""
"Wardha Junction","railway",20.732956,78.595261,""
"Warora","railway",20.244151,79.010059,""
"Palsi","railway",17.812062,74.11145,""
"Kalol Junction","railway",23.243668,72.503355,""
"Bonakalu","railway",17.02936,80.263411,""
"Sohawal","railway",26.753045,81.983111,""
"Amethi","railway",26.152874,81.806104,""
"Makkhanpur","railway",27.115251,78.48316,""
"Bitroi","railway",27.98003,78.897188,""
"Fatehpur","railway",25.916752,80.801665,""
"Kaimganj","railway",27.53993,79.328428,""
"Kurasti Kalan","railway",25.958853,80.749338,""
"Sahawar","railway",27.789208,78.83255,""
"Tindauli","railway",27.181304,78.916344,""
"Madhonganj","railway",27.121753,80.146778,""
"Mallanwan","railway",27.038568,80.158288,""
"Badhari Kalan","railway",27.796296,78.737146,""
"Achhnera Junction","railway",27.18159,77.758176,""
"Gumthal","railway",28.496854,78.758198,""
"Mendu","railway",27.620335,78.119809,""
"Rajghat Narora","railway",28.236181,78.354082,""
"Chandausi Junction","railway",28.459505,78.778321,""
"Mathura Junction","railway",27.480113,77.67376,""
"Bhuteshwar","railway",27.501721,77.667588,""
"Mathura Cantonment","railway",27.491086,77.684988,""
"Hijli","railway",22.319699,87.319329,""
"Pichkurir Dhal","railway",23.545478,87.720704,""
"Bhimgara Junction","railway",23.73821,87.284508,""
"Gubbi","railway",13.321408,76.938757,""
"Birpurusottampur","railway",19.990866,85.806335,""
"Odha","railway",20.017795,73.913237,""
"Nashik Road","railway",19.948058,73.842084,""
"Puntamba Junction","railway",19.761445,74.621966,""
"Sainagar Shirdi","railway",19.7806,74.480662,""
"Rahuri","railway",19.413539,74.677391,""
"Taklimiya","railway",19.457799,74.679135,""
"Padhegaon","railway",19.537303,74.692324,""
"Bhandaridah","railway",23.756633,86.055249,""
"Matari","railway",23.840566,86.239107,""
"Sedam","railway",17.181207,77.285694,""
"Sonardih","railway",23.790813,86.26392,""
"Radhagaon","railway",23.597521,86.089249,""
"Bokaro Steel City","railway",23.65796,86.083916,""
"Netaji SC Bose Junction Gomoh","railway",23.87189,86.152647,""
"Bandhdih","railway",23.671094,86.261091,""
"Bhaga","railway",23.723671,86.405741,""
"Bhowrah","railway",23.669941,86.416899,""
"Santaldih","railway",23.596624,86.48331,""
"Sijua","railway",23.790023,86.33017,""
"Pradhankhunta Junction","railway",23.772811,86.515877,""
"Jarangdih","railway",23.769761,85.929764,""
"Jogeswar Bihar","railway",23.745524,85.626465,""
"Bokaro Thermal","railway",23.786703,85.879769,""
"Barkipona","railway",23.566113,85.649809,""
"Ramgarh","railway",23.617438,85.518556,""
"Gola Road","railway",23.532145,85.70912,""
"Barachak","railway",23.707162,86.92844,""
"Salanpur","railway",23.761478,86.875293,""
"Barabanki Junction","railway",23.743026,87.019012,""
"Sanka","railway",23.528381,86.614776,""
"Rukni Junction","railway",23.552786,86.547899,""
"Barnala","railway",30.371036,75.549896,""
"Bandhua","railway",24.752656,85.066064,""
"Madhupur Junction","railway",24.270958,86.6422,""
"Giridih","railway",24.181771,86.314537,""
"Baidyanathdham","railway",24.488957,86.692722,""
"Jamtara","railway",23.959325,86.805964,""
"Tilaiya Junction Railway Station","railway",24.822627,85.403667,""
"Nalanda","railway",25.122739,85.46313,""
"Chittranjan","railway",23.856554,86.87941,""
"Waris Aleganj","railway",25.016275,85.642913,""
"Rajgir","railway",25.032701,85.41502,""
"Sheikpura","railway",25.131981,85.853353,""
"Jhajha","railway",24.772858,86.3863,""
"Jasidih Junction","railway",24.515248,86.644157,""
"Paraiya","railway",24.809344,84.851083,""
"Paharpur","railway",24.624419,85.206574,""
"Maheshmunda Junction","railway",24.232953,86.390649,""
"Nawadah","railway",24.88589,85.548125,""
"Pawapuri Road","railway",25.159611,85.511702,""
"Bihar Sharif Junction","railway",25.203267,85.539523,""
"Fungo Halt","railway",25.618692,86.604376,""
"Jaynagar","railway",26.590277,86.135652,""
"Gangarampur","railway",25.390187,88.516274,""
"Radhikapur","railway",25.643116,88.447793,""
"Babina","railway",25.239269,78.453636,""
"Bina Junction","railway",24.171233,78.185181,""
"Bina Malkhedi","railway",24.170509,78.223521,""
"Ruthiyai Junction","railway",24.534632,77.179892,""
"Saugor","railway",23.847761,78.743332,""
"Agasod","railway",24.233963,78.21762,""
"Dahod","railway",22.84393,74.252386,""
"Piplod","railway",22.819222,73.910246,""
"Karjara","railway",24.808949,85.153225,""
"Mandar Hill","railway",24.806085,87.026345,""
"Jakhal Junction","railway",29.803082,75.820793,""
"Malerkotla","railway",30.51583,75.873384,""
"Mansa","railway",29.988294,75.404112,""
"Lehra Gaga","railway",29.938196,75.810203,""
"Sangrur","railway",30.242401,75.830371,""
"Mukerian","railway",31.94205,75.612191,""
"Dasuya","railway",31.808457,75.658007,""
"Sidhwan","railway",31.097411,75.537379,""
"Nakodar Junction","railway",31.111861,75.476572,""
"Jalalabad","railway",30.607461,74.269171,""
"Kot Kapura Junction","railway",30.579851,74.817402,""
"Muktsar","railway",30.478799,74.514706,""
"Satnali","railway",28.381714,75.965843,""
"Ratangarh Junction","railway",28.068959,74.624644,""
"Mahendragarh","railway",28.28086,76.148099,""
"Sardarshahr","railway",28.437888,74.47851,""
"Rewari Junction","railway",28.202482,76.610861,""
"Ringas Junction","railway",27.373154,75.563209,""
"Chittaurgarh Junction","railway",24.87602,74.623271,""
"Chanderiya Junction","railway",24.938142,74.629,""
"Gurla Junction","railway",25.271245,75.886396,""
"Bilara","railway",26.186148,73.700008,""
"Bhawi","railway",26.225469,73.617013,""
"Manihari","railway",25.343161,87.620242,""
"চাষাড়া","railway",23.624469,90.498301,""
"Kasara","railway",19.648232,73.473589,""
"Asangaon","railway",19.439747,73.308012,""
"Atgaon","railway",19.503542,73.328257,""
"Khardi","railway",19.580216,73.393825,""
"Vasind","railway",19.406509,73.267468,""
"Palakollu","railway",16.521413,81.717275,""
"Rangpara North Junction","railway",26.82169,92.682998,""
"Khoirabari","railway",26.603067,91.812103,""
"Lilabari","railway",27.298312,94.075119,""
"North Lakhimpur","railway",27.254431,94.112034,""
"New Misamari","railway",26.810896,92.577351,""
"Udalguri","railway",26.744596,92.097183,""
"Bindukuri","railway",26.708595,92.734354,""
"Mujnai","railway",26.693226,89.189551,""
"New Maynaguri","railway",26.578609,88.82291,""
"Haldibari","railway",26.335282,88.782474,""
"Nalbari","railway",26.450692,91.438869,""
"Sivok","railway",26.880391,88.469178,""
"শাহবাজপুর","railway",24.804231,92.236862,""
"Karimganj Junction","railway",24.860424,92.372639,""
"Dullabcherra","railway",24.489805,92.432823,""
"Katakhal Junction","railway",24.835459,92.626631,""
"Jiribam","railway",24.8024,93.116514,""
"Lalabazar","railway",24.560883,92.61283,""
"Golaghat Railway Station","railway",26.509105,93.961767,""
"Jorhat Town","railway",26.750173,94.216328,""
"Rowta Bagan","railway",26.737346,92.215175,""
"Langting","railway",25.497187,93.11056,""
"Lumding Junction","railway",25.750226,93.176605,""
"Balipara","railway",26.819445,92.772101,""
"Bhalukpong","railway",27.000607,92.644977,""
"Silghat Town","railway",26.607495,92.929956,""
"Mairabari","railway",26.45133,92.42582,""
"Raha","railway",26.232033,92.527244,""
"Senchoa Junction","railway",26.311384,92.642596,""
"Chaparmukh Junction","railway",26.203175,92.511839,""
"Nagaon","railway",26.348055,92.698018,""
"Haibargaon","railway",26.356481,92.672848,""
"Moranhat","railway",27.18276,94.919319,""
"Tuli","railway",26.736533,94.613101,""
"Baghoi Kusa","railway",24.840327,84.460336,""
"Dodballapur","railway",13.279688,77.550505,""
"Bathinda Junction","railway",30.212757,74.933084,""
"Magnesite Junction","railway",11.694788,78.097414,""
"مظفر گڑھ","railway",30.084183,71.193967,""
"Mallasandra","railway",13.334971,77.015439,""
"Tumakuru","railway",13.333899,77.101958,""
"نوشہرہ جنکشن","railway",34.000228,72.00546,""
"Kunri","railway",25.179984,69.57289,""
"Samaro Road Station","railway",25.301386,69.45706,""
"Muhammed Rahim Kalro Station","railway",25.360518,69.421405,""
"پتھورو","railway",25.511622,69.375133,""
"Jamrao Station","railway",25.524013,69.095324,""
"رومیان","railway",33.856124,72.303106,""
"مکھڈ روڈ ریلوے اسٹیشن","railway",33.037173,71.78572,""
"بسال جنکشن ریلوے اسٹیشن","railway",33.557302,72.23229,""
"دومیل ریلوے اسٹیشن","railway",33.555524,72.188473,""
"کوہاٹ","railway",33.5719,71.451086,""
"جھلار","railway",33.633777,72.33326,""
"بابری بانڈہ","railway",33.529423,71.575714,""
"Nazikabad Station","railway",25.673789,68.972137,""
"Hafeezpet","railway",17.4824,78.363014,""
"James Street","railway",17.432952,78.487322,""
"Sahibabad Junction","railway",28.674278,77.364435,""
"Tikaria","railway",25.00056,80.874694,""
"Orai","railway",25.982768,79.459765,""
"Lalpur","railway",26.318614,79.948381,""
"Katni Junction","railway",23.834763,80.400698,""
"Damoh","railway",23.836059,79.432139,""
"Katni Murwara","railway",23.831369,80.391647,""
"Damoy","railway",23.97129,80.997788,""
"Madhavnagar Road","railway",23.787222,80.394406,""
"Singrauli","railway",24.204855,82.642887,""
"Krishnashilla","railway",24.158565,82.767033,""
"Karakbel","railway",22.992008,79.341312,""
"Bheraghat","railway",23.169778,79.797765,""
"Pipariya","railway",22.754312,78.355876,""
"Kachhpura","railway",23.170735,79.898882,""
"Gosalpur","railway",23.381735,80.05918,""
"Gadarwara","railway",22.900373,78.792688,""
"Sohagpur","railway",22.693795,78.194872,""
"Bankhedi","railway",22.774713,78.533444,""
"Kareli","railway",22.932253,79.066684,""
"Narsinghpur","railway",22.943178,79.214289,""
"Shridham","railway",23.034565,79.484784,""
"Dundi","railway",23.557525,80.217323,""
"Hoshangabad","railway",22.75296,77.717326,""
"Budhni","railway",22.786886,77.681475,""
"Delhi Safdarjang","railway",28.582204,77.186211,""
"Sewa Nagar","railway",28.578955,77.227689,""
"Okhla","railway",28.559475,77.265623,""
"Hirdagarh","railway",22.142233,78.516885,""
"Chhindwara Junction","railway",22.057823,78.953772,""
"Pendra Road","railway",22.755767,81.899,""
"Chirmiri","railway",23.189841,82.349803,""
"Tilda-Neora","railway",21.550669,81.794868,""
"Bhatapara","railway",21.732136,81.945832,""
"Bijuri","railway",23.251205,82.119637,""
"Kotma","railway",23.202693,81.979107,""
"Karonji","railway",23.27802,82.933919,""
"Tiger Hill","railway",23.240279,82.389298,""
"Bishrampur","railway",23.179134,82.982766,""
"Katora","railway",23.307774,82.680552,""
"Darritola Junction","railway",23.289334,82.395741,""
"Botad Junction","railway",22.182507,71.665567,""
"Limbdi","railway",22.566001,71.789942,""
"Dhola Junction","railway",21.822649,71.739625,""
"Subzimandi","railway",28.668507,77.200493,""
"Delhi Junction","railway",28.660932,77.227649,""
"Delhi Azadpur","railway",28.703504,77.177063,""
"Dayabasti","railway",28.667122,77.17119,""
"Patel Nagar","railway",28.659809,77.156957,""
"Delhi Sarai Rohilla","railway",28.662751,77.185256,""
"Sihor Junction","railway",21.724546,71.956986,""
"Lunidhar","railway",21.715889,71.086522,""
"Vavdi","railway",21.718849,70.75249,""
"Bhavnagar Terminus","railway",21.780864,72.141324,""
"Kunkavav","railway",21.653081,70.974459,""
"Dhasa Junction","railway",21.782742,71.518056,""
"Mahuva Junction","railway",21.094392,71.756846,""
"Rajula Junction","railway",21.103999,71.479206,""
"Keshod","railway",21.298127,70.251502,""
"Somnath","railway",20.895717,70.408047,""
"Chorwad Road","railway",21.053935,70.290232,""
"Kodinar","railway",20.79717,70.695721,""
"Delvada","railway",20.773557,71.04185,""
"Fatehabad Chandrawatiganj Junction","railway",23.011074,75.673516,""
"Nauganwan","railway",23.249094,75.157064,""
"Arag","railway",16.822554,74.788261,""
"Sulgare","railway",16.893041,74.903902,""
"Rupnagar","railway",30.972536,76.533158,""
"Nangal Dam","railway",31.370774,76.373502,""
"Charkhi Dadri","railway",28.599371,76.280557,""
"Sitapur Junction","railway",27.558232,80.699013,""
"Gauri Phanta","railway",28.681202,80.554402,""
"Lakhimpur","railway",27.947131,80.777264,""
"Phardhan","railway",27.989416,80.642021,""
"Kathgodam","railway",29.266646,79.546635,""
"Haldwani Railway Station","railway",29.215733,79.533425,""
"Tanakpur","railway",29.067379,80.109463,""
"Adarsh Nagar","railway",28.714401,77.167288,""
"Bharuch Junction","railway",21.703515,72.999247,""
"Tulsipur","railway",27.531877,82.409008,""
"Bahraich","railway",27.58211,81.607356,""
"Nepalganj Road","railway",28.01121,81.601211,""
"Bareilly City","railway",28.356201,79.403172,""
"Izatnagar Junction","railway",28.388852,79.421411,""
"Sherganj","railway",28.37537,79.804252,""
"Baghpat Road","railway",28.957374,77.272054,""
"Khekra","railway",28.871399,77.288963,""
"Shri Mahaveer Ji","railway",26.684716,76.968274,""
"Hindaun City","railway",26.755787,77.031481,""
"Bharatpur Junction","railway",27.236486,77.487591,""
"Pilioda","railway",26.605933,76.864096,""
"Chhoti Odai","railway",26.558863,76.805347,""
"Gangapur City","railway",26.468181,76.726681,""
"Lalpur Umri","railway",26.429811,76.680013,""
"Palam","railway",28.585353,77.092471,""
"Bijwasan","railway",28.536959,77.051289,""
"Anand Vihar Terminal","railway",28.648851,77.3155,""
"Doomdooma","railway",27.573789,95.556005,""
"Dolavli","railway",18.833163,73.320344,""
"Chowk","railway",18.902596,73.24025,""
"Davanagere","railway",14.467981,75.919568,""
"Jagdalpur","railway",19.066551,82.013909,""
"Jeypore","railway",18.896046,82.553966,""
"Chatariput","railway",18.923226,82.59012,""
"Maligura","railway",18.953594,82.638825,""
"Kirandul","railway",18.63893,81.259872,""
"Khopoli","railway",18.788473,73.346071,""
"Peddapalli Junction","railway",18.613757,79.392325,""
"Pandurangapuram","railway",17.719769,80.765261,""
"Aswapuram","railway",17.832004,80.80443,""
"Chimalpahad","railway",17.493159,80.383419,""
"Tadikalapudi","railway",17.516212,80.464647,""
"Bethampudi","railway",17.529359,80.528633,""
"Gajulagudem","railway",17.611178,80.65939,""
"Dhanuvachapuram","railway",8.378307,77.125842,""
"Eraniel","railway",8.213429,77.307632,""
"Nemom","railway",8.453872,77.010492,""
"Kolaghat","railway",22.435141,87.880907,""
"Kanthi","railway",21.788462,87.733908,""
"Chittoor","railway",13.219366,79.103313,""
"Kadiyam","railway",16.913805,81.831816,""
"Tanuku","railway",16.752289,81.674004,""
"Pulla","railway",16.809621,81.323409,""
"Mallemadugu","railway",17.3247,80.160559,""
"Papatapalli","railway",17.372992,80.175986,""
"Ashokapuram","railway",12.274088,76.636011,""
"Krishnarajasagara","railway",12.401038,76.567177,""
"Naganahalli","railway",12.378628,76.650774,""
"Banskho","railway",26.857312,76.168418,""
"Dausa","railway",26.900126,76.330601,""
"Summer Hill","railway",31.108416,77.13904,""
"Jutogh","railway",31.101442,77.12236,""
"Taradevi","railway",31.076195,77.139653,""
"Shoghi railway station","railway",31.039036,77.124748,""
"Kanoh","railway",30.991876,77.117454,""
"Kandaghat","railway",30.966276,77.107518,""
"Salogra","railway",30.934895,77.130892,""
"Solan","railway",30.908412,77.098349,""
"Kumarhatti","railway",30.889192,77.056174,""
"Dharampur Himachal","railway",30.900042,77.02386,""
"Sonwara","railway",30.894437,77.004641,""
"Jabli","railway",30.882141,76.992035,""
"Koti","railway",30.852123,76.99405,""
"Gumman","railway",30.842208,76.971768,""
"Taksal","railway",30.844939,76.954041,""
"Barog","railway",30.889933,77.082393,""
"Shimla","railway",31.102467,77.160059,""
"Baramula","railway",34.220687,74.388307,""
"Kheta Sarai","railway",25.966016,82.689159,""
"Mihrawan","railway",25.870737,82.693915,""
"Harpalganj","railway",25.947178,82.405041,""
"Bakhsha","railway",25.786024,82.569335,""
"Sri Krishna Nagar","railway",25.883593,82.449025,""
"Sathiaon","railway",26.034407,83.287345,""
"Muhammadabad","railway",26.026332,83.375851,""
"Khurahat","railway",25.985259,83.455354,""
"Azamgarh","railway",26.039014,83.161713,""
"Hirakud","railway",21.479827,83.905355,""
"Barang Junction","railway",20.404384,85.832055,""
"Cauvery","railway",11.351082,77.760971,""
"Simhachalam North","railway",17.751849,83.2097,""
"Duvvada","railway",17.703598,83.151376,""
"Anakapalle","railway",17.694631,83.008648,""
"Thadi","railway",17.686452,83.06675,""
"Angul","railway",20.860251,85.102104,""
"Rairakhol","railway",21.04622,84.333311,""
"Sambalpur City","railway",21.476515,84.007668,""
"Talcher","railway",20.93223,85.200582,""
"Talcher Road Junction","railway",20.886771,85.208305,""
"Jharsuguda Junction","railway",21.863207,84.018896,""
"Upleta","railway",21.746681,70.282143,""
"Dhoraji","railway",21.72204,70.44434,""
"Navagadh","railway",21.764059,70.61666,""
"Dwarka","railway",22.250487,68.980161,""
"Baradiya","railway",22.195483,69.023445,""
"Sikka","railway",22.434911,69.839111,""
"Hapa","railway",22.468576,70.117836,""
"Kanalus Junction","railway",22.319517,69.896293,""
"Badgam station","railway",34.038525,74.736016,""
"Tati","railway",22.545837,84.915867,""
"Kanaroan","railway",22.60264,84.877768,""
"Dr. Ambedkar Nagar","railway",22.555598,75.770922,""
"Bhanvad","railway",21.93333,69.798477,""
"Lalpur Jam","railway",22.193362,69.953198,""
"Jam Jodhpur","railway",21.906686,70.031256,""
"Sadhli","railway",21.985639,73.290834,""
"Moti Koral","railway",21.835242,73.204465,""
"Jambusar Junction","railway",22.046387,72.814113,""
"Vishvamitri Jn. (NG)","railway",22.284012,73.179496,""
"Kavi","railway",22.192391,72.630456,""
"Choranda Junction","railway",21.991478,73.168258,""
"Chital","railway",21.745379,71.218792,""
"Khijadiya Junction","railway",21.740905,71.276287,""
"Chalala","railway",21.415134,71.161769,""
"Dhari Junction","railway",21.326811,71.027742,""
"Bharwari","railway",25.559788,81.490348,""
"Khambhat","railway",22.323461,72.630122,""
"Jalamb Junction","railway",20.812781,76.572984,""
"Khamgaon","railway",20.708081,76.570868,""
"Patranga","railway",26.825131,81.626136,""
"Daryabad","railway",26.86216,81.550071,""
"Venkatachalam Junction","railway",14.327081,79.927326,""
"Vedayapalem","railway",14.405308,79.957492,""
"Fatehgarh","railway",27.370075,79.620752,""
"Balrampur","railway",27.415635,82.160978,""
"Chanpatia","railway",26.94213,84.530834,""
"Bapudham Motihari","railway",26.654076,84.905148,""
"Chinna Salem","railway",11.631424,78.874325,""
"Motipur","railway",26.257103,85.168893,""
"Kaparpura","railway",26.16392,85.326024,""
"Kanti","railway",26.200268,85.285596,""
"Prinsep Ghat","railway",22.556593,88.331407,""
"Baranagar Road","railway",22.653486,88.378858,""
"Dum Dum Cantonment","railway",22.63649,88.412023,""
"Nalwar","railway",16.936031,77.019441,""
"Dudhani","railway",17.362639,76.380285,""
"Riga","railway",26.64293,85.428437,""
"Sopur","railway",34.258006,74.451179,""
"Hamre","railway",34.222559,74.512164,""
"Bairagnia","railway",26.737391,85.275868,""
"Dhang","railway",26.717857,85.35318,""
"Kundwa Chainpur","railway",26.771019,85.185344,""
"Ghorasahan","railway",26.820735,85.127268,""
"Panzgom","railway",33.84643,75.038573,""
"Sadura","railway",33.675609,75.136298,""
"Anantnag","railway",33.738585,75.107435,""
"Awantipura","railway",33.887997,74.991892,""
"Bijbiara","railway",33.789516,75.075699,""
"Chauradano","railway",26.850834,85.017574,""
"Adapur","railway",26.925492,84.9418,""
"Pachrukhi","railway",26.161773,84.416896,""
"Chainwa","railway",26.022441,84.496355,""
"Bhivpuri Road","railway",18.970549,73.331437,""
"Shelu","railway",19.063516,73.317926,""
"Khari","railway",33.387546,75.140451,""
"Basindahar","railway",33.170254,75.038938,""
"Sangaldan","railway",33.244447,75.087673,""
"Sumber","railway",33.298393,75.116941,""
"Chak Rakhwal","railway",32.941907,75.082811,""
"Ramnagar (J&K)","railway",32.844886,75.150971,""
"Bajalta","railway",32.762055,74.952123,""
"Manwal","railway",32.768967,75.132188,""
"Sangar","railway",32.804707,75.050168,""
"Palwal","railway",28.151581,77.341795,""
"Jogiara","railway",26.406998,85.745939,""
"Janakpur Road","railway",26.468785,85.700807,""
"Ghogardiha","railway",26.28266,86.468712,""
"Rajanagar","railway",26.401771,86.153386,""
"Pandaul","railway",26.268715,86.089263,""
"Purnia Court","railway",25.795385,87.475192,""
"Khajauli","railway",26.484069,86.161769,""
"Pandillapalli","railway",17.172286,80.170325,""
"Auvaneeswaram","railway",9.035228,76.852085,""
"Bhadravati","railway",13.842643,75.703469,""
"Rasipuram","railway",11.453734,78.178458,""
"Namakkal","railway",11.226012,78.179062,""
"Devangonthi","railway",12.985148,77.831294,""
"Kannur","railway",11.871821,75.367606,""
"Tenkasi Junction","railway",8.964486,77.306234,""
"Virinchipuram","railway",12.9622,79.029915,""
"Magudanchavadi","railway",11.551401,77.987712,""
"Vijayamangalam","railway",11.196285,77.521714,""
"Totiyapalayam","railway",11.291998,77.681165,""
"Karuppur","railway",11.724174,78.089885,""
"Anangur","railway",11.398425,77.820989,""
"Danishpet","railway",11.858515,78.138037,""
"Tinnappatti","railway",11.812362,78.098332,""
"Barkhera","railway",22.916846,77.650036,""
"Obaidullaganj","railway",22.995072,77.587465,""
"Misrod","railway",23.168496,77.458623,""
"Betul","railway",21.89717,77.90617,""
"Maramjhiri","railway",21.944534,77.883416,""
"Malkapur Road","railway",21.904713,77.96688,""
"Wagholi","railway",20.582009,78.772122,""
"Gumgaon","railway",20.993925,79.030126,""
"Seloo Road","railway",20.77708,78.715767,""
"Katol","railway",21.263417,78.590479,""
"Kalambha","railway",21.344379,78.5588,""
"Narkher","railway",21.469677,78.525313,""
"Chichonda","railway",21.709287,78.352547,""
"Bhandak","railway",20.084731,79.113319,""
"Sanjhauli Halt","railway",25.143035,84.190648,""
"Piro","railway",25.319934,84.408823,""
"Bikramganj","railway",25.220311,84.27562,""
"Garhani","railway",25.411681,84.570105,""
"Charpokhari Halt","railway",25.359707,84.486233,""
"Udwant Nagar Halt","railway",25.517488,84.625648,""
"Semraon","railway",25.394454,84.526261,""
"Panisagar","railway",24.274528,92.150215,""
"Falaknuma","railway",17.33266,78.475198,""
"Bhadli","railway",21.023186,75.675173,""
"Nandgaon","railway",20.309402,74.659762,""
"Hathidah Junction Upper Station","railway",25.367375,85.98841,""
"Rahui Road","railway",25.273561,85.53074,""
"Wena","railway",25.326322,85.532201,""
"Sadisopur","railway",25.5665,84.91709,""
"Patel Halt","railway",25.56382,84.895763,""
"Sanchi","railway",23.487634,77.736068,""
"Raghunathpur Railway Station","railway",25.565156,84.305956,""
"Alappuzha","railway",9.484653,76.32234,""
"Mararikulam","railway",9.597704,76.318019,""
"Raichur","railway",16.192803,77.338997,""
"Twining Ganj","railway",25.569,84.218081,""
"Proddatur","railway",14.758565,78.522124,""
"Karimnagar","railway",18.458966,79.142478,""
"Rajahmundry","railway",16.984043,81.783958,""
"আমনুরা জংশন","railway",24.627282,88.398806,""
"Bagdogra","railway",26.698109,88.324546,""
"Hamiltonganj","railway",26.688847,89.420972,""
"Hasimara","railway",26.726951,89.3473,""
"বুড়িমাড়ী রেলওয়ে স্টেশন","railway",26.39607,88.935609,""
"New Baneswar","railway",26.39456,89.510579,""
"Naksalbari","railway",26.679884,88.19857,""
"Galgalia","railway",26.527434,88.113383,""
"Chalsa","railway",26.882151,88.79825,""
"সান্তাহার জংশন","railway",24.806194,88.986057,""
"Krishnai","railway",26.078302,90.679881,""
"Pancharatna","railway",26.15841,90.555793,""
"Mohanbari","railway",27.457041,95.019147,""
"Rupai","railway",27.599816,95.556978,""
"Patliputra","railway",25.62162,85.06887,""
"Gauribidanur","railway",13.613449,77.513135,""
"Sukna","railway",26.790696,88.363364,""
"Kasaragod","railway",12.491472,74.987761,""
"Kazhakuttam","railway",8.556815,76.872753,""
"Koduru","railway",13.948665,79.346574,""
"Srawasthipura","railway",8.298796,80.376978,""
"Talawa","railway",8.231752,80.348274,""
"Thambuttegama","railway",8.154318,80.303883,""
"Mihintale","railway",8.358621,80.501694,""
"Thandikulam","railway",8.778256,80.485022,""
"Parasangaswewa Railway Station","railway",8.445369,80.431517,""
"Medawachchiya","railway",8.55451,80.458166,""
"Murikandi-Kokavil","railway",9.206349,80.417574,""
"Ariviyal Nagar","railway",9.318747,80.407662,""
"Chhapra Kacheri","railway",25.785853,84.745921,""
"Thawe Junction","railway",26.438871,84.394069,""
"Siwan Junction","railway",26.210649,84.358563,""
"Meesalai","railway",9.673596,80.188962,""
"Elephant Pass","railway",9.50239,80.405864,""
"Chavakachcheri","railway",9.657132,80.158459,""
"Kodaikamam","railway",9.681311,80.219328,""
"Eluthumadduval","railway",9.661095,80.265651,""
"Punkankulam","railway",9.659303,80.038283,""
"Umroli","railway",19.755761,72.760451,""
"Navsari","railway",20.948131,72.913097,""
"Boisar","railway",19.798486,72.761452,""
"Kelve Road","railway",19.624053,72.791175,""
"Nandurbar","railway",21.373763,74.244556,""
"Pakhruli","railway",26.205276,82.123264,""
"Rauzagaon","railway",26.786393,81.705347,""
"Hathras City","railway",27.599798,78.054489,""
"Hathras Road","railway",27.623052,78.1384,""
"Gauriganj","railway",26.204021,81.685669,""
"Talakhajuri","railway",26.17723,81.736529,""
"Bani","railway",26.233215,81.610957,""
"Jais","railway",26.26203,81.519591,""
"Gursahaiganj","railway",27.118039,79.733427,""
"Kannauj","railway",27.028129,79.924907,""
"Bhind","railway",26.588492,78.777188,""
"Bhongaon","railway",27.259198,79.166469,""
"Rayaru","railway",26.306033,78.130151,""
"Sikandra Rao","railway",27.684371,78.388315,""
"Sanichara","railway",26.363664,78.198472,""
"Lalganj","railway",26.172319,80.973185,""
"Talaku","railway",14.446083,76.675072,""
"Rayadurg Junction","railway",14.705194,76.856916,""
"Molakalmuru","railway",14.709643,76.746219,""
"Arsikere Junction","railway",13.313782,76.253199,""
"Daroji","railway",15.226661,76.701114,""
"Toranagallu Junction","railway",15.202933,76.663142,""
"Challakere","railway",14.315222,76.659932,""
"Gadiganuru","railway",15.218547,76.599233,""
"Koppala","railway",15.353869,76.144906,""
"Unchahar Junction","railway",25.903235,81.299949,""
"Anantapur","railway",14.686288,77.595246,""
"Khadarpet","railway",14.982781,77.54255,""
"Teghra","railway",25.510507,85.941705,""
"Rampur Dumra","railway",25.330788,86.000642,""
"New Barauni Junction","railway",25.456446,86.006638,""
"Qazigund","railway",33.588671,75.158026,""
"Bithoor","railway",26.603555,80.272429,""
"Bishnathganj","railway",25.801522,81.934873,""
"Sirathu","railway",25.648888,81.320152,""
"Changanasseri","railway",9.448874,76.548669,""
"ময়মনসিংহ রেলওয়ে স্টেশন","railway",24.753273,90.410103,""
"Dumra","railway",26.562273,85.533403,""
"Pesalai","railway",9.082315,79.822795,""
"Talaimannar","railway",9.103326,79.729883,""
"Chandur Bazar","railway",21.21968,77.742084,""
"New Amravati","railway",20.903041,77.732902,""
"Murtajapur (NG)","railway",20.737095,77.354586,""
"Murtajapur","railway",20.736449,77.355275,""
"Rasulabad","railway",25.826671,80.976919,""
"Sirsaul","railway",26.295832,80.464136,""
"Kekirawa","railway",8.058453,80.581452,""
"Madan Mahal","railway",23.160281,79.920795,""
"Habarana","railway",8.05731,80.769589,""
"Galoya Junction Railway Station","railway",8.137781,80.865818,""
"Atarra","railway",25.29074,80.576971,""
"Chitrakut Dham Karwi","railway",25.217387,80.923633,""
"Agbopura","railway",8.326733,80.979665,""
"Kantale","railway",8.356235,81.006205,""
"Kadur Junction","railway",13.550251,76.008702,""
"Chikkamagaluru","railway",13.303215,75.788716,""
"Trincomalee","railway",8.584414,81.226201,""
"China Bay","railway",8.556397,81.190455,""
"Azimganj Junction","railway",24.230042,88.25991,""
"Manigram","railway",24.343142,88.108098,""
"Poradanga Halt","railway",24.262178,88.225217,""
"Nalhati Junction","railway",24.295889,87.838523,""
"Kamarkundu","railway",22.821677,88.20473,""
"Nagbhir (NG)","railway",20.580217,79.700178,""
"Sindewahi","railway",20.296683,79.669826,""
"Manikgarh Junction","railway",19.787695,79.3986,""
"Balharshah","railway",19.849914,79.34781,""
"Mul Marora","railway",20.053872,79.658877,""
"Rajoli","railway",20.18912,79.688503,""
"Chanda Fort","railway",19.940288,79.312635,""
"Pandar Pawani","railway",19.757385,79.279245,""
"Baiyyappanahalli Junction","railway",12.991209,77.651714,""
"Sovabazar Ahiritola","railway",22.597529,88.354934,""
"Whitefield","railway",12.9964,77.761423,""
"Bindki Road","railway",26.116535,80.580767,""
"New Guntur","railway",16.310102,80.457214,""
"Ghatampur","railway",26.151482,80.174645,""
"Patara","railway",26.232794,80.203913,""
"Mani Mau","railway",26.989295,79.96541,""
"Aroul","railway",26.920644,80.018951,""
"Bilhaur","railway",26.839657,80.060635,""
"Barrajpur","railway",26.685861,80.138977,""
"Utripura","railway",26.740217,80.095996,""
"Takia","railway",26.311267,80.781603,""
"Bhadri","railway",25.67705,81.567861,""
"Ram Chaura Road","railway",25.608889,81.688354,""
"Suraimanpur","railway",25.80831,84.481271,""
"Sahatwar","railway",25.827781,84.295873,""
"Nagsar Halt","railway",25.499955,83.645188,""
"Bakulha","railway",25.79793,84.542628,""
"Bhadaura","railway",25.45113,83.739392,""
"Bansdih Road","railway",25.811358,84.214822,""
"Nagasamudram","railway",14.32184,77.643464,""
"Chauri Chaura","railway",26.645012,83.58731,""
"Tamkuhi Road","railway",26.724217,84.22788,""
"Dudahi","railway",26.798751,84.141373,""
"Tiruppur","railway",11.108222,77.339869,""
"Gauri Bazar","railway",26.594855,83.668074,""
"Naugarh","railway",27.274804,83.088518,""
"Eden Gardens","railway",22.563915,88.338321,""
"BBD Bagh","railway",22.576842,88.346628,""
"Gainsari Junction","railway",27.527103,82.547061,""
"Nanpara Junction","railway",27.860194,81.512688,""
"Pachperwa","railway",27.52995,82.639022,""
"Chilwariya","railway",27.500121,81.686401,""
"Payagpur","railway",27.407052,81.777023,""
"Bisheshwarganj","railway",27.342962,81.832206,""
"Tripunittura","railway",9.949766,76.352631,""
"Verka Junction","railway",31.666183,74.932507,""
"Jagadhri Workshop","railway",30.135852,77.24233,""
"Yamunanagar Jagadhri","railway",30.117322,77.287664,""
"Khanapur","railway",15.637775,74.499703,""
"Chakarlapalli","railway",13.99759,77.582855,""
"Paintepur","railway",27.238925,81.15164,""
"Periyanaga Thunai","railway",12.559396,77.911213,""
"Jharekapur","railway",27.6752,80.728704,""
"Oel","railway",27.830975,80.753702,""
"Karavadi","railway",15.552646,80.113532,""
"Ammanabrolu","railway",15.596591,80.148985,""
"Hardoi","railway",27.400085,80.1475,""
"Ramkot","railway",27.52634,80.591618,""
"Baghauli","railway",27.227975,80.296447,""
"Hempur","railway",27.616541,80.570707,""
"Misrikh Tirath","railway",27.429474,80.536275,""
"Jung Bahadurgnj","railway",27.769047,80.172921,""
"Anupgarh","railway",29.196744,73.204616,""
"Rasuriya","railway",28.264231,79.474549,""
"Baheri","railway",28.778123,79.500543,""
"Kichha","railway",28.912943,79.519706,""
"Khiria Khurd","railway",27.984459,79.886225,""
"Asafpur","railway",28.405291,78.905618,""
"Makrandpur","railway",28.212698,79.289987,""
"Sirsi Mukhdampur","railway",28.634368,78.641707,""
"Raja Ka Sahaspur Junction","railway",28.627801,78.779701,""
"Sambhal","railway",28.597172,78.56846,""
"Bahjoi","railway",28.4007,78.630231,""
"Babrala","railway",28.266646,78.403503,""
"Udvada","railway",20.462139,72.919005,""
"Bilaspur Road","railway",28.865088,79.253818,""
"Kemri","railway",28.811152,79.20125,""
"Rudrapur City Railway Station","railway",28.969539,79.379798,""
"Ahmedgarh","railway",30.683495,75.829001,""
"Chandpur","railway",29.132091,78.276642,""
"Mandi Dhanaura","railway",28.952832,78.261411,""
"Bijnor","railway",29.385683,78.146799,""
"Khari Jhalu","railway",29.333515,78.214864,""
"Haldaur","railway",29.290576,78.275139,""
"Nagina","railway",29.43827,78.423715,""
"Balawali","railway",29.628188,78.11152,""
"Basi Kiratpur","railway",29.496977,78.213402,""
"Chandok","railway",29.577157,78.152769,""
"Fazalpur","railway",29.593186,78.277502,""
"Kumarghat","railway",24.151143,92.035408,""
"Ambassa","railway",23.931154,91.861148,""
"Mungiakami","railway",23.884901,91.712023,""
"Kurraiya","railway",28.399889,80.259963,""
"Bhira Kheri","railway",28.335565,80.487326,""
"Gola Gokarannath","railway",28.08314,80.476748,""
"Mihinpurwa","railway",28.026804,81.385198,""
"Baman Heri","railway",29.510669,77.706505,""
"Rampur Maniharn","railway",29.805291,77.459634,""
"Nanauta","railway",29.702781,77.439705,""
"Shamli","railway",29.444942,77.316698,""
"Thana Bhawan","railway",29.614956,77.420125,""
"Muzaffarnagar","railway",29.470013,77.708182,""
"Kandhla","railway",29.32393,77.292533,""
"Chandanagar","railway",17.487298,78.332214,""
"Deoband","railway",29.67959,77.670885,""
"Rohana Kalan","railway",29.575888,77.68611,""
"Talheri Buzurg","railway",29.767002,77.644535,""
"Thana Bhawan Town","railway",29.592762,77.411195,""
"Baraut","railway",29.096918,77.272925,""
"Qasimpur Kheri","railway",29.182785,77.285987,""
"Dhule","railway",20.887826,74.768213,""
"Jamdha","railway",20.573588,74.986281,""
"Shirud","railway",20.734041,74.87807,""
"Mordad Tanda","railway",20.679878,74.91583,""
"Borvihir","railway",20.783826,74.841319,""
"Rajmane","railway",20.641433,74.942563,""
"Mohadi Pragane Laling","railway",20.862886,74.779446,""
"Ambewadi","railway",15.272911,74.617434,""
"Kanpur Anwarganj","railway",26.455843,80.328103,""
"Bhadohi","railway",25.394966,82.558712,""
"Lusa","railway",24.876271,82.842952,""
"Saktesgarh","railway",24.999293,82.821557,""
"Mahuariya","railway",24.227004,83.310193,""
"Wyndhamganj","railway",24.263384,83.401341,""
"Duddhinagar","railway",24.208616,83.21661,""
"Jharokhas","railway",24.179468,83.16407,""
"Billi Junction","railway",24.461971,83.019173,""
"Chopan","railway",24.513559,83.026389,""
"Churk","railway",24.650798,83.10321,""
"Kangra","railway",32.085148,76.262666,""
"Dera Baba Nanak","railway",32.024905,75.014199,""
"Manigachi","railway",26.21457,86.146249,""
"Kakarghatti","railway",26.183467,85.94858,""
"Vindhyachal Railroad Station","railway",25.160226,82.502465,""
"Karchana","railway",25.313586,81.916015,""
"Khairahi","railway",24.801971,82.986136,""
"Mariahu","railway",25.596877,82.597965,""
"Ahimanpur","railway",25.252222,82.511596,""
"Bhiti","railway",25.333786,82.261924,""
"Jangiganj","railway",25.305271,82.350345,""
"Gopiganj / Gyanpur Road","railway",25.279964,82.427771,""
"Mandi Bamora","railway",24.053476,78.082325,""
"Mahoba Junction","railway",25.306369,79.850276,""
"Kulpahar","railway",25.294812,79.636388,""
"Chithari","railway",25.235611,79.886882,""
"Charkhari Road","railway",25.307338,79.743902,""
"Ghutai","railway",25.289304,79.441962,""
"Raghouli","railway",25.133178,79.889785,""
"Baripura","railway",25.336177,79.938262,""
"Singhpur Dumra","railway",25.066363,79.896898,""
"Ata","railway",26.04436,79.598655,""
"Phaphund","railway",26.632444,79.554517,""
"Shamsabad","railway",27.469666,79.438057,""
"Nibkarori","railway",27.328906,79.410011,""
"Pakhna","railway",27.308268,79.33256,""
"Jasoda","railway",27.083811,79.81918,""
"Harsingpur Goba","railway",27.430131,79.498625,""
"Ugarpur","railway",27.350416,79.506756,""
"Mota","railway",27.28929,79.254265,""
"Kamalganj","railway",27.258687,79.630341,""
"Daryaogonj","railway",27.598135,79.082778,""
"Kampil Road","railway",27.568965,79.259476,""
"Rati Ka Nagla","railway",27.659441,78.258616,""
"Rudain","railway",27.580611,79.184553,""
"Agsauli","railway",27.717785,78.476993,""
"ကြီးနီဘူတာ","railway",20.869132,94.876343,""
"Jalesar City","railway",27.460111,78.305891,""
"Shivwala Tehu","railway",27.382731,78.223734,""
"Mitawali","railway",27.259379,78.20472,""
"Harduaganj","railway",27.990796,78.129076,""
"Kulwa","railway",27.980186,78.009894,""
"Sunamai Halt","railway",28.02174,78.15622,""
"Park Circus","railway",22.54078,88.373881,""
"စိုတွင်း","railway",21.361416,95.109068,""
"Sanjay Gram","railway",25.695,87.897964,""
"Mukuria Junction","railway",25.629612,87.887433,""
"Dalimgaon","railway",25.640363,88.386474,""
"Motichur","railway",29.980708,78.177344,""
"Dhandera","railway",29.843457,77.902101,""
"Devanahalli","railway",13.247542,77.705408,""
"Meerut City Junction","railway",28.978966,77.675699,""
"Malar","railway",27.204211,72.375844,""
"Fatehabad","railway",27.019271,78.299707,""
"Shamshabad Town","railway",27.02501,78.126927,""
"Mahpur","railway",25.604279,83.246482,""
"Sadat","railway",25.673545,83.308921,""
"Dohrighat","railway",26.268405,83.513447,""
"Tori Junction","railway",23.681244,84.74009,""
"Mahuamilan","railway",23.66712,84.798285,""
"Hazaribagh Road","railway",24.174602,85.891895,""
"Kashi Chak","railway",25.071317,85.720241,""
"Sirari","railway",25.132976,85.953249,""
"Akbarnagar","railway",25.235326,86.835349,""
"Sultanganj","railway",25.241497,86.734991,""
"Dilli Dewan Ganj","railway",25.432883,87.778626,""
"Labha","railway",25.439813,87.744595,""
"Pranpur Road","railway",25.462066,87.704341,""
"Kuretha","railway",25.495247,87.643913,""
"Nayatola Railway Station","railway",25.56179,87.603172,""
"Dalan","railway",25.6028,87.563074,""
"Rautara","railway",25.665347,87.528848,""
"Kishanganj","railway",26.098334,87.950442,""
"Rangapani","railway",26.665277,88.376093,""
"Siliguri Town","railway",26.705394,88.43109,""
"Tindharia","railway",26.852115,88.333252,""
"Bari","railway",26.649855,77.617613,""
"Timba Road","railway",22.80874,73.381061,""
"Samlaya Junction","railway",22.484462,73.302536,""
"Kasbe Sukene","railway",20.074345,74.031311,""
"Dahanu Road","railway",19.991524,72.743408,""
"Torang","railway",23.271294,85.858923,""
"Kita","railway",23.364196,85.760843,""
"Bhurkunda","railway",23.637173,85.372175,""
"Khalari","railway",23.65046,85.002925,""
"Patratu","railway",23.666857,85.305651,""
"Pathardih Bazar","railway",23.682887,86.428328,""
"Purulia Junction","railway",23.325579,86.37798,""
"Adityapur","railway",22.782674,86.159036,""
"Birarajpur","railway",22.823281,86.065402,""
"Rajkharsawan Junction","railway",22.733892,85.811396,""
"Bishnupur","railway",23.064773,87.301198,""
"Rainagar","railway",23.068499,87.886208,""
"Tupkadih","railway",23.713607,86.06378,""
"Midnapore","railway",22.425139,87.307685,""
"Chakradharpur","railway",22.678301,85.62706,""
"Madhukunda Railway Station","railway",23.626797,86.869199,""
"Salboni","railway",22.639649,87.321372,""
"Chandrakona Road","railway",22.738743,87.341018,""
"Tetulmari","railway",23.814581,86.343226,""
"Karkend","railway",23.766199,86.369638,""
"Jamuni","railway",23.769575,86.203349,""
"Phulwartanr","railway",23.77535,86.226863,""
"Tentulla","railway",23.790825,86.278066,""
"Khanudih","railway",23.797402,86.202544,""
"Kharkhari","railway",23.768455,86.228132,""
"Gourinathdham","railway",23.39578,86.274466,""
"Jhalda","railway",23.369516,85.973365,""
"Tulin","railway",23.378721,85.901993,""
"Kustaur","railway",23.403172,86.454035,""
"Barlanga","railway",23.444481,85.839314,""
"Mankar","railway",23.420354,87.554796,""
"Ukhra","railway",23.653861,87.233631,""
"Jamuria","railway",23.713623,87.071847,""
"Rupnarayanpur","railway",23.819072,86.886259,""
"Dangtal","railway",26.469278,90.495132,""
"Basugaon","railway",26.460047,90.419707,""
"Mantatti","railway",17.227497,77.509741,""
"Doiwala","railway",30.175903,78.122213,""
"Anuppur Junction","railway",23.117876,81.69647,""
"Birsinghpur","railway",23.366809,81.043477,""
"Burhar","railway",23.212694,81.528569,""
"Jhalwara","railway",23.772473,80.474218,""
"Jukehi","railway",23.985815,80.432488,""
"Maihar","railway",24.256749,80.763734,""
"Mudaria","railway",23.35804,81.09517,""
"Shahdol","railway",23.285924,81.364841,""
"Amlai","railway",23.173088,81.592889,""
"Umaria","railway",23.52306,80.822657,""
"Lagargawan","railway",24.464623,80.814876,""
"Manendragarh","railway",23.21946,82.197761,""
"Sigsigi","railway",24.259499,83.854457,""
"Muhammadganj","railway",24.426831,83.870254,""
"Japla","railway",24.53904,84.002947,""
"Khurai","railway",24.052194,78.330967,""
"Vidisha","railway",23.522579,77.8148,""
"Sawai Madhopur Junction","railway",26.018006,76.356467,""
"Indragarh Sumerganj Mandi","railway",25.728262,76.23279,""
"Boddavara","railway",18.175193,83.113338,""
"Shivalingapuram","railway",18.197314,83.066957,""
"Shimiliguda","railway",18.302765,82.954135,""
"Gorapur","railway",18.346647,82.793963,""
"Darliput","railway",18.349733,82.703627,""
"Dhakuria","railway",22.509107,88.371131,""
"Bacheli","railway",18.703879,81.238708,""
"Dantewara","railway",18.908059,81.355764,""
"Raigarh","railway",21.892306,83.389358,""
"Kirodimal Nagar","railway",21.927236,83.332112,""
"Balangir Junction","railway",20.689174,83.494333,""
"Mandir Hasaud","railway",21.226005,81.77376,""
"Mahasamund","railway",21.113274,82.104416,""
"Kharsia","railway",21.992049,83.104085,""
"Champa Junction","railway",22.034824,82.665212,""
"New Morinda Junction","railway",30.776018,76.488538,""
"Hathua","railway",26.368945,84.340172,""
"Amlori Sarsar","railway",26.291267,84.346237,""
"Harda","railway",22.33904,77.10155,""
"Timarni","railway",22.376271,77.230192,""
"Lalitpur Junction","railway",24.687873,78.395726,""
"Garhmau","railway",25.501705,78.661296,""
"Mandla Fort","railway",22.583858,80.355496,""
"Phulwaria","railway",26.468665,84.255673,""
"Bathua Bazar","railway",26.497172,84.232356,""
"Sipaya","railway",26.558563,84.330243,""
"Kali Road","railway",23.09809,72.578089,""
"Siwan Kachari","railway",26.225814,84.347951,""
"Karchhue","railway",26.231238,84.203731,""
"Kapadvanj","railway",23.019588,73.07894,""
"Sidhwalia","railway",26.334575,84.667764,""
"Manjhagarh","railway",26.417625,84.504527,""
"Banga","railway",31.176988,75.999284,""
"Churaru Takarla","railway",31.592537,76.171283,""
"Jaijon Doaba","railway",31.349905,76.133516,""
"Nawanshahr Daoba Junction","railway",31.121796,76.109075,""
"Naya Nangal","railway",31.379853,76.360036,""
"Rahon","railway",31.059624,76.108499,""
"Saila Khurd","railway",31.292628,76.077409,""
"Una Himachal","railway",31.478735,76.275071,""
"Amb Andaura","railway",31.670355,76.110373,""
"Malupota","railway",31.184555,75.958556,""
"Bahram","railway",31.195906,75.901614,""
"Samba","railway",32.528497,75.120135,""
"Vijaypur Jammu","railway",32.572099,75.021443,""
"Patti","railway",31.287774,74.855469,""
"Kotdwara","railway",29.744628,78.522035,""
"Rusera Ghat","railway",25.745831,86.036053,""
"Narhan","railway",25.747578,85.975345,""
"Bhagwanpur Desu","railway",25.825746,85.847375,""
"Muktapur","railway",25.884718,85.795554,""
"Bihariganj","railway",25.732045,86.992414,""
"Nainpur Junction","railway",22.425829,80.109471,""
"Samnapur","railway",21.941876,80.156421,""
"Padriganj","railway",22.316648,80.113855,""
"Charghat Pipari","railway",23.038159,79.923726,""
"Bodeli","railway",22.269829,73.716143,""
"Chhota Udepur","railway",22.314874,74.014107,""
"Waghai","railway",20.772558,73.500352,""
"Vagara","railway",21.849534,72.84449,""
"Bhadran","railway",22.35685,72.891513,""
"Bochasan Junction","railway",22.40191,72.848636,""
"Petlad Junction","railway",22.485725,72.801711,""
"Balwantpura Chelasi","railway",27.883579,75.245162,""
"Murliganj","railway",25.888766,86.999489,""
"Baijnathpur","railway",25.900678,86.653793,""
"Budhma Station","railway",25.901012,86.864621,""
"Dauram Madhepura","railway",25.908467,86.782938,""
"Araria Court","railway",26.114822,87.447284,""
"Arariya","railway",26.136362,87.411945,""
"Dantan","railway",21.930554,87.284002,""
"Rajula City","railway",21.046721,71.456103,""
"Anandpur Sahib","railway",31.229986,76.500578,""
"Siddhpur","railway",23.918279,72.368185,""
"Vadnagar","railway",23.785362,72.633213,""
"Visnagar","railway",23.702629,72.54205,""
"Taranga Hill","railway",23.959066,72.711022,""
"Kottayam","railway",9.594478,76.532283,""
"Kadakola","railway",12.19082,76.663885,""
"Sagar Jambagaru","railway",14.170083,75.023513,""
"Mumbra","railway",19.189943,73.023075,""
"Dativali","railway",19.187105,73.059181,""
"Jamsher Khas","railway",31.242821,75.607161,""
"Khojewala","railway",31.359467,75.469165,""
"Suranussi","railway",31.380579,75.542636,""
"Suchipind","railway",31.334974,75.617617,""
"Alawalpur","railway",31.42553,75.642859,""
"Navalur","railway",15.41521,75.056203,""
"Kumta","railway",14.43724,74.421244,""
"Gokarna Road","railway",14.583847,74.367729,""
"Honnavar","railway",14.315901,74.432402,""
"Nabha","railway",30.363498,76.14607,""
"Pilu Khera","railway",29.35605,76.498307,""
"Siwaha","railway",29.33689,76.447723,""
"Narwasi","railway",28.764791,75.409769,""
"Sidmukh","railway",28.893514,75.290577,""
"Sadulpur Junction","railway",28.631592,75.386369,""
"Suratpura Junction","railway",28.662057,75.407037,""
"Jhunjhunun","railway",28.107089,75.390029,""
"Chak Dayala","railway",32.479676,75.304142,""
"Hira Nagar","railway",32.487069,75.268159,""
"Kathua","railway",32.398112,75.550694,""
"Madhopur Punjab","railway",32.36097,75.595746,""
"Sujanpur","railway",32.31259,75.613307,""
"Budhi","railway",32.440625,75.43543,""
"Chhan Arorian","railway",32.461472,75.358719,""
"Barpeta Road","railway",26.502126,90.964571,""
"Basudebpur","railway",24.63586,87.980989,""
"Pathsala","railway",26.497126,91.17772,""
"Sorbhog","railway",26.494564,90.888729,""
"Nimtita","railway",24.623835,88.009561,""
"Sidlagatta","railway",13.392071,77.864154,""
"Sangli","railway",16.858441,74.588084,""
"Jayasingpur","railway",16.790733,74.550985,""
"পঞ্চগড়","railway",26.330084,88.540448,""
"পীরগঞ্জ","railway",25.859262,88.357827,""
"সৈয়দপুর","railway",25.787029,88.893148,""
"নীলফামারী রেল স্টেশন","railway",25.949076,88.835842,""
"Dundlod Mukandgarh","railway",27.938878,75.237208,""
"Nim Ka Thana","railway",27.742089,75.779305,""
"Amta","railway",22.574403,88.018885,""
"Domjur","railway",22.643163,88.209549,""
"Bargachia","railway",22.666749,88.13807,""
"Talpur Halt","railway",22.875272,87.974646,""
"Rani Gaidinliu station","railway",24.742335,93.237096,""
"Tupul","railway",24.804899,93.674755,""
"Shribar","railway",24.816535,93.009949,""
"Khongsang","railway",24.835836,93.488254,""
"Jaora","railway",23.629148,75.115944,""
"Mandsor","railway",24.075288,75.076299,""
"Nimach","railway",24.462465,74.850114,""
"Nimbahera","railway",24.623677,74.694601,""
"Namli","railway",23.455517,75.066985,""
"Dalauda","railway",23.9489,75.105923,""
"Harkia Khal","railway",24.363089,74.919012,""
"Udupi","railway",13.336099,74.770758,""
"Baramati","railway",18.153718,74.5782,""
"Maladgaon","railway",18.373481,74.592518,""
"Palsana","railway",27.48575,75.377683,""
"Goriyan","railway",27.547606,75.26534,""
"Ettimadai","railway",10.898476,76.895974,""
"Karaimadai","railway",11.239301,76.958363,""
"Sahibzada Ajitsingh Nagar (Mohali)","railway",30.665982,76.73961,""
"Chakand Railway Station","railway",24.891395,84.995628,""
"Morbi","railway",22.824388,70.831268,""
"Wankaner Junction","railway",22.622376,70.963741,""
"Dahinsara Junction","railway",22.955834,70.618224,""
"Binnaguri","railway",26.747008,89.053669,""
"HITEC City","railway",17.469814,78.385378,""
"Bareilly Cantt. Junction (Chanehti)","railway",28.310924,79.427534,""
"Kasganj Junction","railway",27.801985,78.646127,""
"Ramganga","railway",28.29831,79.376062,""
"Clutter Buck Ganj","railway",28.396289,79.37195,""
"Baran","railway",25.095267,76.507049,""
"Bhonra","railway",25.177932,76.157863,""
"Banda","railway",25.47753,80.334921,""
"Malda Court","railway",25.011353,88.162832,""
"Jalal Khali","railway",23.347148,88.514017,""
"Pagla Chandi","railway",23.731803,88.305452,""
"রহনপুর রেলওয়ে ষ্টেশন","railway",24.820454,88.319461,""
"Dabhoi Junction","railway",22.137626,73.415553,""
"কাউনিয়া জংশন","railway",25.77779,89.423625,""
"লালমনিরহাট জংশন","railway",25.911828,89.445373,""
"তুষ ভাণ্ডার রেল ষ্টেশন","railway",25.967529,89.202246,""
"পাটগ্রাম রেলওয়ে স্টেশন","railway",26.343758,89.021332,""
"Kharar","railway",30.726668,76.636216,""
"Karaikkudi Junction","railway",10.069667,78.793967,""
"Bibinagar","railway",17.470742,78.794704,""
"Hindupur","railway",13.818776,77.499936,""
"Cavalry Barracks","railway",17.49535,78.519068,""
"Malkajgiri","railway",17.448344,78.528973,""
"Borabanda","railway",17.459069,78.407866,""
"Bharath Nagar","railway",17.462603,78.430156,""
"Dhemaji","railway",27.489465,94.542505,""
"Kesinga","railway",20.190639,83.222774,""
"Mallarpur","railway",24.077625,87.725269,""
"Ramkanali Junction","railway",23.579157,86.761948,""
"Mendipathar","railway",25.914975,90.63386,""
"Ekma","railway",25.966274,84.537003,""
"Teknewas","railway",25.807375,84.689931,""
"Kopa Samhota","railway",25.851827,84.652985,""
"Daudpur","railway",25.906766,84.59106,""
"Shri Vijainagar","railway",29.240309,73.522709,""
"Gadag Junction","railway",15.436474,75.642161,""
"Lottegollahalli","railway",13.04347,77.563084,""
"Hulkoti","railway",15.433187,75.528884,""
"Harihar","railway",14.515354,75.811048,""
"Girimaidan","railway",22.340916,87.306956,""
"Khadeen","railway",25.728931,71.12796,""
"Bhagega","railway",27.677181,75.721051,""
"Multai","railway",21.782845,78.263508,""
"Saoner Junction","railway",21.387721,78.926448,""
"Seoni","railway",22.07507,79.545897,""
"Shapur Junction","railway",21.477654,70.3707,""
"Balwa","railway",21.894621,69.954287,""
"আক্কেলপুর","railway",24.964594,89.015757,""
"বগুড়া রেলওয়ে স্টেশন","railway",24.848569,89.366668,""
"ছাতিয়ানগ্রাম","railway",24.843859,88.994465,""
"হিলি","railway",25.277513,89.006992,""
"জয়পুরহাট","railway",25.098996,89.026036,""
"পাঁচবিবি","railway",25.188518,89.021565,""
"Raiganj","railway",25.618718,88.129033,""
"Bhowanipur Railway Station","railway",25.586359,88.939848,""
"আব্দুলপুর জংশন","railway",24.259873,88.971789,""
"ঈশ্বরদী জংশন","railway",24.130246,89.062786,""
"গোয়ালন্দ ঘাট","railway",23.761875,89.780452,""
"ফেঞ্চুগঞ্জ","railway",24.697664,91.943377,""
"শ্যামগঞ্জ জংশন","railway",24.838141,90.579351,""
"জারিয়া ঝাঞ্জাইল","railway",25.009533,90.648785,""
"ছাতক বাজার","railway",25.028717,91.656596,""
"Chikodi Road","railway",16.371995,74.769678,""
"জয়দেবপুর জংশন","railway",23.998039,90.420312,""
"বাল্লা","railway",24.084813,91.593387,""
"Ramnagar","railway",29.389647,79.121861,""
"Narasambudhi","railway",12.075519,76.749501,""
"Cheppad Halt Station","railway",9.233008,76.476811,""
"Sunam Udham Singh Wala","railway",30.129997,75.808292,""
"Kalpi","railway",26.120063,79.75609,""
"বালাবাড়ী হাট","railway",25.584174,89.668087,""
"কুড়িগ্রাম","railway",25.807557,89.621296,""
"Mettupalayam","railway",11.299052,76.93547,""
"Ujhani","railway",27.99511,79.015314,""
"Meralgram","railway",24.197401,83.709873,""
"Nagar Untari","railway",24.285264,83.513714,""
"Dhanwar","railway",24.42362,85.965356,""
"Garhmuktesar Bridge","railway",28.760663,78.141259,""
"Ichhapur","railway",22.799826,88.37391,""
"Bayana Junction","railway",26.916053,77.296419,""
"Pandavapura","railway",12.463777,76.681066,""
"Narasaraopet","railway",16.23013,80.040382,""
"Tharwai","railway",25.53925,81.914583,""
"Bobbili Junction","railway",18.576416,83.346054,""
"Salur","railway",18.527159,83.206245,""
"Rompalle","railway",18.54362,83.252073,""
"Malkhaid Road","railway",17.14741,77.174304,""
"Chandan Chauki","railway",28.54502,80.769769,""
"Padugupadu","railway",14.498067,79.990046,""
"Alwar Junction","railway",27.56049,76.621353,""
"Etah","railway",27.572166,78.65396,""
"Mania","railway",26.805879,77.919798,""
"Jajau","railway",26.934084,77.936239,""
"Bhandai Junction","railway",27.06868,77.966583,""
"Haridaspur","railway",20.724248,86.117222,""
"Kendujhargarh","railway",21.660464,85.626611,""
"Naranpur","railway",21.617144,85.637232,""
"Sukinda Road Junction","railway",20.975038,86.051403,""
"Tomka Jn.","railway",21.107736,85.976178,""
"Baghuapal","railway",21.042081,86.012893,""
"Shujalpur","railway",23.380576,76.72321,""
"Salpura","railway",24.770335,76.734248,""
"Chhabra Gugor","railway",24.6798,76.851588,""
"Lanka","railway",25.915741,92.95765,""
"Hojai","railway",26.001873,92.852035,""
"New Sisibargaon","railway",27.535759,94.684826,""
"Boxirhat","railway",26.306912,89.737518,""
"Obra Dam","railway",24.439518,82.977431,""
"Sonbhadra","railway",24.683185,83.078084,""
"Harmuti Junction","railway",27.119019,93.860607,""
"Gevra Road","railway",22.349193,82.646206,""
"Krishna Junction","railway",16.410567,77.32885,""
"Shakti Nagar","railway",24.122947,82.704586,""
"Phalodi Junction","railway",27.125755,72.366672,""
"Mourigram","railway",22.580265,88.25603,""
"Ghosipura","railway",26.212878,78.152237,""
"Jora Alapur","railway",26.344581,77.802299,""
"Kudachi","railway",16.62429,74.858412,""
"Ugar Khurd","railway",16.67012,74.821032,""
"Raybag","railway",16.483705,74.807112,""
"Koth Gangad","railway",22.627113,72.300668,""
"Bavla","railway",22.833587,72.364745,""
"Gojhariya","railway",23.482871,72.556522,""
"Vijapur","railway",23.559094,72.74494,""
"Idar","railway",23.836226,73.011462,""
"Bhilad","railway",20.275493,72.887325,""
"Kangra Mandir","railway",32.09741,76.2869,""
"Kosad","railway",21.261196,72.867483,""
"Marwar Bagra","railway",25.209368,72.594971,""
"Una","railway",20.819564,71.03641,""
"Malsar","railway",21.889859,73.315439,""
"Sarkhej","railway",22.982102,72.497519,""
"Jalila Road","railway",22.242753,71.803371,""
"Hosapete Junction","railway",15.286535,76.386583,""
"Bhavnagar Para","railway",21.770886,72.119012,""
"Khodiyar Mandir","railway",21.739323,72.004415,""
"Vartej","railway",21.746068,72.055192,""
"Maliya Miyana Junction","railway",23.10346,70.754791,""
"Savarkundla","railway",21.335506,71.313086,""
"Faridabad","railway",28.410762,77.307077,""
"Bhalej","railway",22.635477,73.038537,""
"Dakor","railway",22.746613,73.157852,""
"Umreth","railway",22.69313,73.119451,""
"Halvad","railway",23.018242,71.183382,""
"Barwaha","railway",22.256132,76.030994,""
"Omkareshwar Road","railway",22.214937,76.046457,""
"Patal Pani","railway",22.513963,75.796904,""
"Kalyani Main","railway",22.969159,88.467418,""
"Dekargaon","railway",26.680607,92.762828,""
"Humanabad","railway",17.771508,77.139369,""
"Adgaon Buzurg","railway",21.127795,76.943668,""
"Akot","railway",21.095672,77.046729,""
"Krishna Canal Junction","railway",16.477258,80.606004,""
"Akola Junction","railway",20.724169,77.005624,""
"Ugwe","railway",20.805869,77.009234,""
"Thukaithad","railway",21.427665,76.670625,""
"Gurhi","railway",21.630122,76.581256,""
"Mordar","railway",21.742631,76.449598,""
"Aambliyasan Junction","railway",23.449713,72.422381,""
"Langhnaj","railway",23.457394,72.493387,""
"Malout","railway",30.185383,74.496193,""
"Vankal","railway",21.439818,73.230264,""
"Rajathgarh Junction","railway",20.575791,85.742303,""
"Diamond Harbour","railway",22.19258,88.191112,""
"Jharkhandi","railway",27.43321,82.18037,""
"Balganur","railway",15.594704,75.602769,""
"Mota Miya Mangrol","railway",21.461507,73.153719,""
"Zankhvav","railway",21.451457,73.316723,""
"Shri Karanpur","railway",29.843214,73.458399,""
"Chajli","railway",30.043122,75.812945,""
"Burhanpur","railway",21.334818,76.199833,""
"Diphu","railway",25.837194,93.438366,""
"Banni Koppa","railway",15.406497,75.941753,""
"Lonand","railway",18.04068,74.190221,""
"Nira","railway",18.105446,74.208078,""
"Phaltan","railway",18.008609,74.415433,""
"Makronia","railway",23.866567,78.809228,""
"Palta","railway",22.782629,88.370275,""
"Rohtak Junction","railway",28.89092,76.579626,""
"Karjana","railway",23.330259,87.88921,""
"Karjanagram","railway",23.344633,87.892274,""
"Balgona","railway",23.458066,87.950407,""
"Kaichar","railway",23.536817,88.011558,""
"Shripat Shrikhanda","railway",23.603816,88.069773,""
"Shrikhanda","railway",23.595681,88.061684,""
"Diara","railway",22.798526,88.281169,""
"Raxaul","railway",26.986874,84.844722,""
"Amreli","railway",21.607881,71.228115,""
"Baraigram Junction","railway",24.682579,92.341227,""
"Hasnabad","railway",22.571082,88.913531,""
"Taki Road","railway",22.587948,88.915932,""
"Madhyampur","railway",22.620364,88.896665,""
"Dhatrigram","railway",23.277971,88.311922,""
"Samudra Garh","railway",23.335763,88.324866,""
"Kalinagar","railway",23.365889,88.335908,""
"Chowrigacha","railway",23.943202,88.187062,""
"Karnasubarna","railway",24.026959,88.178045,""
"Khagraghat Road","railway",24.106597,88.226509,""
"Chandrapur","railway",19.960328,79.300134,""
"Indrabil","railway",23.445244,86.781739,""
"Bondamunda","railway",22.235903,84.925499,""
"Tiptur","railway",13.255759,76.475633,""
"Kendposi","railway",22.27974,85.72693,""
"Mulund","railway",19.172137,72.956697,""
"King's Circle","railway",19.031682,72.857737,""
"Noli","railway",28.744327,77.309629,""
"Vedaranniyam","railway",10.377622,79.855367,""
"Topputurai","railway",10.396298,79.848868,""
"Kuruvappulam","railway",10.419606,79.787167,""
"Agastiyampalli","railway",10.355047,79.850209,""
"Kariyappattinam","railway",10.452742,79.738125,""
"Thalassery","railway",11.753893,75.492306,""
"Bakra Road","railway",25.213661,72.488712,""
"Deoghar Junction","railway",24.511735,86.697163,""
"Nawadih Halt","railway",24.556253,86.705497,""
"Gudageri","railway",15.124597,75.359553,""
"Thiruvananthapuram North","railway",8.510334,76.897047,""
"Neyvilakku","railway",10.408638,79.811383,""
"Sird","railway",27.486656,72.509058,""
"রাজশাহী","railway",24.375003,88.608568,""
"Chandannagar","railway",22.867071,88.35408,""
"Jagaddal","railway",22.851679,88.395407,""
"Mankundu","railway",22.847312,88.34713,""
"Sakleshpur","railway",12.945377,75.77895,""
"পোড়াদহ জংশন","railway",23.86468,89.032612,""
"Naharlagun","railway",27.130855,93.709712,""
"Ganagapur Road","railway",17.340746,76.589503,""
"Asnoti","railway",14.87629,74.147593,""
"Jagadishpur","railway",24.272784,86.525121,""
"Koderma Town","railway",24.46581,85.609908,""
"Gobarwahi","railway",21.514576,79.723092,""
"Tirodi","railway",21.680086,79.71668,""
"Mandideep","railway",23.093838,77.51143,""
"Mahroi","railway",23.950893,80.918771,""
"Revur Ramapuram","railway",16.852008,80.006795,""
"Begu Sarai","railway",25.425108,86.134511,""
"Garhpura","railway",25.659307,86.207152,""
"Hasanpur Road","railway",25.71483,86.185801,""
"Salauna","railway",25.602399,86.261179,""
"Biraul","railway",25.938513,86.233193,""
"Bithan","railway",25.698477,86.28099,""
"Kantakosh","railway",25.334009,87.674416,""
"Ambala Cantonment Junction","railway",30.338243,76.828696,""
"Karsindhu","railway",29.391291,76.731292,""
"Safidon","railway",29.397696,76.661804,""
"Firozabad","railway",27.147882,78.386383,""
"Indi Road","railway",17.21085,75.918869,""
"Elimala","railway",12.068728,75.23089,""
"Sujangarh","railway",27.709355,74.46429,""
"Sason","railway",21.559397,84.039081,""
"Castle Rock","railway",15.398753,74.333893,""
"Mayakonda","railway",14.277983,76.087015,""
"Sodpur","railway",22.69964,88.382297,""
"Khardaha","railway",22.72485,88.37771,""
"Surathkal","railway",12.990243,74.805352,""
"လက်ပံတန်း","railway",17.782062,95.747481,""
"Krishnaraja Nagar","railway",12.444993,76.388419,""
"Bisale Halli","railway",13.481428,75.967047,""
"Wadhwan City","railway",22.702801,71.672393,""
"Ankleshwar Junction","railway",21.625615,73.001118,""
"Mantralayam Road","railway",15.944317,77.298439,""
"Kudal","railway",16.017235,73.678052,""
"Sawantwadi Road","railway",15.866463,73.785083,""
"Kuntighat","railway",23.017102,88.413587,""
"Khamargachhi","railway",23.054111,88.443944,""
"Guptipara","railway",23.196931,88.418217,""
"Ambika Kalna","railway",23.212637,88.35387,""
"Baghnapara","railway",23.242185,88.328988,""
"Sanvordem Curchorem","railway",15.264103,74.108541,""
"Valapattanam","railway",11.927376,75.346371,""
"Payangadi","railway",12.021666,75.260195,""
"Chandar Goa","railway",15.264771,74.047636,""
"Sonalium","railway",15.30957,74.298593,""
"Hole Alur","railway",15.82027,75.646746,""
"Kundapura","railway",13.613374,74.728686,""
"Peeplee Ka Bas","railway",26.910644,75.268924,""
"Bhanwsa","railway",26.833116,75.217351,""
"Coromandel","railway",12.975655,78.257805,""
"Yediyur","railway",12.979001,76.86386,""
"Chandragiri","railway",13.611712,79.312278,""
"Nayagarh","railway",21.839339,85.433532,""
"Dangoaposi","railway",22.167692,85.593724,""
"Gua","railway",22.215261,85.380498,""
"Barsuan","railway",21.84451,85.119477,""
"Bimlagarh Junction","railway",21.967939,85.010144,""
"Gunupur","railway",19.069836,83.810603,""
"Thampalakamam","railway",8.498339,81.09535,""
"Ganthalawa","railway",8.416586,81.036773,""
"Mullipotana","railway",8.445031,81.061874,""
"Didwana","railway",27.406116,74.557796,""
"Khamil Ghat","railway",25.555946,73.865996,""
"Katangi","railway",21.765434,79.809908,""
"Tumsar Town","railway",21.383366,79.74139,""
"Waraseoni","railway",21.771272,80.057556,""
"Lakhanwara","railway",21.785124,79.873828,""
"Saongi","railway",21.796855,79.998008,""
"Bangaon Junction","railway",23.030572,88.832973,""
"দর্শনা রেলওয়ে জংশন","railway",23.526468,88.797129,""
"Gede","railway",23.490999,88.786935,""
"Sonua","railway",22.576242,85.464589,""
"Petrapole","railway",23.036696,88.868687,""
"Banpur","railway",23.451567,88.76152,""
"Nangal Mundi","railway",28.250387,76.499072,""
"Dahina Zainabad","railway",28.290845,76.391716,""
"Kanina Khas","railway",28.32143,76.301923,""
"Chintakani","railway",17.123911,80.203115,""
"Zerpur Pali","railway",28.325372,76.097292,""
"Nagalawancha","railway",17.074722,80.228478,""
"Jharli","railway",28.506695,76.373843,""
"Motumari","railway",16.956019,80.320781,""
"Madhira","railway",16.922272,80.365554,""
"Tondalagopavaram","railway",16.867925,80.43071,""
"Gangineni","railway",16.744965,80.519639,""
"Errupalem","railway",16.825095,80.47167,""
"Cheruvu Madhavaram","railway",16.688481,80.542161,""
"Ateli","railway",28.100659,76.253532,""
"Kathuwas","railway",28.133338,76.344103,""
"Kund","railway",28.144196,76.393252,""
"Khori","railway",28.188514,76.502183,""
"Chabua","railway",27.481132,95.171821,""
"Dikom","railway",27.463866,95.080452,""
"Jatusana","railway",28.330101,76.521287,""
"Gokulgarh","railway",28.246754,76.617652,""
"Palhawas","railway",28.359565,76.629712,""
"Manheru","railway",28.70053,76.2034,""
"Bhiwani Junction","railway",28.80057,76.124493,""
"Bhiwani City","railway",28.825391,76.144005,""
"Gandhi Nagar Jaipur","railway",26.872802,75.79922,""
"雁石坪","railway",33.580947,92.071001,""
"Bamla","railway",28.831188,76.229393,""
"Kalanaur Kalan","railway",28.833659,76.386479,""
"Lahli","railway",28.85389,76.446353,""
"Machhrauli","railway",28.486429,76.643426,""
"Jhajjar Junction","railway",28.593399,76.638772,""
"Dighal","railway",28.741507,76.640067,""
"Asthal Bohar Junction","railway",28.858154,76.629053,""
"Hodal","railway",27.886502,77.388131,""
"Asaoti","railway",28.253176,77.323616,""
"Khurja City","railway",28.253463,77.842271,""
"Sarsawa","railway",30.023901,77.423898,""
"Unchhera","railway",24.380846,80.794214,""
"Depalsar","railway",28.236759,74.920777,""
"Nathnagar","railway",25.236567,86.935111,""
"Chirawa","railway",28.223403,75.650335,""
"Tulukapati","railway",9.459116,77.933636,""
"Damalcheruvu","railway",13.478555,79.056011,""
"Piler","railway",13.662599,78.928078,""
"Barasat Junction","railway",22.724194,88.483783,""
"Belgharia","railway",22.661361,88.389214,""
"Seoraphuli Jn","railway",22.774804,88.328358,""
"Baidyabati","railway",22.79491,88.331772,""
"Bhadreshwar","railway",22.828202,88.341494,""
"Chakdaha","railway",23.078719,88.5298,""
"Madanpur","railway",23.005411,88.489806,""
"Palpara","railway",23.060469,88.521298,""
"Kalinarayanpur Junction","railway",23.208055,88.573187,""
"Habibpur","railway",23.211744,88.538963,""
"Bishnupriya","railway",23.414045,88.355476,""
"Bhandartikuri","railway",23.432899,88.330027,""
"Purbasthali","railway",23.452598,88.324863,""
"Mertala Phaleya","railway",23.479578,88.320792,""
"Lakshimipur","railway",23.502978,88.303133,""
"Belerhat","railway",23.520854,88.284413,""
"Patuli","railway",23.547386,88.252112,""
"Agradwip","railway",23.581217,88.226288,""
"Dainhat","railway",23.600756,88.171636,""
"Sonbarsa Kacheri","railway",25.793799,86.596093,""
"Panchgachia","railway",25.970211,86.599115,""
"Supaul","railway",26.117611,86.603038,""
"Garh Baruari","railway",26.019484,86.605627,""
"Tharbitia","railway",26.219081,86.657984,""
"Saraigarh","railway",26.293526,86.737672,""
"Raghopur","railway",26.300048,86.838885,""
"Gurgaon","railway",28.489087,77.011157,""
"Banka","railway",24.866853,86.912574,""
"Barahat Junction","railway",24.920427,87.010407,""
"Dhauni","railway",25.010516,86.993838,""
"Tikani","railway",25.107979,86.99314,""
"Kharik","railway",25.389125,87.016517,""
"Dhamara Ghat","railway",25.590991,86.599384,""
"Koparia","railway",25.662217,86.598602,""
"Simultala","railway",24.714074,86.542006,""
"Sherekan","railway",29.555498,74.434278,""
"Pulgaon Junction","railway",20.726258,78.317553,""
"Jamui","railway",24.972737,86.255114,""
"Kajra","railway",25.182345,86.262255,""
"Bariarpur","railway",25.280799,86.575343,""
"Bap","railway",27.378786,72.385466,""
"نارووال جکشن","railway",32.10122,74.864581,""
"پسرور","railway",32.273489,74.668744,""
"چونڈہ","railway",32.343389,74.698508,""
"Naya Nagar","railway",25.750418,86.111509,""
"Vidyapatidham","railway",25.601811,85.802285,""
"Sandila","railway",27.060076,80.516318,""
"Parisal","railway",27.681884,76.615403,""
"Sanawad","railway",22.177778,76.073791,""
"Shahpur Patori","railway",25.639293,85.581387,""
"Mehnar Road","railway",25.654279,85.504457,""
"Sahadai Buzurg","railway",25.661285,85.454848,""
"Desari","railway",25.667843,85.408583,""
"Kharpokhra","railway",27.142527,84.152866,""
"Nadbai","railway",27.213498,77.206531,""
"Campierganj","railway",27.025154,83.266202,""
"Hole Narsipur","railway",12.785365,76.246634,""
"Unchi Bassi","railway",31.862379,75.642912,""
"Hindumalkot","railway",30.136468,73.91664,""
"Kailaras","railway",26.303758,77.618975,""
"Mahabubabad","railway",17.597554,80.000593,""
"Sirsa","railway",29.53893,75.035681,""
"Baragudha","railway",29.697464,75.001841,""
"West Hill","railway",11.285163,75.765038,""
"Srirampuram","railway",17.117701,79.213157,""
"Banasandra","railway",13.265551,76.660606,""
"Ammasandra","railway",13.264938,76.712066,""
"Bhikhna Thori","railway",27.333121,84.614448,""
"Achalpur","railway",21.277739,77.519205,""
"Bhokar","railway",19.213974,77.667109,""
"Yavatmal 1","railway",20.387467,78.119884,""
"Umred","railway",20.851233,79.331215,""
"Palakkodu","railway",12.297022,78.071678,""
"Marandahalli","railway",12.389297,78.017355,""
"Pipavav","railway",20.931752,71.474182,""
"Dulmera","railway",28.407056,73.656217,""
"Lunkaransar","railway",28.49313,73.743143,""
"Kanasar","railway",28.139444,73.327922,""
"Karanja","railway",20.491975,77.481248,""
"Pohe","railway",20.529459,77.469496,""
"Pahur","railway",20.715439,75.683689,""
"Nizchatia","railway",26.769328,93.163733,""
"Dhalai Beel","railway",26.791623,92.923201,""
"Inchhapuri","railway",28.320093,76.718855,""
"Tangla","railway",26.657191,91.905208,""
"Tufanganj","railway",26.302953,89.665564,""
"Kardi","railway",13.267193,76.572312,""
"Banashankari","railway",13.266642,76.524653,""
"Akkurti","railway",13.783337,79.669141,""
"Yellakaru","railway",13.846557,79.649569,""
"Kommarapudi","railway",14.276923,79.901934,""
"Sampige Road","railway",13.270964,76.762269,""
"Nittur","railway",13.302648,76.855952,""
"Shakurbasti","railway",28.681407,77.127568,""
"Ballabgarh","railway",28.340262,77.3122,""
"Faridabad New Town","railway",28.377372,77.309472,""
"Diplana","railway",29.182393,74.881258,""
"Tahsil Bhadra","railway",29.101785,75.161321,""
"Nohar","railway",29.192235,74.774342,""
"Tughlakabad","railway",28.503442,77.297051,""
"Sehore","railway",23.214742,77.078289,""
"Oorgaum","railway",12.954284,78.259983,""
"Makkajipalli","railway",14.195996,77.628475,""
"Rangepalli","railway",14.024487,77.575685,""
"Adarshnagar","railway",26.410942,74.653534,""
"Venkatagiri","railway",13.944251,79.604487,""
"Ashok Nagar","railway",24.579243,77.727973,""
"Chirgaon","railway",25.575412,78.806715,""
"Barnagar","railway",23.060305,75.376897,""
"Marwar Lohwat","railway",26.982022,72.590011,""
"Lahoal","railway",27.452698,94.999501,""
"Chilbila Junction","railway",25.946861,82.004027,""
"Pratapgarh Junction","railway",25.911588,82.000789,""
"Misrauli","railway",26.113979,81.848257,""
"Thakurganj","railway",26.427467,88.128953,""
"Jalandhar City Junction","railway",31.331223,75.590718,""
"Aslu","railway",28.368516,75.07516,""
"Desur","railway",15.752854,74.498563,""
"Julmi","railway",24.602711,75.986367,""
"Phulad","railway",25.622745,73.811927,""
"Nathdwara","railway",24.912186,73.913749,""
"Udaipur","railway",23.51054,91.47988,""
"Surendranagar Gate","railway",22.734926,71.63669,""
"Sondad","railway",21.085274,80.095778,""
"Channapatna","railway",12.659373,77.203893,""
"Bamra","railway",22.051651,84.291562,""
"Garposh","railway",22.134413,84.420475,""
"Bakaspur","railway",22.979494,84.95379,""
"Bolpur Shantiniketan","railway",23.658043,87.698828,""
"Prantik","railway",23.695851,87.69402,""
"Aranghata","railway",23.242173,88.613518,""
"Piali","railway",22.387313,88.518888,""
"Banmankhi Junction","railway",25.884955,87.194437,""
"Namkhana","railway",21.771765,88.238991,""
"Kashinagar","railway",21.905006,88.200802,""
"Madhabnagar","railway",21.937549,88.219461,""
"Nishchintapur","railway",21.973427,88.214238,""
"Gazole","railway",25.22485,88.197986,""
"Janakinagar","railway",25.882054,87.119468,""
"Savalyapuram Junction","railway",16.102885,79.820179,""
"Murarai","railway",24.440357,87.858583,""
"Panchra","railway",23.772083,87.330298,""
"Dubrajpur","railway",23.803031,87.379095,""
"Chinpai","railway",23.826772,87.435102,""
"Dhulian Ganga","railway",24.671723,87.938843,""
"Dina Nagar","railway",32.133297,75.467288,""
"Garhshankar","railway",31.223983,76.138469,""
"Sarna","railway",32.253247,75.578354,""
"Meramandali","railway",20.801918,85.305319,""
"Jorai","railway",26.454934,89.804446,""
"Neoranadi","railway",26.741827,88.747156,""
"Baradighi","railway",26.797435,88.740105,""
"Gudivada Junction","railway",16.430575,80.98843,""
"Ambala City","railway",30.378075,76.764645,""
"Dukheri","railway",30.294013,76.88643,""
"Mirthal","railway",32.112547,75.60834,""
"Kandrori","railway",32.184633,75.669442,""
"Faridkot","railway",30.682651,74.762086,""
"Giddarbaha","railway",30.201256,74.662133,""
"Golehwala","railway",30.789742,74.704598,""
"Kasu Begu","railway",30.869519,74.665651,""
"Eluru","railway",16.718103,81.119476,""
"Kaikaluru","railway",16.550565,81.217662,""
"Nuzvid","railway",16.650144,80.962251,""
"Murdeshwar","railway",14.100819,74.505423,""
"Timmanacherla","railway",15.16254,77.395122,""
"Banspani","railway",22.000815,85.423657,""
"Ramganj Mandi Junction","railway",24.643997,75.939932,""
"Karunagapalli railway station","railway",9.065225,76.544645,""
"Edduladoddi","railway",15.329145,77.590573,""
"রংপুর","railway",25.728403,89.264018,""
"Vikram Nagar","railway",23.161783,75.817996,""
"Sangaria","railway",29.793148,74.466308,""
"Khinaniyan","railway",29.346067,74.717605,""
"Pili Bangan","railway",29.483881,74.078844,""
"Banisar","railway",28.067013,73.894118,""
"Sudsar","railway",28.012451,73.786347,""
"Arjansar","railway",28.931939,73.871807,""
"Malkisar","railway",28.644104,73.865337,""
"Nokhra","railway",27.608562,72.665562,""
"Thiruvananthapuram Pettah","railway",8.495028,76.931775,""
"Kila Kadaiyam","railway",8.818602,77.380938,""
"Ravanasamudram","railway",8.80459,77.377464,""
"Mettur","railway",8.873534,77.370046,""
"Birur Junction","railway",13.593229,75.973015,""
"Pullampadi","railway",10.93968,78.917111,""
"ہیبت شھید","railway",28.279468,69.003403,""
"Agarpara","railway",22.682878,88.385364,""
"کشمور","railway",28.438616,69.583456,""
"Raipur Haryana","railway",29.154532,75.770925,""
"Lingampalli","railway",17.483123,78.317773,""
"Satrod","railway",29.107753,75.821503,""
"Harnaut","railway",25.371682,85.540618,""
"Dhirera","railway",28.360903,73.598563,""
"Gajsinghpur","railway",29.657989,73.437508,""
"Jaitsar","railway",29.345311,73.662191,""
"Kesri Singhpur","railway",29.950924,73.619259,""
"Mahajan","railway",28.79395,73.853632,""
"Nathwana","railway",28.564972,73.815787,""
"Rai Singh Nagar","railway",29.537278,73.450552,""
"Sarupsar Junction","railway",29.354903,73.700569,""
"Dabli Rathan","railway",29.543049,74.191383,""
"Rangmahal","railway",29.392159,73.960059,""
"Banwali","railway",29.920093,74.030012,""
"Dhaban","railway",29.859651,74.54187,""
"Dholipal","railway",29.76071,74.251915,""
"Kalyankot","railway",29.274765,73.600675,""
"Ramsinghpur","railway",29.174729,73.375019,""
"Talwara Jhil","railway",29.511788,74.587051,""
"Tibi","railway",29.542932,74.501689,""
"Bigga","railway",28.051161,74.146012,""
"Gadhwala","railway",27.970314,73.455394,""
"Juharpura","railway",28.195789,74.84057,""
"Rajaldesar","railway",28.033542,74.477974,""
"Shri Dungargarh","railway",28.070893,74.005983,""
"Anupshahr","railway",28.947519,75.212306,""
"Gogameri","railway",29.160056,75.035035,""
"Kalana","railway",29.006715,75.171923,""
"Bissau","railway",28.241921,75.060795,""
"Fatehpur Shekhawati","railway",28.000065,74.970619,""
"Harpalu","railway",28.569187,75.4911,""
"Jerthi Dadhia","railway",27.730725,75.20098,""
"Jhunpa","railway",28.765842,75.513767,""
"Kayamsar","railway",28.101,74.993654,""
"Lachhmangarh Sikar","railway",27.833053,75.033859,""
"Mahansar","railway",28.199399,75.03129,""
"Nawalgarh","railway",27.843962,75.246455,""
"Nua","railway",28.058364,75.285516,""
"Ramgarh Shekhawati","railway",28.169307,74.992474,""
"Rampura Beri","railway",28.529856,75.645992,""
"Rasheedpura Khori","railway",27.732395,75.082048,""
"Siwani","railway",28.915269,75.604865,""
"Bhavdhari","railway",28.383507,75.797331,""
"Ratan Shahr","railway",28.1579,75.524105,""
"Gajner","railway",27.935769,73.061399,""
"Marwar Bithri","railway",27.097606,72.280674,""
"Diyatra Road","railway",27.733542,72.839949,""
"Nal","railway",28.038217,73.216514,""
"Shri Bhadriya Lathi","railway",27.031254,71.516511,""
"Bhikamkor","railway",26.80576,72.788439,""
"Mahamandir","railway",26.309427,73.038747,""
"Mandor","railway",26.350709,73.042,""
"Marwar Mathaniya","railway",26.533407,72.978403,""
"Osiyan","railway",26.730622,72.899493,""
"Shaitan Singh Nagar","railway",27.051722,72.46816,""
"Tivari","railway",26.555184,72.887703,""
"Barwala","railway",29.367934,75.887794,""
"Dhansu","railway",29.20837,75.799665,""
"Jajiwal","railway",26.367722,73.222235,""
"Jogi Magra","railway",26.698254,73.819191,""
"Alai","railway",27.33762,73.585187,""
"Badwasi","railway",27.310875,73.662847,""
"Chilo","railway",27.444898,73.525454,""
"Deshnok","railway",27.790636,73.338739,""
"Deswal","railway",26.843617,73.887311,""
"Khajwana","railway",26.923343,73.861194,""
"Marwar Chapri","railway",26.78013,73.908838,""
"Palana","railway",27.852413,73.272936,""
"Shri Balaji","railway",27.416808,73.538079,""
"Surpura","railway",27.70724,73.442888,""
"Udramsar","railway",27.92325,73.344432,""
"Jalsu","railway",26.846461,74.199245,""
"Ren","railway",26.788821,74.075319,""
"Balsamand","railway",27.581209,74.473559,""
"Choti Khatu","railway",27.156192,74.357439,""
"Khatu","railway",27.115314,74.33102,""
"Khunkhuna","railway",27.277987,74.49272,""
"Kiroda","railway",27.006947,74.311791,""
"Borawar","railway",27.028397,74.66995,""
"Ladnun","railway",27.643388,74.40539,""
"Marwar Balia","railway",27.3584,74.545474,""
"Naya Kharadia","railway",27.038493,74.937017,""
"Parhihara","railway",27.921422,74.549757,""
"Phulera Junction","railway",26.87361,75.246024,""
"Pirwa","railway",27.231463,74.461763,""
"Sanvrad","railway",27.519181,74.518473,""
"Talchhapar","railway",27.826112,74.487204,""
"Hansi","railway",29.088133,75.947446,""
"Hisar Junction","railway",29.152347,75.72458,""
"Kharwa","railway",26.204231,74.426082,""
"Amarpura","railway",26.114207,74.256705,""
"Bomadra","railway",25.780492,73.438347,""
"Kairla","railway",25.847454,73.195176,""
"Rohat","railway",25.92186,73.095888,""
"Jita Kheri","railway",29.012233,75.987461,""
"Satlana","railway",25.971543,72.952784,""
"Bhachhbar","railway",25.733148,71.001321,""
"Gagariya","railway",25.716413,70.778816,""
"Jaisindar","railway",25.755896,70.359188,""
"Methai","railway",25.90657,86.725162,""
"Balwara","railway",25.501467,72.554492,""
"Bamsin","railway",25.762,72.544139,""
"Bheempura","railway",25.120715,72.384816,""
"Bishengarh","railway",25.448292,72.574877,""
"Malwara","railway",24.802042,72.270026,""
"Marwar Kori","railway",24.911982,72.273717,""
"Marwar Ratanpur","railway",24.677179,72.142776,""
"Modran","railway",25.187009,72.447139,""
"Mokalsar","railway",25.627239,72.519656,""
"Rakhi","railway",25.685836,72.554481,""
"Raniwara","railway",24.750904,72.204669,""
"Auwa","railway",25.660661,73.561502,""
"Bejnal","railway",24.966872,73.911924,""
"Devgarh Madriya","railway",25.524638,73.900659,""
"Goram Ghat","railway",25.641502,73.867282,""
"Kankroli","railway",25.034171,73.905113,""
"Kuanriya","railway",25.110237,74.009906,""
"Lawa Sardargarh","railway",25.233904,73.97719,""
"Marwar Ranawas","railway",25.66875,73.741187,""
"Bhojaras","railway",25.78885,74.634467,""
"Bijainagar","railway",25.929287,74.652321,""
"Gangarar","railway",25.061143,74.625145,""
"Hamirgarh","railway",25.187479,74.617583,""
"Mandpiya","railway",25.258451,74.635555,""
"Det","railway",25.003756,74.64332,""
"Rupaheli","railway",25.818173,74.640074,""
"Sareri","railway",25.6979,74.624271,""
"Soniyana","railway",25.130099,74.625737,""
"Naloi Barwa","railway",28.96353,75.624133,""
"Charaud","railway",29.010325,75.647073,""
"Ghosunda","railway",24.871603,74.535225,""
"Jakhod Khera","railway",29.209847,75.57376,""
"Mandi Adampur","railway",29.283165,75.468743,""
"Bari Sadri","railway",24.411521,74.468969,""
"Bhindar","railway",24.529168,74.179418,""
"Gambhiri Road","railway",24.693575,74.670491,""
"Jawad Road","railway",24.558486,74.765204,""
"Shambhupura","railway",24.770614,74.64174,""
"Alniya","railway",25.032184,75.909077,""
"Dakaniya Talav","railway",25.144252,75.865721,""
"Dadhdevi","railway",25.091742,75.894863,""
"Dara","railway",24.831998,76.00712,""
"Dhani Kasar","railway",24.987727,75.933055,""
"Morak","railway",24.729455,75.973688,""
"Ravtha Road","railway",24.933614,75.958316,""
"Dhuankheri","railway",24.492443,75.890719,""
"Garot","railway",24.278783,75.684459,""
"Jhalawar Road","railway",24.542119,75.920352,""
"Kurlasi","railway",24.355558,75.728114,""
"Shamgarh","railway",24.192032,75.642957,""
"Suwasra","railway",24.070043,75.648858,""
"Antah","railway",25.160813,76.307155,""
"Atru","railway",24.882068,76.670046,""
"Bijora","railway",25.144837,76.395415,""
"Chhajawa","railway",25.009359,76.580996,""
"Digod","railway",25.195467,76.027566,""
"Bhulon","railway",24.643041,76.954016,""
"Kesholi","railway",24.729028,76.789136,""
"Motipura Chauki","railway",24.609499,77.048784,""
"Arnetha","railway",25.389871,76.018584,""
"Amli","railway",25.828125,76.285943,""
"Ghata-Ka-Varana","railway",25.505941,76.159998,""
"Kapren","railway",25.444117,76.085766,""
"Keshorai Patan","railway",25.323453,75.937378,""
"Kushtala","railway",25.961084,76.326959,""
"Laban","railway",25.573307,76.208278,""
"Lakheri","railway",25.639416,76.193147,""
"Rawanjna Dungar","railway",25.889463,76.313992,""
"Bais Godam","railway",26.901792,75.789507,""
"Kanakpura","railway",26.9292,75.703282,""
"Bindayaka","railway",26.923616,75.651594,""
"Badhal","railway",27.251411,75.450871,""
"Bheslana","railway",27.065464,75.304091,""
"Khandel","railway",26.95266,75.279575,""
"Kishan Manpura","railway",27.300876,75.506682,""
"Pachar Malikpura","railway",27.206226,75.394925,""
"Renwal","railway",27.150411,75.356524,""
"Sanodiya","railway",27.013197,75.279654,""
"Dabla","railway",27.888707,75.946179,""
"Kanwat","railway",27.587056,75.675839,""
"Khachera","railway",27.530022,75.648454,""
"Maonda","railway",27.808348,75.826064,""
"Shri Madhopur","railway",27.457982,75.598193,""
"Biwai","railway",27.109835,76.695773,""
"Jhir","railway",26.852723,76.115498,""
"Kolvagram","railway",26.98987,76.469124,""
"Jatwara","railway",26.869576,76.217158,""
"Arniya","railway",27.010643,76.517738,""
"Karanpura","railway",27.123128,76.7786,""
"Mandawar Mahwa Road","railway",27.155886,76.850792,""
"Helak","railway",27.234143,77.374568,""
"Kherli","railway",27.200304,77.037136,""
"Paprera","railway",27.225729,77.30367,""
"Ghosrana","railway",27.185204,76.915996,""
"Ajaraka","railway",27.960221,76.563797,""
"Baswa","railway",27.150298,76.575845,""
"Chiksana","railway",27.20008,77.662246,""
"Dhigawara","railway",27.320911,76.619197,""
"Ghatla","railway",27.736391,76.630369,""
"Harsauli","railway",27.865249,76.615004,""
"Ikran","railway",27.21159,77.608333,""
"Khairthal","railway",27.797829,76.64175,""
"Mahwa","railway",27.462529,76.615446,""
"Malakhera","railway",27.390827,76.619226,""
"Rajgarh","railway",27.242228,76.606827,""
"Jadoli Ka Bas","railway",27.539682,76.880877,""
"Ootwar","railway",27.625901,76.732784,""
"Bedham","railway",27.453899,77.209511,""
"Brij Nagar","railway",27.439149,77.089945,""
"Deeg","railway",27.486791,77.324987,""
"Govindgarh","railway",27.499158,76.987793,""
"Bhaton-Ki-Gali","railway",27.103678,75.713336,""
"Chhota Gudha","railway",27.306012,75.589362,""
"Chomun Samod","railway",27.157932,75.70279,""
"Loharwara","railway",27.199964,75.676579,""
"Nindhar Benar","railway",27.004107,75.729558,""
"Jind City","railway",29.309818,76.317637,""
"Jind Junction","railway",29.32961,76.289501,""
"Bishanpura Haryana","railway",29.27394,76.323724,""
"Pandu Pindara Junction","railway",29.308429,76.371396,""
"Bawani Khera","railway",28.938961,76.033014,""
"Samar Gopalpur","railway",28.959874,76.518293,""
"Karainthi","railway",29.014175,76.482545,""
"Kila Zafargarh","railway",29.081002,76.428547,""
"Jai Jai Wanti","railway",29.168336,76.368512,""
"Julana","railway",29.121169,76.395507,""
"Kinana","railway",29.227898,76.335507,""
"Budhakhera","railway",29.378195,76.556308,""
"Rampura Phul","railway",30.268456,75.236136,""
"Maur","railway",30.06297,75.22824,""
"Karukkutty","railway",10.225705,76.373726,""
"Masarahalli","railway",13.810586,75.730578,""
"Donigal","railway",12.904538,75.734809,""
"ميرپورخاص","railway",25.525224,69.017223,""
"Barsola","railway",29.386385,76.238225,""
"Uchana","railway",29.4667,76.178568,""
"Narwana Junction","railway",29.589052,76.109677,""
"Ghaso","railway",29.531096,76.14327,""
"چنیوٹ","railway",31.730952,72.983421,""
"بہالیکے","railway",31.738591,73.686026,""
"Farooqabad","railway",31.742884,73.831919,""
"Shaheenabad","railway",31.92023,72.636109,""
"Charnali","railway",32.019117,72.641487,""
"سرگودھا","railway",32.083651,72.676461,""
"شیخوپورہ","railway",31.718217,73.978886,""
"Charlapalli","railway",17.458597,78.606606,""
"Ghanpur","railway",17.849779,79.376345,""
"Yadadri (Raigir)","railway",17.551034,78.941663,""
"Pagidipalli","railway",17.484575,78.82059,""
"Ghatkesar","railway",17.452856,78.678298,""
"Aler","railway",17.645626,79.048895,""
"Bhongir","railway",17.523976,78.898362,""
"Raghunathpalli","railway",17.75703,79.256673,""
"جھنگ صدر","railway",31.260351,72.326433,""
"سلانوالی","railway",31.826768,72.537007,""
"بھلوال","railway",32.26479,72.90625,""
"Wilson pur","railway",32.301012,72.947973,""
"سمہ سٹہ جنکشن ریلوے اسٹیشن‎","railway",29.347727,71.546229,""
"Honnavalli Road","railway",13.275391,76.368309,""
"ဒေါသာဘူတာ","railway",21.045436,94.747649,""
"Tant Kyi Station","railway",21.149114,94.799396,""
"Myitche","railway",21.252113,94.84332,""
"Kyun Chaung Station","railway",21.198837,94.809931,""
"Songadh","railway",21.728615,71.886366,""
"Panposh","railway",22.228599,84.805323,""
"Neralakatte","railway",12.816757,75.127256,""
"Haipo Jadonang","railway",24.735857,93.306132,""
"Thingu","railway",24.808696,93.405236,""
"Brar Square","railway",28.613714,77.14051,""
"Delhi Kishanganj","railway",28.662744,77.197908,""
"Lajpat Nagar","railway",28.579282,77.244035,""
"Lodhi Colony","railway",28.579754,77.216873,""
"Pragati Maidan","railway",28.616039,77.247211,""
"Sarojini Nagar","railway",28.58121,77.196313,""
"Shivaji Bridge","railway",28.633452,77.226668,""
"Tilak Bridge","railway",28.628117,77.237404,""
"Vivekanand Puri","railway",28.664473,77.183813,""
"Hazrat Nizamuddin Junction","railway",28.588965,77.25352,""
"Talavli","railway",23.903204,75.597593,""
"Chowmahala","railway",23.948541,75.601155,""
"Samalkha","railway",29.24151,77.003289,""
"Khajuraho","railway",24.79639,79.889288,""
"Binaiki","railway",22.71977,79.9031,""
"Pindrai","railway",22.512238,80.04675,""
"Rajendra Nagar","railway",22.670019,75.829223,""
"Rau","railway",22.633651,75.805105,""
"Nelamangala","railway",13.112186,77.392503,""
"Dalgaon","railway",26.714383,89.137171,""
"Jhaua","railway",25.613214,87.775517,""
"Haldi Road","railway",29.039258,79.459385,""
"Jarwa","railway",27.644106,82.521847,""
"Parsa","railway",27.444227,82.88924,""
"Lakshmikantapur","railway",22.110052,88.321897,""
"Baharu","railway",22.204738,88.444184,""
"Deula","railway",22.21456,88.281367,""
"Keolari","railway",22.375137,79.909174,""
"Bhitoni","railway",23.142232,79.673264,""
"Fatuhi","railway",30.053299,73.86904,""
"Sagoni","railway",23.811447,79.811376,""
"Vetapalem","railway",15.783148,80.300675,""
"Salaia","railway",23.847144,79.97075,""
"Nagrota","railway",32.108506,76.388745,""
"Paror","railway",32.081327,76.460309,""
"Sulah Himachal Pradesh","railway",32.070819,76.476996,""
"Samloti","railway",32.092348,76.344867,""
"Parsneu","railway",28.038536,74.369473,""
"Palayasivaram","railway",12.776791,79.877801,""
"Katni South","railway",23.816597,80.400932,""
"Takkolam","railway",13.024346,79.677491,""
"Mahwal","railway",26.302049,85.125853,""
"Chakia Halt","railway",26.417537,85.046892,""
"Pipra","railway",26.490296,84.986079,""
"Sikarpai","railway",19.384668,83.329543,""
"Bissamcuttack","railway",19.486981,83.458773,""
"Muniguda","railway",19.627061,83.488753,""
"Doikallu","railway",19.741227,83.484853,""
"Lodhikheda Railway Station","railway",21.580129,78.854891,""
"Sausar","railway",21.658574,78.80246,""
"Ramakona","railway",21.703404,78.857422,""
"Bhimalgondi","railway",21.75147,78.928928,""
"Umra Nala","railway",21.875608,78.880593,""
"Metpalli","railway",18.854372,78.638204,""
"Lingampet Jagityal","railway",18.782483,78.887499,""
"Urga","railway",22.268892,82.736385,""
"Saragbundia","railway",22.213777,82.732869,""
"Bhupdeopur","railway",21.974827,83.259252,""
"Robertson","railway",21.989245,83.183208,""
"Niwar","railway",23.719549,80.369768,""
"Adhartal","railway",23.227958,79.972919,""
"Deori","railway",23.298349,80.009473,""
"Sihora Road","railway",23.466994,80.109833,""
"Sleemanabad Road","railway",23.614619,80.285369,""
"Bikrampur","railway",23.082414,79.586737,""
"Ghatpindrai","railway",22.951991,79.266249,""
"Sontalai","railway",22.613091,77.950051,""
"Gurra","railway",22.631895,77.869284,""
"Bagratawa","railway",22.632026,77.994468,""
"Bohani","railway",22.913165,78.915571,""
"Kanjikode","railway",10.800281,76.754774,""
"Tikamgarh","railway",24.766564,78.840396,""
"Anjangaon","railway",21.163221,77.318791,""
"Banosa","railway",20.922102,77.326134,""
"Tapona","railway",20.342005,77.864459,""
"Warudkhed","railway",20.388385,77.619666,""
"Jammalamadugu","railway",14.847339,78.397813,""
"Kondapuram","railway",14.773284,78.19354,""
"Garladinne","railway",14.827341,77.592786,""
"Dharashiv","railway",18.247843,76.02293,""
"Ajanti","railway",21.894881,76.286169,""
"Talvadiya Junction","railway",21.927809,76.444634,""
"Attar","railway",21.998528,76.205355,""
"Majri Khadan","railway",20.118745,79.027193,""
"Jagdevwala","railway",28.326189,73.477104,""
"Adilabad","railway",19.680767,78.536079,""
"Himayatnagar","railway",19.417082,77.869045,""
"Makudi","railway",19.537404,79.478834,""
"Kinwat","railway",19.618782,78.202791,""
"Kosai","railway",19.638506,78.334967,""
"Wirur","railway",19.641294,79.431279,""
"Umram","railway",19.661933,78.437735,""
"Ambari(Deccan)","railway",19.688637,78.216035,""
"Rajura","railway",19.771207,79.369635,""
"Pimpalkutti","railway",19.830306,78.580764,""
"Bodhan","railway",18.645959,77.888359,""
"Sikta","railway",27.025069,84.681192,""
"Chanasma","railway",23.706201,72.107168,""
"Kadi","railway",23.29248,72.32669,""
"Katosan Road Junction","railway",23.406103,72.243664,""
"Patan","railway",23.854625,72.130856,""
"Ranuj Junction","railway",23.760629,72.213611,""
"Bhoyani","railway",23.361065,72.234314,""
"Bechraji","railway",23.503297,72.046556,""
"Dhinoj","railway",23.671047,72.28149,""
"Kuda","railway",23.135588,71.391901,""
"Khed Brahma","railway",24.029744,73.041523,""
"Kharaghoda","railway",23.170191,71.719176,""
"Pulgaon Jn. (NG)","railway",20.726865,78.318776,""
"Jhund Junction","railway",23.160718,71.934158,""
"Maijapur","railway",27.143949,81.806005,""
"Anpara","railway",24.216908,82.766124,""
"Shudnipur","railway",25.626186,82.640559,""
"Maholi","railway",27.648788,80.477314,""
"Sikandarpur","railway",28.247216,77.784644,""
"Mohari Junction","railway",26.700954,77.554125,""
"Karaila Road Junction","railway",24.270222,82.725201,""
"Mahdeiya","railway",24.209519,82.588316,""
"Konch","railway",25.995318,79.157725,""
"Parichha","railway",25.518427,78.738481,""
"Ait Junction","railway",25.902896,79.22962,""
"Bandh Baretha","railway",26.91048,77.364276,""
"Sirmuttra","railway",26.519677,77.375432,""
"Barauli","railway",26.548141,77.422575,""
"Dudhaunda","railway",25.574964,83.079373,""
"Dobhi","railway",25.611082,82.990899,""
"Kirakat","railway",25.647824,82.918587,""
"Muftiganj","railway",25.706182,82.821519,""
"Rasra","railway",25.861855,83.857794,""
"Tummanamgutta","railway",13.711815,78.370701,""
"Mulakala Cheruvu","railway",13.801718,78.264925,""
"Haripad","railway",9.2777,76.46319,""
"Ambalappuzha","railway",9.386287,76.362722,""
"Erach Road","railway",25.818869,79.033738,""
"Mirhakur","railway",27.150758,77.865987,""
"Ghoti","railway",19.723749,73.636307,""
"Dighori Buzurg","railway",21.109012,79.23073,""
"Hailakandi","railway",24.681272,92.567955,""
"Panchgram","railway",24.865508,92.598449,""
"Salchapra","railway",24.824989,92.667759,""
"Arunachal Junction","railway",24.855744,92.743145,""
"New Haflong","railway",25.14801,93.032056,""
"Betamcherla","railway",15.449368,78.148454,""
"Bugganpalle Cement Nagar","railway",15.486708,78.19532,""
"Ulindakonda","railway",15.65243,77.968449,""
"Karota Patri Halt","railway",25.152647,86.037383,""
"Dhilwan","railway",31.501902,75.32741,""
"Srivilliputtur","railway",9.497753,77.645073,""
"Maliya Hatina","railway",21.159602,70.299489,""
"Bhanduri","railway",21.105277,70.284716,""
"Jetpur","railway",21.735693,70.644955,""
"Panskura Junction","railway",22.392694,87.742741,""
"Nandakumar","railway",22.190659,87.927636,""
"Morena","railway",26.50132,78.002862,""
"Banmor","railway",26.355471,78.098603,""
"Chhanera","railway",21.963641,76.707278,""
"Jama","railway",24.342499,87.153177,""
"Basukinath Railway Station","railway",24.384566,87.06895,""
"Kharsaliya","railway",22.705022,73.554299,""
"Meghnagar","railway",22.907662,74.539858,""
"Sitaphalmandi","railway",17.427295,78.520723,""
"Darjeeling","railway",27.038115,88.263061,""
"Ghoom","railway",27.008363,88.253574,""
"Khotkhoti","railway",25.952795,93.754784,""
"Bokajan","railway",26.019335,93.780213,""
"Indalvai","railway",18.549361,78.245131,""
"Pavurchutram","railway",8.915091,77.37593,""
"Talwandi","railway",30.860949,74.924168,""
"Barbatpur","railway",22.196907,77.919728,""
"Subedarganj","railway",25.439443,81.790186,""
"Khaga","railway",25.762203,81.101317,""
"Karbigwan","railway",26.197939,80.506028,""
"Naugachhia","railway",25.384779,87.094077,""
"আহসানগঞ্জ","railway",24.613819,88.975252,""
"Narayanpur","railway",25.397638,86.859441,""
"Pasraha","railway",25.403766,86.744547,""
"Badla Ghat","railway",25.553194,86.586774,""
"Sarsi","railway",25.863316,87.285218,""
"Raghunathgarh","railway",29.307822,73.64764,""
"Biradhwal","railway",29.174488,73.896569,""
"Rajiyasar","railway",29.06743,73.842479,""
"Panchrukhi","railway",32.056372,76.565434,""
"Kashipur Junction","railway",29.204663,78.960857,""
"Lalkuan Junction","railway",29.071096,79.517428,""
"Bazpur","railway",29.158049,79.146742,""
"Pernem","railway",15.708996,73.81676,""
"Matheran","railway",18.990225,73.270959,""
"Jumma Patti","railway",19.001746,73.302625,""
"Water Pipe","railway",19.008933,73.289749,""
"Chandur","railway",20.803766,77.982921,""
"Timtala","railway",20.81249,77.7954,""
"Malkhed","railway",20.822235,77.865013,""
"Ramdas","railway",31.963236,74.926921,""
"Dahegaon","railway",20.729415,78.463416,""
"Warud","railway",20.746772,78.651267,""
"Tuljapur","railway",20.800276,78.807645,""
"Sindi","railway",20.815679,78.883243,""
"Borkhedi","railway",20.860473,78.974484,""
"Buti Bori","railway",20.918487,79.013281,""
"Khapri","railway",21.04937,79.04768,""
"Kalamna","railway",21.167855,79.140907,""
"Yermaras","railway",16.272695,77.347257,""
"Kurali","railway",30.834898,76.572102,""
"Paradeep","railway",20.279738,86.612273,""
"Manubolu","railway",14.225784,79.877118,""
"Kalem","railway",15.291982,74.184418,""
"Canacona","railway",15.006842,74.039489,""
"Kulem","railway",15.33416,74.244595,""
"Thivim","railway",15.629878,73.877045,""
"Sakharayapatna","railway",13.42996,75.927854,""
"Dosapadu","railway",16.468966,80.939226,""
"Uppaluru","railway",16.492948,80.780314,""
"Nidamanuru","railway",16.507414,80.731301,""
"Ramavarappadu","railway",16.526241,80.681301,""
"Harangul","railway",18.390464,76.495872,""
"Phillaur Junction","railway",31.016873,75.786102,""
"Kala Bakra","railway",31.476008,75.63038,""
"Junnordeo","railway",22.191361,78.592134,""
"Bodwad","railway",20.903466,76.017443,""
"Varangaon","railway",21.010478,75.901322,""
"Basmat","railway",19.33286,77.151575,""
"Harapanahalli","railway",14.773768,75.985247,""
"Savda","railway",21.110696,75.910247,""
"Gangraul","railway",28.282713,77.75469,""
"Chola","railway",28.310658,77.730998,""
"Gohpur","railway",26.897071,93.621831,""
"Gaigaon","railway",20.720898,76.89025,""
"Paras","railway",20.72511,76.81664,""
"Nandura","railway",20.838569,76.460307,""
"Kumgaon Burti","railway",20.869639,76.396224,""
"Biswa Bridge","railway",20.885358,76.338978,""
"Wadoda","railway",20.888395,76.279852,""
"Malkapur","railway",20.891958,76.204035,""
"Khamkhed","railway",20.903064,76.120425,""
"Shegaon","railway",20.800751,76.690526,""
"Intakanne","railway",17.728548,79.861218,""
"Tadlapusapalli","railway",17.625968,79.955252,""
"Yelgur","railway",17.861102,79.747283,""
"Gundratimadugu","railway",17.532081,80.079997,""
"Ippuguda","railway",17.801764,79.327164,""
"Hasanparthi Road","railway",18.077948,79.502276,""
"Jammikunta","railway",18.29003,79.476688,""
"Potkapalli","railway",18.428664,79.464191,""
"Bisugir Sharif","railway",18.347362,79.483275,""
"Uppal","railway",18.182484,79.481985,""
"Kolanoor","railway",18.496553,79.419029,""
"Peddampet","railway",18.804149,79.427212,""
"Ravindrakhani","railway",18.936903,79.461861,""
"Mandamari","railway",18.970183,79.469817,""
"Bellampalli","railway",19.052348,79.485937,""
"Bidadi","railway",12.800623,77.390173,""
"Mahemadavad Kheda Road","railway",22.81917,72.752471,""
"Tikunia","railway",28.378293,80.981502,""
"Palia Kalan","railway",28.426467,80.582492,""
"Belrayan","railway",28.379329,80.915783,""
"Shahad","railway",19.243584,73.158075,""
"Akividu","railway",16.582832,81.369196,""
"Dhamangaon","railway",20.784346,78.138982,""
"Bharwa Sumerpur","railway",25.827109,80.168624,""
"Kaldhari","railway",16.836035,81.677897,""
"نور ریلوے اسٹیشن","railway",33.628843,73.01343,""
"Hilsa","railway",25.317357,85.277041,""
"Oro Jagdishpur","railway",24.903936,85.41353,""
"Jethian","railway",24.92939,85.314193,""
"Islampur","railway",25.137447,85.217149,""
"Gurpa","railway",24.561354,85.298499,""
"Khairadih Halt","railway",25.036225,84.056022,""
"Dumri Juara","railway",25.749305,84.871355,""
"Awatar Nagar","railway",25.76497,84.956487,""
"Baragopal","railway",25.765263,84.908249,""
"Khairah","railway",25.861449,84.760667,""
"Rajapatti","railway",26.18044,84.808748,""
"Dighwa Dubauli","railway",26.266286,84.743087,""
"Natesar","railway",24.964196,85.272092,""
"Karnauti Halt","railway",25.438759,85.542633,""
"Siuri","railway",23.89036,87.531348,""
"Goghat","railway",22.898722,87.70795,""
"Maynapur","railway",23.003713,87.498611,""
"Gangatikuri","railway",23.71842,88.087891,""
"Salar","railway",23.774701,88.111135,""
"Tenya","railway",23.823455,88.149823,""
"Bazarsau","railway",23.876378,88.182763,""
"Mazbat","railway",26.784375,92.287223,""
"Jogbani","railway",26.402788,87.26372,""
"Satar Halt","railway",26.000803,87.509191,""
"Kusiargaon","railway",26.052714,87.482453,""
"Gogipothia Halt","railway",26.229118,87.298101,""
"Bathnaha","railway",26.346206,87.236953,""
"Kirtyanand Nagar","railway",25.821014,87.396574,""
"Jinti Road","railway",18.324973,74.877941,""
"Karagola Road","railway",25.497992,87.375793,""
"Bakhri","railway",25.500535,87.310917,""
"Semapur","railway",25.525011,87.469897,""
"Dhenkanal","railway",20.676725,85.590172,""
"Sandhurst Road","railway",18.960924,72.839372,""
"Hinautaramban","railway",24.569394,80.964755,""
"Belkhera","railway",22.982558,79.30174,""
"Nimar Kheri","railway",22.111021,76.150964,""
"Mukhtiara Balwada","railway",22.385355,75.977978,""
"Kesla","railway",22.536385,77.823854,""
"Basai","railway",25.142712,78.394284,""
"Bijrotha","railway",24.946612,78.421158,""
"Dailwara","railway",24.780536,78.393334,""
"Jakhaura","railway",24.870765,78.400481,""
"Jiron","railway",24.607958,78.361294,""
"Matatila","railway",25.08328,78.402949,""
"Talbahat","railway",25.039164,78.414477,""
"Dhaura","railway",24.450481,78.321921,""
"Jakhalaun","railway",24.547243,78.341969,""
"Mohasa","railway",24.375643,78.287764,""
"Karonda","railway",24.330217,78.265119,""
"Bareth","railway",23.914445,77.999846,""
"Kalhar","railway",23.976976,78.05752,""
"Ganj Basoda","railway",23.845913,77.94462,""
"Pabai","railway",23.767521,77.932037,""
"Gulabhganj","railway",23.683778,77.911902,""
"Sorai","railway",23.556689,77.850578,""
"Sumer","railway",23.625381,77.879897,""
"Anant Paith","railway",25.95535,78.276429,""
"Antri","railway",26.035644,78.226953,""
"Bhad Bhada Ghat","railway",23.374841,77.535468,""
"Bijauli","railway",25.37624,78.517492,""
"Birlanagar","railway",26.238073,78.195412,""
"Dabra","railway",25.881888,78.330508,""
"Datia","railway",25.64066,78.455983,""
"Dewanganj","railway",23.428692,77.592407,""
"Karari","railway",25.530774,78.508887,""
"Khajraha","railway",25.303991,78.478375,""
"Kotra","railway",25.811227,78.381072,""
"Nurabad","railway",26.405085,78.077635,""
"Salamatpur","railway",23.460948,77.672485,""
"Sank","railway",26.430473,78.059769,""
"Sikroda Kwanri","railway",26.569552,77.963141,""
"Sonagir","railway",25.729809,78.409212,""
"Sukhi Sewaniya","railway",23.340429,77.485358,""
"Gohad Road","railway",26.468091,78.408555,""
"Itehar","railway",26.561873,78.672026,""
"Nonera","railway",26.426419,78.305989,""
"Malanpur","railway",26.392014,78.260727,""
"Sondha Road","railway",26.498352,78.484136,""
"Soni","railway",26.526219,78.552286,""
"Bijaipur Road","railway",26.188275,77.293035,""
"Birpur","railway",26.134543,77.136978,""
"Datarda Kalan","railway",25.739451,76.697102,""
"Girdharpur","railway",25.827273,76.77372,""
"Ikdori","railway",26.054369,76.951733,""
"Khojeepura","railway",25.921385,76.85822,""
"Bamourgaon","railway",26.340326,78.103448,""
"Moti Jheel","railway",26.250778,78.142023,""
"Pipalwali Chowk","railway",26.26612,77.472799,""
"Rampahari","railway",26.215316,77.338991,""
"Sabalgarh","railway",26.25077,77.408526,""
"Semai","railway",26.285499,77.523927,""
"Sheopur Kalan","railway",25.671353,76.700577,""
"Sikroda","railway",26.339735,77.733024,""
"Sumaoli","railway",26.373439,77.91564,""
"Tarrakalan","railway",25.984267,76.910863,""
"Badarwas","railway",24.983592,77.562278,""
"Ghatigaon","railway",26.066375,77.938312,""
"Khajuri","railway",25.560499,77.616928,""
"Khonker","railway",25.312336,77.579937,""
"Kolaras","railway",25.22562,77.591047,""
"Mohana","railway",25.897328,77.763144,""
"Panihar","railway",26.104963,78.023075,""
"Parakheda","railway",25.704711,77.641258,""
"Renhat","railway",25.980375,77.835078,""
"Biyavra Rajgarh","railway",23.936849,76.908302,""
"Chachaura Binaganj","railway",24.177141,77.015999,""
"Karanwas","railway",23.809502,76.814144,""
"Kumbhraj","railway",24.362605,77.078994,""
"Mahugarha","railway",24.628464,77.24253,""
"Pachor Road","railway",23.728759,76.741731,""
"Paranamau","railway",23.625975,76.554738,""
"Sarangpur","railway",23.581152,76.487729,""
"Udiyan Khedi","railway",23.671041,76.628835,""
"Vijaipur","railway",24.492704,77.162325,""
"Chauhani","railway",23.332554,76.265387,""
"Shajapur","railway",23.42531,76.297887,""
"Siroliya","railway",23.305674,76.225938,""
"Bandikui Junction","railway",27.040026,76.566719,""
"Bassi","railway",26.841109,76.047737,""
"Kanauta","railway",26.842278,75.955417,""
"Khatipura","railway",26.836121,75.891071,""
"Bansi Paharpur","railway",26.934591,77.48231,""
"Bhan Kari","railway",26.962408,76.409358,""
"Rupbas","railway",26.989811,77.590514,""
"Bobas","railway",26.906004,75.498493,""
"Sheo Singh Pura","railway",26.913598,75.567674,""
"Dhanakya","railway",26.918428,75.60547,""
"AsaIpur Jobner","railway",26.900553,75.424358,""
"Ajmer Junction","railway",26.456336,74.637348,""
"Gahlota","railway",26.67419,74.970913,""
"Gegal Akhri","railway",26.54221,74.77773,""
"Ladpura","railway",26.509242,74.734593,""
"Madar Junction","railway",26.46287,74.685043,""
"Naraina","railway",26.796147,75.192295,""
"Mandawariya","railway",26.62501,74.896152,""
"Dantra","railway",26.774786,75.153999,""
"Sakhun","railway",26.737813,75.09123,""
"Sali","railway",26.706441,75.032036,""
"Tilonia","railway",26.653062,74.934592,""
"Daurai","railway",26.395697,74.619314,""
"Lamana","railway",26.246597,74.467006,""
"Makrera","railway",26.311153,74.533613,""
"Mangaliyawas","railway",26.280202,74.495024,""
"Sendra","railway",26.078734,74.192,""
"Bagri Nagar","railway",25.895566,73.787875,""
"Bagri Sajjanpur","railway",25.918524,73.824616,""
"Banta Raghunathgarh","railway",25.602225,73.527452,""
"Bar","railway",26.064067,74.111111,""
"Bhagwanpura","railway",25.408074,73.354504,""
"Bhesana","railway",25.823887,73.717179,""
"Bhinwaliya","railway",25.559523,73.492175,""
"Chandawal","railway",25.946689,73.868887,""
"Dhareshwar","railway",25.781459,73.671611,""
"Falna","railway",25.235946,73.23515,""
"Guriya","railway",25.997446,73.954798,""
"Haripur","railway",26.014167,74.030197,""
"Jawali","railway",25.463064,73.396846,""
"Khimel","railway",25.297488,73.277811,""
"Marwar Junction","railway",25.721325,73.609728,""
"Rani","railway",25.348718,73.310968,""
"Sojat Road","railway",25.861057,73.75423,""
"Somesar","railway",25.519937,73.450338,""
"Biroliya","railway",25.173272,73.194481,""
"Abu Road","railway",24.481274,72.785287,""
"Banas","railway",24.713822,72.989506,""
"Bhimana","railway",24.595832,72.886829,""
"Jawai Bandh","railway",25.114378,73.147478,""
"Keshavganj","railway",24.856592,73.071976,""
"Kivarli","railway",24.539719,72.842184,""
"Kothar","railway",24.980122,73.123851,""
"Maval","railway",24.431789,72.711534,""
"Mori Bera","railway",25.035356,73.136234,""
"Morthala","railway",24.502932,72.803619,""
"Nana","railway",24.923904,73.10979,""
"Pindwara","railway",24.789362,73.038478,""
"Swarupganj","railway",24.659836,72.932857,""
"Hatundi","railway",26.365604,74.64933,""
"Jharwasaa","railway",26.195395,74.705214,""
"Nasirabad","railway",26.29507,74.717381,""
"Bandanwara","railway",26.123209,74.69116,""
"Singawal","railway",26.036424,74.683165,""
"Barundini","railway",25.176219,74.934283,""
"Bassi Berisal","railway",25.026174,74.767309,""
"Bhilwara","railway",25.345179,74.6315,""
"Lambiya","railway",25.584488,74.587013,""
"Mandal","railway",25.439065,74.593545,""
"Mandalgarh","railway",25.194255,75.081123,""
"Parsoli","railway",25.111943,74.874356,""
"Shyampura","railway",25.24703,75.271932,""
"Dhuwala","railway",25.497302,74.581874,""
"Raila Road","railway",25.640942,74.599145,""
"Bundi","railway",25.408617,75.650891,""
"Chaksu","railway",26.592743,75.910632,""
"Chauth-ka-Barwara","railway",26.050761,76.149274,""
"Devpura","railway",26.031815,76.254062,""
"Durgapura","railway",26.855093,75.787016,""
"Banasthali Niwai","railway",26.383895,75.935315,""
"Thalera","railway",25.315641,75.737335,""
"Srinagar","railway",25.364045,75.568878,""
"Channani","railway",26.499312,75.920017,""
"Sanganer","railway",26.814622,75.773187,""
"Sheodaspura Padampura","railway",26.709871,75.884687,""
"Siras","railway",26.256956,76.000828,""
"Isarda","railway",26.170182,76.030338,""
"Govindi Marwar","railway",27.031457,75.093039,""
"Gudha","railway",26.95049,75.12875,""
"Kuchaman City","railway",27.053437,74.851346,""
"Makrana Junction","railway",27.037144,74.725195,""
"Nawa City","railway",27.02913,75.00119,""
"Parbatsar City","railway",26.888533,74.762621,""
"Sambhar Lake","railway",26.903891,75.179897,""
"Bhimal","railway",24.752499,73.922468,""
"Bhupalsagar","railway",24.847464,74.211638,""
"Debari","railway",24.619519,73.804964,""
"Fateh Nagar","railway",24.818167,74.096242,""
"Kanor","railway",24.458786,74.267651,""
"Kapasan","railway",24.861436,74.311005,""
"Khemli","railway",24.692893,73.846079,""
"Mavli Junction","railway",24.79444,73.974008,""
"Pandoli","railway",24.86637,74.399585,""
"Vallabhnagar","railway",24.700609,74.013601,""
"Dungarpur","railway",23.865892,73.696834,""
"Jai Samand Road","railway",24.221452,73.868958,""
"Kotana","railway",23.917097,73.726686,""
"Kundalgarh","railway",24.02814,73.810437,""
"Surkhanda Ka Khera","railway",24.118828,73.880517,""
"Rikhabdev Road","railway",23.997109,73.747882,""
"Semari","railway",24.07007,73.841837,""
"Udaipur City","railway",24.567493,73.699553,""
"Zawar","railway",24.358451,73.731788,""
"Asranada","railway",26.397399,73.305984,""
"Banar","railway",26.339526,73.147063,""
"Bhagat Ki Kothi","railway",26.250796,73.014533,""
"Gachhipura","railway",26.953222,74.454179,""
"Jodhpur","railway",26.283857,73.022695,""
"Kheduli","railway",26.758877,74.014298,""
"Kheri Salwa","railway",26.428227,73.389995,""
"Merta City","railway",26.651505,74.035269,""
"Merta Road Junction","railway",26.727627,73.91741,""
"Pipar Road Junction","railway",26.451833,73.447814,""
"Sathin Road","railway",26.49627,73.51957,""
"Kharia Khangarh","railway",26.612801,73.68969,""
"Raikabagh Palace Junction","railway",26.291541,73.040047,""
"Salawas","railway",26.139326,73.014056,""
"Gotan","railway",26.652681,73.73799,""
"Ajit","railway",25.859679,72.677461,""
"Balotra","railway",25.830056,72.247095,""
"Baniya Sanda Dhora","railway",25.859761,71.668272,""
"Barmer","railway",25.746033,71.397288,""
"Baytu","railway",25.897246,71.768089,""
"Bhimarlai","railway",25.893018,71.882085,""
"Dudia","railway",25.935756,72.904125,""
"Dundara","railway",25.895745,72.797467,""
"Gadra Road","railway",25.743189,70.642325,""
"Gole","railway",25.891788,71.999891,""
"Janiyana","railway",25.826821,72.336793,""
"Jasai","railway",25.721433,71.230736,""
"Kavas","railway",25.870729,71.548123,""
"Luni Junction","railway",26.001966,73.003898,""
"Parlu","railway",25.823306,72.431879,""
"Ramsar","railway",25.72393,70.877099,""
"Samdari Junction","railway",25.83727,72.574866,""
"Tilwara","railway",25.885814,72.109229,""
"Utarlai","railway",25.813946,71.468844,""
"Kuswa","railway",27.473899,78.404187,""
"Sonai","railway",27.57103,77.877564,""
"Parali","railway",10.800543,76.559828,""
"Bilwai","railway",26.159633,82.665058,""
"Nigohan","railway",26.567542,81.045921,""
"Lucknow Amausi Airport","railway",26.777416,80.902655,""
"Malhaur","railway",26.853683,81.040798,""
"Kila Raipur","railway",30.758849,75.82672,""
"Tajpur","railway",23.216752,75.923335,""
"Tarana Road","railway",23.264179,76.066606,""
"Dornakal Junction","railway",17.445355,80.1529,""
"Mohibullapur","railway",26.909633,80.939511,""
"Kollam Junction","railway",8.886219,76.595483,""
"Khirkiya","railway",22.165909,76.859044,""
"Dilawarnagar","railway",26.959684,80.667807,""
"Kakori","railway",26.883972,80.800198,""
"Rahimabad","railway",26.99776,80.604058,""
"Bakshi Ka Talab","railway",26.986801,80.921678,""
"Itaunja","railway",27.077793,80.892994,""
"Jugaur","railway",26.881559,81.088894,""
"Rasauli","railway",26.931321,81.253366,""
"Safedabad","railway",26.898033,81.116776,""
"Ghorpuri","railway",18.528148,73.893932,""
"Aralaguppe","railway",13.253224,76.613447,""
"Ataria","railway",27.172724,80.861014,""
"Barai Jalalpur","railway",27.450956,80.79863,""
"Kamlapur","railway",27.381495,80.822375,""
"Khairabad Awadh","railway",27.522072,80.739702,""
"Manwa","railway",27.21175,80.851176,""
"Sidhauli","railway",27.284425,80.8376,""
"Suraincha","railway",27.32736,80.829611,""
"Banavar","railway",13.395824,76.140481,""
"Tiruttangal","railway",9.477412,77.810855,""
"Malihabad","railway",26.930915,80.714851,""
"Bindaura","railway",27.021284,81.325544,""
"Rafinagar","railway",27.002208,81.29614,""
"Sundhiamau","railway",27.117549,81.293738,""
"Tahsil Fatehpur","railway",27.168457,81.203992,""
"Kamalpur","railway",28.163471,77.855425,""
"Wair","railway",28.349256,77.698368,""
"Govardhan","railway",27.520634,77.462109,""
"তারাকান্দি রেইল স্টেশন","railway",24.685719,89.824331,""
"اٹک سٹی جنکشن","railway",33.77451,72.351618,""
"والٹن","railway",31.487404,74.354274,""
"Umri","railway",19.041985,77.64335,""
"Sibsagar Town","railway",26.990257,94.643232,""
"দেওয়ানগঞ্জ","railway",25.156955,89.756621,""
"সরিষাবাড়ী","railway",24.760831,89.840064,""
"Kamarbandha Ali","railway",26.529114,94.055803,""
"Safdarganj","railway",26.914316,81.361688,""
"Kondapalli","railway",16.623708,80.54688,""
"Rayanapadu","railway",16.578414,80.561256,""
"Belthara Road","railway",26.120754,83.841337,""
"Turtipar","railway",26.161403,83.891662,""
"Bidhannagar Road","railway",22.59126,88.390964,""
"Nishangara","railway",28.244616,81.226794,""
"Nimblak","railway",19.118905,74.689093,""
"Barpathar","railway",26.275008,93.899868,""
"Chirala","railway",15.830914,80.354362,""
"Debagram","railway",23.688553,88.307722,""
"Bhabta","railway",23.986949,88.241624,""
"Bahadurpur","railway",23.438834,88.464062,""
"Baruipur Junction","railway",22.366329,88.431278,""
"কুলাউড়া জংশন","railway",24.522557,92.036661,""
"Garia","railway",22.465639,88.405515,""
"Subhas Gram","railway",22.413182,88.434164,""
"Mallikpur","railway",22.396586,88.433122,""
"Sasan Gir","railway",21.168824,70.602133,""
"Talala Junction","railway",21.042317,70.522764,""
"Bhalukmara","railway",26.669543,94.123845,""
"Cinnamara","railway",26.706426,94.239669,""
"Rowriah Sdg","railway",26.721632,94.172306,""
"Baihata","railway",26.341769,91.689227,""
"Kendukona","railway",26.368553,91.644426,""
"Namti","railway",26.855288,94.627418,""
"Desang","railway",27.060665,94.692546,""
"Lakswa","railway",27.005216,94.844553,""
"Longpatia","railway",27.079077,95.093669,""
"MohKhuti","railway",27.105929,94.806699,""
"Mahutgaon","railway",26.964338,94.794088,""
"Mezenga","railway",26.886049,94.688997,""
"Moran","railway",27.147211,94.888561,""
"Sepon","railway",27.114428,94.853241,""
"Chalkhoa","railway",27.466013,94.95946,""
"Naharkatiya","railway",27.289191,95.329651,""
"Dhanera","railway",24.503669,72.032512,""
"Jari","railway",24.586587,72.060872,""
"Jasali","railway",24.168239,71.909052,""
"Jenal","railway",24.327675,72.038327,""
"Ramsan","railway",24.414916,72.035333,""
"Chandisar","railway",24.205765,72.312187,""
"Karjoda","railway",24.221568,72.457136,""
"Chitrasani","railway",24.26587,72.486888,""
"Disa","railway",24.237351,72.179402,""
"Iqbal Gadh","railway",24.346427,72.534024,""
"Lorwada","railway",24.219959,72.096993,""
"Sarotra Road","railway",24.379073,72.595971,""
"Shri Amirgadh","railway",24.404395,72.641367,""
"Bhandu Motidau","railway",23.691775,72.390738,""
"Chhapi","railway",24.033491,72.399974,""
"Dharewada","railway",23.966984,72.380821,""
"Kamli","railway",23.862641,72.376005,""
"Manund","railway",23.731593,72.238273,""
"Umardashi","railway",24.099964,72.420422,""
"Unjha","railway",23.796848,72.381895,""
"Guler","railway",32.004772,76.151316,""
"Nandpur Bhatauli","railway",32.01369,76.115993,""
"Nagrota Suriyan","railway",32.052061,76.091173,""
"Harsar Dehri","railway",32.105028,76.037686,""
"Jawanwala Shahr","railway",32.142141,76.004506,""
"Talara","railway",32.239291,75.904152,""
"Nurpur Road","railway",32.280767,75.848598,""
"Wansjaliya Junction","railway",21.799518,69.87342,""
"Nenpur","railway",22.84494,72.726751,""
"Krishna Mohan","railway",22.32954,88.450589,""
"Shasan Road","railway",22.347157,88.434902,""
"Dhapdhapi","railway",22.315939,88.460301,""
"Surjyapur","railway",22.29349,88.466688,""
"Sorupeta","railway",26.499641,91.077201,""
"Ghograpar","railway",26.451147,91.528843,""
"Udairampur","railway",22.100001,88.274686,""
"Kulpi","railway",22.076521,88.25576,""
"Karanjali","railway",22.034817,88.245697,""
"Nischintapur Market","railway",21.987909,88.217555,""
"Bidyadharpur","railway",22.424699,88.454013,""
"Kalikapur","railway",22.412052,88.476031,""
"Champahati","railway",22.401883,88.493643,""
"Ghutiari Sharif","railway",22.367901,88.552771,""
"Mahmudabad Avadh","railway",27.28979,81.113983,""
"Ichchapuram","railway",19.111471,84.680695,""
"Simhachalam","railway",17.745314,83.220792,""
"Thanesar City","railway",29.966902,76.824853,""
"Karnal","railway",29.695115,76.969829,""
"Ambli Road","railway",23.053531,72.493409,""
"Durganagar","railway",22.650497,88.419215,""
"Birati","railway",22.66432,88.427496,""
"Bisharpara Kodalia","railway",22.676678,88.434954,""
"New Barrackpore","railway",22.686764,88.444617,""
"Madhyamgram","railway",22.694784,88.453018,""
"Hridaypur","railway",22.710997,88.469999,""
"বদরগঞ্জ","railway",25.672026,89.058069,""
"Pindial","railway",17.926395,79.455634,""
"Sri Kalahasti","railway",13.745832,79.683259,""
"Koparlahar","railway",32.051996,76.250615,""
"Dokwa","railway",28.580065,75.323284,""
"Hadyal","railway",28.531762,75.267979,""
"Dudhwakhara","railway",28.459839,75.166159,""
"চাঁদপুর কোর্ট","railway",23.225521,90.655019,""
"Suku","railway",18.71499,82.726238,""
"Damanjodi","railway",18.769496,82.865392,""
"Dumuriput","railway",18.780456,82.804018,""
"Koraput Junction","railway",18.792043,82.718925,""
"Bassi Pathanam","railway",30.689625,76.410347,""
"Jagraon","railway",30.800754,75.472497,""
"Phariha","railway",26.00727,83.029255,""
"Khorason Road","railway",26.088954,82.865985,""
"Deshapran","railway",22.029851,87.817984,""
"جلو منہالہ","railway",31.577711,74.494868,""
"راجہ جنگ","railway",31.222098,74.258058,""
"رائے ونڈ جنکشن","railway",31.250631,74.222205,""
"Dhariwal","railway",31.951573,75.324079,""
"نارنگ منڈی","railway",31.903866,74.516918,""
"شکرگڑھ","railway",32.27072,75.155254,""
"Nurkot","railway",32.196915,75.100576,""
"ঈশ্বরগঞ্জ","railway",24.691704,90.603553,""
"মোহনগঞ্জ","railway",24.870822,90.973035,""
"গৌরীপুর জংশন","railway",24.763809,90.565645,""
"Bawal","railway",28.070089,76.572498,""
"Garhi Harsaru Junction","railway",28.438298,76.930725,""
"পটিয়া","railway",22.297891,91.982002,""
"کھاریاں ریلوے اسٹیشن","railway",32.815698,73.856059,""
"کھاریاں چھاؤنی ریلوے اسٹیشن","railway",32.773488,73.889978,""
"گجرات ریلوے اسٹیشن","railway",32.562785,74.064535,""
"Anandapuram","railway",14.074744,75.209857,""
"عارف والہ","railway",30.293309,73.065355,""
"حسن ابدال","railway",33.826796,72.699076,""
"পাঁচুরিয়া জংশন","railway",23.747539,89.711715,""
"Ghataprabha","railway",16.240983,74.75993,""
"গোয়ালন্দ বাজার","railway",23.723903,89.76413,""
"পাংশা","railway",23.786153,89.417152,""
"Phursungi","railway",18.4572,74.002157,""
"Sasvad Road","railway",18.472818,73.954518,""
"Shindawane","railway",18.425843,74.118156,""
"Alandi","railway",18.462903,74.06419,""
"Shadnagar","railway",17.064859,78.213014,""
"Jejuri","railway",18.287168,74.171669,""
"Rajevadi","railway",18.384333,74.155524,""
"Ambale","railway",18.413774,74.187037,""
"Komagata Maru Budge Budge","railway",22.49289,88.194858,""
"Nangi","railway",22.500213,88.223354,""
"Akra","railway",22.514737,88.249279,""
"Santoshpur","railway",22.524057,88.271066,""
"Brace Bridge","railway",22.517921,88.301137,""
"Balanagar","railway",16.947992,78.189476,""
"Paraj","railway",23.387588,87.627202,""
"Galsi","railway",23.358544,87.681365,""
"پشاور شہر","railway",34.017976,71.586947,""
"لنڈی کوتل","railway",34.093718,71.146599,""
"Talit","railway",23.293351,87.818916,""
"اٹک خورد","railway",33.873684,72.240945,""
"خوشحال","railway",34.009441,71.938834,""
"سنجوال","railway",33.809297,72.433008,""
"لارنس پور","railway",33.826755,72.50359,""
"برہان","railway",33.821451,72.587884,""
"واہ","railway",33.817464,72.737173,""
"ٹیکسلا","railway",33.742279,72.81452,""
"Janjgir Naila","railway",22.022929,82.565318,""
"Dapodi","railway",18.581447,73.832686,""
"Pimpri","railway",18.622953,73.802512,""
"Chinchwad","railway",18.640355,73.791713,""
"Akurdi","railway",18.648636,73.764716,""
"Bhuli","railway",23.801859,86.394676,""
"Nichitpur","railway",23.825775,86.287114,""
"جمرود","railway",34.007323,71.378049,""
"سنگجانی","railway",33.696303,72.850373,""
"‎مدنیتہ الحجاج ریلوے اسٹیشن","railway",33.632634,72.968585,""
"لوہی بھیر ریلوے اسٹیشن","railway",33.574035,73.157528,""
"مانکیالہ ریلوے اسٹیشن","railway",33.477508,73.240431,""
"گوجرخان ریلوے اسٹیشن","railway",33.259002,73.307616,""
"پنڈورا ریلوے اسٹیشن","railway",33.226469,73.339084,""
"سوہاوہ ریلوے اسٹیشن","railway",33.131597,73.429731,""
"ترکی ریلوے اسٹیشن","railway",33.06882,73.426794,""
"رتیال ریلوے اسٹیشن","railway",33.033199,73.536187,""
"دینہ ریلوے اسٹیشن","railway",33.024634,73.603217,""
"کالووال ریلوے اسٹیشن","railway",33.023995,73.658796,""
"کالا گُجراں ریلوے اسٹیشن","railway",32.962932,73.694892,""
"جہلم ریلوے اسٹیشن","railway",32.929215,73.725859,""
"سَرائے عالمگیر ریلوے اسٹیشن","railway",32.906775,73.749458,""
"چوآ کٹریالہ ریلوے اسٹیشن","railway",32.87961,73.785628,""
"چک پیرانا ریلوے اسٹیشن","railway",32.75126,73.907456,""
"دیونہ جلیانی ریلوے اسٹیشن","railway",32.632816,74.005381,""
"دھونکل","railway",32.383329,74.13307,""
"گکھڑ منڈی","railway",32.301883,74.152129,""
"گوجرانوالہ کینٹ","railway",32.245666,74.168168,""
"گوجرانوالا","railway",32.199033,74.181315,""
"تھیری سانسی","railway",32.103366,74.204101,""
"ایمن آباد","railway",32.054696,74.210782,""
"کامونکی","railway",31.981811,74.225935,""
"مریدکے","railway",31.800777,74.259001,""
"شاہدرہ ٹاؤن","railway",31.626754,74.290599,""
"بادامی باغ","railway",31.596029,74.317187,""
"لاہور چھاؤنی","railway",31.530547,74.361125,""
"کوٹ لکھپت","railway",31.45961,74.338547,""
"کانا کاچھا","railway",31.400494,74.30562,""
"جیا بگا","railway",31.330403,74.266785,""
"پریم نگر","railway",31.206483,74.155813,""
"کوٹ رادھا کشن","railway",31.170835,74.099727,""
"بھوئے آصل","railway",31.130234,74.035718,""
"چھانگا مانگا","railway",31.084781,73.964342,""
"پتوکی","railway",31.019057,73.853901,""
"حبیب آباد","railway",30.954455,73.744512,""
"اختر آباد","railway",30.921283,73.681311,""
"رینالہ خورد","railway",30.881245,73.599321,""
"Kissan","railway",30.844205,73.523647,""
"Okara","railway",30.80528,73.444284,""
"Okara Cantt","railway",30.750155,73.331797,""
"Yousafwala","railway",30.717381,73.265269,""
"Sahiwal","railway",30.654267,73.101126,""
"Chichawatni","railway",30.53548,72.690337,""
"Kassowal","railway",30.4904,72.53645,""
"مياں چنوں ریلوے سٹیشن","railway",30.437489,72.357539,""
"کچہ کھوہ","railway",30.37371,72.143195,""
"Kamnara","railway",23.292556,87.87813,""
"Khetia","railway",23.313686,87.88507,""
"အိုးပေါက်ဘူတာ","railway",19.71303,95.736069,""
"Burj","railway",31.658549,73.098405,""
"Thakurli","railway",19.226281,73.098017,""
"শায়েস্তাগঞ্জ জংশন","railway",24.278345,91.449872,""
"Dockyard Road","railway",18.967477,72.844548,""
"Reay Road","railway",18.977551,72.844101,""
"Currey Road","railway",18.993749,72.832856,""
"منڈی بہاؤالدین‬","railway",32.588381,73.492201,""
"Chailianwala","railway",32.613199,73.624702,""
"ڈنگہ","railway",32.6303,73.717459,""
"پیر جنڈ","railway",32.646148,73.803066,""
"جوره کرنانا","railway",32.656063,73.840565,""
"Ahla","railway",32.573183,73.393398,""
"ملکوال","railway",32.553072,73.212933,""
"پھلروان","railway",32.359884,73.010415,""
"Ratokala","railway",32.39704,73.043188,""
"Mona","railway",32.421395,73.064653,""
"پنڈ مکو","railway",32.451425,73.091217,""
"Pakhowal","railway",32.479538,73.11612,""
"Haria","railway",32.562536,73.318827,""
"Chak Nizam","railway",32.572406,73.162572,""
"Banna Mianwala","railway",32.538205,73.172312,""
"Qudratabad","railway",32.240228,72.876598,""
"Ajnalah","railway",32.202311,72.826379,""
"Mitha Lak","railway",32.135491,72.77718,""
"Pindi Rasool","railway",31.970114,72.638926,""
"Nandikoor","railway",13.132638,74.806045,""
"Chembur","railway",19.062632,72.90114,""
"Barakar","railway",23.742151,86.817165,""
"Kumardubi","railway",23.74755,86.79435,""
"Thapar Nagar","railway",23.768988,86.701511,""
"Chaudhribandh","railway",24.055414,85.990033,""
"Chichaki","railway",24.111831,85.946853,""
"Chaube","railway",24.237027,85.815731,""
"Dasra Halt BH","railway",24.274423,85.790541,""
"Parsabad","railway",24.307776,85.739007,""
"Hirodih","railway",24.382785,85.59664,""
"Bansinala Halt","railway",24.665464,85.161529,""
"Tankuppa","railway",24.703465,85.119854,""
"Kastha","railway",24.802314,84.920969,""
"Agran Dhulgaon","railway",16.955191,74.921615,""
"Sahasrakund","railway",19.403327,78.008359,""
"Khamanon","railway",30.807926,76.324799,""
"Lal kalan","railway",30.826875,76.100848,""
"Moth","railway",25.741033,78.948671,""
"ဂန့်ဂေါဘူတာ","railway",22.172274,94.142661,""
"Chennai Park Town","railway",13.079587,80.276295,""
"Chennai Park","railway",13.080754,80.273088,""
"Kodambakkam","railway",13.051662,80.230689,""
"Mambalam","railway",13.038066,80.227775,""
"Saidapet","railway",13.02331,80.223719,""
"Puratchi Thalaivar Dr. M. G. Ramachandran Central","railway",13.082423,80.275962,""
"Chepauk","railway",13.061931,80.280596,""
"Thiruvallikeni","railway",13.055935,80.280604,""
"Malur","railway",12.992853,77.938737,""
"Aman Lodge","railway",19.001379,73.281714,""
"Bhesana Mankanaj","railway",23.498369,72.331034,""
"পার্বতীপুর জংশন","railway",25.653216,88.915503,""
"Rahme Shah","railway",30.947246,73.000512,""
"Nabadwip Dham","railway",23.397546,88.3567,""
"Sarola","railway",18.939079,74.647868,""
"Visapur","railway",18.824762,74.59948,""
"Kem","railway",18.17681,75.274367,""
"Kolhadi","railway",20.900518,76.064054,""
"Mandal Ghat","railway",26.436515,88.752884,""
"Kolaigram","railway",26.55165,89.049887,""
"Samsi","railway",25.276269,88.010118,""
"Bhaluka Road","railway",25.33153,87.922652,""
"Harishchandrapur","railway",25.403759,87.868515,""
"Adina","railway",25.114633,88.122985,""
"Kumarganj","railway",25.218345,88.065838,""
"Gandhinagar Capital","railway",23.23484,72.630329,""
"Kumhari","railway",21.243956,81.516505,""
"Nipania","railway",21.826235,82.044714,""
"Akaltara","railway",22.029146,82.422475,""
"Jairamnagar","railway",22.033681,82.297268,""
"Sakti","railway",22.011904,82.955565,""
"Belpahar","railway",21.827133,83.848659,""
"Rajgangpur","railway",22.186115,84.583507,""
"Gidhni","railway",22.488108,86.85335,""
"Asvali","railway",19.82045,73.717591,""
"Padli","railway",19.798199,73.672129,""
"Jaroli","railway",21.952427,85.419063,""
"হেমনগর","railway",24.567975,89.859671,""
"শহীদ নগর বারই পটল","railway",24.630551,89.831167,""
"Kerejanga","railway",20.855163,84.976405,""
"Gumada","railway",18.887622,83.457522,""
"Kuneru","railway",18.96739,83.440112,""
"Garudubilli","railway",18.203179,83.354438,""
"Bondapalli","railway",18.246272,83.337308,""
"Gajapatinagaram","railway",18.293294,83.333799,""
"Komatipalli","railway",18.381104,83.341397,""
"Donkinavalasa","railway",18.471248,83.35172,""
"Sitanagaram","railway",18.657305,83.365461,""
"Parvatipuram","railway",18.769903,83.427157,""
"Parvatipuram Town","railway",18.784644,83.434139,""
"Jhadupudi","railway",19.028048,84.612993,""
"Golanthra","railway",19.218478,84.740666,""
"Palasa","railway",18.757382,84.421945,""
"Summadevi","railway",18.794985,84.459054,""
"Mandasa Road","railway",18.840705,84.494876,""
"Baruva","railway",18.901135,84.554463,""
"Pundi","railway",18.664853,84.370616,""
"Harishchandrapuram","railway",18.479156,84.121576,""
"Kotabommali","railway",18.488067,84.199584,""
"Srikakulam Road","railway",18.408971,83.903886,""
"Urlam","railway",18.434714,83.989272,""
"Tilaru","railway",18.470172,84.072298,""
"Garividi","railway",18.27378,83.531295,""
"Chipurupalle","railway",18.316573,83.568964,""
"Sigadam","railway",18.360485,83.681428,""
"Dusi","railway",18.370245,83.858352,""
"Nellimarla","railway",18.188298,83.45933,""
"Mallividu","railway",17.97205,83.172793,""
"Lakkavarapukota","railway",18.03168,83.144488,""
"Tyada","railway",18.217273,83.04257,""
"Chimidipalli","railway",18.263135,83.078246,""
"Borra Guhalu","railway",18.274907,83.040169,""
"Karakavalsa","railway",18.292058,82.992306,""
"Araku","railway",18.332922,82.865258,""
"Pendurthi","railway",17.814225,83.19568,""
"Kottavalasa Junction","railway",17.890954,83.186361,""
"Kantakpalle","railway",17.954975,83.207969,""
"Alamanda","railway",18.012079,83.270631,""
"Korukonda","railway",18.053685,83.320281,""
"Padua","railway",18.398138,82.688756,""
"Hamsavaram","railway",17.316222,82.489652,""
"Regupalem","railway",17.505283,82.790696,""
"Bayyavaram","railway",17.660031,82.930427,""
"Mallavaram","railway",17.186452,82.321364,""
"Ravikampadu","railway",17.22923,82.366855,""
"Bikkavolu","railway",16.969028,82.031842,""
"Chagallu","railway",16.971227,81.690954,""
"Chiluvur","railway",16.380282,80.617224,""
"Kolanukonda","railway",16.448422,80.604512,""
"Raghavapuram","railway",18.681214,79.411736,""
"Asifabad Road","railway",19.257162,79.416689,""
"Ralapet","railway",19.318622,79.432371,""
"Sirpur Kagaznagar","railway",19.346563,79.489989,""
"Vempalli","railway",19.405104,79.529518,""
"Tadali Junction","railway",20.034742,79.187926,""
"Sonegaon","railway",20.62885,78.709315,""
"Manoharabad","railway",17.755586,78.454429,""
"Wadiaram","railway",17.972733,78.455249,""
"Mirzapalli","railway",18.017598,78.41597,""
"Akanapet","railway",18.101935,78.39802,""
"Talmadla","railway",18.239456,78.357431,""
"Kamareddi","railway",18.325198,78.336002,""
"Jankampet","railway",18.702716,78.053888,""
"Navipet","railway",18.766298,78.016882,""
"Bandarupalli","railway",16.365319,80.362671,""
"Piduguralla","railway",16.47823,79.876866,""
"Pondugula","railway",16.643307,79.677988,""
"Vajirabad","railway",16.68364,79.648806,""
"Valigonda","railway",17.367221,79.008585,""
"Nallapadu","railway",16.307683,80.397039,""
"Tsunduru","railway",16.156722,80.58579,""
"Valliveru","railway",16.189668,80.606027,""
"Peddavadlapudi","railway",16.414143,80.612933,""
"Ipurupalem","railway",15.851928,80.385263,""
"Appikatla","railway",15.970606,80.514293,""
"Nidubrolu","railway",16.067979,80.557544,""
"Uppugunduru","railway",15.650054,80.193497,""
"Ulavapadu","railway",15.166996,80.013063,""
"Singarayakonda","railway",15.252381,80.026241,""
"Surareddipalem","railway",15.408138,80.046019,""
"Sri Venkateswarapalem","railway",14.806338,79.982319,""
"Kodavaluru","railway",14.564467,79.994628,""
"Talamanchi","railway",14.606494,79.997918,""
"Alluru Road","railway",14.710492,79.988793,""
"Namburu","railway",16.358447,80.496247,""
"Phirangipuram","railway",16.292344,80.256271,""
"Perecherla","railway",16.319165,80.339803,""
"Malkapuram","railway",15.368963,77.967522,""
"Diguvametta","railway",15.39506,78.82658,""
"Linganenidoddi","railway",15.398957,77.703038,""
"Chelama","railway",15.422308,78.695898,""
"Gazulapalle","railway",15.430522,78.599569,""
"Somidevipalle","railway",15.453136,79.038153,""
"Panyam","railway",15.500516,78.340627,""
"Tarlupadu","railway",15.656357,79.209049,""
"Markapur Road","railway",15.715284,79.303648,""
"Gajjelakonda","railway",15.777803,79.402257,""
"Cheekategalapalem","railway",16.017038,79.693273,""
"Vinukonda","railway",16.050657,79.74772,""
"Maddikera","railway",15.256394,77.41216,""
"Imampuram","railway",15.012893,77.517034,""
"Venkatampalle","railway",15.037864,77.462392,""
"Jakkalacheruvu","railway",15.10868,77.72794,""
"Regadipalli","railway",14.814454,78.136313,""
"Challavaripalli","railway",14.876214,78.033996,""
"Komali","railway",14.932749,77.933011,""
"Jutturu","railway",14.978447,77.897517,""
"Vemulapadu","railway",15.018139,77.854082,""
"Rayalcheruvu","railway",15.055219,77.819743,""
"Kamalapuram","railway",14.592867,78.666325,""
"Yerragudipad","railway",14.620798,78.595661,""
"Kalamalla","railway",14.668089,78.469691,""
"Gangayapalle","railway",14.5531,78.71739,""
"Ontimitta","railway",14.392622,79.017633,""
"Bhakarapeta","railway",14.409202,78.970008,""
"Kanamalopalle","railway",14.43216,78.92017,""
"Anantarajupet","railway",13.999789,79.302725,""
"Obulavaripalli Junction","railway",14.040412,79.267828,""
"Pullampet","railway",14.120516,79.205209,""
"Nandalur","railway",14.270797,79.104387,""
"Mantapapalle","railway",14.321823,79.080225,""
"Mamanduru","railway",13.744763,79.461025,""
"Balapalle","railway",13.811555,79.406482,""
"Renigunta Junction","railway",13.637874,79.506253,""
"Yerpedu","railway",13.6874,79.575062,""
"Rachagunneri","railway",13.714793,79.631251,""
"Vendodu","railway",14.026783,79.728794,""
"Molagavalli","railway",15.357441,77.372394,""
"Nagarur","railway",15.542867,77.313631,""
"Kuppagal","railway",15.726864,77.219766,""
"Dharur","railway",17.289124,77.758232,""
"Godamgura","railway",17.290053,77.866747,""
"Chitgidda","railway",17.394179,77.973697,""
"Nagalapalli","railway",17.460242,78.230083,""
"Kohir Deccan","railway",17.609163,77.712509,""
"Hirenanduru","railway",17.258181,76.872141,""
"Budvel","railway",17.30986,78.424984,""
"Umdanagar","railway",17.263407,78.393171,""
"Bhogpur Sirwal","railway",31.555021,75.64487,""
"Hadapsar Railway Station","railway",18.526967,73.927825,""
"Loni","railway",18.490847,74.020808,""
"Manjari Budruk","railway",18.512209,73.971934,""
"Markundi","railway",25.018226,80.948467,""
"বোনারপাড়া","railway",25.164394,89.523337,""
"চিলাহাটি","railway",26.24314,88.796305,""
"বাহাদুরাবাদ ঘাট","railway",25.166174,89.735701,""
"সোনাপুর","railway",22.827695,91.101462,""
"গাইবান্ধা","railway",25.332309,89.542466,""
"জগন্নাথগঞ্জ ঘাট","railway",24.641743,89.808578,""
"জিনারদী","railway",23.93044,90.67437,""
"টাঙ্গাইল রেলওয়ে স্টেশন","railway",24.273851,89.937591,""
"উল্লাপাড়া","railway",24.290074,89.570121,""
"চুয়াডাঙ্গা","railway",23.638038,88.854628,""
"Ankola","railway",14.645359,74.331925,""
"Balli","railway",15.151774,74.021181,""
"Barkur","railway",13.477027,74.759868,""
"Bijoor","railway",13.822007,74.642619,""
"Harwada","railway",14.74039,74.259398,""
"Manki","railway",14.174644,74.493679,""
"Senapura","railway",13.717875,74.684472,""
"Goneana","railway",30.318782,74.909709,""
"Chandbhan","railway",30.384214,74.893896,""
"Gangsar Jaito","railway",30.445772,74.878945,""
"Lohian Khas Junction","railway",31.165431,75.196492,""
"Makhu","railway",31.10579,74.984023,""
"Jaintipura","railway",31.772897,75.102768,""
"Kedgaon","railway",18.482087,74.376715,""
"Khutbav","railway",18.486004,74.315655,""
"Yavat","railway",18.489012,74.256651,""
"Haveri","railway",14.794753,75.411144,""
"Ratnagiri","railway",17.002851,73.358339,""
"Sangameshwar","railway",17.201592,73.546396,""
"Savarda","railway",17.404653,73.515195,""
"Zarap","railway",15.948357,73.734153,""
"Hunasenahalli","railway",13.400327,77.946714,""
"Chintamani","railway",13.410988,78.053996,""
"Bitragunta","railway",14.766979,79.98383,""
"ষোলশহর জংশন","railway",22.368514,91.826526,""
"নাজির হাট","railway",22.629361,91.787682,""
"জান আলী হাট","railway",22.395867,91.87195,""
"দোহাজারী","railway",22.163351,92.069168,""
"খোলাহাটী","railway",25.656449,88.974947,""
"বামনডাঙ্গা","railway",25.533746,89.445664,""
"ভেড়ামারা","railway",24.023205,88.991867,""
"বজরা","railway",22.992079,91.100612,""
"ভানুগাছ রেল স্টেশন","railway",24.351743,91.841292,""
"চাটমোহর","railway",24.188753,89.275573,""
"চিরিরবন্দর","railway",25.645879,88.775841,""
"চিতোষী","railway",23.235726,91.029358,""
"মেহের","railway",23.245199,90.943317,""
"চৌমুহনী","railway",22.943912,91.12069,""
"কসবা","railway",23.74027,91.15556,""
"ডোমার","railway",26.104638,88.819977,""
"গচিহাটা","railway",24.341929,90.824569,""
"হাজীগঞ্জ","railway",23.258181,90.84823,""
"ঈশ্বরদী বাইপাস","railway",24.155064,89.057497,""
"ইসলামপুর বাজার","railway",25.077801,89.791623,""
"জামতৈল","railway",24.361269,89.660434,""
"খোকসা","railway",23.830885,89.302974,""
"কুলিয়ারচর","railway",24.151002,90.928675,""
"কুমারখালী","railway",23.860576,89.241024,""
"কুষ্টিয়া কোর্ট স্টেশন","railway",23.907067,89.128287,""
"কুষ্টিয়া","railway",23.902472,89.145561,""
"মাইজদী কোর্ট","railway",22.860655,91.104938,""
"মাইজগাঁও","railway",24.686185,91.951553,""
"মেলান্দহ বাজার","railway",24.978176,89.853417,""
"মানিক খালী","railway",24.297937,90.84649,""
"মৌচাক","railway",24.038513,90.282355,""
"নান্দিনা","railway",24.867705,90.035903,""
"নাঙ্গলকোট","railway",23.165343,91.20123,""
"পলিটেকনিক হল্ট","railway",22.365937,91.811724,""
"পীরগাছা","railway",25.659328,89.407802,""
"শাহজি বাজার","railway",24.253205,91.382114,""
"শমশেরনগর","railway",24.382882,91.900396,""
"সোনাইমুড়ি","railway",23.044011,91.098642,""
"সোনাতলা","railway",25.04222,89.497449,""
"সারদা","railway",24.337291,88.752525,""
"Kurseong","railway",26.877589,88.277247,""
"Sonada","railway",26.960777,88.27367,""
"Tung","railway",26.922541,88.29562,""
"কালুখালী জংশন","railway",23.768146,89.48041,""
"বহরপুর","railway",23.68638,89.561516,""
"মধুখালী","railway",23.546752,89.630708,""
"বোয়ালমারী","railway",23.389801,89.687563,""
"কাশিয়ানী জংশন","railway",23.233479,89.72508,""
"Pappinisseri","railway",11.942291,75.347026,""
"Jagudan","railway",23.51588,72.403391,""
"Thokur","railway",12.963423,74.829541,""
"Gollaprolu","railway",17.151676,82.290478,""
"Kanniyakumari","railway",8.087964,77.546741,""
"Annavaram","railway",17.269209,82.419391,""
"Minjur","railway",13.28134,80.260244,""
"Nanaksar","railway",30.803512,75.420314,""
"Alapakkam","railway",11.618815,79.727654,""
"Capper Quarry","railway",11.681022,79.747741,""
"Agra City","railway",27.194131,78.015519,""
"Bichpuri","railway",27.176529,77.914653,""
"Bilochpura","railway",27.2019,77.986789,""
"Kiraoli","railway",27.133993,77.785907,""
"यमुना ब्रिज (Yamuna Bridge)","railway",27.192156,78.038946,""
"Kille","railway",11.438452,79.723258,""
"Kaithal","railway",29.793098,76.398031,""
"Lowjee","railway",18.809571,73.335185,""
"Hanakere","railway",12.565589,76.981021,""
"Kalayat","railway",29.678942,76.228168,""
"Sajuma","railway",29.726753,76.295872,""
"Mankhurd","railway",19.048209,72.931714,""
"Nahur","railway",19.15464,72.946652,""
"Bandra","railway",19.054979,72.84022,""
"Byculla","railway",18.976622,72.832794,""
"Charni Road","railway",18.951844,72.81824,""
"Dadar","railway",19.017376,72.843026,""
"Mahim Junction","railway",19.040663,72.846604,""
"Marine Lines","railway",18.945764,72.823719,""
"Panvel","railway",18.989424,73.122695,""
"Vile Parle","railway",19.09991,72.844004,""
"Virar","railway",19.455306,72.811816,""
"Devarkadre","railway",16.631263,77.838655,""
"Kattur","railway",10.896101,78.855536,""
"Valadi","railway",10.872555,78.75801,""
"Uttamar Kovil","railway",10.877529,78.702267,""
"Taraori","railway",29.797791,76.938035,""
"Geong","railway",29.821895,76.466653,""
"Pehowa Road","railway",29.884078,76.621093,""
"Pindarsi","railway",29.918335,76.704662,""
"Tik","railway",29.850133,76.527207,""
"沱沱河","railway",34.23318,92.445731,""
"Deoria Sadar","railway",26.50797,83.781958,""
"Tantpur","railway",26.838448,77.481618,""
"Baseri","railway",26.748598,77.543397,""
"Bangarmau","railway",26.892286,80.22161,""
"Asan","railway",29.401351,76.869373,""
"Khukrana","railway",29.399956,76.906863,""
"Madlauda","railway",29.400038,76.810025,""
"Fatehpur Sikri","railway",27.094262,77.670715,""
"جہانگیرا","railway",33.958326,72.197153,""
"Bhambewa","railway",29.239112,76.550741,""
"Gohana Junction","railway",29.140787,76.689685,""
"Chuna Bhatti","railway",19.05177,72.869097,""
"Sion","railway",19.046521,72.863283,""
"Bhainswan","railway",29.095248,76.680087,""
"Jasia","railway",29.018418,76.654762,""
"Makrauli","railway",28.949251,76.628768,""
"Ajitwal","railway",30.808273,75.33535,""
"Kurla","railway",19.06528,72.87938,""
"Ranapura","railway",26.66469,77.503471,""
"Darshannagar","railway",26.751849,82.208364,""
"Israna","railway",29.278363,76.83666,""
"Mundlana","railway",29.212198,76.757759,""
"Naultha","railway",29.315768,76.886168,""
"Udgir","railway",18.390853,77.109879,""
"Moga","railway",30.817478,75.168772,""
"Bishalgarh","railway",23.676677,91.272816,""
"Goreswar","railway",26.52792,91.722188,""
"Khandikar","railway",26.465585,91.645898,""
"Harisinga","railway",26.725284,91.986581,""
"Parlakhemundi","railway",18.785724,84.081619,""
"Jamner","railway",20.80644,75.774909,""
"Pachora Junction","railway",20.669632,75.349205,""
"Govindwal Sahib","railway",31.370723,75.110127,""
"Aluabari Road Junction (Islampur)","railway",26.269043,88.185247,""
"Aunlajori Junction","railway",22.334605,86.19596,""
"Badampahar","railway",22.088791,86.112118,""
"Gorumahisani","railway",22.33378,86.276207,""
"Rairangpur","railway",22.264233,86.180774,""
"Dholka","railway",22.731555,72.43442,""
"Nawadih","railway",24.409197,85.816152,""
"New Madanpur","railway",24.312396,87.226768,""
"Jamua","railway",24.358421,86.154176,""
"بہاولنگر","railway",30.002343,73.252903,""
"Ahmedabad Junction","railway",23.026331,72.601,""
"Amritsar Junction","railway",31.633213,74.867143,""
"Krantivira Sangolli Rayanna (Bengaluru)","railway",12.978174,77.56956,""
"Jaipur Junction","railway",26.920789,75.786654,""
"Jammu Tawi","railway",32.70604,74.879993,""
"Tiruchchirappalli Junction","railway",10.794268,78.685294,""
"Vadodara Junction","railway",22.311073,73.180801,""
"Vijayawada Junction","railway",16.517968,80.619572,""
"Prayagraj Junction","railway",25.445432,81.825958,""
"Gaya Junction","railway",24.803519,84.999425,""
"Guwahati","railway",26.18237,91.750123,""
"Jabalpur","railway",23.164957,79.951251,""
"Kanpur Central","railway",26.453861,80.351243,""
"Kharagpur Junction","railway",22.33994,87.325005,""
"Deen Dayal Upadhyaya Junction","railway",25.280392,83.12074,""
"Muzaffarpur Junction","railway",26.122401,85.378395,""
"Bhubaneswar","railway",20.266777,85.843559,""
"Cuttack Junction","railway",20.464027,85.900204,""
"Puri","railway",19.807934,85.83779,""
"Raipur Junction","railway",21.257798,81.630287,""
"Bhusaval Junction","railway",21.047255,75.788059,""
"Gorakhpur Junction","railway",26.759667,83.381975,""
"খুলনা পুরান রেলওয়ে স্টেশন","railway",22.822521,89.557946,""
"Tatanagar","railway",22.76828,86.201117,""
"Guntakal Junction","railway",15.173713,77.369864,""
"Mangaluru Central","railway",12.863404,74.843239,""
"Salem Junction","railway",11.670755,78.113543,""
"Tirupati","railway",13.628291,79.419528,""
"Dibrugarh","railway",27.464737,94.937164,""
"Katihar Junction","railway",25.547973,87.565232,""
"Kota Junction","railway",25.223983,75.880853,""
"Dehradun","railway",30.314336,78.033557,""
"Srinagar Railway Station","railway",34.023809,74.847251,""
"Banihal","railway",33.450759,75.189138,""
"Shri Mata Vaishno Devi Katra","railway",32.983037,74.934995,""
"Killinochchi","railway",9.385708,80.405998,""
"Madhu Road","railway",8.773835,80.150163,""
"গঙ্গাসাগর","railway",23.82615,91.193755,""
"জামালপুর রেলওয়ে স্টেশন (জং)","railway",24.9153,89.953953,""
"টঙ্গী জংশন","railway",23.898573,90.408132,""
"ကျောက်တော် ဘူတာ","railway",20.833671,92.976256,""
"چارسدہ","railway",34.150946,71.759294,""
"Banaganapalli","railway",15.322303,78.250716,""
"Morinda Junction","railway",30.795323,76.504677,""
"Wanparti Road","railway",16.382106,77.88549,""
"Surajpur Road","railway",23.289546,82.880511,""
"Umbergaon Road","railway",20.153765,72.79058,""
"Sanjan","railway",20.192235,72.821085,""
"Jogendranagar","railway",23.811417,91.307408,""
"Dilmili","railway",18.988068,81.737467,""
"Kumhar Maranga","railway",19.03493,81.94661,""
"ပြည်","railway",18.820512,95.216673,""
"Lakdi-ka-pul","railway",17.403833,78.463502,""
"Kazipet Town","railway",17.983445,79.518877,""
"Kaukuntla","railway",16.538885,77.85077,""
"Sonipat Junction","railway",28.989843,77.017118,""
"ချောင်းဦး","railway",21.96015,95.287172,""
"Gollapally","railway",16.818351,78.157441,""
"Ismaila Haryana","railway",28.79975,76.73995,""
"Kharawar","railway",28.831343,76.681063,""
"Sampla","railway",28.782293,76.773035,""
"Sattenapalli","railway",16.404999,80.152997,""
"Pedakurapadu","railway",16.459481,80.254168,""
"Khammam","railway",17.249035,80.139167,""
"Diviti Palli","railway",16.741248,78.084504,""
"Dwarapudi","railway",16.927798,81.92085,""
"سانگی","railway",27.758933,69.054436,""
"Danea","railway",23.800977,85.660541,""
"কৃষি বিশ্ববিদ্যালয় রেলওয়ে স্টেশন","railway",24.724026,90.43407,""
"Barapalasi","railway",24.381901,87.181875,""
"Nonihat Bhaturia","railway",24.476668,87.14234,""
"Hiller Shahabad","railway",33.567545,75.19212,""
"Senarathgama","railway",8.08588,80.277708,""
"ခင်ဦး","railway",22.772495,95.618536,""
"Panduranga Swamy Road","railway",16.247873,77.57778,""
"Bageshapura","railway",13.143223,76.229337,""
"Dhanora(Deccan)","railway",19.46536,78.132725,""
"Wani","railway",20.06657,78.960625,""
"Rajpipla","railway",21.878069,73.503969,""
"Garhi Manikpur","railway",25.776674,81.414494,""
"Kundaharnamganj","railway",25.714166,81.509912,""
"Barhiya","railway",25.282488,86.015468,""
"Gautamsthan","railway",25.789869,84.639016,""
"Gouchhari","railway",25.440045,86.672407,""
"Jangipur Road","railway",24.459111,88.041287,""
"Nagarsol","railway",20.101266,74.543154,""
"Tihu","railway",26.47163,91.268215,""
"Jagi Road","railway",26.125438,92.197303,""
"Sonuabari","railway",26.173231,92.311462,""
"Thekeraguri","railway",26.206113,92.434601,""
"Simen Chapori","railway",27.723845,94.886874,""
"Niphad","railway",20.097202,74.080014,""
"Mustabada","railway",16.547206,80.732601,""
"Gunadala","railway",16.538097,80.673655,""
"Vatlur","railway",16.693881,81.044377,""
"Gannavaram","railway",16.55613,80.796151,""
"Pedda Avutapale","railway",16.562461,80.83944,""
"Telaprolu","railway",16.598668,80.890536,""
"Denduluru","railway",16.781726,81.180725,""
"Chebrol","railway",16.819685,81.396011,""
"Badampudi","railway",16.82833,81.474102,""
"Nidadavolu Junction","railway",16.89795,81.674547,""
"协荣","railway",29.391879,90.915522,""
"曲水县","railway",29.35317,90.695068,""
"茶巴拉","railway",29.259279,90.491958,""
"尼木","railway",29.330956,90.28192,""
"仁布","railway",29.313505,89.812569,""
"大竹卡","railway",29.341026,89.603028,""
"拉萨南","railway",29.599249,91.040814,""
"卡如","railway",29.345211,90.051195,""
"Bhiwapur","railway",20.769717,79.511659,""
"Kuhi","railway",21.007106,79.350302,""
"Gullipadu","railway",17.409883,82.634069,""
"Elamanchili","railway",17.552387,82.852203,""
"Narsipatnam Road","railway",17.451028,82.72359,""
"Narasingapalli","railway",17.606282,82.89066,""
"Gogamukh","railway",27.441716,94.321239,""
"Salwa","railway",21.23625,79.292908,""
"احسان پور","railway",30.648907,70.951271,""
"Mavelikkara","railway",9.239652,76.545719,""
"Bolarum","railway",17.533068,78.515457,""
"Alwal","railway",17.505037,78.514663,""
"Dondaicha","railway",21.331264,74.562868,""
"Jenapur","railway",20.851175,86.065645,""
"Delang","railway",20.037986,85.767105,""
"পিয়ারপুর","railway",24.87908,90.196603,""
"Chuhriwala Dhan","railway",30.212573,74.134653,""
"Khui Khera","railway",30.30519,74.078328,""
"New Garh Madhopur","railway",20.798843,86.072409,""
"Kodi","railway",19.702662,76.015445,""
"Lingeri","railway",16.668765,77.189729,""
"Saidapur","railway",16.570787,77.250003,""
"Chegunta","railway",16.485737,77.301563,""
"Sirpur Town","railway",19.478833,79.560717,""
"Rechni Road","railway",19.14072,79.451668,""
"Repalliwada","railway",19.184751,79.430298,""
"Nukapalli Mallial","railway",18.705853,78.920165,""
"Basar","railway",18.86579,77.93886,""
"Masaipet","railway",17.880153,78.466875,""
"Medchal","railway",17.639925,78.475344,""
"Gundla Pochampally","railway",17.56871,78.488237,""
"Shankarpalli","railway",17.450555,78.130793,""
"Mailaram","railway",17.280148,77.809669,""
"Rukmapur","railway",17.276051,77.680754,""
"Marpalli","railway",17.545689,77.771883,""
"Matalkunta","railway",17.772134,77.560517,""
"Sadashivapet Road","railway",17.483512,77.873088,""
"Timmapur","railway",17.16914,78.288978,""
"Itikyala","railway",16.073809,77.852724,""
"Manopad","railway",15.993472,77.942139,""
"Manyamkonda","railway",16.683285,77.905865,""
"Sriramnagar","railway",16.304149,77.867702,""
"Tipparthi","railway",17.005784,79.423912,""
"Kondrapol","railway",16.78531,79.601039,""
"Vishnupuram","railway",16.70976,79.637293,""
"Sitapuram","railway",18.815291,83.98238,""
"Chandrampalem","railway",17.085575,82.224363,""
"Gopalapatnam","railway",17.741081,83.231814,""
"Vejandla","railway",16.239949,80.516666,""
"Duggirala","railway",16.328919,80.62385,""
"Aravalli","railway",16.620008,81.598798,""
"Attili","railway",16.679801,81.616146,""
"Lakshminarayanapuram","railway",16.597828,81.590762,""
"Veeravasaram","railway",16.542147,81.632709,""
"Mandavalli","railway",16.518662,81.161107,""
"Moturu","railway",16.440476,81.051703,""
"Pallevada","railway",16.576442,81.287636,""
"Tarigoppula","railway",16.485439,80.836011,""
"Pedana","railway",16.251711,81.144303,""
"Bellamkonda","railway",16.470618,80.001513,""
"Siripuram","railway",16.414481,80.294385,""
"Sitaramapuram","railway",16.474018,79.92434,""
"Tummalacheruvu","railway",16.528774,79.80159,""
"Pagidirai","railway",15.272875,77.602258,""
"Pamidi","railway",14.980537,77.599284,""
"Kosgi","railway",15.847702,77.236377,""
"Basampalle","railway",14.311241,77.745521,""
"Narayanapuram","railway",14.128847,77.696046,""
"Prasannayanapalli","railway",14.649507,77.595078,""
"Aspari","railway",15.455801,77.356166,""
"Iranagallu","railway",15.892604,77.263743,""
"Nancherla","railway",15.25621,77.369464,""
"Kalasamudram","railway",14.217828,78.09885,""
"Mungilipattu","railway",13.556393,79.241245,""
"Panapakam","railway",13.500002,79.204091,""
"Kurabalakota","railway",13.66719,78.485426,""
"Pulicherla","railway",13.598648,79.040789,""
"Vayalpad","railway",13.634332,78.62331,""
"Ramapuram","railway",13.098106,79.179433,""
"Yesvantpur Junction","railway",13.023773,77.55077,""
"Hebbal","railway",13.042548,77.586249,""
"Bapatla","railway",15.908348,80.468724,""
"Chinna Ganjam","railway",15.689378,80.236717,""
"Stuartpuram","railway",15.874476,80.415671,""
"Kavali","railway",14.915534,79.988971,""
"Kondagunta","railway",14.080356,79.794553,""
"Nidigallu","railway",13.988617,79.661542,""
"Yataluru","railway",13.893192,79.626428,""
"Cumbum","railway",15.592824,79.112672,""
"Jaggambhotla Krishnapuram","railway",15.552028,79.072105,""
"Gundlakamma Junction","railway",15.984582,79.644877,""
"Munumaka","railway",16.189898,79.980818,""
"Santamagulur","railway",16.146647,79.915455,""
"Satulur","railway",16.254483,80.138775,""
"Vemuluripadu","railway",16.309275,80.297573,""
"Ponduru","railway",18.362788,83.776787,""
"Naupada Junction","railway",18.578915,84.283154,""
"Sompeta","railway",18.980908,84.581575,""
"Chikkasuguru","railway",16.335928,77.344844,""
"Yadalapur","railway",16.384916,77.327456,""
"জামালপুর আদালত","railway",24.944469,89.913871,""
"Matmari","railway",16.046499,77.302479,""
"Marichethal","railway",16.109887,77.309439,""
"Isivi","railway",15.657554,77.229794,""
"Nemkallu","railway",15.29289,77.372618,""
"Sultanpur Lodi","railway",31.211098,75.202309,""
"بھکر","railway",31.622111,71.065058,""
"لیہ","railway",30.968101,70.943384,""
"Surla Road","railway",19.176461,84.718965,""
"Chatrapur Court","railway",19.359208,84.982905,""
"Trikaripur","railway",12.142943,75.175537,""
"Jagannath Temple Gate","railway",11.738577,75.508182,""
"Belanki","railway",16.851938,74.870325,""
"Sairang","railway",23.79819,92.651229,""
"Rakha Mines","railway",22.674527,86.354317,""
"Hasisar Station","railway",25.506761,69.677034,""
"Darazpur","railway",30.152778,77.1962,""
"Uppalavai","railway",18.424706,78.316142,""
"卡堆","railway",29.177297,89.039443,""
"灯古","railway",29.307326,89.390047,""
"杰琼","railway",29.261106,89.212275,""
"Barara","railway",30.21287,77.038492,""
"Kesri","railway",30.265445,76.933838,""
"Mustafabad","railway",30.181356,77.122356,""
"Tandwal","railway",30.233909,76.988666,""
"Thangundi","railway",16.803401,77.06795,""
"နှမ်းခါးဘူတာ","railway",22.55284,94.083128,""
"فتح جنگ ریلوے اسٹیشن","railway",33.575802,72.641865,""
"Ahju","railway",32.024062,76.706899,""
"Baijnath Paprola","railway",32.051147,76.635099,""
"Kodaganuru","railway",14.330364,76.033604,""
"Sasalu","railway",14.211108,76.115021,""
"Iratperiya Kulam","railway",8.709559,80.481164,""
"Hatares Kotuwa","railway",8.145174,80.839124,""
"Horiwiala","railway",8.06779,80.678514,""
"Karadipuwal","railway",8.135384,79.863913,""
"Madegama","railway",8.475,80.435142,""
"Mankulam","railway",9.12999,80.444572,""
"Neriyakulam","railway",8.616585,80.356855,""
"Palugaswewa","railway",8.05902,80.713258,""
"Paranthan","railway",9.440119,80.407105,""
"Periyanagavillu","railway",8.228386,79.86661,""
"Punewa","railway",8.613086,80.462864,""
"Puliyankulam","railway",8.960928,80.523004,""
"Ganj Dundwara","railway",27.726214,78.938829,""
"Viralmurippuwa","railway",8.530806,80.446541,""
"Salkaroad","railway",22.366185,82.010405,""
"Jawalamukhi Road","railway",32.016171,76.226614,""
"Barhan","railway",27.329881,78.191694,""
"Dhalgaon","railway",17.122421,74.99099,""
"Jath Road","railway",17.218255,75.111657,""
"Bamani","railway",17.510736,75.236545,""
"Modlimb","railway",17.91686,75.405303,""
"Pandharpur","railway",17.669636,75.320841,""
"Mathnashipur","railway",23.10183,87.964891,""
"Pushkar","railway",26.490869,74.537871,""
"Palanpur Junction","railway",24.17454,72.430721,""
"منڈی بُورے والا","railway",30.155336,72.681519,""
"Durg Junction","railway",21.200087,81.291579,""
"Tunga Bhadra Dam","railway",15.263022,76.354187,""
"Tunia","railway",22.544802,85.428811,""
"Tohana","railway",29.726406,75.902767,""
"Dhamtan Sahib","railway",29.687392,76.006291,""
"Dharodi","railway",29.639659,76.05592,""
"Palavanthangal","railway",12.990638,80.18794,""
"Belapur","railway",19.619764,74.659901,""
"Sivapur","railway",13.670466,75.928351,""
"Tarikere Junction","railway",13.711514,75.812598,""
"Uklana","railway",29.500404,75.882372,""
"Khandbara","railway",21.304776,74.04506,""
"Daulatpur Haryana","railway",29.449779,75.888914,""
"Cansaulim","railway",15.344917,73.897565,""
"Amaravathi Colony Junction","railway",14.49898,75.852125,""
"Shantipur Junction","railway",23.262954,88.435945,""
"Govandi","railway",19.055369,72.91507,""
"Udi More Junction","railway",26.728851,78.951106,""
"পাকশী","railway",24.070877,89.040686,""
"Shantigrama","railway",12.984617,76.20546,""
"Gumto","railway",27.136987,93.791461,""
"Chikalthana","railway",19.859683,75.402402,""
"Daulatabad","railway",19.916875,75.209742,""
"Bhandup","railway",19.142757,72.937654,""
"Fatehgarh Churian","railway",31.863648,74.941492,""
"Guindy","railway",13.008669,80.212606,""
"Vadtal Swaminarayan","railway",22.597145,72.875061,""
"Dahej","railway",21.709301,72.589396,""
"Samni Junction","railway",21.852581,72.924571,""
"Pakhajan","railway",21.798633,72.728553,""
"Longai","railway",24.854431,92.343355,""
"Sekerkote","railway",23.743693,91.277392,""
"Bairabi","railway",24.19605,92.541287,""
"Palej","railway",21.92057,73.072625,""
"Kumbalam","railway",9.906419,76.311397,""
"မင်းဘူး","railway",20.185626,94.843846,""
"Sakhigopal","railway",19.942776,85.816036,""
"Chhatrapati Sambhajinagar","railway",19.8598,75.311401,""
"حویلی وساویوالا","railway",30.457145,73.677372,""
"Gharyala","railway",31.22327,74.73305,""
"Pallai","railway",9.607875,80.329841,""
"کھوڈیاں خاص","railway",30.99402,74.276948,""
"သဲကုန်း","railway",18.647904,95.414238,""
"Sondalia","railway",22.681816,88.5823,""
"Howrah Junction","railway",22.582871,88.342811,""
"Khana Junction","railway",23.321364,87.769568,""
"Bhatar","railway",23.406792,87.925068,""
"Shalimar","railway",22.555154,88.31539,""
"Kathalpukhari","railway",27.176593,93.971129,""
"خان پور","railway",28.640131,70.649411,""
"Borivali","railway",19.229068,72.857363,""
"Kandivali","railway",19.204114,72.851738,""
"رحیم یار خان ریلوے اسٹیشن","railway",28.422541,70.303424,""
"Malad","railway",19.186719,72.848588,""
"Goregaon","railway",19.164869,72.849549,""
"Rajagoda","railway",22.324096,87.866486,""
"Kumbala","railway",12.59012,74.943609,""
"Kannapuram","railway",11.983978,75.314235,""
"Mankara","railway",10.772067,76.500373,""
"নলডাঙ্গা","railway",25.481705,89.473959,""
"কামারপাড়া","railway",25.440252,89.49584,""
"Melmaruvattur","railway",12.428675,79.832866,""
"Kilikollur","railway",8.918129,76.632618,""
"Banapura","railway",22.470483,77.481689,""
"Guramkhedi","railway",22.682031,78.100603,""
"Saheli","railway",22.453561,77.816286,""
"Dharamkundi","railway",22.510309,77.548736,""
"Powerkheda","railway",22.673856,77.748086,""
"Kiratgarh","railway",22.538132,77.772975,""
"Pola-Patthar","railway",22.345502,77.854917,""
"Taku","railway",22.488644,77.819648,""
"Junheta","railway",22.783111,78.597291,""
"Pagdhal","railway",22.420323,77.351512,""
"Murad Nagar","railway",28.759707,77.507376,""
"Bhaironpur","railway",22.440474,77.41898,""
"Chhidgaon","railway",22.406975,77.31389,""
"Charkhera","railway",22.366257,77.160078,""
"Pabli Khas","railway",29.05602,77.69772,""
"Jehanabad","railway",25.226529,84.991058,""
"Hilara","railway",24.941982,92.602861,""
"Neyamatpur Halt","railway",24.939708,84.987945,""
"Bela","railway",24.979839,84.981671,""
"Ner Halt","railway",25.039296,84.972312,""
"Wanabar Halt","railway",25.055776,84.974534,""
"Gorakhpur Cantonment","railway",26.751089,83.418534,""
"Pura Halt","railway",24.815126,85.247533,""
"Kothana Halt","railway",24.81112,85.194297,""
"Adraj Moti","railway",23.258206,72.565157,""
"Kolvada","railway",23.271211,72.612172,""
"ماڑی انڈس ریلوے اسٹیشن","railway",32.955224,71.56184,""
"Prabhadevi","railway",19.007472,72.835897,""
"Munroe Thuruttu","railway",8.994531,76.611584,""
"Shravanabelagola","railway",12.871393,76.465669,""
"Hassan Junction","railway",13.003387,76.117387,""
"Mukundarayapuram","railway",12.978249,79.289201,""
"Gurhanwa","railway",26.746017,85.224501,""
"দৌলতপুর","railway",22.876632,89.522307,""
"Mandya","railway",12.528885,76.8967,""
"Chinchpokli","railway",18.987198,72.832672,""
"Parel","railway",19.009482,72.837661,""
"Kalyani Ghoshpara","railway",22.981926,88.43942,""
"छालेसार (Chhalesar)","railway",27.21507,78.090148,""
"Ramannapet","railway",17.284163,79.085996,""
"Tilak Nagar","railway",19.065786,72.89047,""
"Mohanur","railway",11.068932,78.139861,""
"বিরামপুর রেলওয়ে স্টেশন","railway",25.397926,88.994002,""
"Navatkuli","railway",9.661656,80.081472,""
"Laimekuri","railway",27.750768,95.076093,""
"Telem","railway",27.766046,95.003898,""
"Bhelwa","railway",26.995531,84.771505,""
"Beas Junction","railway",31.520281,75.291336,""
"Jamnagar","railway",22.493028,70.05351,""
"ফরিদপুর","railway",23.610876,89.84269,""
"Panj Kosi","railway",30.138361,74.049844,""
"Lasalgaon","railway",20.154605,74.225844,""
"Khurda Town","railway",20.158121,85.593301,""
"Jeonara","railway",22.464397,80.084197,""
"Dhatura Alipur","railway",22.424031,80.168758,""
"Jamgaon","railway",22.418861,80.19791,""
"Rampuri","railway",22.408967,80.254964,""
"Aratlakatta","railway",16.927615,82.179284,""
"Kakinada Town Junction","railway",16.967297,82.233477,""
"Medapadu","railway",17.005363,82.097006,""
"Kakinada Port","railway",16.953721,82.24093,""
"Chettikulam Station","railway",8.668984,80.305904,""
"Gangatola","railway",22.404913,79.994817,""
"پنڈ دادن خان","railway",32.593949,73.045983,""
"Bijalpura","railway",26.865782,85.884646,""
"Ghoksadanga","railway",26.422581,89.277755,""
"Betgara","railway",26.599859,88.85962,""
"Avadi","railway",13.118274,80.101543,""
"সদর রসুলপুর","railway",23.518988,91.168319,""
"Dhalpukhuri","railway",25.959859,92.90648,""
"Habaipur","railway",25.871474,92.985367,""
"Laopani","railway",26.199494,92.594539,""
"Amoni","railway",26.448249,92.919818,""
"Jakhalabandha","railway",26.580406,92.990633,""
"Samaguri","railway",26.416494,92.850198,""
"Amronga","railway",25.98198,90.854001,""
"Chaprakata","railway",26.492295,90.612514,""
"Jamalpur Shaikhan","railway",29.699859,75.856869,""
"Pirthala Lalauda","railway",29.62333,75.866691,""
"Bahadur Chariali","railway",27.448115,95.3507,""
"Bogapani","railway",27.433939,95.608392,""
"Dhamalgaon Junction","railway",27.387443,94.837545,""
"Makum","railway",27.486964,95.439343,""
"Powai","railway",27.349739,95.647582,""
"Himmatpura","railway",29.74792,75.864548,""
"Kahangarh","railway",29.83592,75.745686,""
"Andul","railway",22.575702,88.239446,""
"রাজাপুর","railway",23.580083,91.152285,""
"কৈবল্যধাম রেলওয়ে স্টেশন","railway",22.36766,91.781492,""
"Barda","railway",22.152392,88.087581,""
"Palur","railway",12.766346,79.906907,""
"Farrukhnagar","railway",28.467225,76.825366,""
"Shahbad Muhammadpur","railway",28.560326,77.071554,""
"Lakshmibai Nagar","railway",22.746635,75.855656,""
"日喀则西","railway",29.216011,88.875375,""
"Gunna Kalan RS","railway",32.417137,74.610891,""
"Canning","railway",22.313617,88.668694,""
"Muddalinganahalli","railway",13.242859,77.294432,""
"Hasilpur Railway Station","railway",29.697044,72.549889,""
"Chishtian Sharif Railway Station","railway",29.799764,72.858058,""
"Habhanghatta","railway",13.227012,76.24999,""
"ہارون آباد","railway",29.61188,73.13306,""
"Palsit","railway",23.196377,88.00314,""
"Kanjiya","railway",24.351652,78.164569,""
"Pali Marwar","railway",25.790974,73.327286,""
"Waria","railway",23.538477,87.2463,""
"Siduli","railway",23.648483,87.211575,""
"Thakurkuchi","railway",26.233626,91.921931,""
"Jhapater Dhal","railway",23.353049,87.75055,""
"Ishan Chandi Halt","railway",23.334245,87.738969,""
"Porbandar","railway",21.64289,69.61469,""
"Palla Road Station","railway",23.179074,88.009361,""
"Yeulkhed","railway",20.724894,77.075268,""
"Borgaon","railway",20.728356,77.181294,""
"Kapurthala","railway",31.366586,75.38225,""
"Daundaj","railway",18.229761,74.17739,""
"Hirnota","railway",26.895131,75.416296,""
"Hirnoda","railway",26.885717,75.328494,""
"Merta Road","railway",26.654976,74.353113,""
"Umed","railway",26.649333,73.738701,""
"Chityala","railway",17.222088,79.135808,""
"Muddanuru","railway",14.689031,78.397294,""
"Begampur","railway",22.738409,88.25511,""
"Baruipara","railway",22.766897,88.237047,""
"Mirzapur Bankipur","railway",22.790802,88.222445,""
"Balarambati","railway",22.808053,88.211684,""
"Madhu Sudanpur","railway",22.845448,88.19273,""
"Gangpur","railway",23.223619,87.926521,""
"Digha","railway",21.623077,87.508253,""
"Thiruvarur Junction","railway",10.765002,79.633696,""
"ကန့်ဘလူ","railway",23.204176,95.514708,""
"Banka Nayabaz","railway",22.595421,88.277558,""
"Velankanni","railway",10.686877,79.846181,""
"Tikiapara","railway",22.598577,88.324035,""
"Aithal","railway",29.808069,78.043909,""
"Pathri","railway",29.853436,78.078115,""
"Ikkar","railway",29.891923,78.1003,""
"Gwalior Junction","railway",26.216244,78.182604,""
"Mugad","railway",15.447667,74.904936,""
"Orr","railway",24.522893,77.833791,""
"جنڈ جنکشن ریلوے اسٹیشن","railway",33.440198,72.011332,""
"Beliaghata Road","railway",22.674796,88.607681,""
"Karea Kadambagachhi","railway",22.704641,88.534992,""
"Sonaili","railway",25.603757,87.715843,""
"Gullaguda","railway",17.417046,78.032996,""
"Dandkhora","railway",25.57407,87.647062,""
"Gorphar","railway",25.586083,87.674608,""
"Bishanpur Halt","railway",25.614545,87.742528,""
"Dhachna","railway",25.65523,87.966464,""
"Kachna","railway",25.633828,88.024862,""
"Jhitkia","railway",25.625339,88.06327,""
"Garh Banaili","railway",25.902831,87.535174,""
"Gokulnagar Joypur","railway",23.040584,87.456204,""
"Phulia","railway",23.229962,88.497402,""
"Bathna Krittibas","railway",23.246509,88.463015,""
"Kasba","railway",25.860245,87.529841,""
"Jalalgarh","railway",25.952607,87.530022,""
"Bangrod","railway",23.397186,75.121759,""
"Manshahi","railway",25.474194,87.58859,""
"Dhosawas","railway",23.370889,75.049141,""
"Palani","railway",10.458591,77.520288,""
"Patna Ghat","railway",25.587653,85.238043,""
"Bhagwanpur","railway",25.858341,85.301202,""
"Bennipatti Pirapur","railway",25.891683,85.308883,""
"Goraul","railway",25.931173,85.31864,""
"Kurhani","railway",25.979955,85.339469,""
"Piravam Road","railway",9.829026,76.455586,""
"Bramhapuri","railway",20.603715,79.86722,""
"Maniyan","railway",25.523525,87.607378,""
"Sajha Halt","railway",25.477294,87.676587,""
"Milangarh","railway",25.369454,87.8966,""
"Malahar","railway",25.303119,87.960914,""
"দিনাজপুর","railway",25.62507,88.632788,""
"Malancha","railway",25.360782,88.602652,""
"Rampur Bazar","railway",25.344246,88.630823,""
"Mallickpur Hat","railway",25.322607,88.691631,""
"Mindala","railway",20.538099,79.714866,""
"Umbermali","railway",19.628367,73.422953,""
"Thansit","railway",19.550337,73.35224,""
"Sangathanai Railway Station","railway",9.664046,80.172381,""
"Kamptee","railway",21.210856,79.195979,""
"Ramtek","railway",21.393585,79.299914,""
"Ganganiyan","railway",25.236518,86.664483,""
"Khariapipra Halt","railway",25.236747,86.644922,""
"Surgaon Banjari","railway",21.946563,76.544196,""
"Buniadpur","railway",25.386004,88.40122,""
"Daulatpur Hat","railway",25.330628,88.336927,""
"Deotala","railway",25.274166,88.294226,""
"Mahanagar","railway",25.24751,88.251874,""
"Eklakhi","railway",25.168083,88.098887,""
"Sripur Halt","railway",25.25641,88.044172,""
"Thachanthoppu","railway",9.657177,80.110818,""
"Brahmapur","railway",19.296752,84.7974,""
"Rurala Railway Station","railway",31.198816,73.299012,""
"Khurda Road Junction","railway",20.153114,85.707633,""
"Retang","railway",20.199822,85.760882,""
"Lakshmipur Bhorang","railway",25.290373,87.375579,""
"Gour Malda","railway",24.948247,88.110893,""
"জামালগঞ্জ","railway",25.030523,89.02195,""
"Chausa","railway",25.498904,83.896858,""
"Pawani Kumarpur Halt","railway",25.527504,83.935778,""
"Dumraon","railway",25.571751,84.143441,""
"Sarvodaya Halt","railway",25.553259,84.502519,""
"Kauriya Halt","railway",25.550732,84.521742,""
"Karisath","railway",25.549471,84.563284,""
"Jagjeevan Halt","railway",25.548,84.629145,""
"Jamira Halt","railway",25.557544,84.705593,""
"Kulharia","railway",25.568207,84.758203,""
"Sevagram","railway",20.739191,78.618554,""
"Chandan","railway",24.613488,86.675513,""
"Ginigera","railway",15.34798,76.247577,""
"Bagula","railway",23.33497,88.645799,""
"উলিপুর","railway",25.652119,89.623877,""
"হাতীবান্ধা","railway",26.128335,89.138693,""
"Maltekd","railway",19.168387,77.335246,""
"Mugat","railway",19.174844,77.426911,""
"Marauda","railway",21.159361,81.359597,""
"Telibandha","railway",21.2365,81.671062,""
"Bannihatti","railway",15.144466,76.622361,""
"Papinayaknahalli","railway",15.235682,76.490783,""
"Tinai Ghat","railway",15.448667,74.402411,""
"Ranapratap Nagar","railway",24.582768,73.728666,""
"Hanwant","railway",26.063247,73.005834,""
"Pokla","railway",22.91953,84.951044,""
"Narayan Pakuria Murail","railway",22.399867,87.774236,""
"Balichak","railway",22.357706,87.552912,""
"Bhogpur","railway",22.402261,87.809144,""
"Zero Point Khokhrapar","railway",25.732076,70.257113,""
"নারায়ণগঞ্জ","railway",23.617983,90.505575,""
"Malleswaram","railway",13.000631,77.563476,""
"Mirusuvil","railway",9.674167,80.243274,""
"خانقاہ سراجیہ","railway",32.411858,71.45478,""
"Kulithalai","railway",10.933552,78.421046,""
"桑雄","railway",31.026193,91.673529,""
"Anipur","railway",24.549702,92.42825,""
"Aunta Halt","railway",25.380294,85.949684,""
"Marikuppam","railway",12.918795,78.263739,""
"Kusunda Junction","railway",23.789996,86.396726,""
"Bansjora","railway",23.790462,86.35474,""
"Jamuniatand","railway",23.754856,86.191864,""
"Pothahi","railway",25.443269,85.083632,""
"Mau Ranipur","railway",25.260704,79.1371,""
"Srinivasapura","railway",13.328834,78.206707,""
"Chas Road","railway",23.688775,86.213446,""
"Ramgovindsingh Mahuli Halt","railway",25.519025,85.107341,""
"Punpun","railway",25.489121,85.09959,""
"সলপ","railway",24.316133,89.612314,""
"Kandarpur","railway",20.397044,86.018162,""
"Bhimnath","railway",22.239498,71.922076,""
"Dumri Halt","railway",25.246181,86.029025,""
"Lucknow Junction","railway",26.83151,80.922298,""
"Manjeshwar","railway",12.724917,74.887371,""
"Margherita","railway",27.289285,95.672922,""
"Iqbalpur","railway",29.875079,77.802894,""
"Jwalapur","railway",29.92837,78.120782,""
"Saint Thomas Mount","railway",12.994765,80.199371,""
"Uska Bazar","railway",27.193142,83.116129,""
"Mesra","railway",23.422744,85.418968,""
"Jhanjhitoli Halt","railway",23.534063,85.412343,""
"Adhikari","railway",26.576733,88.169911,""
"Bagrakot","railway",26.870365,88.585316,""
"Bamanhat","railway",26.070774,89.586879,""
"Aravali Road","railway",17.316657,73.538091,""
"Kolad","railway",18.392023,73.223425,""
"Vikhroli","railway",19.11148,72.928021,""
"Churchgate","railway",18.93548,72.827174,""
"Dhanapur","railway",18.942139,82.512924,""
"Jarati","railway",18.890831,82.665457,""
"Adirampattinam","railway",10.331945,79.384877,""
"Matunga","railway",19.027436,72.850147,""
"Matunga Road","railway",19.027815,72.846681,""
"Mahalaxmi","railway",18.98252,72.82422,""
"Ghatkopar","railway",19.085693,72.908367,""
"Algapur","railway",24.751884,92.59482,""
"Guru Tegh Bahadur Nagar","railway",19.038005,72.864345,""
"Falimari","railway",26.061722,89.473882,""
"Dinhata College Halt","railway",26.145559,89.466311,""
"Bhetaguri","railway",26.201266,89.482339,""
"Mayanoor","railway",10.955002,78.23686,""
"Kawar","railway",24.247869,86.181839,""
"Bhimsen Junction","railway",26.420367,80.219292,""
"Singhabad","railway",24.914951,88.291863,""
"Khidirpur","railway",22.537618,88.315821,""
"علو والی","railway",32.364957,71.418511,""
"پپلاں ریلوے اسٹیشن","railway",32.2923,71.368778,""
"واں بھچراں ریلوے اسٹیشن","railway",32.419955,71.694398,""
"Mahesana Junction","railway",23.602834,72.388959,""
"Nalla Sopara","railway",19.4179,72.818569,""
"گیلے والا ریلوے اسٹیشن","railway",29.715196,71.476555,""
"میبل","railway",32.037853,71.202173,""
"شاہ عالم","railway",31.972515,71.174373,""
"Khambhaliya","railway",22.217609,69.657894,""
"Khodiyar Junction","railway",23.155921,72.5483,""
"Chittapura","railway",17.119842,77.090534,""
"Ballari Cantonment","railway",15.158252,76.883512,""
"Yeliyur","railway",12.509896,76.828661,""
"Isa Khel Railway Station","railway",32.677928,71.266392,""
"سلطان کروڑی ہالٹ","railway",31.53416,71.054191,""
"نوتک","railway",31.476718,71.039662,""
"Katimar","railway",32.291272,72.431284,""
"کلورکوٹ‎","railway",32.152501,71.265021,""
"شیر شاہ جنکشن ریلوے اسٹیشن","railway",30.091872,71.342644,""
"مظفرآباد ریلوے اسٹیشن","railway",30.135084,71.365093,""
"Shewbabudih","railway",23.659859,86.39011,""
"Borhat","railway",27.163845,95.277177,""
"New Tinsukia Junction","railway",27.47971,95.334058,""
"Talodhi Road","railway",20.45391,79.736569,""
"Alewahi","railway",20.364345,79.703623,""
"Tolewahi","railway",20.01663,79.604647,""
"Kelzar","railway",19.984078,79.567105,""
"Kulali","railway",17.357235,76.470473,""
"ترنڈہ","railway",28.486325,70.401839,""
"کوٹ سمابہ","railway",28.536957,70.480678,""
"سہجا","railway",28.589036,70.562278,""
"Amghata","railway",23.412593,88.420474,""
"Kalyani Simanta","railway",22.987689,88.42796,""
"Haripal","railway",22.83162,88.119146,""
"Kaikala","railway",22.840951,88.090838,""
"Bahir Khanda","railway",22.853295,88.068158,""
"Nalikul","railway",22.830471,88.166823,""
"Verna","railway",15.353851,73.912494,""
"Goshainganj","railway",26.570145,82.384566,""
"Tamluk","railway",22.274648,87.920116,""
"লালমাই","railway",23.356356,91.151568,""
"Hotgi Junction","railway",17.565283,75.989575,""
"Mehmood Kot Railway","railway",30.196579,70.975739,""
"Bennihalli","railway",14.787599,76.119026,""
"Vatva","railway",22.958998,72.629798,""
"Nayagaon","railway",25.762793,85.098219,""
"Pandhurna","railway",21.589826,78.525806,""
"Kalaburagi Junction","railway",17.314929,76.825633,""
"Danauli Phulwaria","railway",25.421599,86.260033,""
"Lakho Railway St.","railway",25.41674,86.205606,""
"Pallavaram","railway",12.967574,80.15205,""
"Shyam Chak","railway",22.36369,87.500883,""
"Madpur","railway",22.369252,87.443092,""
"Gokulpur","railway",22.375668,87.293806,""
"Cargo Station Arifwala","railway",30.292669,73.065408,""
"Mallapur","railway",15.672561,75.61074,""
"Sabarmati Junction","railway",23.07126,72.587027,""
"Karna","railway",27.320137,80.198212,""
"Jeur","railway",18.261185,75.162288,""
"Sulur Road","railway",11.049473,77.117274,""
"Nadiad Junction","railway",22.693472,72.857456,""
"Vanjipalaiyam","railway",11.118171,77.26623,""
"Somanur","railway",11.086873,77.185744,""
"Pokhrayan","railway",26.22344,79.841118,""
"Baba Laxman Daspuri","railway",27.31631,79.363178,""
"Singanallur","railway",11.012469,77.039119,""
"Irugur Junction","railway",11.015944,77.067821,""
"Barejadi Nandej","railway",22.895396,72.677106,""
"Kanij","railway",22.865908,72.705585,""
"Gothaj","railway",22.759077,72.802704,""
"Samhon","railway",26.734316,79.320729,""
"Veer","railway",18.113745,73.330579,""
"Coimbatore North","railway",11.018336,76.955721,""
"Mahrawal","railway",27.937725,78.042184,""
"Geratpur","railway",22.916857,72.655184,""
"Mettur Dam","railway",11.804908,77.823042,""
"Perundurai","railway",11.253903,77.628832,""
"Tadipatri","railway",14.90849,77.977419,""
"Valliyur","railway",8.376834,77.614287,""
"Sankari Durg","railway",11.448064,77.87081,""
"Mavelipalaiyam","railway",11.482736,77.899939,""
"Behula","railway",23.180707,88.428936,""
"Bansh Baria","railway",22.957871,88.395337,""
"Dombivli","railway",19.218049,73.086135,""
"Kopar","railway",19.212423,73.078865,""
"Kalyan Junction","railway",19.235822,73.13081,""
"Dumurdaha","railway",23.040696,88.43303,""
"Nandai Gram","railway",23.307454,88.315212,""
"Virapandy Road","railway",11.596662,78.074539,""
"Ambaturai","railway",10.27252,77.924312,""
"Ullal","railway",12.792366,74.854886,""
"Kaklur","railway",18.883089,81.620191,""
"Kawargaon","railway",18.896778,81.533614,""
"Kumhar Sodra","railway",18.919861,81.686233,""
"Silak Jhori","railway",18.977504,81.670868,""
"Bade Arapur","railway",19.012906,81.829345,""
"Tokapal","railway",19.006776,81.878512,""
"Nakti Semara","railway",19.062053,82.073608,""
"Amagura","railway",19.068894,82.147697,""
"Kotapar Road","railway",19.041151,82.308351,""
"Charamula Kusumi","railway",19.016189,82.415815,""
"Khadapa","railway",18.982735,82.468731,""
"Holalkere","railway",14.040202,76.130905,""
"Ramagiri","railway",13.948274,76.125491,""
"Hosadurga Road","railway",13.862644,76.133119,""
"Shivani","railway",13.811739,76.058702,""
"Ajjampura","railway",13.731079,76.010299,""
"Nagavangala","railway",13.664585,75.991592,""
"Amritapura","railway",14.139258,76.243887,""
"Manabar","railway",18.840023,82.696201,""
"Orchha","railway",25.401189,78.645744,""
"বয়ড়া","railway",24.706723,89.82666,""
"Ranipur Road","railway",25.272845,79.036492,""
"Balenahalli","railway",14.244472,76.554599,""
"Bommagundanakere","railway",14.587806,76.680336,""
"မင်းလှ","railway",17.979777,95.707908,""
"ဇီးကုန်း","railway",18.332371,95.625456,""
"နတ်တလင်း","railway",18.42986,95.554759,""
"Nivari","railway",25.327989,78.820335,""
"Jeonathpur","railway",25.231933,83.06257,""
"ကျွန်းလှဘူတာ","railway",23.323234,95.523696,""
"বটতলি রেলওয়ে স্টেশন","railway",22.335012,91.826467,""
"Vambori","railway",19.298476,74.685007,""
"Shiu Sagar Road","railway",25.000156,83.895993,""
"Pahara","railway",25.119381,82.723734,""
"Barwa Sagar","railway",25.352042,78.73258,""
"Toppur","railway",11.931584,78.070079,""
"Karanjadi","railway",17.999235,73.404237,""
"Kankavali","railway",16.259427,73.719948,""
"Adavali","railway",16.921545,73.592809,""
"Bhalki","railway",18.047069,77.228138,""
"Silapathar","railway",27.592815,94.717923,""
"Udhna Junction","railway",21.170427,72.85099,""
"مردان","railway",34.184502,72.033129,""
"تخت بھائی","railway",34.277614,71.930047,""
"Panitola","railway",27.495028,95.256561,""
"Walaja Road Junction","railway",12.970931,79.360197,""
"Talap","railway",27.673152,95.563206,""
"Ledo","railway",27.291113,95.738601,""
"Pattan","railway",34.16583,74.56331,""
"Mazhom","railway",34.110405,74.619053,""
"Aluva","railway",10.108253,76.356699,""
"Gudlavalleru","railway",16.348236,81.046836,""
"Dalhousie Road","railway",32.288654,75.750921,""
"Pathankot Junction (NG)","railway",32.271509,75.649296,""
"Solur","railway",13.069802,77.258671,""
"Amravati","railway",20.930714,77.758071,""
"Palakkad Junction","railway",10.799297,76.637566,""
"Shoranur Junction","railway",10.75955,76.271924,""
"Ottappalam","railway",10.769875,76.377682,""
"Madukkarai","railway",10.900659,76.942484,""
"Walayar","railway",10.846787,76.837587,""
"Kottikkulam","railway",12.423632,75.023897,""
"Mulagunnathukavu","railway",10.595722,76.207651,""
"Wadakancheri","railway",10.651345,76.239688,""
"Angamali (Kaladi)","railway",10.183779,76.378077,""
"Idappalli","railway",10.034533,76.298762,""
"Ernakulam Town","railway",9.991656,76.286356,""
"Ernakulam Junction","railway",9.969,76.290952,""
"Guruvayur","railway",10.597243,76.045915,""
"Kalamassery","railway",10.062362,76.32721,""
"Wadi Junction","railway",17.052294,76.991895,""
"Kurduvadi Junction","railway",18.091848,75.417041,""
"Jetalsar Junction","railway",21.729197,70.574307,""
"Hanumangarh Junction","railway",29.611705,74.293602,""
"Basni","railway",26.223029,73.010839,""
"Igatpuri","railway",19.694439,73.563888,""
"Chemancheri","railway",11.405613,75.719243,""
"Perungalattur","railway",12.905243,80.095046,""
"Neral NG","railway",19.026796,73.318414,""
"Mohope","railway",18.943761,73.194996,""
"কমলাপুর রেলওয়ে স্টেশন","railway",23.731951,90.426275,""
"Shahi","railway",28.585925,79.685799,""
"Bijauria","railway",28.560772,79.617725,""
"Risia","railway",27.68788,81.606543,""
"Tanda Halt","railway",29.081848,79.430747,""
"Garra","railway",21.799965,80.147076,""
"Kaydi Halt","railway",21.795266,80.109293,""
"Akshaywat Rai Nagar","railway",25.688744,85.314057,""
"Chak Sikandar","railway",25.67666,85.364445,""
"Joginder Nagar","railway",31.989158,76.789485,""
"Sheikhupur","railway",28.003182,79.097638,""
"Bamiana","railway",28.262458,79.32898,""
"Rewral","railway",21.260884,79.467973,""
"Khat","railway",21.242638,79.550568,""
"Dalelnagar","railway",27.118835,80.419547,""
"Umar Tali","railway",27.086223,80.473335,""
"Bhimadolu","railway",16.808424,81.261019,""
"قائدآباد ریلوے اسٹیشن","railway",32.337076,71.899163,""
"Masit","railway",27.274952,80.252564,""
"Pitambarpur","railway",28.200004,79.538148,""
"Banthra","railway",27.928917,79.827782,""
"Shahbaznagar","railway",27.922415,79.887197,""
"Shahjahanpur","railway",27.893404,79.904898,""
"Bisalpur","railway",28.29099,79.811844,""
"Pauta","railway",28.524372,79.822107,""
"Bhopatpur","railway",28.45171,79.812338,""
"Areli","railway",28.019018,79.885622,""
"Dhakia Tiwari","railway",28.04633,79.885197,""
"Nigohi","railway",28.099228,79.878856,""
"Zindpura","railway",28.191447,79.849563,""
"Jehanabad Court","railway",25.200279,84.984552,""
"Bharopatti Station","railway",25.896506,86.895238,""
"Dudhiya Khurd","railway",28.450075,80.212465,""
"Rajnarainpur","railway",28.31307,80.416847,""
"Mala","railway",28.587581,79.935867,""
"আলমডাঙ্গা","railway",23.761411,88.93651,""
"Tirunettur","railway",9.93424,76.30851,""
"Chovvara","railway",10.132978,76.372272,""
"Vallathol Nagar","railway",10.731727,76.28149,""
"Angadipuram Raiway Station","railway",10.981068,76.208066,""
"Cheriyanad","railway",9.273294,76.5849,""
"Chottanikkara Road","railway",9.924474,76.375978,""
"Kanjiramattam","railway",9.861939,76.412304,""
"Karakkad","railway",10.782091,76.228877,""
"Kuruppanthara","railway",9.735076,76.510491,""
"Nileshwar","railway",12.255801,75.135711,""
"Payyoli","railway",11.517148,75.618587,""
"Sasthamkotta","railway",9.031465,76.600983,""
"Tikkotti","railway",11.48982,75.626297,""
"Uppala","railway",12.670377,74.906447,""
"Vaikam Road","railway",9.777882,76.474449,""
"Kakraha Rest House","railway",28.096211,81.3196,""
"Sarayan","railway",27.379476,81.052724,""
"Chowka Ghat","railway",27.100463,81.449371,""
"Ghaghara Ghat","railway",27.102286,81.503095,""
"Adihalli","railway",13.296113,76.325996,""
"Sarju","railway",27.111772,81.635048,""
"Kathola","railway",27.143721,81.871389,""
"Gonda Kachahri","railway",27.140272,81.934145,""
"Agori Khas","railway",24.596989,83.05524,""
"Lokvidyapith Nagar","railway",27.153476,83.306522,""
"Bridgemanganj","railway",27.195288,83.196957,""
"Mangaon","railway",18.247448,73.275442,""
"Razaganj","railway",28.023662,80.568072,""
"Alur","railway",12.981732,76.000405,""
"Roza Junction","railway",27.852115,79.956246,""
"Masnadih","railway",26.920321,84.817219,""
"Ramgarhwa","railway",26.873974,84.797556,""
"Barharganj","railway",26.921227,83.919728,""
"Vyara","railway",21.117674,73.38577,""
"قلعہ سوبھا سنگھ","railway",32.230165,74.76344,""
"Balasore","railway",21.500642,86.919884,""
"Allahabad Chheoki Junction","railway",25.377059,81.867129,""
"Bhankla","railway",29.845056,77.474377,""
"Majitha","railway",31.758469,74.949084,""
"Kotla Gujran","railway",31.811208,74.943353,""
"Hardorawal","railway",31.914455,74.925959,""
"Mahalam","railway",30.997621,74.69789,""
"Tirusulam","railway",12.980461,80.165793,""
"Meenambakkam","railway",12.984698,80.175093,""
"Teliamura","railway",23.861546,91.618318,""
"বড়লেখা","railway",24.705269,92.191107,""
"Maishashan","railway",24.8225,92.288424,""
"Chandkhira Bagn","railway",24.558683,92.299733,""
"Husainiwala","railway",30.987892,74.554475,""
"Butari","railway",31.556006,75.183366,""
"Simri Bakhtiyarpur","railway",25.720934,86.597496,""
"کالا شاہ کاکو","railway",31.719733,74.273519,""
"Lakhmapur","railway",15.869885,75.627215,""
"Karukhirharnagar Halt","railway",25.88836,86.609587,""
"Ichauli","railway",25.52161,80.179159,""
"Chakeri","railway",26.379609,80.408615,""
"Panjipara","railway",26.139416,88.016991,""
"Pothia","railway",26.310747,88.179412,""
"Tauheed","railway",26.083179,87.929554,""
"راجن شاہ","railway",31.144569,70.953483,""
"کوٹ سلطان","railway",30.764482,70.93528,""
"دائرہ دین پناہ","railway",30.567897,70.943479,""
"Pahar Pur","railway",30.698824,70.944964,""
"Gaisal","railway",26.184484,88.090005,""
"Makakhad","railway",23.417522,72.697524,""
"Jasra","railway",25.281217,81.776321,""
"Dhulabari","railway",26.310371,88.205879,""
"Dhumdangi","railway",26.477285,88.296151,""
"Mangurjan","railway",26.361649,88.231473,""
"Chattar Hat","railway",26.549077,88.323777,""
"Karaikal","railway",10.91707,79.838962,""
"Gulma","railway",26.803061,88.404413,""
"Nagrakata","railway",26.885831,88.918018,""
"Damdim","railway",26.858933,88.670247,""
"কাঞ্চন","railway",25.623539,88.599753,""
"বিরল","railway",25.635259,88.539119,""
"Bamangram","railway",25.623121,88.198435,""
"Bangalbaree","railway",25.626997,88.229973,""
"Khaigaon","railway",22.006214,76.477811,""
"Peelamedu","railway",11.032753,77.00003,""
"Mandhana Junction","railway",26.557056,80.222755,""
"Rawatpur","railway",26.48325,80.298209,""
"Panki","railway",26.459561,80.23907,""
"Kanpur Bridge Left Bank","railway",26.47672,80.378964,""
"Govindpuri","railway",26.453677,80.312879,""
"Dalkhola","railway",25.873962,87.839125,""
"Sudhani","railway",25.727906,87.879403,""
"Telta","railway",25.800514,87.842974,""
"Niwas Road","railway",24.082349,81.934518,""
"Hatwar","railway",26.044245,87.892889,""
"Surja Kama","railway",25.935845,87.849752,""
"Kanki","railway",26.002203,87.865087,""
"Babhabgaon Halt","railway",25.465085,87.816909,""
"Khurial","railway",25.490641,87.826798,""
"Kamalpur Halt","railway",25.516573,87.837002,""
"Bhawanipur Bihar","railway",25.593689,87.867684,""
"Azamnagar Road","railway",25.555962,87.852733,""
"Ongole","railway",15.497807,80.05712,""
"Kunigal","railway",13.016644,77.011084,""
"Bataspur","railway",23.880736,87.680498,""
"Mahishidahari","railway",23.916571,87.635936,""
"Kunuri","railway",23.916314,87.611042,""
"Munger","railway",25.377111,86.48139,""
"Amlo","railway",23.768902,85.982189,""
"Bermo","railway",23.77261,85.956331,""
"Phusro","railway",23.767586,86.009782,""
"Tatisilwai Junction","railway",23.369941,85.436613,""
"Gautamdhara","railway",23.349735,85.632556,""
"Daitari","railway",21.114384,85.908084,""
"Lanjigarh Road Jn","railway",19.944278,83.401286,""
"Pundhag","railway",23.508602,86.088996,""
"Durgauti","railway",25.207897,83.539684,""
"Meja Road","railway",25.222474,82.087234,""
"Lakkiti","railway",10.753268,76.434261,""
"Tuni","railway",17.361038,82.543322,""
"Pahleja","railway",24.933271,84.146147,""
"Maripat","railway",28.587566,77.495988,""
"Golpur railway statio گول پور ریلوے اسٹیشن","railway",32.58365,72.935145,""
"Ajaibpur","railway",28.472312,77.594129,""
"Dankaur","railway",28.412108,77.645048,""
"Danwar","railway",28.127878,77.885759,""
"Guldhar","railway",28.703792,77.455522,""
"Dandot Railway Station","railway",32.639026,72.981758,""
"Chinchpada","railway",21.191019,73.920254,""
"Guntakal West","railway",15.167205,77.342377,""
"مٹھن کوٹ","railway",28.972348,70.354705,""
"Ajgain","railway",26.617364,80.62135,""
"Kusumbhi","railway",26.639279,80.654006,""
"Garbeta","railway",22.844463,87.320902,""
"Kalmitar","railway",22.234789,82.057705,""
"Chanchai","railway",23.158228,88.02606,""
"Kikakui Road","railway",21.129503,73.492646,""
"Dabhaura","railway",25.117738,81.302741,""
"Simlagarh","railway",23.096305,88.231636,""
"Madaraha","railway",25.250474,81.730055,""
"Shankargarh","railway",25.180398,81.614133,""
"Kanchrapara","railway",22.946239,88.451378,""
"Memari","railway",23.172683,88.09598,""
"Bainchigram","railway",23.106842,88.215674,""
"Bainchi","railway",23.119663,88.196758,""
"Debipur","railway",23.143543,88.157373,""
"Dharmavaram Junction","railway",14.426063,77.715228,""
"Majhaoli","railway",24.175662,82.392429,""
"Kataiya Dandi","railway",25.149218,81.398174,""
"Majhiari","railway",25.178661,81.519601,""
"Mira Road","railway",19.281697,72.856068,""
"Modasa","railway",23.452625,73.305447,""
"Putalapattu","railway",13.333614,79.104178,""
"Katphal","railway",18.233055,74.595819,""
"পাবনা","railway",24.015998,89.256107,""
"Nyaungdon","railway",17.03463,95.650064,""
"Tankhala","railway",21.970782,73.774108,""
"Bhatpur","railway",22.13826,73.647438,""
"আশুগঞ্জ রেলওয়ে স্টেশন","railway",24.038239,91.001643,""
"Ray","railway",23.678959,85.059788,""
"Gumia","railway",23.802507,85.830207,""
"Kamasamudram","railway",12.880495,78.200563,""
"Sanat Nagar","railway",17.462235,78.436698,""
"সিঙ্গিয়া","railway",23.121425,89.346914,""
"Babupeth","railway",19.920822,79.313054,""
"ফুলবাড়ী","railway",25.49543,88.968885,""
"بصیر پور","railway",30.576657,73.83989,""
"Pasupatikovil","railway",10.882652,79.191177,""
"মোগলহাট","railway",25.990823,89.451969,""
"Narikkudi","railway",9.59257,78.299882,""
"Shiroor","railway",13.930972,74.594246,""
"Matania Anantapur","railway",22.635966,88.886403,""
"Bhyabla Halt","railway",22.655344,88.853745,""
"Punkunnam","railway",10.53414,76.208987,""
"Thrissur","railway",10.51614,76.208462,""
"Mitewani","railway",21.422239,79.713806,""
"Tala","railway",22.606351,88.378426,""
"Ankai","railway",20.150601,74.469464,""
"Sir Gurudas Banerjee Halt","railway",22.574175,88.385045,""
"Kumaranalloor","railway",9.61702,76.532164,""
"Mulanturutti","railway",9.897774,76.390668,""
"Mannanur","railway",10.749273,76.324347,""
"Ashoknagar Road","railway",22.826755,88.628623,""
"ပုသိမ်","railway",16.7759,94.741547,""
"Anavardikhanpettai","railway",13.050776,79.567244,""
"Chengalpatttu Junction","railway",12.693465,79.980516,""
"Arakkonam Junction","railway",13.082339,79.668525,""
"Chromepet","railway",12.95219,80.141168,""
"Kattangulathur","railway",12.805558,80.026634,""
"Chitteri","railway",13.067948,79.598122,""
"Doravarichatram","railway",13.817815,79.948455,""
"Elavur","railway",13.458964,80.115892,""
"Ennore","railway",13.217468,80.321601,""
"Hindu College","railway",13.118483,80.07443,""
"Pattabiram E Depot","railway",13.146014,80.068619,""
"Guduvancheri","railway",12.84523,80.05765,""
"Bhatni Junction","railway",26.381559,83.933347,""
"Karunguzhi","railway",12.532107,79.911518,""
"Korukkupet","railway",13.119425,80.278456,""
"Korattur","railway",13.113142,80.184152,""
"Karasangal","railway",12.334797,79.750512,""
"Kotturpuram","railway",13.013718,80.248452,""
"Latteri","railway",12.967043,79.066238,""
"Manavur","railway",13.096372,79.801259,""
"Mahendravadi","railway",13.022121,79.517448,""
"Melattur","railway",12.917877,78.875262,""
"Chennai Egmore","railway",13.077749,80.261257,""
"Mailam","railway",12.160258,79.60214,""
"Olakur","railway",12.304935,79.720936,""
"Perambur Carriage Works","railway",13.107281,80.238886,""
"Perani","railway",12.102876,79.552244,""
"Perambur","railway",13.107719,80.244414,""
"Perambur Loco Works","railway",13.108498,80.226215,""
"Ponpadi","railway",13.239337,79.588934,""
"Mandagere","railway",12.729529,76.379007,""
"Pudi","railway",13.553266,79.507941,""
"Sri Venkataperumal Rajupuram","railway",13.534209,79.532593,""
"Sevur","railway",12.9718,79.190102,""
"Tambaram","railway",12.925792,80.117919,""
"Tiruvalam","railway",12.975006,79.245911,""
"Tiruninravur","railway",13.123994,80.029744,""
"Tiruttani","railway",13.179295,79.612181,""
"Thalangai","railway",13.008597,79.44704,""
"Tozhuppedu","railway",12.368915,79.784737,""
"Vyasarpadi Jeeva","railway",13.109196,80.25722,""
"Valathoor","railway",12.889687,78.839676,""
"Vikravandi","railway",12.045515,79.542701,""
"Bajana","railway",23.104165,71.776896,""
"Jatpipli","railway",23.07604,71.702583,""
"Vasadva","railway",23.03462,71.595321,""
"Sadla","railway",23.13738,71.857125,""
"Chuli","railway",23.005765,71.343075,""
"Somalapuram","railway",14.901658,76.868489,""
"کوٹ ادو جنکشن ریلوے اسٹیشن‬","railway",30.469349,70.962258,""
"Ambur","railway",12.784066,78.721785,""
"Serndanur","railway",11.870414,79.517501,""
"Thiruthuraiyur","railway",11.82421,79.534896,""
"Panruti","railway",11.773102,79.554734,""
"Melpattambakkam","railway",11.785398,79.624336,""
"Nellikuppam","railway",11.773708,79.669922,""
"Tiruppadirippuliyur","railway",11.748206,79.754057,""
"Cuddalore Port Junction","railway",11.71595,79.767053,""
"Parangipettai","railway",11.477047,79.736846,""
"Chidambaram","railway",11.392071,79.703025,""
"Kollidam","railway",11.328604,79.719238,""
"Sirkazhi","railway",11.243038,79.728398,""
"Vithisvarankol","railway",11.19581,79.703852,""
"Anandtandavpur","railway",11.144674,79.658829,""
"Nidur","railway",11.127625,79.645426,""
"Mayiladuthurai Junction","railway",11.095499,79.628829,""
"Kuthalam","railway",11.06992,79.557195,""
"Aduturai","railway",11.009099,79.478433,""
"Kumbakonam","railway",10.954175,79.39007,""
"Sundaraperumal Kovil","railway",10.939801,79.311125,""
"Papanasam","railway",10.923273,79.26893,""
"Pandaravadai","railway",10.913563,79.242002,""
"Ayyampet","railway",10.896807,79.207445,""
"Titte","railway",10.837552,79.181758,""
"Thanjavur Junction","railway",10.778196,79.139672,""
"Alakkudi","railway",10.777266,79.052873,""
"Budalur","railway",10.782872,78.981009,""
"Aiyanapuram","railway",10.787866,78.9388,""
"Solagampatti","railway",10.785369,78.877321,""
"Tondamanpatti","railway",10.786116,78.822585,""
"Tiruverumbur","railway",10.787533,78.776568,""
"Manjattidal","railway",10.792654,78.731694,""
"Ponmalai (Golden Rock)","railway",10.791569,78.710434,""
"Viluppuram Junction","railway",11.941697,79.499149,""
"Venkatesapuram","railway",11.931178,79.442767,""
"Mambalappattu","railway",11.952483,79.373901,""
"Tirukkovilur","railway",11.975714,79.223494,""
"Tandarai","railway",12.111906,79.15536,""
"Tiruvannamalai","railway",12.238458,79.077862,""
"Turinjapuram","railway",12.317293,79.084664,""
"Agaram Sibbandi","railway",12.390946,79.102299,""
"Polur","railway",12.510344,79.13017,""
"Arni Road","railway",12.632094,79.209274,""
"Kannamangalam","railway",12.753749,79.161634,""
"Kaniyambadi","railway",12.8128,79.125159,""
"Vellore Cantonment","railway",12.910651,79.127847,""
"Valavanur","railway",11.917831,79.57422,""
"Chinnababu Samudram","railway",11.919601,79.686689,""
"Puducherry","railway",11.92503,79.828157,""
"Kurinjipadi","railway",11.572751,79.596402,""
"Vadalur","railway",11.557054,79.546298,""
"Neyveli","railway",11.539723,79.477059,""
"Vriddhachalam Junction","railway",11.533336,79.316523,""
"Uttangalmangalam","railway",11.540093,79.431156,""
"Peralam Junction","railway",10.958226,79.657062,""
"Nannilam","railway",10.884847,79.651145,""
"Mavur Road","railway",10.690136,79.628872,""
"Tirunellikaval","railway",10.653067,79.636542,""
"Alattambadi","railway",10.605191,79.640233,""
"Pandi","railway",10.477073,79.615427,""
"Tillaivilagam","railway",10.443444,79.560476,""
"Mutupet","railway",10.4027,79.498854,""
"Pattukkottai","railway",10.41629,79.32056,""
"Peravurani","railway",10.285733,79.200651,""
"Ayingudi","railway",10.217142,79.092103,""
"Arantangi","railway",10.172104,79.003328,""
"Kandanur Puduvayal","railway",10.105767,78.838442,""
"Saliyamangalam","railway",10.779636,79.275277,""
"Ammapet","railway",10.778961,79.324827,""
"Nidamangalam Junction","railway",10.773767,79.413844,""
"Mannargudi","railway",10.675141,79.455371,""
"Koradacheri","railway",10.771429,79.49016,""
"Tirumanthikunam","railway",10.766989,79.540222,""
"Kulikarai","railway",10.765609,79.584695,""
"Adiyakkamangalam","railway",10.757364,79.68166,""
"Kizhvelur","railway",10.754793,79.743716,""
"Nagappattinam Junction","railway",10.759821,79.845614,""
"Velippalaiyam","railway",10.776109,79.843949,""
"Nagore","railway",10.818987,79.846014,""
"Kandambakkam","railway",11.898338,79.455481,""
"Tiruvennainallur Road","railway",11.84127,79.413053,""
"Parikkal","railway",11.775759,79.371335,""
"Ulundurpet","railway",11.702029,79.318178,""
"Pavunur","railway",11.600902,79.315716,""
"Vriddhachalam Town","railway",11.519991,79.311571,""
"Talanallur","railway",11.469716,79.269337,""
"Pennadam","railway",11.398439,79.220962,""
"Ichchangadu","railway",11.370574,79.219375,""
"Mathur","railway",11.318521,79.206163,""
"Sendurai","railway",11.255281,79.16755,""
"Rajanukunte","railway",13.17463,77.565592,""
"Oddarahalli","railway",13.346059,77.541119,""
"Makalidurga","railway",13.409934,77.50982,""
"Someshwara","railway",13.560346,77.512719,""
"Ottakovil","railway",11.216343,79.101136,""
"Ariyalur","railway",11.148906,79.068638,""
"Sillakkudi","railway",11.09672,79.037228,""
"Kallagam","railway",11.02518,79.005033,""
"Kallakkudi Palanganatham","railway",10.966485,78.949703,""
"Lalgudi","railway",10.87542,78.815324,""
"Srirangam","railway",10.857703,78.695962,""
"Tiruchchirappalli Town","railway",10.829305,78.70304,""
"Tiruchchirapalli Fort","railway",10.825695,78.689051,""
"Tiruchchirappalli Palakarai","railway",10.80783,78.694159,""
"Kumaramangalam","railway",10.69664,78.724037,""
"Keeranur","railway",10.577576,78.785763,""
"Vellanur","railway",10.467699,78.79656,""
"Pudukkotai","railway",10.372188,78.801982,""
"Potul","railway",19.918121,75.122472,""
"Tirumayam","railway",10.240934,78.758798,""
"Chettinad","railway",10.159908,78.776415,""
"Devakottai Road","railway",10.038036,78.762222,""
"Kallal","railway",9.972317,78.667661,""
"Panangudi","railway",9.92138,78.61257,""
"Sivaganga","railway",9.85524,78.500591,""
"Melakkonnakkulam","railway",9.732337,78.466347,""
"Manamadurai Junction","railway",9.683,78.453824,""
"Paramakkudi","railway",9.539462,78.591083,""
"Sattirakkudi","railway",9.400973,78.705304,""
"Ramanathapuram","railway",9.358863,78.837528,""
"Uchippuli","railway",9.308832,79.012429,""
"Mandapam","railway",9.280778,79.157276,""
"Pamban","railway",9.280194,79.213893,""
"Tiruchchuli","railway",9.537739,78.198402,""
"Aruppukkottai","railway",9.524626,78.102881,""
"Virudhunagar Junction","railway",9.5945,77.957401,""
"Otivakkam","railway",12.622725,79.975262,""
"Madurantakam","railway",12.504743,79.893334,""
"Tindivanam","railway",12.229161,79.651531,""
"Mundiyampakkam","railway",11.995165,79.511568,""
"Ambattur","railway",13.114024,80.152861,""
"Annanur","railway",13.116356,80.126913,""
"Veppampattu","railway",13.123599,79.998422,""
"Sevvapet Road","railway",13.125268,79.966062,""
"Tiruvallur","railway",13.116192,79.91216,""
"Kadambattur","railway",13.099855,79.863147,""
"Tiruvalangadu","railway",13.090182,79.763766,""
"Mosur","railway",13.084937,79.712236,""
"Puliyamangalam","railway",13.083403,79.684979,""
"Sholinghur","railway",13.014113,79.486762,""
"Marudalam","railway",12.996648,79.396735,""
"Kavanur","railway",12.949054,78.969782,""
"Gudiyattam","railway",12.937296,78.914347,""
"Melpatti","railway",12.858345,78.795185,""
"Pachchakuppam","railway",12.823475,78.758238,""
"Vinnamangalam","railway",12.72821,78.67861,""
"Vaniyambadi","railway",12.679344,78.622748,""
"Kettandapatti","railway",12.625281,78.570896,""
"Jolarpettai Junction","railway",12.56399,78.57839,""
"Nagari","railway",13.306986,79.579606,""
"Vepagunta","railway",13.378852,79.557723,""
"Puttur","railway",13.439853,79.552783,""
"Taduku","railway",13.497361,79.530323,""
"Tondiarpet","railway",13.12752,80.281924,""
"Tiruvottiyur","railway",13.158641,80.296208,""
"Wimco Nagar","railway",13.179683,80.305459,""
"Attippattu","railway",13.260841,80.289648,""
"Anuppambattu","railway",13.30419,80.230943,""
"Ponneri","railway",13.332337,80.198884,""
"Kavaraippettai","railway",13.363221,80.147628,""
"Gummidipundi","railway",13.409824,80.12369,""
"Arambakkam","railway",13.53307,80.074675,""
"Tada","railway",13.588544,80.036079,""
"Akkampeta","railway",13.648763,80.018502,""
"Sullurupeta","railway",13.696855,80.018623,""
"Polireddipalem","railway",13.759228,79.979832,""
"Nayudupeta","railway",13.908679,79.900829,""
"Pedapariya","railway",14.021391,79.875732,""
"Odur","railway",14.071862,79.855862,""
"Chintadaripet","railway",13.073795,80.273861,""
"Light House","railway",13.045537,80.276989,""
"Mundakakanni Amman Koil","railway",13.040651,80.269882,""
"Thirumayilai","railway",13.035398,80.267513,""
"Mandaveli","railway",13.028093,80.260618,""
"Greenways Road","railway",13.021585,80.252729,""
"Kasturiba Nagar","railway",13.005382,80.24786,""
"Indira Nagar","railway",12.996062,80.249716,""
"Tiruvanmiyur","railway",12.988982,80.251587,""
"Taramani","railway",12.978658,80.241644,""
"Perungudi","railway",12.976058,80.232192,""
"Velachery","railway",12.967619,80.219508,""
"Puzhudivakkam","railway",12.977158,80.205424,""
"Adambakkam","railway",12.982381,80.196888,""
"Singaperumal Koil","railway",12.761923,80.00078,""
"Vandalur","railway",12.891606,80.084974,""
"Tambaram Sanatorium","railway",12.936959,80.130703,""
"Nungambakkam","railway",13.065841,80.232839,""
"Punggudi","railway",10.747281,78.618856,""
"Kolatur","railway",10.700451,78.547197,""
"Manaparai","railway",10.607339,78.418111,""
"Chettiyapatti","railway",10.572553,78.362687,""
"Vaiyampatti","railway",10.54338,78.308589,""
"Kalpattichatram","railway",10.519708,78.23828,""
"Ayyalur","railway",10.486389,78.159326,""
"Vadamadurai","railway",10.436791,78.102611,""
"Tamaraipadi","railway",10.400717,78.041874,""
"Dindigul Junction","railway",10.352791,77.983429,""
"Pollachi Junction","railway",10.65325,77.000895,""
"Sudiyur","railway",9.600482,78.485979,""
"Coonoor","railway",11.344235,76.791291,""
"Ladhuka","railway",30.500804,74.122814,""
"Vellodu","railway",10.319271,77.952388,""
"Kodaikkanal Road","railway",10.178698,77.910278,""
"Vadippatti","railway",10.086173,77.946044,""
"Karupatti","railway",10.052342,77.945168,""
"Sholavandan","railway",10.022662,77.965391,""
"Samayanallur","railway",9.98207,78.033606,""
"Kudalnagar","railway",9.946722,78.105164,""
"Tiruparankundram","railway",9.87909,78.065152,""
"Tirumangalam","railway",9.824236,77.990039,""
"Sivarakottai","railway",9.739873,77.986487,""
"Kalligudi","railway",9.695676,77.974064,""
"Sankaralingapuram","railway",9.52232,77.880005,""
"Sivakasi","railway",9.462799,77.789101,""
"Rajapalaiyam","railway",9.452218,77.560778,""
"Sankarankovil","railway",9.176419,77.526735,""
"Pambakovil Shandy","railway",9.130512,77.430644,""
"Sengottai","railway",8.987261,77.242167,""
"Bhagavathipuram","railway",9.01688,77.196773,""
"Aryankavu","railway",8.981162,77.152892,""
"New Aryankavu","railway",8.955243,77.134745,""
"Tenmalai","railway",8.968707,77.070401,""
"Ottakkal","railway",8.986379,77.038128,""
"Edamann","railway",9.007168,76.982413,""
"Punalur","railway",9.022709,76.916437,""
"Utran","railway",21.23357,72.855187,""
"Garha","railway",26.457967,85.511699,""
"Badausa","railway",25.248225,80.651197,""
"Shivrampur","railway",25.220332,80.838899,""
"Mukhasa Parur","railway",11.566184,79.240877,""
"Pukkiravari","railway",11.63369,78.986306,""
"Attur","railway",11.595226,78.593504,""
"Peddanayakkanpalaiyam","railway",11.64766,78.505488,""
"Ettapur Road","railway",11.650961,78.46836,""
"Minnampalli","railway",11.671021,78.285265,""
"Ayodhyapattanam","railway",11.671582,78.234205,""
"Salem East","railway",11.662698,78.176165,""
"Salem Town","railway",11.660054,78.161993,""
"Salem Market","railway",11.655,78.143917,""
"Kottarakara","railway",9.000264,76.765871,""
"Ezhukone","railway",8.97952,76.71533,""
"Kundara","railway",8.960221,76.678245,""
"Sattur","railway",9.35823,77.921771,""
"Nalli","railway",9.270262,77.922843,""
"Kovilpatti","railway",9.182619,77.873065,""
"Kumarapuram","railway",9.103868,77.831262,""
"Kadambur","railway",9.001155,77.863515,""
"Vanchi Maniyachchi Junction","railway",8.881039,77.891377,""
"Pandiyapuram","railway",8.862358,77.939063,""
"Tattapparai","railway",8.827761,78.023197,""
"Milavittan","railway",8.811644,78.087726,""
"Tuticorin","railway",8.805995,78.155349,""
"Gangaikondan","railway",8.829119,77.784255,""
"Naraikkinar","railway",8.862429,77.841797,""
"Talaiyuthu","railway",8.784255,77.730231,""
"Bhestan","railway",21.122583,72.863034,""
"Tirunelveli Junction","railway",8.731223,77.708336,""
"Tirunelveli Town","railway",8.720086,77.686854,""
"Pettai","railway",8.718935,77.653706,""
"Cheranmahadevi","railway",8.679319,77.561719,""
"Kallidaikurichi","railway",8.680899,77.46511,""
"Ambasamudram","railway",8.708254,77.438273,""
"Kizhapuliyur","railway",8.952751,77.322908,""
"Palayankottai","railway",8.709992,77.736682,""
"Seydunganallur","railway",8.663084,77.82443,""
"Thathankulam","railway",8.629882,77.841109,""
"Srivaikuntam","railway",8.622737,77.905841,""
"Nazareth","railway",8.564397,77.975827,""
"Alwar Tirunagari","railway",8.601578,77.94275,""
"Kachchanavilai","railway",8.578312,78.020616,""
"Kurumbur","railway",8.585687,78.039432,""
"Arumuganeri","railway",8.579448,78.092,""
"Kayalpattinam","railway",8.567787,78.100364,""
"Akkaraipatti","railway",10.399829,77.922637,""
"Oddanchatram","railway",10.485114,77.746005,""
"Chatrappatti","railway",10.477539,77.656504,""
"Pushpattur","railway",10.524892,77.42264,""
"Maivadi Road","railway",10.563896,77.334553,""
"Udumalaippettai","railway",10.579262,77.250397,""
"Gomangalam","railway",10.609865,77.13271,""
"Kovilpalaiyam","railway",10.747474,77.018136,""
"Nallattipalaiyam","railway",10.78598,77.021244,""
"Kinathukadavu","railway",10.828432,77.025446,""
"Chettipalaiyam","railway",10.916294,77.03362,""
"Podanur Junction","railway",10.964091,76.9887,""
"Minatchipuram","railway",10.631566,76.868025,""
"Muthalamada","railway",10.628001,76.773056,""
"Kollengode","railway",10.626995,76.698924,""
"Vadakannikapuram","railway",10.639555,76.686935,""
"Pudunagaram","railway",10.686079,76.684247,""
"Madurai East","railway",9.909077,78.134545,""
"Silaiman","railway",9.86751,78.201087,""
"Tiruppuvanam","railway",9.821818,78.259492,""
"Tiruppachetti","railway",9.773777,78.344651,""
"Karumattur","railway",9.940652,77.935047,""
"Usilampatti","railway",9.970637,77.793986,""
"Andipatti","railway",9.995672,77.624297,""
"Teni","railway",10.014297,77.473034,""
"Bodinayakkanur","railway",10.019046,77.346053,""
"Tirupattur","railway",12.498356,78.561817,""
"Pachhapur","railway",16.080448,74.670934,""
"Sulebhavi","railway",15.911222,74.638029,""
"Vadiya Devli","railway",21.710496,70.811789,""
"Veraval Junction","railway",20.911469,70.370905,""
"Dhupguri Railway Station","railway",26.574175,88.993815,""
"Champapukur","railway",22.656351,88.807764,""
"Ghora Ras Ghona","railway",22.651776,88.782393,""
"Paneli Moti","railway",21.873759,70.160016,""
"Kazipet Junction","railway",17.974827,79.511268,""
"Warangal","railway",17.973296,79.605607,""
"B.G Nagar","railway",12.968288,76.733127,""
"جڑالہ ریلوے اسٹیشن","railway",30.725024,72.208805,""
"Uran City","railway",18.878419,72.9525,""
"Champaner Road","railway",22.541654,73.393107,""
"Godhra Junction","railway",22.776325,73.605861,""
"Bamnia","railway",23.094978,74.758542,""
"Anas","railway",22.865624,74.42154,""
"Bordi","railway",22.866835,74.348098,""
"Sewar","railway",27.177756,77.425532,""
"Garjee","railway",23.430471,91.496757,""
"ဟင်္သာတမြို့","railway",17.646266,95.451514,""
"Vangaon","railway",19.882991,72.763166,""
"甲竹","railway",29.175064,93.685789,""
"巴玉","railway",29.229958,92.377652,""
"Gholvad","railway",20.086825,72.737741,""
"Karambeli","railway",20.316625,72.901237,""
"Pardi","railway",20.513794,72.92422,""
"Atul","railway",20.547282,72.927824,""
"Dungri","railway",20.68768,72.949241,""
"Bilimora Junction","railway",20.766635,72.970008,""
"Amalsad","railway",20.811416,72.95602,""
"Vedchha","railway",20.874693,72.936043,""
"Maroli","railway",21.020069,72.890494,""
"Sachin","railway",21.077878,72.874464,""
"বেনাপোল রেলওয়ে স্টেশন","railway",23.043099,88.902778,""
"Gothangam","railway",21.290839,72.879072,""
"Sayan","railway",21.317462,72.89,""
"Kim","railway",21.399696,72.92659,""
"Hathuran","railway",21.500728,72.969527,""
"Panoli","railway",21.535461,72.978044,""
"Chavaj","railway",21.750599,73.009034,""
"Nabipur","railway",21.807704,73.030617,""
"Juichandra","railway",19.360464,72.872322,""
"Kaman Road","railway",19.336655,72.919084,""
"Muttasaranallur","railway",10.866458,78.648436,""
"Kishangarh","railway",26.575597,74.824877,""
"Varediya","railway",21.867759,73.052894,""
"Lakodra","railway",21.981373,73.09494,""
"Miyagam Karjan Junction","railway",22.051189,73.120327,""
"Kashipura Sarar","railway",22.116159,73.144658,""
"Itola","railway",22.150382,73.156953,""
"Varnama","railway",22.18787,73.171151,""
"Kagankarai","railway",12.410174,78.508518,""
"Molakarampatti","railway",12.455749,78.535037,""
"Samalpatti","railway",12.310928,78.482944,""
"Dasampatti","railway",12.251998,78.439648,""
"Doddampatti","railway",12.181299,78.422334,""
"Morappur","railway",12.125905,78.394782,""
"Buddireddippatti","railway",12.046308,78.313751,""
"Bommidi","railway",11.984149,78.245963,""
"Lokur","railway",11.928748,78.174684,""
"মির্জাপুর","railway",24.105532,90.101413,""
"Harlapur","railway",15.43556,75.799868,""
"Kyatanakeri Road","railway",17.052407,75.820534,""
"Andheri","railway",19.119698,72.84642,""
"Ras","railway",26.299502,74.178521,""
"Bangurgram","railway",26.140909,74.348536,""
"Basai Dhankot","railway",28.464584,76.982817,""
"Pataudi Road","railway",28.347879,76.752238,""
"Sagarakatte","railway",12.423095,76.478574,""
"Attabira","railway",21.387956,83.792911,""
"Godbhaga","railway",21.416824,83.85755,""
"Chandlodiya","railway",23.075163,72.544036,""
"Gora Ghuma","railway",23.038673,72.451731,""
"Sanand","railway",23.023888,72.385148,""
"Chharodi","railway",23.039346,72.274893,""
"Jakhvada","railway",23.084358,72.155305,""
"Vani Road","railway",23.093909,72.002603,""
"Khatauli","railway",29.27386,77.737461,""
"Bhaktinagar","railway",22.281768,70.793096,""
"Basharatganj","railway",28.288137,79.285286,""
"Aonla","railway",28.295874,79.168854,""
"Ukai Songhad","railway",21.148813,73.557044,""
"Ghevra","railway",28.691343,76.997771,""
"Bahadurgarh","railway",28.701224,76.930357,""
"Nangloi","railway",28.686281,77.057361,""
"Seohara","railway",29.204564,78.580528,""
"Dhampur","railway",29.305732,78.502153,""
"Muzzampur Narayan Junction","railway",29.583495,78.222701,""
"Najibabad Junction","railway",29.603706,78.336393,""
"Roorkee","railway",29.852092,77.87491,""
"Modi Nagar","railway",28.828703,77.57235,""
"Bala road","railway",22.798014,71.697512,""
"Bajrangpura","railway",22.839826,71.741314,""
"Lakhtar","railway",22.872488,71.776354,""
"Kesariya Road","railway",22.911034,71.81747,""
"Lilapur Road","railway",22.951177,71.860142,""
"Musafir Khana","railway",26.379488,81.799655,""
"Shivnagar","railway",26.336506,81.883077,""
"Bandhua Kalan","railway",26.272884,81.995801,""
"Sabli Road","railway",23.037024,71.955816,""
"Bileshwar","railway",22.382441,70.830995,""
"Kanakot","railway",22.488256,70.876938,""
"Sindhawadar","railway",22.547282,70.894315,""
"Amarsar","railway",22.58614,70.916598,""
"Lunseriya","railway",22.598014,71.002565,""
"Daladi","railway",22.585201,71.070142,""
"Lakhamanchi","railway",22.571704,71.148569,""
"Than","railway",22.578377,71.206306,""
"Vagdiya","railway",22.614489,71.292069,""
"Ramparda","railway",22.636527,71.356225,""
"Muli road","railway",22.676014,71.434608,""
"Digsar","railway",22.713464,71.501543,""
"Chamaraj","railway",22.73703,71.561373,""
"Ribada","railway",22.126047,70.801336,""
"Kuchesar Road","railway",28.747484,77.915629,""
"Babugarh","railway",28.747535,77.857034,""
"Malatipur","railway",22.651678,88.762602,""
"Kankra Mirzanagar","railway",22.658371,88.72183,""
"Harua Road","railway",22.661933,88.69057,""
"Bhasila","railway",22.665271,88.658274,""
"Lebutala","railway",22.666696,88.63994,""
"Kosamba Junction","railway",21.464798,72.954941,""
"Ditokcherra","railway",25.092407,92.804406,""
"খুলনা জংশন","railway",22.841473,89.542618,""
"দৌলতপুর কলেজ","railway",22.868385,89.527054,""
"Tyakal","railway",12.984583,78.071113,""
"Bangarpet Junction","railway",12.985495,78.178224,""
"Dhekiajuli Road","railway",26.809858,92.451667,""
"Gumanihat","railway",26.474146,89.239727,""
"Jalpaiguri Road","railway",26.559179,88.709439,""
"Perunguzhi","railway",8.631732,76.808162,""
"Murukkampuzha","railway",8.613137,76.83049,""
"Edavai","railway",8.763333,76.697494,""
"Chengannur","railway",9.318281,76.608532,""
"Bantanahal","railway",15.163067,77.275827,""
"Bevinahalu","railway",15.166946,77.211264,""
"Virapur","railway",15.158866,77.13201,""
"Hagari","railway",15.151097,77.055261,""
"Kusugal","railway",15.372163,75.228505,""
"Hebsur","railway",15.423216,75.285918,""
"Annigeri","railway",15.432431,75.433539,""
"Vangani","railway",19.094332,73.300895,""
"Ulhasnagar","railway",19.21788,73.163078,""
"Dehu Road","railway",18.680047,73.734331,""
"Begdewadi","railway",18.700945,73.708,""
"Talegaon","railway",18.735106,73.67209,""
"Vadgaon","railway",18.742587,73.63666,""
"Kamshet","railway",18.766937,73.552432,""
"Kanhe","railway",18.762097,73.594046,""
"Jiradei","railway",26.220475,84.256693,""
"Mairwa","railway",26.239838,84.15139,""
"Magra Hat","railway",22.240443,88.372355,""
"Sangrampur","railway",22.225533,88.32986,""
"Jaynagar Majilpur","railway",22.169473,88.416004,""
"Mathurapur Road","railway",22.140539,88.390568,""
"Madhabpur","railway",22.12023,88.348717,""
"Hogla","railway",22.255021,88.45201,""
"Dakshin Barasat‎","railway",22.226438,88.452538,""
"Jadavpur","railway",22.495052,88.374971,""
"New Garia","railway",22.472658,88.397751,""
"Taldi","railway",22.342795,88.611156,""
"Gourdaha Halt","railway",22.378301,88.534772,""
"Basirhat","railway",22.650185,88.869347,""
"Krishnapur","railway",24.406527,88.256491,""
"Pirtala","railway",24.359751,88.281064,""
"Subarnamrigi","railway",24.283594,88.293923,""
"Cossimbazar","railway",24.119886,88.267512,""
"New Balarampur Halt","railway",24.048797,88.247069,""
"Sargachhi","railway",24.018158,88.244369,""
"Rejinagar","railway",23.853674,88.258806,""
"Sirajnagar Halt","railway",23.822174,88.269565,""
"Sonadanga","railway",23.638024,88.353535,""
"Muragatcha","railway",23.529956,88.421117,""
"Dhubulia","railway",23.485947,88.440349,""
"Birnagar","railway",23.236237,88.551732,""
"Taherpur","railway",23.259996,88.543573,""
"Badkulla","railway",23.305505,88.526126,""
"Jhingura","railway",25.124024,82.653277,""
"Dagmagpur","railway",25.098445,82.800471,""
"Basti","railway",26.815387,82.769888,""
"Lakhminia","railway",25.426043,86.310033,""
"Mahes Khunt","railway",25.461134,86.641568,""
"Dhanauri","railway",25.171321,86.163177,""
"Masudan","railway",25.234827,86.357645,""
"Ghogha","railway",25.211223,87.164212,""
"Shivanarayanpur","railway",25.294412,87.332666,""
"Bikramshila","railway",25.299616,87.299849,""
"Sakrigali","railway",25.242343,87.708878,""
"Sahibganj","railway",25.241041,87.63429,""
"Kotalpukur","railway",24.740375,87.823848,""
"Guskara","railway",23.490385,87.733691,""
"Sainthia Junction","railway",23.950504,87.681062,""
"Rampurhat Junction","railway",24.179137,87.781974,""
"Bihta","railway",25.561037,84.872341,""
"Bihiya","railway",25.558638,84.448868,""
"Sikariya Railway Station","railway",25.563185,84.348845,""
"Gahmar","railway",25.488803,83.804073,""
"Karahia Halt","railway",25.471499,83.771505,""
"Raghunathbari","railway",22.353567,87.79732,""
"Haldia","railway",22.044614,88.065459,""
"Jahangirabad Rj","railway",26.974148,81.247565,""
"Khanderi","railway",22.361597,70.717289,""
"Chanol","railway",22.428339,70.539087,""
"Hadmatiya","railway",22.428475,70.471013,""
"Jalia Devani","railway",22.424335,70.420332,""
"Silanibari","railway",27.200981,94.031231,""
"Jam Wanthali","railway",22.429323,70.322435,""
"Alia Bada","railway",22.447061,70.21088,""
"Lakhabawal","railway",22.408765,69.999473,""
"Pipli","railway",22.345646,69.935211,""
"Bareta","railway",29.859704,75.69244,""
"Budhlada","railway",29.921854,75.549861,""
"Birohe","railway",25.172358,82.456926,""
"Gaipura","railway",25.160532,82.387774,""
"Jigna","railway",25.157607,82.318035,""
"Manda Road","railway",25.163451,82.237378,""
"Modpur","railway",22.262309,69.812167,""
"Bhatel","railway",22.164038,69.493545,""
"Bhopalka","railway",22.122651,69.368601,""
"Kuranga","railway",22.060531,69.170045,""
"Okha Madhi","railway",22.095292,69.10398,""
"Gorinja","railway",22.17606,69.040897,""
"Bhimrana","railway",22.392674,68.99424,""
"Tatibahar","railway",26.980337,93.819799,""
"Dubia","railway",26.91965,93.720229,""
"Rampur Junction","railway",28.778535,79.023229,""
"Nizbargang","railway",26.845952,93.302294,""
"নেত্রকোনা কোর্ট","railway",24.887351,90.731244,""
"ফুলতলা জংশন","railway",22.950935,89.474697,""
"বেজেরডাঙ্গা","railway",22.978404,89.446894,""
"আখাউড়া","railway",23.869232,91.206019,""
"ঘোড়াশাল ফ্ল্যাগ","railway",23.940599,90.619907,""
"ঢাকা সেনানিবাস","railway",23.815652,90.410481,""
"ঢাকা বিমানবন্দর রেলওয়ে স্টেশন","railway",23.852071,90.408379,""
"Gossaigaon Hat","railway",26.42956,89.976957,""
"Patiladaha","railway",26.498694,90.798389,""
"Maliya Halt","railway",22.831668,88.137498,""
"Maradanga","railway",26.300485,89.556588,""
"Nakachari","railway",26.707716,94.393951,""
"Chingavanam","railway",9.529231,76.525379,""
"Gopinathpur","railway",23.087993,87.847645,""
"Shyamsundar","railway",23.081406,87.860648,""
"Seharabazar","railway",23.109894,87.804443,""
"Begunia","railway",20.187161,85.431927,""
"Majhdia","railway",23.414846,88.719535,""
"Harish Nagar Halt","railway",23.46984,88.778053,""
"Sadar Bazar","railway",28.658087,77.217009,""
"সিরাজগঞ্জ বাজার","railway",24.451041,89.702328,""
"Tarak Nagar","railway",23.380173,88.680501,""
"Mayurhat","railway",23.362782,88.660819,""
"Narendrapur","railway",22.453901,88.41849,""
"Patam Halt","railway",25.322627,86.532829,""
"নোয়াপাড়া","railway",24.180762,91.35671,""
"沃卡","railway",29.263396,92.216414,""
"Bankim Nagar","railway",23.209047,88.591604,""
"Pancheberia","railway",23.220464,88.599423,""
"Tikekarwadi","railway",17.615502,75.93368,""
"Akalkot Road","railway",17.450785,76.138531,""
"Poodoor","railway",16.154679,77.821285,""
"Ram Mandir","railway",19.151023,72.850147,""
"Fatuha Junction","railway",25.503232,85.303964,""
"Teka Bigha Halt","railway",25.464473,85.489152,""
"Karauta","railway",25.473823,85.444826,""
"Manjhauligram H","railway",25.478573,85.419868,""
"Khusropur","railway",25.485406,85.387545,""
"Hardas Bigha","railway",25.491539,85.35667,""
"Mankatha","railway",25.207069,86.057196,""
"Sabdalpur Junction","railway",25.427768,86.438708,""
"Bagahabishunpur","railway",24.823108,84.213412,""
"Dhandarikalan","railway",30.874368,75.90946,""
"Kalamboli","railway",19.034471,73.114967,""
"Virbhadra","railway",30.074852,78.252311,""
"Periyakottai","railway",10.121557,78.873071,""
"Duriyaganj","railway",24.801294,79.782353,""
"Thiruvalangadu","railway",13.090402,79.763404,""
"Ingur","railway",11.225595,77.58736,""
"Uttukuli","railway",11.15496,77.445625,""
"Koolipalayam","railway",11.144176,77.390337,""
"Pattambi","railway",10.802238,76.180928,""
"Pallippuram","railway",10.841468,76.112471,""
"Shambhu","railway",30.428894,76.683891,""
"Sarai Banjara","railway",30.537596,76.515446,""
"Kuttippuram","railway",10.845624,76.033689,""
"Tirunnavaya","railway",10.874985,75.985276,""
"Tirur","railway",10.917822,75.921744,""
"Tanur","railway",10.978073,75.881513,""
"Parappanangadi","railway",11.047622,75.859872,""
"Vallikunnu","railway",11.092417,75.851145,""
"Kadalundi","railway",11.134043,75.828141,""
"Ferok","railway",11.175912,75.830188,""
"Elattur","railway",11.346358,75.741201,""
"Quilandi","railway",11.446204,75.693369,""
"Mahé","railway",11.69899,75.54654,""
"Etakkot","railway",11.806019,75.443759,""
"Kannur South","railway",11.86689,75.400322,""
"ছোট বাহিরবাগ","railway",23.140806,89.781722,""
"কাটাখালি","railway",22.734553,89.63299,""
"মোহাম্মাদনগর","railway",22.791614,89.520278,""
"আড়ংঘাটা","railway",22.880012,89.484669,""
"Guruhar Sahai","railway",30.715194,74.400498,""
"Raman","railway",29.958332,74.962447,""
"Kalanwali","railway",29.834397,74.980266,""
"Giddarpindi","railway",31.153039,75.12478,""
"Hamira","railway",31.455986,75.433244,""
"Dhablan","railway",30.337564,76.275111,""
"Bariwala","railway",30.530851,74.654943,""
"Ferozeshah","railway",30.883448,74.8047,""
"Kauli","railway",30.415366,76.517943,""
"Railway Station Tapa","railway",30.30309,75.36693,""
"Hadiyaya","railway",30.344779,75.495188,""
"Alal","railway",30.377162,75.73194,""
"Karuvalli","railway",11.831015,78.028005,""
"Sivadi","railway",12.039066,78.118278,""
"Kelamangalam","railway",12.615464,77.865357,""
"শিরোমনি পুরাতন স্টেশন","railway",22.912847,89.500888,""
"মাঝগ্রাম জংশন","railway",24.162717,89.094023,""
"দাশুরিয়া","railway",24.112686,89.130372,""
"Mallur","railway",11.554122,78.134839,""
"Kalangani","railway",11.331503,78.176028,""
"Chavadipalaiyam","railway",11.261849,77.790927,""
"Pasur","railway",11.240835,77.855127,""
"Kodumudi","railway",11.076487,77.886284,""
"Kolanalli","railway",11.175415,77.86061,""
"Unjalur","railway",11.129604,77.876771,""
"Noyal","railway",11.060365,77.930971,""
"Murthipalayam","railway",11.02141,78.02263,""
"Virarakkiyam","railway",10.938907,78.166126,""
"Sithalavai","railway",10.958279,78.274051,""
"Mahadanapuram","railway",10.953578,78.299542,""
"Lalapet","railway",10.951493,78.339798,""
"Timmachipuram","railway",10.952663,78.372517,""
"গোবরা","railway",22.947798,89.82892,""
"গোপালগঞ্জ","railway",23.03408,89.840106,""
"Pettaivaytalai","railway",10.898858,78.49354,""
"Perugamani","railway",10.888803,78.547519,""
"Elamanur","railway",10.879668,78.573891,""
"Velliyanai","railway",10.840443,78.115503,""
"Vembur","railway",10.594532,78.0734,""
"Eriodu","railway",10.515723,78.056755,""
"Kulathur","railway",10.434804,78.009917,""
"Kateri","railway",11.33541,76.791651,""
"Kulukkallur","railway",10.868286,76.238977,""
"Pattikkad","railway",11.021187,76.23258,""
"Vaniyambalam","railway",11.18773,76.260655,""
"Gurney","railway",29.858706,75.803867,""
"Bulluana","railway",30.217959,74.782938,""
"Sangat","railway",30.090642,74.835434,""
"Pudukad","railway",10.420784,76.260995,""
"Noganwan","railway",30.741822,76.444915,""
"Mattancheri","railway",9.939896,76.270333,""
"ভাঙ্গা","railway",23.400351,89.984406,""
"টেবুনিয়া","railway",24.074065,89.206135,""
"Dalapatisamudram","railway",8.431099,77.638256,""
"Sengulam","railway",8.606794,77.682956,""
"Jokatte","railway",12.959709,74.853476,""
"Chhintanwala","railway",30.365479,76.006851,""
"Sekha","railway",30.379845,75.643787,""
"Bahadursinghwala","railway",30.308564,75.854783,""
"Himmatana","railway",30.452369,75.866169,""
"Mangapatnam","railway",14.735994,78.260589,""
"Vanganur","railway",14.847437,78.080821,""
"Tanda Urmar","railway",31.672798,75.637619,""
"Khuda Kurala","railway",31.743864,75.648843,""
"Nurmahal","railway",31.081765,75.601414,""
"রূপদিয়া","railway",23.125403,89.286669,""
"Kathunangal","railway",31.728871,75.015773,""
"Pathakothacheruvu","railway",15.171177,77.521631,""
"Nakkanadoddi","railway",15.165819,77.479913,""
"Khasa","railway",31.612403,74.72851,""
"Bhagtanwala","railway",31.608935,74.864337,""
"Chiksugur","railway",16.2919,77.340487,""
"Ganganapalli","railway",14.452222,78.704107,""
"Pendlimarri","railway",14.431419,78.640162,""
"Marikal","railway",16.595189,77.728563,""
"Jaklair","railway",16.578296,77.607307,""
"Somanayakkanpatti","railway",12.57503,78.542254,""
"Gudupulli","railway",12.803477,78.274771,""
"Varadapura","railway",12.922451,78.191444,""
"Maralahalli","railway",12.986949,78.124357,""
"Byatrayanahalli","railway",12.995527,78.017494,""
"Ujiyarpur","railway",25.780354,85.800674,""
"Chinnakotte","railway",12.981227,78.226175,""
"Champion","railway",12.936371,78.262941,""
"Viduraswattha","railway",13.666552,77.509475,""
"Taticherla","railway",14.746268,77.596396,""
"Gulapalyamu","railway",15.086938,77.399739,""
"Gottihalli","railway",13.234756,78.142559,""
"Malsian Shahkot","railway",31.109866,75.355015,""
"Nidaghatta","railway",12.62576,77.089461,""
"Chiheru","railway",31.262649,75.706872,""
"Byadarahalli","railway",12.501991,76.752221,""
"পূর্ব রূপসা","railway",22.803512,89.586201,""
"বাগেরহাট","railway",22.657059,89.793433,""
"Tilhar","railway",27.972828,79.74201,""
"Belagula","railway",12.386123,76.588847,""
"Dornahalli","railway",12.433053,76.424893,""
"Hampapura","railway",12.484499,76.396963,""
"Hosa Agrahara","railway",12.570121,76.361706,""
"Akkihebbalu","railway",12.625448,76.378275,""
"Mavinakere","railway",12.84475,76.173686,""
"Derol","railway",22.629989,73.461977,""
"Koravangala","railway",13.053377,76.160062,""
"Balupete","railway",12.958065,75.883328,""
"Harebetta","railway",12.823235,75.622162,""
"Shrivagilu","railway",12.799187,75.594944,""
"Yedamangala","railway",12.71499,75.443291,""
"Narimogaru","railway",12.745736,75.292117,""
"Gollahalli","railway",13.145856,77.417343,""
"Doddabele","railway",13.216696,77.351869,""
"Nidvanda","railway",13.2447,77.272946,""
"Silaut","railway",26.038082,85.455413,""
"Devanur","railway",13.435439,76.092893,""
"Ballekere","railway",13.499163,76.025416,""
"Tolahunse","railway",14.399643,75.964527,""
"Chalgeri","railway",14.561421,75.735956,""
"Devaragudda","railway",14.668081,75.576149,""
"Byadgi","railway",14.699155,75.489622,""
"Karajgi","railway",14.851857,75.408361,""
"Kalsur","railway",14.887297,75.401149,""
"Baradwar","railway",22.011794,82.812717,""
"Savanur","railway",14.963048,75.407017,""
"Yalavigi","railway",15.033888,75.410984,""
"Kargi Road","railway",22.297565,82.026511,""
"Belgahna","railway",22.431241,82.032446,""
"Saunshi","railway",15.203351,75.300579,""
"Hubballi South","railway",15.333222,75.175436,""
"Unkal","railway",15.37413,75.124672,""
"Amargol","railway",15.411329,75.098174,""
"Kyarakoppa","railway",15.455126,74.955821,""
"Kambarganvi","railway",15.463372,74.829412,""
"Kashanatti","railway",15.439419,74.783555,""
"Jamga","railway",21.875073,83.564452,""
"Tavargatti","railway",15.414573,74.662523,""
"Nagargali","railway",15.42345,74.621309,""
"Devarayi","railway",15.453712,74.576818,""
"Shivathan","railway",15.478081,74.522768,""
"Gunji","railway",15.543751,74.480352,""
"Karpurigram","railway",25.869745,85.724954,""
"Khudiram Bose Pusa","railway",25.906724,85.672206,""
"Suldhal","railway",16.002318,74.678109,""
"Gokak Road","railway",16.205374,74.739083,""
"Chinchli","railway",16.565847,74.85345,""
"Shedbal","railway",16.720261,74.752463,""
"Vijayanagar","railway",16.778109,74.696866,""
"Tihi","railway",22.619,75.733933,""
"Tippasandra","railway",13.055151,77.118758,""
"Hirisave","railway",12.947167,76.574538,""
"Samudhravalli","railway",12.942796,76.317432,""
"Avuladatla","railway",14.689759,76.974017,""
"Kalyanadurga","railway",14.569202,77.119481,""
"Kadiridevarapalli","railway",14.414908,77.194767,""
"Bellenahalli","railway",13.74259,75.775591,""
"Shimoga Bidare","railway",13.903833,75.640715,""
"Kumsi","railway",14.056712,75.40945,""
"Navalgund Road","railway",15.435078,75.354715,""
"Kondikoppa","railway",15.430977,75.472573,""
"Binkadakatti","railway",15.436697,75.596092,""
"Kanginhal","railway",15.448401,75.719579,""
"Sompur Road","railway",15.421714,75.873658,""
"Ukshi","railway",17.130199,73.456877,""
"Titabar","railway",26.602531,94.201216,""
"Lataguri","railway",26.705604,88.769816,""
"Daurala","railway",29.123939,77.707651,""
"ফতেহাবাদ রেলওয়ে জংশন","railway",22.458718,91.811766,""
"New Domohani","railway",26.569491,88.785892,""
"Madarihat","railway",26.694335,89.274753,""
"Arvi","railway",20.992871,78.223256,""
"Rohna","railway",20.848963,78.329227,""
"Warud Orange City","railway",21.458612,78.275825,""
"Kariganuru","railway",15.25151,76.433325,""
"Bayaluvaddigeri","railway",15.229989,76.535912,""
"Kaladehi","railway",22.882085,79.834934,""
"Devri P.H.","railway",22.841301,79.833695,""
"Sukrimangela","railway",22.907111,79.834621,""
"Gwarighat","railway",23.109993,79.937756,""
"Ghunsore","railway",22.65563,79.95459,""
"Nidhani","railway",22.607791,79.982121,""
"Bargi","railway",22.99399,79.872322,""
"Shikara","railway",22.800178,79.85713,""
"Chiraidongri","railway",22.41128,80.287392,""
"New Delhi","railway",28.641926,77.22175,""
"Kudatini","railway",15.214703,76.763386,""
"হালিশহর রেলওয়ে স্টেশন","railway",22.323404,91.781103,""
"Ballari Junction","railway",15.145532,76.923582,""
"Obalapuram","railway",15.031946,76.852713,""
"Haddinagundu","railway",15.152904,76.982793,""
"Hombala","railway",15.522344,75.577649,""
"Bah","railway",26.866016,78.617591,""
"Kiratpur","railway",27.151047,78.982952,""
"Saifai","railway",26.963949,78.951606,""
"Phoop","railway",26.655842,78.881654,""
"Panchdeori Halt","railway",26.566924,84.170672,""
"Salempur Junction","railway",26.29783,83.923587,""
"Jadarama Kunti","railway",16.282313,75.837433,""
"Kudala Sangama","railway",16.307599,75.892666,""
"Benal","railway",16.384662,75.881645,""
"Wandal","railway",16.416463,75.864541,""
"Mulvad","railway",16.620334,75.746992,""
"Jumnal","railway",16.721894,75.714189,""
"Lachyan","railway",17.278962,75.971376,""
"Tadwal","railway",17.39303,75.976034,""
"Sulikeri","railway",16.122787,75.65086,""
"Kajjidoni","railway",16.164278,75.468025,""
"Budagumpa","railway",15.395734,76.297192,""
"Chikkabenakal","railway",15.428604,76.442833,""
"Jabbalagudda","railway",15.424501,76.368598,""
"Vyasanakere","railway",15.231187,76.36442,""
"Vyasa Colony Junction","railway",15.186893,76.383508,""
"Teligi","railway",14.65944,75.897744,""
"Ramgad","railway",15.117059,76.449233,""
"Sanjuje-Da-Areyal","railway",15.265675,74.0108,""
"Majorda Junction","railway",15.313792,73.921935,""
"Sankaval","railway",15.371032,73.868582,""
"Kalchini","railway",26.687707,89.448396,""
"কর্ণপুর","railway",22.799764,89.609659,""
"Kaurara","railway",27.028783,78.664807,""
"Basbari","railway",26.191194,89.901896,""
"Moterjhar","railway",26.138569,89.870498,""
"Bihara","railway",24.952886,92.644809,""
"Damchara","railway",25.011203,92.743702,""
"Bandarkhal","railway",25.058496,92.80122,""
"Vangaichungpao","railway",24.757964,93.179753,""
"Pencharthal","railway",24.195904,92.10902,""
"Nalkata","railway",24.062724,92.000795,""
"Manu","railway",23.987894,91.999003,""
"SK Para","railway",23.976048,91.969283,""
"Bishramganj","railway",23.598407,91.359195,""
"Jolaibari","railway",23.190143,91.596789,""
"Belonia","railway",23.247945,91.484491,""
"কুমিল্লা","railway",23.463641,91.166733,""
"New Harangajao","railway",25.112633,92.868281,""
"Jatinga Lampur","railway",25.11093,92.949619,""
"Mahur","railway",25.185626,93.105039,""
"Migrendisa","railway",25.175176,93.065825,""
"বাজিতপুর","railway",24.199723,90.913024,""
"Maibang","railway",25.304827,93.135867,""
"Sukritipur","railway",24.900516,92.577156,""
"Imli","railway",25.55551,86.302951,""
"Olapur","railway",25.51663,86.369785,""
"Bangain","railway",27.272072,81.878401,""
"Ganga Dham","railway",27.204793,81.933567,""
"Trilokpur","railway",27.506673,82.709029,""
"Gokhula","railway",27.068833,84.541862,""
"Marajdwa","railway",27.042964,84.607703,""
"Surajgarh","railway",28.297926,75.731112,""
"Carmelaram","railway",12.907381,77.705835,""
"Deedwana","railway",26.610637,76.314792,""
"Araniya Kalan Salempura","railway",26.647063,76.311927,""
"Baniyana","railway",26.823003,76.296731,""
"Runija","railway",23.166356,75.271114,""
"Gautampura Road","railway",23.026778,75.528767,""
"Ajnod","railway",22.931421,75.738395,""
"Venkatachalam Road Junction","railway",14.293996,79.933405,""
"Nidiguntapalem","railway",14.264427,80.005981,""
"Krishnapatnam","railway",14.259241,80.056476,""
"Kopai","railway",23.752694,87.689794,""
"Takipur Halt","railway",22.865554,87.927741,""
"Potlapadu","railway",15.873557,79.525336,""
"Yadavalli","railway",15.408119,78.990352,""
"Charhi","railway",23.841953,85.441559,""
"Nandipalli","railway",15.452848,78.533999,""
"Jenapur Road","railway",20.018202,85.78633,""
"Rajsunakhala","railway",20.164634,85.344049,""
"Kadethan","railway",18.477935,74.422422,""
"Patas","railway",18.473417,74.471013,""
"Malikpeth","railway",17.876322,75.635033,""
"Angar","railway",17.928436,75.607932,""
"Vakav","railway",17.980065,75.58855,""
"Madha","railway",18.030172,75.546422,""
"Wadsinge","railway",18.066566,75.488949,""
"Bhigwan","railway",18.317303,74.774553,""
"Malthan","railway",18.369051,74.724294,""
"Boribial","railway",18.407931,74.649019,""
"Daund Junction","railway",18.463915,74.579301,""
"Dhavlas","railway",18.129549,75.334368,""
"Bhalwani","railway",18.210666,75.207231,""
"Pophlaj","railway",18.291481,75.097995,""
"Washimbe","railway",18.280321,75.016258,""
"Parewadi","railway",18.290059,74.952516,""
"Bale","railway",17.676307,75.845613,""
"Pakni","railway",17.725395,75.779003,""
"Mundhewadi","railway",17.741996,75.706288,""
"Mohol","railway",17.804566,75.676199,""
"Tilati","railway",17.528972,76.03595,""
"Taj Sultanpur","railway",17.382103,76.830725,""
"Bablad","railway",17.336835,76.779337,""
"Savalgi","railway",17.339691,76.710754,""
"Hunsi Hadgil","railway",17.352794,76.646762,""
"Boroti","railway",17.394988,76.255269,""
"Nagansur","railway",17.428793,76.183193,""
"Malatipatpur","railway",19.865778,85.831456,""
"Martur","railway",17.199742,76.902215,""
"Madduru","railway",15.443038,78.379209,""
"Koilakuntla","railway",15.221222,78.307212,""
"Sanjamala","railway",15.15749,78.315745,""
"Nossam","railway",14.979455,78.396512,""
"S. Uppalapadu","railway",14.906597,78.387158,""
"Valha","railway",18.183283,74.160419,""
"Surawadi","railway",18.020062,74.334946,""
"Taradgaon","railway",18.036446,74.254018,""
"Wathar","railway",17.891334,74.136598,""
"Salpa","railway",17.963023,74.171282,""
"Adarki","railway",17.922209,74.192763,""
"Shenoli","railway",17.201171,74.252056,""
"Masur","railway",17.405141,74.144794,""
"Rahimatpur","railway",17.612276,74.172551,""
"Jarandeswar","railway",17.75057,74.077104,""
"Koregaon","railway",17.691995,74.149068,""
"Amnapur","railway",17.046408,74.464191,""
"Bhilawadi","railway",17.008062,74.515517,""
"Madhavnagar","railway",16.886459,74.575507,""
"Nandre","railway",16.963454,74.558556,""
"Kirloskarvadi","railway",17.083229,74.417237,""
"Nimshirgaon Tamdalge","railway",16.763016,74.471782,""
"Valivade","railway",16.704154,74.299485,""
"Rukadi","railway",16.725425,74.35859,""
"Shirsai","railway",18.314762,74.578332,""
"Jite","railway",18.820093,73.086816,""
"Bhubaneswar New","railway",20.381515,85.835448,""
"Domohani","railway",26.579156,88.769612,""
"Oodlabari","railway",26.866937,88.624448,""
"Sajerpar","railway",26.422163,89.35285,""
"Pundibari","railway",26.413162,89.394062,""
"Altagram","railway",26.610649,88.943223,""
"Nayar Hat","railway",26.430799,89.130138,""
"Jamaldah - Gopalpur","railway",26.455611,89.043342,""
"Carron","railway",26.879957,88.970505,""
"Sapat Gram","railway",26.334396,90.109606,""
"Tipkai","railway",26.287297,90.032327,""
"Agomoni","railway",26.277916,89.76591,""
"Bidyadabri","railway",26.211429,89.782291,""
"Mancheswar","railway",20.322308,85.844902,""
"Hamarapur","railway",18.783936,73.0792,""
"Pen","railway",18.735385,73.086816,""
"Kasu","railway",18.641372,73.079308,""
"Nidi","railway",18.474103,73.107306,""
"Goregaon Road","railway",18.162613,73.303001,""
"Indapur","railway",18.299045,73.244659,""
"Kamathe","railway",17.477854,73.515925,""
"Anjani","railway",17.621055,73.399731,""
"Diwankhavati","railway",17.855134,73.418121,""
"Vinhere","railway",17.91484,73.383624,""
"Vaibhavwadi Road","railway",16.512307,73.707943,""
"Rajapur Road","railway",16.635634,73.626799,""
"Vilavade","railway",16.785678,73.619161,""
"Nivasar","railway",16.947245,73.454825,""
"Bhoke","railway",17.048917,73.381074,""
"Sindhudurg","railway",16.112189,73.679855,""
"Chautara","railway",26.402861,90.084573,""
"Srirampur Assam","railway",26.427431,89.9049,""
"Dewanhat","railway",26.235644,89.482672,""
"Singra","railway",25.985136,91.141307,""
"Dhupdhara","railway",25.981064,91.047977,""
"Rangjuli","railway",25.988287,90.955947,""
"Nolbari","railway",25.953323,90.713285,""
"Majgaon Assam","railway",26.415075,90.582702,""
"Belsiri Halt","railway",26.800259,92.51481,""
"Agthori","railway",26.198642,91.68601,""
"Vadarlapadu","railway",16.559487,81.234091,""
"Alapadu","railway",16.578152,81.321829,""
"Rahama","railway",20.298323,86.404877,""
"Badabandha","railway",20.277131,86.520391,""
"Gorakhnath","railway",20.308482,86.260474,""
"Raghunathpur","railway",20.351916,86.149901,""
"Archipathar","railway",27.655745,94.779772,""
"Sripani","railway",27.558656,94.632572,""
"Bordoloni","railway",27.423362,94.437945,""
"Helem","railway",26.872973,93.452802,""
"Sarpavaram","railway",17.00652,82.202875,""
"Ramachandrapuram","railway",16.83653,82.041229,""
"Kotipalli","railway",16.709854,82.04387,""
"Loliem","railway",14.939513,74.087994,""
"Javale","railway",17.299442,75.158639,""
"Langarpeth","railway",17.083979,74.966663,""
"Gulvanchi","railway",17.172758,75.056178,""
"Masoba Dongargaon","railway",17.269826,75.138651,""
"Wasud","railway",17.377778,75.148075,""
"Bohali","railway",17.588879,75.274482,""
"Babhulgaon","railway",17.762666,75.37491,""
"Ashti","railway",17.845348,75.403265,""
"Laul","railway",18.033915,75.395349,""
"Kawathe Mahankal","railway",16.993384,74.936464,""
"Bolwad","railway",16.816559,74.684958,""
"Baliakheri","railway",29.928392,77.633645,""
"Ahmadnagar","railway",19.074352,74.721998,""
"Narayandoh","railway",19.021468,74.801088,""
"Akolner","railway",18.983933,74.668318,""
"Kashti","railway",18.524297,74.59878,""
"Belvandi","railway",18.710759,74.622582,""
"Shrigonda Road","railway",18.598792,74.641938,""
"Nipani Vadgaon","railway",19.587987,74.704533,""
"Vilad","railway",19.198548,74.67467,""
"Chitali","railway",19.691104,74.623651,""
"Yeola","railway",20.022633,74.496226,""
"Sanvatsar","railway",19.883751,74.560546,""
"Kanhegaon","railway",19.816812,74.571537,""
"Manmad Junction","railway",20.250182,74.439395,""
"Ankaikila","railway",20.18284,74.437711,""
"Kherwadi","railway",20.046855,73.973918,""
"Ugaon","railway",20.12347,74.139687,""
"Summit","railway",20.211532,74.343935,""
"Devlali","railway",19.896549,73.83674,""
"Bebejia","railway",26.298537,92.62713,""
"Phulaguri","railway",26.267398,92.586763,""
"Dharamtul","railway",26.188299,92.365309,""
"Aujari","railway",26.144806,92.267003,""
"Barahu","railway",26.11635,92.139464,""
"Kamrup Khetri","railway",26.127211,92.083382,""
"Digaru","railway",26.153579,91.978759,""
"Panbari","railway",26.199981,91.977542,""
"Panikhaiti","railway",26.21161,91.875296,""
"New Guwahati","railway",26.181851,91.794258,""
"Galan","railway",20.609212,75.276893,""
"Nagardevla","railway",20.603322,75.198433,""
"Kajgaon","railway",20.573625,75.140686,""
"Vaghli","railway",20.517851,75.068427,""
"Bhoras Budrukh","railway",20.520916,75.013138,""
"Hirapur","railway",20.424519,74.936618,""
"Panjhan","railway",20.275072,74.610987,""
"Hisvahal","railway",20.281178,74.560309,""
"Panevadi","railway",20.262511,74.483526,""
"Rohini","railway",20.371132,74.87468,""
"Naydongri","railway",20.349284,74.837419,""
"Pimpar Khed","railway",20.307474,74.756352,""
"Mhasavad","railway",20.870657,75.458683,""
"Maheji","railway",20.769136,75.424479,""
"Pardhade","railway",20.729841,75.377192,""
"Shirsoli","railway",20.934627,75.508861,""
"Bargaon Gujar","railway",21.777155,76.355431,""
"Bagmar","railway",21.725153,76.363252,""
"Kohdad","railway",21.68471,76.364518,""
"Dongargaon","railway",21.620065,76.370773,""
"Sagphata","railway",21.55671,76.392434,""
"Mandwa","railway",21.515839,76.391775,""
"Nepanagar","railway",21.464107,76.396882,""
"Chandni","railway",21.426025,76.348661,""
"Asirgarh Road","railway",21.378068,76.267481,""
"Waghoda","railway",21.27938,76.120622,""
"Raver","railway",21.222231,76.044418,""
"Nimbhora","railway",21.160521,75.97467,""
"Duskheda","railway",21.073598,75.839235,""
"Charkheda Khurd","railway",21.938669,76.641459,""
"Dagarkhedi","railway",22.08156,76.826944,""
"Barud","railway",22.028226,76.763749,""
"Dulariya","railway",22.575757,77.654527,""
"Khutwansa","railway",22.548322,77.607797,""
"Palasner","railway",22.298601,77.0425,""
"Masangaon","railway",22.267101,76.996849,""
"Kurawan","railway",22.205336,76.904619,""
"Lokmanya Tilak Terminus","railway",19.069466,72.891978,""
"Itayakalan","railway",23.055352,77.540992,""
"Choka","railway",22.863923,77.638019,""
"Midghat","railway",22.825095,77.650521,""
"Choral","railway",22.449634,75.945673,""
"Kalakund","railway",22.477677,75.859834,""
"Lodhma","railway",23.223849,85.200072,""
"Paldhi","railway",21.022332,75.460732,""
"Dharangaon","railway",21.006188,75.286334,""
"Varkhedi","railway",20.657524,75.443917,""
"Pimpalgaon","railway",20.62788,75.516254,""
"Shendurni","railway",20.657432,75.597459,""
"Bhagdara","railway",20.736729,75.750611,""
"Dhekvad","railway",21.353579,74.162242,""
"Bhadwad","railway",21.324828,74.103631,""
"Khatgaon","railway",21.252732,73.984208,""
"Kolde","railway",21.161356,73.867988,""
"Navapur","railway",21.166624,73.772517,""
"Bhadbhunja","railway",21.162742,73.664993,""
"Lakkadkot","railway",21.161431,73.618242,""
"Lotarva","railway",21.132663,73.317969,""
"Kaher","railway",21.136441,73.294151,""
"Timbarva","railway",21.151891,73.167572,""
"Gangadhara","railway",21.140308,73.046637,""
"Chalthan","railway",21.157369,72.956321,""
"Niyol","railway",21.160279,72.903161,""
"Takarkhede","railway",21.035806,75.164434,""
"Amalner","railway",21.049319,75.057339,""
"Bhortex","railway",21.09891,75.003726,""
"Padse","railway",21.127749,74.934354,""
"Nardana","railway",21.178042,74.828436,""
"Sindkheda","railway",21.244362,74.723972,""
"Vikhran Road","railway",21.295352,74.629698,""
"Ranala","railway",21.378113,74.45868,""
"Tisi","railway",21.382854,74.368107,""
"Chaupale","railway",21.375497,74.293887,""
"Chavalkhede","railway",21.02449,75.351078,""
"Vavadi Khurd","railway",22.788917,73.542244,""
"Tuwa","railway",22.800336,73.466102,""
"Tulsigam","railway",22.772816,73.385611,""
"Angadi","railway",22.80763,73.286142,""
"Thasra","railway",22.797745,73.220733,""
"Od","railway",22.657116,73.084906,""
"Bakrol","railway",22.587893,73.419035,""
"Jarod","railway",22.441347,73.338084,""
"Dhamarda","railway",22.853818,74.303863,""
"Rentiya","railway",22.863102,74.210624,""
"Jekot","railway",22.865894,74.159651,""
"Usra","railway",22.848974,74.103507,""
"Mangal Mahudi","railway",22.838496,74.05788,""
"Limkheda","railway",22.834878,73.984653,""
"Sant Road","railway",22.795618,73.801442,""
"Chanchelav","railway",22.796415,73.714238,""
"Kansudhi","railway",22.788952,73.647328,""
"Panch Piplia","railway",23.032683,74.666739,""
"Bajrangarh","railway",22.988042,74.643779,""
"Thandla Road","railway",22.963066,74.589325,""
"Nahargarh","railway",22.87235,74.498849,""
"Dr. Radhakrishna Nagar","railway",23.309892,75.006457,""
"Morwani","railway",23.276033,74.978176,""
"Bildi","railway",23.225138,74.918242,""
"Raoti","railway",23.183751,74.879509,""
"Bhairongarh","railway",23.145095,74.776758,""
"Amargarh","railway",23.062727,74.737431,""
"Palia","railway",22.830363,75.799485,""
"Chintaman Ganesh","railway",23.14607,75.740831,""
"Naikheri","railway",23.200704,75.682733,""
"Aslaoda","railway",23.230926,75.607953,""
"Palsora Makrawan","railway",23.260268,75.53136,""
"Unhel","railway",23.314641,75.475103,""
"Piploda Bagla","railway",23.36169,75.42928,""
"Berawanya","railway",23.466637,75.33654,""
"Khachrod","railway",23.442547,75.286378,""
"Runkhera","railway",23.414398,75.189298,""
"Sakegaon","railway",21.029754,75.744964,""
"Bhirangi","railway",22.238751,76.957027,""
"Nishatpura","railway",23.287713,77.42534,""
"দিগরাজ","railway",22.544263,89.587368,""
"মোংলা","railway",22.477415,89.599633,""
"ভাগা","railway",22.617716,89.640534,""
"চুলকাটি বাজার","railway",22.690896,89.649261,""
"মূলাডুলি","railway",24.163822,89.14328,""
"Kurwai Kethora","railway",24.118309,78.115678,""
"Daulta","railway",24.994894,78.42887,""
"Burhpura","railway",25.199492,78.423386,""
"Remount Road","railway",22.525986,88.316708,""
"Majherhat","railway",22.519054,88.322131,""
"Simariatal","railway",25.921671,78.303883,""
"Sandalpur","railway",26.082939,78.203427,""
"Deulti","railway",22.453354,87.914664,""
"Bagnan","railway",22.462563,87.970121,""
"Kulgachia","railway",22.472091,88.0206,""
"Nimpura","railway",22.325708,87.265375,""
"Jhargram","railway",22.45441,86.998186,""
"Sardiha","railway",22.38127,87.123787,""
"Khemasuli","railway",22.338431,87.185129,""
"Asanboni","railway",22.705409,86.321382,""
"Galudih","railway",22.648007,86.411567,""
"Ghatsila","railway",22.58597,86.479155,""
"Dalbhumgarh","railway",22.505599,86.552964,""
"Gher","railway",26.671865,77.948098,""
"Runkuta","railway",27.222957,77.898607,""
"Kitham","railway",27.254392,77.81777,""
"Deen Dayal Dham","railway",27.31857,77.758303,""
"Farah","railway",27.3346,77.744213,""
"Baad","railway",27.397091,77.688213,""
"Vrindaban Road","railway",27.555652,77.623771,""
"Ajhai","railway",27.636249,77.558095,""
"Chata","railway",27.712416,77.502653,""
"Kosi Kalan","railway",27.78804,77.445807,""
"Banchari","railway",27.945678,77.363215,""
"Sholaka","railway",27.973983,77.3609,""
"Rundhi","railway",28.067705,77.351198,""
"Magardoh","railway",22.24557,77.894203,""
"Jamuawan","railway",24.81443,85.293695,""
"Latehar","railway",23.725346,84.467911,""
"Hathbandh","railway",21.631389,81.845806,""
"Barwadih Junction","railway",23.843827,84.115999,""
"সিরাজগঞ্জ","railway",24.449959,89.705351,""
"মাছপাড়া","railway",23.804422,89.357451,""
"Dhulghat","railway",21.295806,76.749941,""
"Wan Road","railway",21.21492,76.820706,""
"Patsul","railway",21.003697,77.038476,""
"Shivni Shivapur","railway",20.675746,77.048137,""
"Barsitakli","railway",20.576022,77.061209,""
"Lohagad","railway",20.468039,77.079022,""
"Amanwadi","railway",20.366442,77.074184,""
"Jaulka","railway",20.284838,77.075278,""
"Kata Road","railway",20.185592,77.112041,""
"Kekatumar","railway",20.025665,77.103346,""
"Penganga","railway",19.967193,77.119737,""
"Kannargoan Naka","railway",19.943711,77.147066,""
"Malsailu","railway",19.867689,77.122862,""
"Navalgaon","railway",19.798546,77.123105,""
"Dhamni","railway",19.649029,77.17834,""
"Nandapur","railway",19.594343,77.237281,""
"Bolda","railway",19.551747,77.273146,""
"Sirli","railway",19.508731,77.212547,""
"Marsul","railway",19.234282,77.099082,""
"Chondi","railway",19.430759,77.155738,""
"Kunki","railway",22.875765,86.067251,""
"Kala-Akhar","railway",22.39508,77.818307,""
"Dhodramohar","railway",22.281247,77.874804,""
"Kharkhauda","railway",28.841671,77.736114,""
"Partapur","railway",28.921342,77.647052,""
"Barsali","railway",21.910178,78.031395,""
"Jaulkhera","railway",21.860354,78.199776,""
"Hatanpur","railway",21.756464,78.348076,""
"Gudankhapa","railway",21.656362,78.398486,""
"Teegaon","railway",21.637586,78.460309,""
"Darimeta","railway",21.536797,78.540495,""
"Tinkheda","railway",21.407702,78.523497,""
"Metpanjra","railway",21.272979,78.675562,""
"Sonkhamb","railway",21.2764,78.736559,""
"Kalmeshwar","railway",21.229589,78.915203,""
"Kohli","railway",21.273548,78.807881,""
"Bharatwada","railway",21.231421,79.016713,""
"Godhani","railway",21.21158,79.068635,""
"Kankather","railway",28.802667,78.181597,""
"Simbhauli","railway",28.764687,77.983237,""
"Pingli","railway",19.218037,76.858317,""
"Haidarnagar","railway",24.497244,83.950149,""
"Pipri Dih","railway",25.867799,83.48905,""
"Tharsa","railway",21.256343,79.414793,""
"Chacher","railway",21.241862,79.355358,""
"Darekasa","railway",21.270799,80.580602,""
"Salekasa","railway",21.301415,80.493246,""
"Gondia Junction","railway",21.461152,80.193189,""
"Amgaon","railway",21.361477,80.374138,""
"Gudma","railway",21.414529,80.28895,""
"Hirdamali","railway",21.343031,80.197679,""
"Gangajhari","railway",21.44292,80.058813,""
"Koka","railway",21.259145,79.711553,""
"Kachewani","railway",21.42994,79.981327,""
"Tirora","railway",21.414012,79.916611,""
"Mundikota","railway",21.373018,79.835152,""
"Bakal","railway",21.124126,80.942097,""
"Dongargarh","railway",21.185192,80.761212,""
"Paniajob","railway",21.183841,80.694071,""
"Bortalao","railway",21.218106,80.626119,""
"Musra","railway",21.153963,80.878352,""
"Jatkanhar","railway",21.179235,80.821765,""
"Lalawadi","railway",21.93098,78.190443,""
"Jambara","railway",21.942894,78.251575,""
"Barchi Road","railway",21.95255,78.312022,""
"Bordhai","railway",21.997624,78.348532,""
"Barelipar","railway",22.052245,78.408527,""
"Nawegaon","railway",22.088095,78.437273,""
"Markadhana","railway",22.111131,78.502774,""
"Palachauri","railway",22.200675,78.666054,""
"Iklehra","railway",22.207961,78.708884,""
"Parasia","railway",22.193317,78.764014,""
"Khirsadoh","railway",22.17647,78.773432,""
"Gangiwara","railway",22.095824,78.847674,""
"Rasmara","railway",21.204788,81.218363,""
"Murhipar","railway",21.183248,81.149018,""
"Parmalkasa","railway",21.140659,81.099443,""
"Sarona","railway",21.253198,81.573895,""
"Mandhar","railway",21.33763,81.704706,""
"Urkura","railway",21.297294,81.650941,""
"Silyari","railway",21.426091,81.755447,""
"Chakarbhata","railway",22.002702,82.111415,""
"Belha","railway",21.961113,82.076684,""
"Dagori","railway",21.90575,82.069324,""
"Dadhapara","railway",22.028007,82.123299,""
"Gatora","railway",22.05324,82.227574,""
"Jharadih","railway",22.000414,83.049222,""
"Madwarani","railway",22.16595,82.711703,""
"Kothari Road","railway",22.129529,82.695883,""
"Hemagir","railway",21.876145,83.742804,""
"Daghora","railway",21.857138,83.679081,""
"Kotarlia","railway",21.88367,83.48302,""
"Dhutra","railway",21.897032,84.091249,""
"Piska","railway",23.329854,85.206322,""
"Sonakhan","railway",22.166311,84.520063,""
"Sogra","railway",22.152464,84.460308,""
"Tangarmunda","railway",22.093478,84.35915,""
"Dharuadihi","railway",21.994745,84.223326,""
"Bagdihi","railway",21.951269,84.186841,""
"Kuarmunda","railway",22.304701,84.779794,""
"Kansbahal","railway",22.212284,84.667581,""
"Kalunga","railway",22.222067,84.733976,""
"সীতাকুন্ড","railway",22.62358,91.660199,""
"Deojhar","railway",22.081937,85.477291,""
"Jamkundia","railway",22.114435,85.522918,""
"Noamundi","railway",22.151931,85.521845,""
"Gaganaposh","railway",21.928287,85.045413,""
"Baghora","railway",24.136255,78.260465,""
"Sumreri","railway",24.007918,78.399096,""
"Jeruakhera","railway",23.973074,78.480156,""
"Isarwara","railway",23.926814,78.548406,""
"Nariaoli","railway",23.896034,78.604536,""
"Ratona","railway",23.835144,78.684822,""
"Lidhora Khurd","railway",23.852182,78.876118,""
"Girwar","railway",23.832838,78.971748,""
"Dangidahar","railway",23.868962,79.018228,""
"Ganeshganj","railway",23.895496,79.073252,""
"Patharia","railway",23.905681,79.192396,""
"Aslana","railway",23.860078,79.31957,""
"Karhiya Bhadoli","railway",23.858337,79.504977,""
"Bandakpur","railway",23.848094,79.575434,""
"Ghatera","railway",23.829783,79.673612,""
"Golapatti","railway",23.797936,79.745555,""
"Ratangaon","railway",23.836682,79.902137,""
"Gadchandur","railway",19.739674,79.17522,""
"Harri","railway",22.82731,81.882391,""
"Sarbahara","railway",22.710239,81.910538,""
"Khodri","railway",22.665537,81.935204,""
"Bhanwar Tonk","railway",22.608314,81.897207,""
"Khongsara","railway",22.551295,81.934705,""
"Tenganmada","railway",22.507586,81.995553,""
"Ghutku","railway",22.166536,82.086043,""
"Chhulha","railway",23.102695,81.740768,""
"Jaithari","railway",23.044915,81.796732,""
"Nigaura","railway",22.988649,81.867451,""
"Venkatnagar","railway",22.9236,81.872215,""
"Karkeli","railway",23.460707,80.921087,""
"Nowrozabad","railway",23.395277,80.979495,""
"Ghunghuti","railway",23.343669,81.185934,""
"Badhwabara","railway",23.294644,81.286855,""
"Singhpur","railway",23.254245,81.407978,""
"Chhada","railway",23.232552,81.479706,""
"Lorha","railway",23.581117,80.751695,""
"Chandia Road","railway",23.646043,80.701404,""
"New Katni Junction","railway",23.804478,80.429422,""
"Katangi Khurd","railway",23.776352,80.484885,""
"Vilayatkalan Road","railway",23.701412,80.636486,""
"Rupaund","railway",23.73037,80.576482,""
"Lakhakhera","railway",23.760734,80.564356,""
"Bakhleta","railway",23.875427,80.064307,""
"Rithi","railway",23.904654,80.14055,""
"গাইদঘাট পুরান স্টেশন","railway",23.609924,88.82684,""
"Patohan","railway",23.913884,80.199253,""
"Bhadanpur","railway",24.166704,80.67794,""
"Pakaria Road","railway",24.047664,80.501048,""
"Patwara","railway",23.913827,80.413715,""
"Baghai Road","railway",24.550802,81.051668,""
"Turki","railway",24.547875,81.13789,""
"Sakariya","railway",24.604065,80.906008,""
"Kaima","railway",24.611054,80.845465,""
"Vijay Sota","railway",23.979437,81.090541,""
"Chhataini","railway",23.994339,81.277456,""
"Beohari","railway",24.000534,81.380013,""
"Duvri Kalan","railway",23.99281,81.52931,""
"Kanchanpur Road","railway",24.040791,81.642596,""
"Joba","railway",24.089949,81.702726,""
"Marwasgram","railway",24.097079,81.775634,""
"Shankarpur Bhadaura","railway",24.103846,81.869291,""
"Salhana","railway",23.805475,80.638964,""
"Pipariya Kalan","railway",23.855429,80.729856,""
"Khanna Banjari","railway",23.896726,80.822543,""
"Bargawan","railway",24.197226,82.456394,""
"Deoragram","railway",24.10981,82.359223,""
"Gajara Bahara","railway",24.053097,82.294158,""
"Sareigram","railway",24.032487,82.195008,""
"Sursaraighat Jhara","railway",24.026681,82.108362,""
"Bharsendi","railway",24.053768,82.01619,""
"Phaphrakund","railway",24.417376,82.932637,""
"Magardaha","railway",24.386815,82.893058,""
"Khuldil Road","railway",24.36189,82.856247,""
"Mirchadhuri","railway",24.292484,82.794203,""
"Churki","railway",24.237329,82.691764,""
"Barah Maufi","railway",25.042896,81.020704,""
"Majhagawan","railway",24.913831,80.811889,""
"Chitahra","railway",24.871131,80.838395,""
"Khutaha","railway",24.807485,80.860915,""
"Jaitwar","railway",24.740664,80.863688,""
"Hati","railway",24.688112,80.842692,""
"Sagma","railway",24.627191,80.828776,""
"Dingwai","railway",25.418069,80.412937,""
"Khurhand","railway",25.365358,80.478806,""
"Khoh","railway",25.210089,80.976612,""
"Bahilpurwa","railway",25.135266,80.997718,""
"Lohgara","railway",25.222995,81.678151,""
"Panhai","railway",25.082747,81.204656,""
"Mataundh","railway",25.419614,80.151315,""
"Kabrai","railway",25.385252,80.038785,""
"Maharaja Chhatrasal Station Chhatarpur","railway",24.878037,79.615128,""
"Basari","railway",24.81358,79.702878,""
"Rajnagar K","railway",24.903866,79.87745,""
"Birari","railway",24.730948,78.507217,""
"Udaipura","railway",24.775494,78.653011,""
"Mawai","railway",24.79027,78.924467,""
"Sarkanpur","railway",24.823203,79.063965,""
"Khargapur","railway",24.846137,79.184529,""
"Tila","railway",24.835779,79.286013,""
"Rampura","railway",24.844579,79.351523,""
"Ishanagar","railway",24.853956,79.393275,""
"Hamirpur Road","railway",26.016179,80.190346,""
"Dapsaura","railway",25.959877,80.212068,""
"Yamuna South Bank","railway",25.902531,80.226932,""
"Ingohta","railway",25.758157,80.126953,""
"Ragaul","railway",25.686242,80.129063,""
"Akona","railway",25.581901,80.147098,""
"Chaunrah","railway",26.16542,79.782416,""
"Malasa","railway",26.287042,79.904766,""
"Tilaunchi","railway",26.332609,80.006995,""
"Paman","railway",26.359987,80.080579,""
"Binaur","railway",26.395194,80.162125,""
"Rasulpur Gogumau","railway",26.379733,80.125642,""
"Sirhi Itara","railway",26.36731,80.215619,""
"Dohru","railway",26.090656,80.175405,""
"Nandkhas","railway",25.662262,78.873757,""
"Parauna","railway",25.866696,79.126003,""
"Bhua","railway",25.944481,79.349946,""
"Usargaon","railway",26.077976,79.673882,""
"Hardua","railway",23.913849,80.287162,""
"Majhgawan Phatak","railway",23.873617,80.35059,""
"Baihatola","railway",23.229375,82.050571,""
"Harrad","railway",23.161274,81.903988,""
"Dhurwasin","railway",23.129344,81.84616,""
"Mauhari","railway",23.11891,81.769829,""
"মেহেরুল্লাহ নগর","railway",23.216695,89.164027,""
"Udalkachar","railway",23.289707,82.265738,""
"Paradol","railway",23.186799,82.264735,""
"Boridand Junction","railway",23.267295,82.177858,""
"Baikunthpur Rd","railway",23.31677,82.529286,""
"Nagar","railway",23.313607,82.452307,""
"Mahadevkhedi","railway",24.236508,78.194692,""
"Kamalpurgram","railway",23.171058,83.07091,""
"Dhansiri","railway",25.811414,93.60217,""
"Semarkhedi","railway",24.28052,78.18172,""
"Mungaoli","railway",24.402324,78.11189,""
"Guneru Bamori","railway",24.462095,78.063006,""
"Piprai Gaon","railway",24.504114,77.964554,""
"Rahatwas","railway",24.518445,77.88015,""
"Hinotia Pipalkhera","railway",24.5313,77.799652,""
"Ratikheda","railway",24.596375,77.659544,""
"Shahdora Gaon","railway",24.631099,77.588401,""
"Pilighat","railway",24.657682,77.505853,""
"Pagara","railway",24.656174,77.443708,""
"Maban","railway",24.642322,77.374937,""
"Bisra","railway",22.247824,84.99784,""
"Manoharpur","railway",22.373974,85.197801,""
"Bhalulata","railway",22.266424,85.060654,""
"Lamsakhang","railway",25.795873,93.047239,""
"Mahali Marup","railway",22.757458,85.879844,""
"Barabambo","railway",22.70133,85.728276,""
"Lotapahar","railway",22.617596,85.566444,""
"Goilkera","railway",22.505584,85.380791,""
"Hathikali","railway",25.640119,93.101511,""
"Raghogarh","railway",24.462893,77.160457,""
"Ramri","railway",24.24563,77.052536,""
"Pench","railway",24.04942,76.933341,""
"Sinduriya Kachari","railway",24.021582,76.926293,""
"Kachnaria","railway",23.877056,76.869636,""
"Sunera Pirkheri","railway",23.475621,76.364036,""
"Taravata","railway",24.736998,77.379208,""
"Bhadora Jagir","railway",24.78809,77.412525,""
"Miyana","railway",24.857169,77.473382,""
"Rayser Jagir","railway",24.886824,77.513371,""
"Lukwasa","railway",25.106169,77.590945,""
"Rayshree","railway",25.357581,77.58811,""
"Indergarh","railway",25.777926,77.738618,""
"Naogaon","railway",26.139705,78.139065,""
"Magarpur","railway",25.322355,78.859437,""
"Teharka","railway",25.294161,78.931851,""
"Rora","railway",25.292866,79.22299,""
"Kathara Road","railway",26.309905,80.228577,""
"Mustara","railway",25.490946,78.603166,""
"Milaoli","railway",26.300287,78.119977,""
"Ambkeshwar","railway",26.366013,77.972587,""
"Thara","railway",26.356314,77.850908,""
"Bhatpura","railway",26.327427,77.676275,""
"Kaimarakalan","railway",26.170662,77.203724,""
"Sillipur","railway",26.082032,77.037155,""
"Seroni Road","railway",25.946234,76.885786,""
"Durgapuri","railway",25.84504,76.794653,""
"Bhadroli","railway",26.301155,78.180919,""
"Rithaura Kalan","railway",26.384562,78.233643,""
"Rayatpura","railway",26.439151,78.337463,""
"Ashokhar","railway",26.546375,78.605888,""
"Khalilpur","railway",28.275323,76.678358,""
"Nurpura","railway",26.710628,77.842426,""
"Garhi Sandra","railway",26.669228,77.745812,""
"Soorothee","railway",26.656491,77.696375,""
"Angai","railway",26.604442,77.462927,""
"Kankret","railway",26.571893,77.437628,""
"Bagthar","railway",26.796204,77.522302,""
"Karaundhana","railway",27.040789,78.024612,""
"Dhimsiri","railway",27.029534,78.200341,""
"Bhadrauli","railway",26.894247,78.48214,""
"Batesar","railway",26.907959,78.558863,""
"Jaitpur Kalan","railway",26.834942,78.71053,""
"Man Singh Ka Pura","railway",26.808987,78.77731,""
"Jaitpura","railway",26.749327,78.888396,""
"Manikpura","railway",26.936613,78.390429,""
"古荣","railway",29.763112,90.776647,""
"马乡","railway",29.898863,90.719841,""
"Bharpura Pahleza Ghat Junction","railway",25.699614,85.13521,""
"当雄","railway",30.474626,91.104614,""
"Mora","railway",27.511444,77.582001,""
"Radhakund","railway",27.539506,77.521545,""
"Vehaj","railway",27.482452,77.387357,""
"Barsana","railway",27.441889,77.146761,""
"Jhareda","railway",27.47525,77.03522,""
"Gazika","railway",27.612697,76.661314,""
"Tarur","railway",20.024406,74.64789,""
"Rotegaon","railway",19.95544,74.758324,""
"安多南","railway",32.166894,91.582957,""
"托居","railway",32.398783,91.616902,""
"মূলঘর","railway",22.774361,89.711773,""
"যাত্রাপুর","railway",22.717522,89.756976,""
"ষাট গম্বুজ","railway",22.685086,89.764845,""
"বাগেরহাট কলেজ","railway",22.664939,89.781834,""
"কামারখালী ঘাট","railway",23.532878,89.541181,""
"拉萨西","railway",29.644684,90.965527,""
"Kauwapur","railway",27.514195,82.296706,""
"গদখালী","railway",23.068692,89.048408,""
"Parsoda","railway",19.953792,74.875349,""
"Karanj Gaon","railway",19.949675,74.924795,""
"Lasur","railway",19.926345,75.011862,""
"Karmad","railway",19.872892,75.537953,""
"Badnapur","railway",19.874812,75.723054,""
"Sarwari","railway",19.761956,75.943493,""
"Ranjani","railway",19.648741,76.104233,""
"Paradgaon","railway",19.621392,76.157255,""
"Partur","railway",19.576485,76.213077,""
"Usmanpur","railway",19.528048,76.281478,""
"Satuna","railway",19.491054,76.356361,""
"Dhengli Pimpalgaon","railway",19.393581,76.497654,""
"Manwat Road","railway",19.358747,76.534984,""
"Devalgaon Avchar","railway",19.319937,76.611795,""
"Pergaon","railway",19.299103,76.664722,""
"Saidabad","railway",25.379348,82.121724,""
"সুন্দরপুর","railway",23.415988,89.08235,""
"সাফদারপুর","railway",23.46241,88.961449,""
"মমিনপুর","railway",23.684259,88.878959,""
"মুন্সীগঞ্জ","railway",23.716573,88.893863,""
"হালসা","railway",23.815332,88.991767,""
"মহিলা পলিটেকনিক","railway",22.327244,91.776107,""
"唐古拉南","railway",32.867991,91.529468,""
"雪查玛","railway",32.533662,91.516278,""
"চাপতা","railway",23.197893,89.752076,""
"বোড়াশী","railway",22.994904,89.842634,""
"罗玛","railway",31.314407,91.848778,""
"সামন্তসেনা","railway",22.795919,89.639697,""
"Ugrasenpur","railway",25.568367,82.170699,""
"Mungara Badshahpur","railway",25.65291,82.190888,""
"Mirkhal","railway",19.203789,76.915748,""
"Chudawa","railway",19.179797,77.116452,""
"Limbgaon","railway",19.176293,77.204934,""
"Sivungaon","railway",19.108268,77.544499,""
"Bolsa","railway",19.001813,77.703509,""
"Karkheli","railway",18.944018,77.739341,""
"Dharmabad","railway",18.888488,77.849475,""
"Samrala","railway",18.918968,77.796855,""
"Fakhrabad","railway",18.816412,77.979461,""
"Sirnapalli","railway",18.487974,78.271521,""
"Bhiknur","railway",18.164065,78.398676,""
"Parkham","railway",27.287568,77.715534,""
"Jalesar Road","railway",27.446658,78.170342,""
"Bimbari","railway",19.164118,77.631614,""
"Therban","railway",19.274037,77.689789,""
"Hadgaon Road","railway",19.332627,77.723276,""
"Bodhadi Bujrug","railway",19.49582,78.194717,""
"Lingti","railway",19.796526,78.752137,""
"Mukutban","railway",19.806695,78.857908,""
"Kayar","railway",19.906686,78.907303,""
"Majri Junction","railway",20.139335,79.042962,""
"Kamalajari","railway",26.090733,91.946291,""
"Rajur","railway",20.106106,78.909803,""
"Shri Krishna Janam Asthan","railway",27.504754,77.671073,""
"Masani","railway",27.518295,77.671136,""
"Asaudah","railway",28.736759,76.859708,""
"Datewas","railway",29.890987,75.620531,""
"Narinderpura","railway",29.952395,75.476761,""
"Sadda Singh Wala","railway",30.027358,75.324434,""
"Kotli Kalan","railway",30.040804,75.29746,""
"Maisar Khana","railway",30.094469,75.150457,""
"Kotfateh","railway",30.123176,75.08265,""
"Kattar Singh Wala","railway",30.158735,74.999864,""
"Giani Zail Singh Sandhwan","railway",30.613562,74.801553,""
"Faridnagar","railway",30.670559,74.769412,""
"Pipli Pakhi Kalan","railway",30.731363,74.73312,""
"Sarsadh","railway",29.185,76.732579,""
"Faqarsar","railway",30.190189,74.579164,""
"Pakki","railway",30.163197,74.346736,""
"Bahawalbas","railway",30.146632,74.276301,""
"Kilanwali Punjab","railway",30.137289,74.115271,""
"Khatlabana","railway",30.008545,73.848759,""
"Jajan Patti","railway",27.355164,77.5744,""
"Balangir Road","railway",20.706576,83.499284,""
"Chandikhole Road","railway",20.707398,86.146567,""
"Gurusar Sahnewala","railway",30.138823,74.886344,""
"Bagwali","railway",30.034768,74.774608,""
"Mandi Dabwali","railway",29.966309,74.700743,""
"Birang Khera","railway",29.912229,74.635627,""
"Manjuri Road","railway",21.011646,86.319929,""
"Chhatna","railway",23.304921,86.975021,""
"Piperan","railway",29.26423,73.928413,""
"Jamsar","railway",28.244355,73.389748,""
"আমনুরা বাইপাস","railway",24.61513,88.395512,""
"বাহিরদিয়া","railway",22.789262,89.673465,""
"খানজাহানপুর","railway",22.734324,89.72211,""
"Raibha","railway",27.18132,77.820443,""
"Ellenabad","railway",29.444108,74.65795,""
"Bhagwansar","railway",29.343612,73.862009,""
"Mohan Nagar","railway",29.508125,73.467008,""
"Prithvirajpur","railway",29.959404,73.713379,""
"Dihakho","railway",25.430723,93.126477,""
"Manderdisa","railway",25.719691,93.127526,""
"Khidrat","railway",27.554308,72.59596,""
"Bari Sird","railway",27.439721,72.438931,""
"Wander Jatana","railway",30.564401,74.739942,""
"Jhabelwali","railway",30.509124,74.59979,""
"Chargwan","railway",30.501911,74.580398,""
"Bhagsar","railway",30.452064,74.40173,""
"Roranwala","railway",30.443369,74.257523,""
"Lakhewali","railway",30.448299,74.342532,""
"Chak Pakhewala","railway",30.43398,74.19396,""
"Chak Banwala","railway",30.430775,74.175085,""
"Khai Phemeki","railway",30.903229,74.552095,""
"Dodh","railway",30.845999,74.52425,""
"Jhok Tahal Singh","railway",30.800543,74.486618,""
"Kohar Singh Wala","railway",30.760147,74.445633,""
"Jiwa Arain","railway",30.656503,74.33987,""
"Bahmni Wala","railway",30.532927,74.168812,""
"Wadrengdisa","railway",25.263973,93.178016,""
"Kalachand","railway",25.343617,93.133326,""
"Mupa","railway",25.373568,93.122977,""
"Dibolong","railway",25.595176,93.085589,""
"Daotuhaja","railway",25.239354,93.170283,""
"Chandranathpur","railway",24.962807,92.688252,""
"New Karimganj Junction","railway",24.842927,92.394774,""
"Ratabari","railway",24.610563,92.396818,""
"Phakhoagram","railway",24.661538,92.410849,""
"Eraligul","railway",24.673517,92.371263,""
"Katlicherra","railway",24.468728,92.554438,""
"Manipur Bagan","railway",24.40847,92.541653,""
"Ramnathpur","railway",24.231459,92.526841,""
"Monacherra","railway",24.611951,92.550058,""
"Mohammadpur","railway",24.509104,92.592737,""
"开心岭","railway",34.089825,92.332074,""
"通天河","railway",33.900992,92.356695,""
"布玛德","railway",33.444459,91.931651,""
"Lalru","railway",30.47971,76.794429,""
"চেঙ্গুটিয়া","railway",23.075818,89.365781,""
"তালতলার হাট পুরান স্টেশন","railway",23.01251,89.412536,""
"Dapper","railway",30.51739,76.807384,""
"Kela Devi","railway",27.016753,77.329733,""
"Solan Brewery","railway",30.929165,77.114374,""
"Kathleeghat","railway",31.022011,77.103519,""
"Ghaziabad Junction","railway",28.652856,77.428244,""
"Sakhoti Tanda","railway",29.192546,77.718628,""
"Mansurpur","railway",29.357184,77.718425,""
"Jarauda Nara","railway",29.403478,77.705066,""
"Nagal","railway",29.833243,77.6223,""
"Tapri Junction","railway",29.915864,77.583568,""
"Pilkhani","railway",29.99765,77.473105,""
"Sadhoogarh","railway",30.582741,76.448226,""
"Chawapail","railway",30.759639,76.127419,""
"Jaspalon","railway",30.784767,76.080569,""
"Ladhowal","railway",30.977746,75.796624,""
"Bhattian","railway",31.0784,75.779218,""
"Mauli Block Hut","railway",31.167415,75.770392,""
"Pingora","railway",27.087652,77.371967,""
"Baba Sodhal Nagar","railway",31.351382,75.566731,""
"Tangra","railway",31.572497,75.121931,""
"Manawala","railway",31.612616,74.966576,""
"Chheharta","railway",31.622211,74.794772,""
"Arkha","railway",25.887496,81.31372,""
"Gurusar Sutlani","railway",31.606018,74.684089,""
"Silawar","railway",29.505086,77.344741,""
"Hind","railway",29.529073,77.363043,""
"Sona Arjunpur","railway",29.75734,77.452417,""
"Manani","railway",29.884569,77.499008,""
"Patiala Cantt.","railway",30.340115,76.359704,""
"Kakrala","railway",30.368513,76.092729,""
"Kaulseri","railway",30.36936,75.939137,""
"Rajomajra","railway",30.375007,75.805123,""
"Ghunas","railway",30.319757,75.420899,""
"Jethuke","railway",30.288591,75.319049,""
"Lehra Muhabhat","railway",30.239752,75.171092,""
"Bhuchu Mandi","railway",30.21011,75.09528,""
"Lehra Khana","railway",30.224951,75.136664,""
"Bathinda Cantt.","railway",30.198079,75.00454,""
"Fatehgarh Sahib","railway",30.651142,76.388701,""
"Chatouli","railway",30.86378,76.580517,""
"Mianpur","railway",30.912297,76.566498,""
"Ghanauli","railway",31.026558,76.591885,""
"Bharatgarh","railway",31.11062,76.592878,""
"Kiratpur Sahib","railway",31.186709,76.562944,""
"Bhanupali","railway",31.299023,76.420585,""
"Raimahatpur","railway",31.400378,76.327189,""
"Panoh","railway",31.548086,76.202389,""
"Chintpurni Marg","railway",31.722797,76.048317,""
"Daulatpur Chauk","railway",31.771579,76.008162,""
"Gill","railway",30.840979,75.848967,""
"Rohira Ghallughara","railway",30.629985,75.844286,""
"Kup","railway",30.600154,75.852249,""
"Bharur","railway",30.180433,75.819345,""
"Govindgarh Khokhar","railway",29.99205,75.808678,""
"Model Gram","railway",30.89184,75.836422,""
"Badowal","railway",30.865521,75.753708,""
"Bhanohad Punjab","railway",30.85077,75.706631,""
"Mullanpur","railway",30.837653,75.664917,""
"Chaukiman","railway",30.814726,75.566423,""
"Parao Mahna","railway",30.811491,75.267102,""
"Ghalkalan","railway",30.822697,75.109325,""
"Dagru","railway",30.82855,75.063182,""
"Maheshari Sandhuan","railway",30.848144,74.992446,""
"Sulhani","railway",30.872548,74.864613,""
"Saidanwala","railway",30.906634,74.699819,""
"Partabpura","railway",31.052058,75.716008,""
"Bilga","railway",31.05833,75.66069,""
"Mulewal Khaira","railway",31.103522,75.300162,""
"Sindhar","railway",31.105742,75.254628,""
"Kang Khurd","railway",31.125832,75.212742,""
"Khatkarkalan Jhandaji","railway",31.16424,76.030283,""
"Alachor","railway",31.167773,76.127715,""
"Satnaur Badesron","railway",31.261982,76.106966,""
"Mahngarwal Doaba","railway",31.327283,76.091177,""
"Bolinna Doaba","railway",31.342143,75.656301,""
"Sham Chaurasi","railway",31.458362,75.766012,""
"Nasrala","railway",31.494169,75.836829,""
"Thabalke","railway",31.182091,75.587143,""
"Shankar","railway",31.140881,75.539866,""
"Husainpur","railway",31.311693,75.329475,""
"Pajian","railway",31.272212,75.295164,""
"Dudwindi","railway",31.241342,75.265982,""
"Jogiwala","railway",31.094657,75.063033,""
"Mallanwala Khas","railway",31.047282,74.813599,""
"Butewala","railway",31.080744,74.897631,""
"Tallisaida Sahu","railway",31.032224,74.746778,""
"বাখুন্ডা","railway",23.545659,89.859987,""
"ফরিদপুর কলেজ","railway",23.595509,89.858412,""
"তালমা","railway",23.490267,89.876667,""
"পুকুরিয়া","railway",23.442451,89.957349,""
"সাতৈর","railway",23.434461,89.665276,""
"ব্যাসপুর","railway",23.277564,89.755328,""
"Dhogri","railway",31.3939,75.633138,""
"Biaspind","railway",31.45253,75.635937,""
"Sanaura","railway",31.581097,75.640772,""
"Cholang","railway",31.617024,75.640569,""
"Garna Sahib","railway",31.779957,75.653457,""
"Musahibpur","railway",31.98467,75.610135,""
"Bhangala","railway",32.025059,75.612219,""
"Chak Kalan","railway",32.065335,75.619863,""
"Bharmar","railway",32.168004,75.954705,""
"Atrauli Road","railway",28.095872,78.21933,""
"Bhalojala","railway",31.486582,75.239531,""
"Saidpur Jalalabad","railway",31.455886,75.186769,""
"Khadur Sahib","railway",31.415819,75.116568,""
"Gohlwar Varpal","railway",31.532739,74.899381,""
"Dukhnawaran","railway",31.499808,74.909004,""
"Rure Asal","railway",31.411431,74.911165,""
"Jandoke","railway",31.37832,74.885018,""
"Kairon","railway",31.335989,74.868735,""
"Boparai","railway",31.243103,74.782212,""
"Valtoha","railway",31.197285,74.667703,""
"Rattoke Gurdwara","railway",31.167734,74.6118,""
"Batala Sugar Mills","railway",31.859303,75.23093,""
"Chhina","railway",31.90226,75.272307,""
"Sohal","railway",31.974142,75.347914,""
"Parmanand","railway",32.170383,75.496337,""
"Jakolari","railway",32.218838,75.545585,""
"Vadala Granthin","railway",31.83001,75.289214,""
"Block Hut Basantar","railway",32.558235,75.068332,""
"Nasirpur","railway",28.602873,77.107628,""
"Patli","railway",28.401077,76.857079,""
"Jataula Jauri Sampka","railway",28.372814,76.799424,""
"Sohansra","railway",28.407669,75.860262,""
"Parvezpur","railway",28.510507,75.73108,""
"Molisar","railway",28.144801,74.766614,""
"Jodhpur Cantt.","railway",26.312773,73.09303,""
"Jethantri","railway",25.821633,72.483185,""
"Lilma","railway",25.750965,70.469598,""
"Payli","railway",28.060621,74.564022,""
"Bikaner East","railway",27.973121,73.369625,""
"Pirduleshah","railway",25.876749,73.149675,""
"Rajkiawas","railway",25.750204,73.524105,""
"Anajmandi Rewari","railway",28.183667,76.605543,""
"Karnawas New Grain Market","railway",28.133867,76.590333,""
"Bharawas","railway",28.116645,76.585474,""
"Majri Nangal","railway",28.013086,76.555628,""
"Khanpur Ahir","railway",27.909233,76.591442,""
"Kishangarh Balawas","railway",28.263268,76.571006,""
"Sudharana","railway",28.449292,76.430192,""
"Mayar","railway",29.100016,75.86189,""
"আদিতমারী","railway",25.924293,89.348833,""
"Bhattu","railway",29.386687,75.340048,""
"Ding","railway",29.460081,75.261843,""
"Suchan Kotli","railway",29.513527,75.183058,""
"Ratangarh Kanakwal","railway",29.90109,74.970398,""
"Shergarh","railway",30.065535,74.949543,""
"Laseri","railway",28.713235,75.479903,""
"Pali","railway",28.176632,76.450592,""
"Mirzapur Bachhau","railway",28.073372,76.190111,""
"Amarpur Jorasi","railway",28.009559,76.055082,""
"Nizampur","railway",27.966513,76.010744,""
"Mindha","railway",27.108594,75.32996,""
"Jethi","railway",24.296885,72.509688,""
"Unawa Aithor","railway",23.753076,72.385563,""
"Shobhasan","railway",23.556971,72.389583,""
"Dangarwa","railway",23.381718,72.448904,""
"Jhulasan","railway",23.325718,72.472215,""
"Saij Sertha Road","railway",23.209181,72.520673,""
"گولڑہ شریف جنکشن ریلوے اسٹیشن","railway",33.670498,72.947845,""
"Parvatsar Mela","railway",26.902812,74.74762,""
"Washermanpet","railway",13.108965,80.28201,""
"Gosaingram","railway",24.24766,88.214266,""
"Nakaha Jungle","railway",26.802186,83.360422,""
"Lachipura","railway",26.325564,74.64884,""
"Rajosi","railway",26.315211,74.666882,""
"Mokhampura","railway",25.982579,74.663803,""
"Ordi","railway",24.826401,74.631993,""
"Bisalwas Kalan","railway",24.497684,74.78405,""
"Matyakheri","railway",24.313447,74.950159,""
"Jamuniya Kalan","railway",24.406802,74.892911,""
"Malhargarh","railway",24.266559,74.973688,""
"Piplia","railway",24.203623,75.007569,""
"Sindpan","railway",24.152966,75.037862,""
"Kachnara","railway",23.839943,75.102441,""
"Dhodhar","railway",23.770969,75.103596,""
"Mundalaram","railway",23.698615,75.11055,""
"Barayla Chaurasi","railway",23.555177,75.092762,""
"Sirran","railway",21.93391,76.215843,""
"হরিয়ান","railway",24.375542,88.685897,""
"Netawal","railway",24.862635,74.473751,""
"Padla","railway",24.306293,73.777797,""
"Shalashah Thana","railway",23.836349,73.652239,""
"Sunak","railway",23.615345,73.249429,""
"Viravada","railway",23.613131,73.079373,""
"Himmatnagar Junction","railway",23.59193,72.96025,""
"Tapang","railway",20.051579,85.579995,""
"Kadiyadra","railway",23.882335,73.057373,""
"Sur Road","railway",23.790271,72.962925,""
"Khara Kameri","railway",25.350018,73.943984,""
"Dolaji Ka Khera","railway",25.453451,73.937157,""
"Kuwanthal","railway",25.408603,73.923112,""
"Bansi Bohera","railway",24.366294,74.384775,""
"Thamla Mogana","railway",24.871697,73.936706,""
"Kheroda","railway",24.570998,74.069426,""
"Chadotar","railway",24.185488,72.370049,""
"Rasana","railway",24.225526,72.25345,""
"Nilaje","railway",19.154427,73.08036,""
"Taloje Panchanand","railway",19.079148,73.087858,""
"Somatne","railway",18.950646,73.14548,""
"Piludra","railway",23.64669,72.438086,""
"Kesimpa","railway",23.826977,72.628266,""
"Kadarpur","railway",23.920927,72.659191,""
"IR","railway",23.881479,72.067543,""
"Khemana","railway",24.175987,71.974912,""
"Wayad","railway",24.023707,72.034142,""
"Kansa","railway",23.929984,72.06498,""
"Shihori","railway",24.070611,71.980566,""
"Detroj","railway",23.340036,72.184436,""
"Linch","railway",23.527026,72.355996,""
"Jotana","railway",23.464414,72.299547,""
"Ghelda","railway",23.367565,72.209239,""
"Jaksi","railway",23.197486,72.098519,""
"Bhankoda","railway",23.270431,72.128399,""
"Kanjh","railway",23.304982,72.154792,""
"Tintoda","railway",23.2478,72.547507,""
"Randheja","railway",23.29712,72.633814,""
"Unava Vasan","railway",23.329997,72.658851,""
"Limbodra","railway",23.374756,72.678597,""
"Gerita Kolvada","railway",23.57625,72.668978,""
"Lodra","railway",23.46043,72.714004,""
"Pilwai Road","railway",23.51665,72.731377,""
"Gawada Malosan","railway",23.578482,72.699545,""
"Kukarvada","railway",23.553307,72.620023,""
"Vasai Dabhla","railway",23.530417,72.575542,""
"Chhatral","railway",23.267146,72.449761,""
"Anakhol","railway",23.276458,72.410083,""
"Karan Nagar","railway",23.281381,72.386515,""
"Devsana","railway",23.335918,72.27497,""
"Rantej","railway",23.471244,72.154606,""
"Sankhalpur","railway",23.516096,72.029282,""
"Brahmanvada","railway",23.657487,72.080384,""
"Khambel","railway",23.608273,72.042093,""
"Jitoda","railway",23.728528,72.144944,""
"Pipar City","railway",26.374691,73.53158,""
"Silari","railway",26.302343,73.564903,""
"Marwar Khara","railway",27.060421,72.129522,""
"Sathajagat","railway",25.631046,85.867907,""
"Sherpur Dhipura","railway",25.5998,85.844113,""
"Basarhia Halt","railway",25.692058,85.811932,""
"Belari Halt","railway",25.816787,85.802174,""
"Dalsingh Sarai","railway",25.665042,85.841369,""
"Nazir Ganj","railway",25.724096,85.806785,""
"Dubaha","railway",25.948649,85.616809,""
"Dholi","railway",25.976649,85.564871,""
"Kharepatan Road","railway",16.568979,73.66075,""
"Siho","railway",26.008945,85.50642,""
"Ghorawadi","railway",18.721327,73.696204,""
"Uruli","railway",18.49372,74.136966,""
"कुबेरपुर (Kuberpur)","railway",27.223021,78.130919,""
"Gaudgaon","railway",17.336517,76.531327,""
"Prayagraj Sangam","railway",25.444432,81.880562,""
"Kelavli","railway",18.844545,73.318912,""
"Sirsuphal","railway",18.306796,74.573588,""
"Dehare","railway",19.2436,74.674826,""
"New Loni","railway",18.946542,74.865759,""
"Solapurwadi","railway",18.911772,74.932283,""
"Padsali","railway",18.00197,75.389592,""
"Bedag","railway",16.822744,74.728026,""
"Mahisgaon","railway",18.109578,75.495486,""
"Barsi Town","railway",18.24099,75.718131,""
"Pangri","railway",18.284006,75.867122,""
"Chinkhill","railway",18.09989,75.457824,""
"Shendri","railway",18.149406,75.590236,""
"Uplai","railway",18.179617,75.634995,""
"Dhoki","railway",18.353745,76.103089,""
"Kuslamb","railway",18.279065,75.781742,""
"Kalamb Road","railway",18.372002,76.049273,""
"Ausa Road","railway",18.378391,76.407699,""
"Thair","railway",18.352665,76.150145,""
"Palsap","railway",18.358439,76.193308,""
"Murud","railway",18.380361,76.251095,""
"Neoli","railway",18.387468,76.310962,""
"Bhatangali","railway",18.445933,76.67856,""
"Gharni","railway",18.479286,76.764041,""
"Vishrambag","railway",16.850997,74.602803,""
"Hatkanangale","railway",16.747749,74.421193,""
"Sulehalli","railway",17.080078,77.05264,""
"Kurgunta","railway",17.191979,77.360341,""
"Telapur","railway",17.47496,78.284976,""
"Nashkal","railway",17.886908,79.414439,""
"Yasantapur","railway",17.736808,79.205217,""
"Zahirabad","railway",17.675825,77.610693,""
"Kamalnagar","railway",18.240626,77.178724,""
"Kalagapura","railway",18.158217,77.193701,""
"Halbarga","railway",17.974876,77.340519,""
"Chakur","railway",18.487791,76.884437,""
"Her","railway",18.426719,76.971272,""
"Janwal","railway",18.559413,76.755539,""
"Pangaon","railway",18.634724,76.635344,""
"Ghatnandur","railway",18.723596,76.563342,""
"Vadgaon Nila","railway",18.929572,76.640577,""
"Pokharni Narsimha","railway",19.118762,76.732272,""
"Hallikhed","railway",17.848246,77.277207,""
"Hallikhed K.","railway",17.671147,77.068648,""
"Kamalapura","railway",17.586846,76.97971,""
"Kurukotta","railway",17.476013,76.895379,""
"Ramachandrapuram TS","railway",17.51022,78.282446,""
"Junagarh Road","railway",19.873844,82.946745,""
"Bilasipara","railway",26.242434,90.23593,""
"Bogolu","railway",15.465416,77.912413,""
"Bommaipalli","railway",17.483962,78.868068,""
"Rayanagudem","railway",17.012965,79.353725,""
"Kukkadam","railway",16.921061,79.475743,""
"Miryalaguda","railway",16.860101,79.53399,""
"Achegaon","railway",20.97317,75.938554,""
"Shri Kshetra Nagjhari","railway",20.762021,76.753879,""
"Mana","railway",20.761617,77.469068,""
"Katepurna","railway",20.724733,77.259426,""
"Mandura","railway",20.779923,77.523021,""
"Kuram","railway",20.808122,77.586772,""
"Takli","railway",20.832437,77.656933,""
"Dipore","railway",20.792841,78.04106,""
"Talni","railway",20.754294,78.230204,""
"Lakhpuri","railway",20.840808,77.356214,""
"Bhujvad","railway",20.85988,77.354647,""
"Lehgaon","railway",20.982595,77.329421,""
"Kapustalni","railway",21.093568,77.342083,""
"Kokalda","railway",21.035459,77.335485,""
"Chamak","railway",21.218869,77.47149,""
"Khusta Buxarg","railway",21.199667,77.449682,""
"Pathrot","railway",21.185741,77.398012,""
"Nowbagh","railway",21.252428,77.493469,""
"Murtajapur Town","railway",20.727096,77.366891,""
"Kinkhed","railway",20.652759,77.408668,""
"Vilegaon","railway",20.592037,77.436175,""
"Bhadsivni","railway",20.550975,77.452703,""
"Karanja Town","railway",20.486306,77.491697,""
"Dadgaon","railway",20.451977,77.532653,""
"Somthan","railway",20.438793,77.576786,""
"Sangvi","railway",20.419029,77.601874,""
"Bhandegaon","railway",20.341587,77.698054,""
"Ling","railway",20.361922,77.961555,""
"Lasina","railway",20.400008,78.015814,""
"Ladkhed","railway",20.341362,77.920216,""
"Walgaon","railway",21.020268,77.710722,""
"Ashtegaon","railway",21.297381,77.934688,""
"Shirala","railway",21.125966,77.724806,""
"Benoda","railway",21.449905,78.180435,""
"Morshi","railway",21.326597,77.996283,""
"Kolvihir","railway",21.255511,77.836316,""
"Pala","railway",21.376099,78.01843,""
"Hiwarkhed","railway",21.405598,78.067794,""
"Pusla","railway",21.492767,78.354521,""
"Mowad","railway",21.456215,78.451982,""
"Virul","railway",20.80356,78.338716,""
"Sorta","railway",20.769272,78.338683,""
"Rohna Town","railway",20.854259,78.32395,""
"Dhanori","railway",20.879321,78.290854,""
"Pargothan","railway",20.904124,78.287773,""
"Pachegaon","railway",20.941706,78.251801,""
"Khubagaon","railway",20.96303,78.239315,""
"Chitoda","railway",20.714051,78.625566,""
"Bhugaon","railway",20.673577,78.669787,""
"Yenor","railway",20.494097,78.840938,""
"Nagri","railway",20.406869,78.890057,""
"Chikni Road","railway",20.325097,78.960277,""
"Vivekanand Nagar","railway",19.982366,79.279341,""
"Choti Padoli","railway",20.001774,79.249816,""
"Gondwana Visapur","railway",19.88247,79.328369,""
"Vanchanagiri","railway",17.949244,79.670344,""
"New Pandarpawani","railway",19.759705,79.302242,""
"Sultanabad","railway",18.520386,79.331635,""
"Poduru","railway",18.618576,78.952232,""
"Katlakunta Medipally","railway",18.817512,78.823695,""
"Korutla","railway",18.835445,78.71042,""
"Mortad","railway",18.820589,78.453078,""
"Armur","railway",18.780817,78.3112,""
"Mellacheruvu","railway",16.812612,79.936508,""
"Sri Santh Sevalal Maharaj","railway",16.771299,79.797596,""
"Mattampally","railway",16.782728,79.856304,""
"Janpahad","railway",16.724757,79.703836,""
"Khatīma","railway",28.915142,79.969394,""
"Bichhupali","railway",20.73523,83.616707,""
"Sobhapur","railway",22.722818,78.280915,""
"Salichauka Road","railway",22.834277,78.677109,""
"Karapgaon","railway",22.914757,78.98267,""
"Dalpatpur","railway",28.820857,78.877679,""
"Sansarpur","railway",23.660004,80.330601,""
"Amdara","railway",24.09948,80.577854,""
"Itwadundiala","railway",24.94263,80.845149,""
"Bansapahar","railway",25.05716,81.060166,""
"Bevara","railway",25.184598,81.650345,""
"Kapri Kheda","railway",21.268795,79.118468,""
"Valsad","railway",20.608208,72.933505,""
"Hansapore","railway",20.905556,72.926426,""
"Sanjali","railway",21.575494,72.988606,""
"Miyagam Karjan Junction (NG)","railway",22.051535,73.120729,""
"نظام آباد ریلوے اسٹیشن","railway",32.429638,74.117678,""
"Rohal Khurd","railway",23.511348,75.485562,""
"Mahidpur Road","railway",23.567646,75.500573,""
"Vikramgarh Alot","railway",23.764713,75.538528,""
"Thuria","railway",23.835583,75.554824,""
"Luni Richha","railway",23.661161,75.514251,""
"Tirath","railway",25.248958,75.859433,""
"Sawai Madhopur 'D' cabin","railway",26.040312,76.380653,""
"Ranthambhor","railway",26.093412,76.410247,""
"Mokholi","railway",26.161696,76.461839,""
"Malarna","railway",26.231153,76.53519,""
"Nimoda","railway",26.279735,76.579672,""
"Narayanpur Tatwara","railway",26.344113,76.635869,""
"Dumariya","railway",26.864299,77.233459,""
"Fateh Singh Pura","railway",26.818476,77.140896,""
"Murhesi Rampur","railway",27.412278,77.627959,""
"Unai and Vansda Road","railway",20.852468,73.339455,""
"Limbara","railway",21.439531,73.038575,""
"Velachha","railway",21.433161,73.012366,""
"Asarma","railway",21.458933,73.064358,""
"Simodara","railway",21.459667,73.091259,""
"Kevedi","railway",21.491158,73.456159,""
"Chitalda","railway",21.474065,73.397995,""
"Umarpada","railway",21.458398,73.475077,""
"Tham","railway",21.739724,72.941473,""
"Kayavarohan","railway",22.077897,73.249676,""
"Baripur Mandala","railway",22.095187,73.318347,""
"Chhuchhapura Junction","railway",22.21511,73.594356,""
"Padaliya Road","railway",22.37408,74.073726,""
"Ambari Richhavi","railway",22.319554,74.271894,""
"Ten Talav","railway",22.045538,73.425046,""
"Moti Sadhli","railway",22.38275,74.183943,""
"Alirajpur","railway",22.300168,74.398718,""
"Prayagpura","railway",22.187744,73.424207,""
"Karmaliyapura","railway",22.228155,73.437559,""
"Vyankatpura","railway",22.410642,73.370378,""
"Ajwa","railway",22.358769,73.384886,""
"Karchiya","railway",22.517956,73.248842,""
"Mevli","railway",22.611894,73.323872,""
"Pandu Mewas","railway",22.669044,73.363869,""
"Muval Tank","railway",22.572465,73.254857,""
"Wasanapura","railway",22.586815,73.287469,""
"Sandasal","railway",22.639227,73.359878,""
"Desar Road","railway",22.712033,73.328373,""
"Wejpur","railway",22.742591,73.353414,""
"Khunvad","railway",22.141082,73.609211,""
"Pir Umrod","railway",23.256328,76.23029,""
"Kali Sindh","railway",23.344498,76.429377,""
"Kalapipal","railway",23.33306,76.835012,""
"Pingleswar","railway",23.21134,75.860818,""
"Akodia","railway",23.378655,76.599357,""
"Sant Hirdaram Nagar Railway Station","railway",23.273708,77.33585,""
"Bercha","railway",23.283609,76.33535,""
"Bolai","railway",23.361548,76.486994,""
"Jabri","railway",23.293641,76.890461,""
"Parbati","railway",23.280484,76.964107,""
"Baktal","railway",23.25153,77.012775,""
"Phanda","railway",23.231296,77.187595,""
"Pachawan","railway",23.208924,77.126966,""
"Bakanian Bhaunri","railway",23.264333,77.257424,""
"Naranjipur","railway",23.046644,76.008874,""
"Karachha","railway",23.104845,75.910157,""
"Matana Buzurg","railway",23.113746,75.865782,""
"Binjana","railway",22.934517,75.993645,""
"Dakchya","railway",22.856896,75.950154,""
"Barlai","railway",22.894017,75.962101,""
"Mangliyagaon","railway",22.810551,75.914929,""
"Ranayal Jasmia","railway",23.161571,76.072456,""
"Silakheri","railway",23.095989,76.058208,""
"Jhalawar City","railway",24.580331,76.146477,""
"Sogariya","railway",25.23011,75.901433,""
"Jhalarapatan","railway",24.533441,76.196646,""
"Sri Kalyanpura","railway",25.189972,76.087203,""
"Sundlak","railway",25.122954,76.450412,""
"Chaurakheri","railway",24.557107,77.131568,""
"Piplod Road","railway",24.934411,76.632622,""
"Upramal","railway",25.274909,75.328496,""
"Dharnoda","railway",24.598193,77.093416,""
"Dehit","railway",25.298597,75.822866,""
"Kothia","railway",25.356666,75.698176,""
"Nim-ka-Khera","railway",25.309399,75.479227,""
"Genoli Road","railway",25.203782,75.164997,""
"Jalindri","railway",25.291925,75.385573,""
"Sigoli Shyam","railway",25.186953,75.010518,""
"Thambavati Nagri","railway",24.968525,74.694717,""
"Jodhpuriya","railway",25.07671,74.824021,""
"Vishnupur Bathua Halt","railway",25.931773,85.644386,""
"Sureli","railway",26.110415,76.084906,""
"Shitala Road","railway",26.647569,75.897661,""
"Ranolishishu","railway",27.516524,75.302569,""
"Sonthaliya","railway",27.41159,75.515828,""
"Baori Thikria","railway",27.43796,75.476699,""
"Nari Khetri","railway",28.18617,75.601832,""
"Bankata","railway",26.26596,84.094677,""
"Bhatpar Rani","railway",26.309809,84.032329,""
"Sardarnagar","railway",26.674068,83.544916,""
"Birambad","railway",26.924692,77.321102,""
"Aulenda","railway",27.032889,77.615763,""
"Pathauli","railway",27.156982,77.92535,""
"Singarpur","railway",27.117626,77.728584,""
"Bhandana","railway",26.881689,76.263933,""
"Nangal Rajawatan","railway",26.741766,76.328246,""
"Dhinda","railway",26.892149,75.370295,""
"Ranoli","railway",22.405582,73.112828,""
"Utarsanda","railway",22.655086,72.889146,""
"Vasan Iyava","railway",23.025267,72.336341,""
"Sokali","railway",23.098187,72.105233,""
"Khareshwar Road","railway",23.064268,71.982919,""
"Bhaskarapara","railway",22.991391,71.91012,""
"Khorana","railway",22.419552,70.839188,""
"Viramdad","railway",22.200832,69.589361,""
"Chandlodiya 'B'","railway",23.080798,72.540818,""
"Ghanshyamgadh Road","railway",23.008656,71.422464,""
"Sukhpur","railway",23.014854,71.240765,""
"Dhanala","railway",23.009662,71.080677,""
"Devaliya","railway",23.027657,71.012424,""
"Khakhrechi","railway",23.053377,70.916694,""
"Wadharva","railway",23.074956,70.834248,""
"Patdi","railway",23.182626,71.790605,""
"Moti Khawdi","railway",22.384776,69.863632,""
"Bedeshwar Windmill","railway",22.50448,70.041934,""
"Gop Jam","railway",22.053727,69.908501,""
"Ranavav","railway",21.69862,69.726847,""
"Aditpara","railway",21.669888,69.672986,""
"Kathana","railway",22.299443,72.807412,""
"Pandori","railway",22.471718,72.744116,""
"Kalitalavadi","railway",22.357134,72.644131,""
"Dabhou","railway",22.581412,72.732539,""
"Vina","railway",22.762569,72.902268,""
"Sanathal","railway",22.964519,72.470411,""
"Moraiya","railway",22.930651,72.4408,""
"Matoda","railway",22.883817,72.399558,""
"Saljida","railway",22.784786,72.397735,""
"Lothal Bhurkhi","railway",22.553764,72.224077,""
"Hadala Bhal","railway",22.486381,72.131058,""
"Dhandhuka","railway",22.38498,71.976585,""
"Tagdi","railway",22.29635,71.948129,""
"Chandarwa","railway",22.233152,71.872273,""
"Alau","railway",22.210418,71.688227,""
"Sarangpur Road","railway",22.231146,71.737454,""
"Ranpur","railway",22.359886,71.716908,""
"Ningala","railway",22.027439,71.708709,""
"Ujalvav","railway",21.905246,71.704978,""
"Alampur","railway",21.959953,71.711103,""
"Kundali","railway",22.278282,71.68354,""
"Chuda","railway",22.494945,71.749891,""
"Lathidad","railway",22.08886,71.703216,""
"Sanosara","railway",21.748466,71.788498,""
"Khakhriya","railway",21.67729,70.878822,""
"Lathi","railway",21.73936,71.386782,""
"Ingorala","railway",21.822336,71.682107,""
"Jaliya","railway",21.815524,71.632626,""
"Supedi","railway",21.758539,70.375843,""
"Bhayavadar","railway",21.847904,70.236262,""
"Katkola","railway",21.851906,69.883716,""
"Liliya Mota","railway",21.539924,71.372505,""
"Damnagar","railway",21.688198,71.509533,""
"Vijpadi Road","railway",21.180145,71.446702,""
"Gadhakda","railway",21.238018,71.381964,""
"Charodia","railway",21.087367,71.4703,""
"Sajiyavadar","railway",21.482269,71.162553,""
"Bhader","railway",21.364963,70.928876,""
"Savni","railway",20.962824,70.449374,""
"Satadhar","railway",21.283753,70.721055,""
"Kansiya Nes","railway",21.253591,70.650027,""
"Chitravad","railway",21.101025,70.556933,""
"Prachi Road Junction","railway",20.983388,70.691064,""
"Palitana","railway",21.537935,71.822874,""
"Trapaj Bungalow","railway",21.454512,72.112711,""
"Makansar","railway",22.748214,70.914921,""
"Nazarbag","railway",22.814539,70.854861,""
"Barwala Road","railway",22.897248,70.721388,""
"Navlakhi","railway",22.958281,70.449669,""
"Lavanpur","railway",22.948091,70.54226,""
"Virpur","railway",21.849042,70.707834,""
"Semla","railway",22.043881,70.794061,""
"Vadal","railway",21.611408,70.493001,""
"Adari Road","railway",20.987149,70.330715,""
"Bilkha","railway",21.443387,70.599725,""
"Birshibpur","railway",22.474007,88.053773,""
"Jakpur","railway",22.362643,87.38957,""
"Bhakrabad","railway",22.118893,87.363936,""
"Benapur","railway",22.272066,87.376177,""
"Nekurseni","railway",22.004554,87.305768,""
"Belda","railway",22.071147,87.33661,""
"Lakshannath Road","railway",21.841977,87.250973,""
"Amarda Road","railway",21.733933,87.102364,""
"Basta","railway",21.701731,87.062948,""
"Haldipada","railway",21.571517,86.996833,""
"Khantapara","railway",21.39645,86.822941,""
"Nilgiri Road","railway",21.426313,86.855538,""
"Bahanaga Bazar","railway",21.335937,86.761576,""
"Markona","railway",21.195396,86.596259,""
"Ranital","railway",21.149815,86.556766,""
"Kenduapada","railway",21.030187,86.38337,""
"Baudpur","railway",21.063124,86.46272,""
"Baitarni Road","railway",20.987059,86.234455,""
"Barithengarh","railway",20.656894,86.05915,""
"Kapilas Road Junction","railway",20.557299,85.993066,""
"Nergundi Junction","railway",20.537816,85.958666,""
"Kaipadar Road","railway",20.104605,85.639457,""
"Nirakarpur","railway",19.991583,85.529792,""
"Chilka","railway",19.68652,85.17925,""
"Bhusandpur","railway",19.952839,85.47721,""
"Gangadharpur","railway",19.815734,85.292992,""
"Kalupara Ghat","railway",19.897135,85.403421,""
"Balugaon","railway",19.74804,85.2015,""
"Khallikot","railway",19.611017,85.127762,""
"Rambha","railway",19.538359,85.094722,""
"Humma","railway",19.443543,85.076313,""
"Ganjam","railway",19.395254,85.046277,""
"Chatrapur","railway",19.359228,84.973742,""
"Jagannathapur","railway",19.33037,84.867785,""
"Bhattanagar","railway",22.632748,88.305477,""
"Mahisadal","railway",22.176143,88.010415,""
"Keshabpur","railway",22.220776,87.950054,""
"Basulya Sutahata","railway",22.120161,88.130576,""
"Durga Chak","railway",22.082096,88.155432,""
"Bhanjpur","railway",21.954014,86.734424,""
"Bangriposi","railway",22.146482,86.540076,""
"রাজশাহী কোর্ট রেলওয়ে স্টেশন","railway",24.37905,88.565547,""
"Charbatia","railway",20.56917,85.911162,""
"Salegaon","railway",20.5635,85.957277,""
"Gurudijhatia","railway",20.569436,85.833605,""
"Machapur Junction","railway",20.569443,85.768987,""
"Joranda Road","railway",20.622286,85.641834,""
"Domingarh","railway",26.765014,83.341271,""
"Uslapur","railway",22.102294,82.112372,""
"Kechki","railway",23.928698,84.146594,""
"Chhipadohar","railway",23.814043,84.202314,""
"গুণবতী","railway",23.087673,91.29743,""
"Alipurduar","railway",26.478924,89.521035,""
"Barauni Junction","railway",25.46296,85.987909,""
"Manu Bazar","railway",23.061847,91.645861,""
"Sadashibapur","railway",20.735673,85.505608,""
"Hindol Road","railway",20.768404,85.423919,""
"Budhapank","railway",20.852648,85.256013,""
"Ayodhya Dham Junction","railway",26.787937,82.201003,""
"Ayodhya Cantt","railway",26.768993,82.135802,""
"Belanagar","railway",22.661234,88.317079,""
"Janai Road","railway",22.721437,88.2653,""
"New Alipore","railway",22.510533,88.335426,""
"Tollygunge","railway",22.507755,88.347722,""
"Lake Gardens","railway",22.508055,88.353329,""
"Radhakishorepur Junction","railway",20.561302,85.755059,""
"Ghantikal Nidhipur Railway Station","railway",20.510952,85.736405,""
"Naraja Marthapur","railway",20.459726,85.780549,""
"Irinjalakuda","railway",10.340647,76.280786,""
"Chirula","railway",25.583861,78.483925,""
"Motari","railway",20.090053,85.729118,""
"Nayagarh Town","railway",20.143965,85.115438,""
"Bolagarh Road","railway",20.169313,85.223249,""
"Machkunda Road","railway",18.567142,82.66715,""
"Paliba","railway",18.660535,82.696111,""
"Bheja","railway",18.47282,82.685316,""
"Ambagaon","railway",19.061593,82.240822,""
"Bhansi","railway",18.776939,81.265057,""
"Dabpal","railway",18.928466,81.489167,""
"Gidam","railway",18.936733,81.411894,""
"Kamalur","railway",18.855089,81.277912,""
"Baiguda","railway",18.827213,82.965674,""
"Kakiriguma","railway",18.922425,83.006766,""
"Lakshmipur Road","railway",19.002967,83.10413,""
"Singaram","railway",19.110297,83.104468,""
"Tikiri","railway",19.176887,83.098243,""
"Rauli","railway",19.230854,83.167675,""
"Singapur Road Junction","railway",19.257469,83.40293,""
"Lelligumma","railway",19.303897,83.208471,""
"Bhalumaska","railway",19.327716,83.293969,""
"Keutguda Junction","railway",19.304129,83.368399,""
"Sahebtala","railway",23.592127,88.201091,""
"विदेह","railway",26.67886,86.024689,""
"Inarwa","railway",26.615379,86.140763,""
"कुर्था","railway",26.749184,85.892892,""
"Khutauna","railway",26.494497,86.3973,""
"Laukaha Bazar","railway",26.542987,86.462603,""
"Chandeshwarsthan","railway",26.333257,86.31075,""
"Mahrail","railway",26.28705,86.281109,""
"Vachaspati Nagar","railway",26.389782,86.319559,""
"Barhara","railway",26.441455,86.365255,""
"Alamganj","railway",26.119037,90.025594,""
"Bagribari","railway",26.204547,90.120587,""
"Dhubri","railway",26.02282,89.977944,""
"Gauripur","railway",26.077224,89.955567,""
"Tetelia","railway",26.125863,92.021558,""
"Devgam","railway",23.960817,71.593682,""
"Garmadi","railway",23.719765,71.125092,""
"Vaghpura","railway",23.782759,71.355689,""
"Varahi","railway",23.801038,71.435559,""
"Piplee","railway",23.814408,71.516487,""
"Mitha","railway",24.083309,71.680684,""
"Santalpur","railway",23.759836,71.182202,""
"Dhanakwada","railway",24.146604,71.82593,""
"Lakhpat","railway",23.591782,71.021125,""
"Mothala","railway",23.189989,69.1099,""
"Bhachau","railway",23.304063,70.350733,""
"Anjar","railway",23.119428,70.03638,""
"Samakhyali Junction","railway",23.309585,70.503012,""
"Kukma","railway",23.215125,69.771863,""
"Madhapar Road","railway",23.245549,69.709388,""
"Sapda","railway",23.158348,69.98079,""
"Bhadreshwar Road","railway",22.882483,69.834298,""
"Dhrub","railway",22.796833,69.672372,""
"West Port","railway",22.763814,69.557582,""
"Mundra Airport Road","railway",22.835335,69.759076,""
"Surbari","railway",23.230528,70.696993,""
"Navinal","railway",22.808867,69.602412,""
"Bhutakiya Bhimasar","railway",23.533934,70.886998,""
"Padampur","railway",23.508986,70.81785,""
"Adesar","railway",23.5527,70.972855,""
"Dhanvala Vada","railway",23.153985,69.028273,""
"Sukhpur Roha","railway",23.224058,69.328224,""
"Bhuj","railway",23.265795,69.678392,""
"Ratnal","railway",23.184953,69.903448,""
"Shivalakha","railway",23.384375,70.624924,""
"Devalia Road","railway",23.034079,69.988679,""
"Chirai","railway",23.219887,70.266048,""
"Lakadiya","railway",23.340592,70.578341,""
"Chitrod","railway",23.437118,70.666295,""
"Deshalpar","railway",23.201044,69.435933,""
"Vasai Third Road","railway",22.962345,69.917306,""
"Kothara","railway",23.126395,68.94402,""
"Kidiyanagar","railway",23.470365,70.757264,""
"Bhimasar","railway",23.186608,70.174876,""
"Katariya","railway",23.28502,70.614333,""
"Gandhidham Junction","railway",23.06839,70.147712,""
"Vondh","railway",23.307668,70.434887,""
"Adipur Junction","railway",23.076406,70.078166,""
"Narangi","railway",26.182101,91.833381,""
"Diyodar","railway",24.112484,71.769513,""
"Bhabhar","railway",24.065083,71.615528,""
"Chalvada","railway",23.938487,71.592305,""
"Radhanpur","railway",23.847286,71.585844,""
"Chhansara","railway",23.767449,71.275389,""
"Piprala","railway",23.649711,71.094418,""
"Kamakhya Junction","railway",26.15728,91.692069,""
"Bharuch Station","railway",21.694248,72.934643,""
"Azara","railway",26.102079,91.616621,""
"Mirza","railway",26.073145,91.518045,""
"Chaygaon","railway",26.055115,91.370324,""
"Salgajhari","railway",22.758875,86.227177,""
"Bamunigaon","railway",26.014984,91.295805,""
"Boko","railway",25.999621,91.218994,""
"Dudhnai","railway",26.001489,90.761891,""
"Posoita","railway",22.446747,85.25442,""
"Jaraikela","railway",22.309362,85.113419,""
"Goalpara Town","railway",26.12708,90.621111,""
"Bijni","railway",26.49738,90.707455,""
"New Bongaigaon Junction","railway",26.475824,90.537236,""
"Saragaon Deori","railway",22.020824,82.742358,""
"Ramkola","railway",26.907357,83.839782,""
"Sidhirsai","railway",22.502694,86.154269,""
"Bahalda Road","railway",22.441687,86.164322,""
"Kuldiha","railway",22.190231,86.18912,""
"کھیوڑہ","railway",32.64081,73.009511,""
"Bokra","railway",23.085047,87.919971,""
"ঘোড়াশাল","railway",23.937802,90.63388,""
"拉萨","railway",29.625862,91.068742,""
"白堆","railway",29.50182,90.963313,""
"日喀则 གཞིས་ཀ་རྩེ།","railway",29.223862,88.912155,""
"昂嘎","railway",29.987646,90.669622,""
"羊八井","railway",30.105716,90.539052,""
"羊八林","railway",30.224759,90.630306,""
"达琼果","railway",30.3061,90.79842,""
"宁中","railway",30.395569,90.939159,""
"龙仁","railway",30.528426,91.308972,""
"乌玛塘","railway",30.559951,91.431197,""
"桑列","railway",30.673685,91.534717,""
"古露","railway",30.830791,91.618507,""
"妥如","railway",31.216073,91.685023,""
"那曲","railway",31.445453,91.989473,""
"岗秀","railway",31.56605,91.919898,""
"噶恰","railway",31.594548,91.764529,""
"底吾玛","railway",31.716481,91.639044,""
"联通河","railway",31.854965,91.524187,""
"措那湖","railway",32.034408,91.534165,""
"安多","railway",32.252279,91.665826,""
"扎加藏布","railway",32.703355,91.506527,""
"唐古拉","railway",33.005179,91.649328,""
"布强格","railway",33.252023,91.863494,""
"塘岗","railway",33.748287,92.157692,""
"Balumath","railway",23.816161,84.802592,""
"McCluskieganj","railway",23.651997,84.941466,""
"林芝","railway",29.529741,94.436331,""
"岗嘎","railway",29.323707,94.336748,""
"米林","railway",29.23153,94.21177,""
"朗县","railway",29.047821,93.035071,""
"热当","railway",29.091905,92.763716,""
"加查","railway",29.143591,92.567833,""
"桑日","railway",29.25805,92.0241,""
"扎其","railway",29.253193,91.445571,""
"贡嘎","railway",29.290139,91.038472,""
"Rangtong","railway",26.836408,88.342523,""
"Valarpadam Railway Station","railway",9.9876,76.257149,""
"Ollur","railway",10.473877,76.237091,""
"Vavaniya","railway",23.005498,70.614168,""
"Gond Umari","railway",21.022471,80.090287,""
"মিরপুর","railway",23.941538,88.997014,""
"ঢালারচর","railway",23.840702,89.66799,""
"বাঁধেরহাট","railway",23.897441,89.6368,""
"কাশীনাথপুর","railway",23.970236,89.589732,""
"সাঁথিয়া রাজাপুর","railway",23.972626,89.486657,""
"তাঁতীবন্দ","railway",23.974951,89.409457,""
"দুবলিয়া","railway",23.977729,89.368149,""
"রাঘবপুর","railway",23.995326,89.304228,""
"কালিয়া হরিপুর","railway",24.410987,89.680462,""
"সিরাজগঞ্জ রায়পুর","railway",24.438969,89.701345,""
"অ্যাডভোকেট মতিউর রহমান তালুকদার","railway",24.660258,89.817696,""
"Surjonogor","railway",23.773444,89.59694,""
"বেলগাছি","railway",23.780986,89.54109,""
"আড়কান্দি","railway",23.638816,89.579932,""
"নলিয়াগ্রাম","railway",23.602524,89.605635,""
"ঘোড়াখালী","railway",23.487495,89.637584,""
"সহস্রাইল","railway",23.323487,89.718336,""
"বনমালীপুর-নড়াইল","railway",23.298571,89.742892,""
"Pilkhua","railway",28.712519,77.668445,""
"Gajraula Junction","railway",28.83485,78.250401,""
"Amroha","railway",28.892213,78.474427,""
"Hakimpur","railway",28.879599,78.659115,""
"Moradabad Junction","railway",28.831391,78.765441,""
"Dasna","railway",28.693684,77.544615,""
"Abhaipur","railway",25.215745,86.322878,""
"ক্রিকেট স্টেডিয়াম রেলওয়ে স্টেশন","railway",22.351942,91.7662,""
"চট্টগ্রাম ক্যান্টনমেন্ট","railway",22.417105,91.813816,""
"জোবরা","railway",22.47628,91.8063,""
"হাটহাজারী","railway",22.505695,91.803994,""
"চারিয়া মাদ্রাসা","railway",22.53475,91.793141,""
"সরকার হাট","railway",22.553822,91.790556,""
"কাটিরহাট","railway",22.600499,91.792509,""
"চৌধুরীরহাট","railway",22.444679,91.818355,""
"গোমদণ্ডী","railway",22.378175,91.917169,""
"বেঙ্গুরা","railway",22.352681,91.943481,""
"ধলঘাট","railway",22.336678,91.957081,""
"খান মোহনা","railway",22.315736,91.972802,""
"চক্রশালা","railway",22.279598,92.003159,""
"খরনা","railway",22.261188,92.014983,""
"কাঞ্চননগর","railway",22.235492,92.028409,""
"খানহাট","railway",22.215971,92.039748,""
"হাশিমপুর","railway",22.19557,92.052209,""
"Cherlopalli","railway",14.142056,79.399272,""
"Mangampet Road","railway",14.055025,79.302691,""
"Vellikallu","railway",14.176419,79.497027,""
"Rapuru","railway",14.229859,79.55896,""
"Adurupalli","railway",14.275927,79.61339,""
"Bapanapalli","railway",14.31526,79.775765,""
"Kasumuru","railway",14.319272,79.84385,""
"অম্বিকাপুর","railway",23.610036,89.818972,""
"ধূলদী","railway",23.620147,89.772748,""
"আমিরাবাদ","railway",23.639654,89.744287,""
"বসন্তপুর","railway",23.661807,89.719027,""
"খানখানাপুর","railway",23.701275,89.713381,""
"ধোপাখোলা","railway",23.137995,89.16142,""
"গফুরাবাদ","railway",24.178465,89.219645,""
"গুয়াখড়া","railway",24.200682,89.323389,""
"ভাঙ্গুড়া","railway",24.210808,89.364648,""
"বড়াল ব্রিজ","railway",24.215031,89.380795,""
"শরৎনগর","railway",24.221539,89.404467,""
"দিলপাশার","railway",24.241649,89.451843,""
"লাহিড়ী মোহনপুর","railway",24.261218,89.499578,""
"মহিষাখোলা","railway",24.272878,89.530395,""
"সিরাজগঞ্জ ঘাট","railway",24.477686,89.706155,""
"বাহিরগোলা","railway",24.462742,89.700205,""
"আদমদিঘী","railway",24.808658,89.047511,""
"নশরৎপুর","railway",24.81394,89.076998,""
"আলতাফনগর","railway",24.818665,89.128947,""
"তালোড়া","railway",24.823787,89.178578,""
"পাঁচপীর মাজার রেলস্টেশন","railway",24.827355,89.221064,""
"কাহালু","railway",24.83308,89.266657,""
"গাবতলী","railway",24.885402,89.451822,""
"সুখানপুকুর","railway",24.927058,89.480003,""
"সৈয়দ আহমেদ কলেজ","railway",24.944387,89.492032,""
"ভেলুড়পাড়া","railway",24.981764,89.500767,""
"শালমারা","railway",25.074817,89.493742,""
"মহিমাগঞ্জ","railway",25.104468,89.493806,""
"ভরতখালী","railway",25.189485,89.580663,""
"ফুলছড়ি","railway",25.190147,89.59381,""
"বাদিয়াখালী রোড","railway",25.236294,89.542822,""
"ত্রিমোহনী জংশন","railway",25.281975,89.543206,""
"কাঞ্চিপাড়া","railway",25.29923,89.579969,""
"আনন্দ বাজার","railway",25.293435,89.556828,""
"বালাসী ঘাট","railway",25.310049,89.61457,""
"হাসানগঞ্জ","railway",25.571733,89.429977,""
"চৌধুরাণী","railway",25.60728,89.420203,""
"অন্নদানগর","railway",25.733805,89.409605,""
"রাজবাড়ী","railway",23.762848,89.645345,""
"জগতি","railway",23.89068,89.098808,""
"চড়াইকোল","railway",23.877724,89.204876,""
"গেণ্ডারিয়া","railway",23.701497,90.428964,""
"শ্যামপুর বড়ইতলা","railway",23.685031,90.442399,""
"ফতুল্লা","railway",23.650769,90.473872,""
"Dronagiri","railway",18.881333,72.964731,""
"Nhava Sheva","railway",18.898061,72.987797,""
"Ranjanpada","railway",18.909258,73.015849,""
"Chandkheda Road","railway",23.110334,72.563771,""
"Bhaupur","railway",26.468705,80.124894,""
"Maitha","railway",26.476278,80.025445,""
"Rura","railway",26.485294,79.908047,""
"New Rewari WDFC","railway",28.177338,76.552337,""
"Ahraura Road","railway",25.196586,83.019278,""
"Chunar Junction","railway",25.10368,82.872966,""
"Kailahat","railway",25.155631,82.948137,""
"Vyasnagar","railway",25.296883,83.072564,""
"Lakhochak Halt","railway",25.139491,86.136914,""
"Mahesh Leta Halt","railway",25.150934,86.130611,""
"Luckeesarai Junction","railway",25.171935,86.094437,""
"Kiul Junction","railway",25.171587,86.105667,""
"Mor","railway",25.431306,85.857769,""
"Punarakh","railway",25.481957,85.803649,""
"Barh","railway",25.46178,85.709267,""
"Bakhtiyarpur Junction","railway",25.456106,85.530779,""
"Banka Ghat","railway",25.547308,85.273359,""
"Patna Sahib","railway",25.58594,85.230638,""
"Gulzarbagh Railway Station","railway",25.597725,85.204256,""
"Patna Junction","railway",25.603211,85.137686,""
"Koelwar","railway",25.569373,84.792755,""
"Sasaram Junction","railway",24.956511,84.018915,""
"Ara Junction","railway",25.548466,84.661632,""
"Dildarnagar Junction","railway",25.418716,83.666886,""
"Darauli","railway",25.394572,83.604397,""
"Zamania","railway",25.374164,83.543964,""
"Bahora Chandil Halt","railway",25.366209,83.495386,""
"Dheena","railway",25.354053,83.422751,""
"Tulsi Ashram Railway Station","railway",25.342069,83.351178,""
"Sakaldiha","railway",25.331875,83.290219,""
"Kuchman Railway Station","railway",25.319305,83.215247,""
"Barddhaman Junction","railway",23.249913,87.869835,""
"Raniganj","railway",23.603045,87.119379,""
"Dadri","railway",28.53873,77.537219,""
"Mirzapur Railway Station","railway",25.134963,82.568444,""
"Panagarh","railway",23.443148,87.458266,""
"Pinjrapol","railway",23.553801,87.228125,""
"Andal Junction","railway",23.579054,87.181493,""
"Achhalda","railway",26.702145,79.404234,""
"Bhartana","railway",26.750731,79.217111,""
"Ekdil","railway",26.766074,79.118558,""
"Chuchura","railway",22.890912,88.370284,""
"Bandel Junction","railway",22.923669,88.378286,""
"Adisaptagram","railway",22.954922,88.378957,""
"Saktigarh","railway",23.207033,87.96888,""
"Ancheli","railway",20.84507,72.94541,""
"Gobardanga Railway Station","railway",22.879511,88.760993,""
"Thakurnagar","railway",22.924734,88.777804,""
"Lohta","railway",25.315202,82.930586,""
"Banaras (Manduadih)","railway",25.299243,82.971051,""
"Hardattpur","railway",25.276539,82.90674,""
"Jhusi","railway",25.431251,81.916144,""
"Zafarabad Junction","railway",25.707734,82.71858,""
"Phaphamau Junction","railway",25.525656,81.86713,""
"Janghai Junction","railway",25.550048,82.310081,""
"Adhinpur","railway",26.418619,81.726747,""
"Rahmatnagar","railway",26.744129,81.155223,""
"Anupganj","railway",26.761522,81.103247,""
"Bakkas","railway",26.771179,81.024556,""
"Utrahtia","railway",26.763375,80.974267,""
"Haidergarh","railway",26.620859,81.363873,""
"Akbarganj","railway",26.530971,81.503715,""
"Sultanpur Junction","railway",26.265156,82.067044,""
"Titlagarh Junction","railway",20.285302,83.153576,""
"মুড়াউল","railway",24.75701,92.209082,""
"কাঁঠালতলী","railway",24.672406,92.1707,""
"দক্ষিণভাগ","railway",24.637966,92.161306,""
"জুড়ী","railway",24.593916,92.115944,""
"Mankapur Junction","railway",27.039364,82.226676,""
"Anand Nagar Junction","railway",27.099533,83.269898,""
"Nautanwa","railway",27.424728,83.420198,""
"Barhni","railway",27.495645,82.79164,""
"Kundanganj","railway",26.39611,81.136866,""
"Harchandpur","railway",26.345927,81.159219,""
"Kankaha","railway",26.61913,81.008,""
"Mohanlalganj","railway",26.685944,80.98424,""
"Rae Bareli Junction","railway",26.231344,81.240313,""
"Unnao Junction","railway",26.549238,80.487437,""
"Dalmau Junction","railway",26.075646,81.054433,""
"Daryapur Junction","railway",26.182585,81.248424,""
"Aishbagh","railway",26.837359,80.909795,""
"Balamau Junction","railway",27.168063,80.35189,""
"Chhapra Junction","railway",25.78726,84.725057,""
"Phephna Junction","railway",25.769981,84.051083,""
"Indara Junction","railway",25.987545,83.619828,""
"Aunrihar Junction","railway",25.545133,83.187645,""
"Mainpuri Junction","railway",27.21669,79.033666,""
"Farrukhabad Junction","railway",27.382497,79.571611,""
"Kalyani Shilpanchal","railway",22.976325,88.45641,""
"Bhadan","railway",26.979447,78.737603,""
"Tundla Junction","railway",27.208087,78.233044,""
"Etmadpur","railway",27.221564,78.19831,""
"Shahganj Junction","railway",26.061354,82.679924,""
"Ram Dayalu Nagar","railway",26.097952,85.383936,""
"Hajipur Junction","railway",25.701917,85.214945,""
"Samastipur Junction","railway",25.859282,85.786636,""
"Sakri Junction","railway",26.208901,86.07882,""
"Sitamarhi","railway",26.5947,85.505464,""
"Hathidah Junction","railway",25.365916,85.987354,""
"Sahibpur Kamal Junction","railway",25.427024,86.400379,""
"Umeshnagar","railway",25.467568,86.435446,""
"Khagaria","railway",25.506425,86.466324,""
"Barsoi Junction","railway",25.650903,87.923581,""
"Old Malda Junction","railway",25.05306,88.143635,""
"Kansar Nawadah","railway",24.026031,85.29008,""
"Kathautia","railway",24.171744,85.224819,""
"Katkamsandi","railway",24.122377,85.198358,""
"Chaukhandi","railway",25.33965,82.835125,""
"Jaunpur Junction","railway",25.761322,82.699376,""
"Sarnath","railway",25.376132,83.032592,""
"Varanasi City","railway",25.334337,83.014275,""
"Rajawari","railway",25.497675,83.13113,""
"Kadipur","railway",25.44844,83.091191,""
"Saiyedpur Bhitri","railway",25.539513,83.233058,""
"Madhosingh","railway",25.249786,82.551398,""
"Katka","railway",25.250387,82.633933,""
"Ghazipur City","railway",25.583508,83.567926,""
"Bachwara Junction","railway",25.583675,85.89868,""
"Sonpur Junction","railway",25.697262,85.166965,""
"Saharsa Junction","railway",25.873386,86.594657,""
"Purniya Junction","railway",25.789397,87.519249,""
"Forbesganj Junction","railway",26.298873,87.262183,""
"Lalitgram","railway",26.357794,87.013236,""
"Mansi Junction","railway",25.50913,86.555247,""
"Jhanjharpur Junction","railway",26.230262,86.270667,""
"Lalgola","railway",24.421361,88.258021,""
"Barrackpore","railway",22.760336,88.371099,""
"Kolkata","railway",22.601277,88.384147,""
"Krishnanagar City Junction","railway",23.388667,88.493535,""
"Ranaghat Junction","railway",23.174769,88.569079,""
"Kankinara","railway",22.866753,88.405593,""
"Bhagwangola","railway",24.335092,88.30754,""
"Jiaganj","railway",24.244257,88.277152,""
"Murshidabad Junction","railway",24.176794,88.281478,""
"Berhampore Court","railway",24.08971,88.264127,""
"Beldanga","railway",23.933331,88.243073,""
"Plassey","railway",23.778035,88.285065,""
"Bethuadahari","railway",23.611269,88.384521,""
"Pilibhit Junction","railway",28.615706,79.81243,""
"Bhojipura","railway",28.494554,79.447704,""
"Gonda Junction","railway",27.154567,81.977384,""
"Akbarpur Junction","railway",26.429668,82.539318,""
"Jalalganj","railway",25.611152,82.773254,""
"Khalispur","railway",25.526725,82.830876,""
"Shivpur Railway Station","railway",25.35564,82.947573,""
"Paravur","railway",8.815131,76.669343,""
"Narkatyaganj","railway",27.105009,84.462976,""
"Sambalpur Junction","railway",21.482963,83.961324,""
"Katwa Junction","railway",23.640004,88.123757,""
"Barala","railway",24.265991,88.16174,""
"Azimganj City","railway",24.239835,88.255341,""
"Bonidanga","railway",24.82364,87.809921,""
"New Farakka Junction","railway",24.794729,87.915561,""
"Talgaria","railway",23.681441,86.335673,""
"Sudamdih","railway",23.654674,86.440394,""
"Bhojudih Junction","railway",23.641659,86.447361,""
"Joychandi Pahar","railway",23.51719,86.681166,""
"Adra Junction","railway",23.495768,86.674648,""
"Mahuda Junction","railway",23.747893,86.269407,""
"Gajwel","railway",17.859765,78.667764,""
"Iranagaram","railway",17.864332,78.624695,""
"Nacharam","railway",17.832562,78.525466,""
"Patharkhola","railway",25.777851,93.102838,""
"Medak","railway",18.061076,78.282496,""
"Shamnapur","railway",18.102323,78.320482,""
"Laxmapur","railway",18.125328,78.367882,""
"Bhabua Road","railway",25.172543,83.619816,""
"Chandauli Majhwar","railway",25.26102,83.267735,""
"Saidraja","railway",25.253269,83.351592,""
"Karamnasi","railway",25.240234,83.4309,""
"Ganj Khawaja","railway",25.273665,83.183956,""
"Son Nagar Junction","railway",24.881869,84.23093,""
"Pusauli","railway",25.09763,83.722431,""
"Kudra","railway",25.049177,83.792502,""
"Bankeyganj","railway",28.162223,80.413768,""
"Linganabandi","railway",15.699199,76.158898,""
"Dehri on Sone","railway",24.914273,84.186221,""
"Manpur Junction","railway",24.806874,85.044734,""
"Paimar","railway",24.806479,85.110215,""
"Shaheed Ishwar Chowdhary Halt","railway",24.807523,85.02867,""
"Guraru","railway",24.811008,84.791504,""
"Rafiganj","railway",24.819687,84.634616,""
"Ismailpur","railway",24.815137,84.72362,""
"Anugraha Narayan Road","railway",24.855785,84.329734,""
"Phesar","railway",24.84529,84.418058,""
"Jakhim","railway",24.828935,84.526462,""
"Dev Road Halt","railway",24.82234,84.564892,""
"Sitarampur","railway",23.723543,86.896714,""
"Chandanpur","railway",22.881314,88.175903,""
"Yog Nagari Rishikesh","railway",30.109564,78.277904,""
"Alamnagar","railway",26.84152,80.868266,""
"Magarwara","railway",26.52454,80.431229,""
"Harauni","railway",26.706343,80.747885,""
"Piparsand","railway",26.741822,80.796815,""
"Amausi","railway",26.774287,80.841426,""
"Manak Nagar","railway",26.810678,80.890938,""
"Bally Ghat","railway",22.65243,88.347909,""
"Gobra","railway",22.696116,88.27939,""
"Masagram Junction","railway",23.135084,88.042668,""
"Nabagram","railway",23.1116,88.057542,""
"Jaugram","railway",23.079475,88.080063,""
"Jhapandanga","railway",23.063863,88.09111,""
"Gurap","railway",23.025068,88.112199,""
"Hajigarh","railway",23.006328,88.121583,""
"Sibaichandi","railway",22.974652,88.13387,""
"Dhaniakhali Halt","railway",22.950995,88.143874,""
"Belmuri","railway",22.932421,88.152418,""
"Porabazar","railway",22.917398,88.159338,""
"Nimo","railway",23.180734,88.068541,""
"Rasulpur","railway",23.187442,88.040853,""
"Bagila","railway",23.158328,88.126004,""
"Pundooah","railway",23.070673,88.269673,""
"Khanyan","railway",23.046717,88.315177,""
"Magra","railway",22.983868,88.368337,""
"Talandu","railway",23.010791,88.34529,""
"Balagarh","railway",23.122116,88.452961,""
"Somra Bazar","railway",23.138452,88.433004,""
"Jirat","railway",23.097519,88.461565,""
"Barharwa Junction","railway",24.858564,87.774446,""
"Dhamdhamia","railway",24.953928,87.762201,""
"Bakudi","railway",24.926421,87.780676,""
"Nagarnabi","railway",24.590705,87.868465,""
"Banshlai Bridge","railway",24.484966,87.860279,""
"Gumani","railway",24.798952,87.805402,""
"Gankar","railway",24.404192,88.072425,""
"Sagardighi","railway",24.290875,88.093202,""
"হাসানপুর","railway",23.135506,91.237261,""
"তেজগাঁও রেল ষ্টেশন","railway",23.762243,90.395011,""
"বঙ্গবন্ধু হাইটেক পার্ক রেল ষ্টেশন","railway",24.062751,90.220324,""
"করটিয়া রেল ষ্টেশন","railway",24.22913,89.986539,""
"শর্শদী রেল ষ্টেশন","railway",23.058452,91.339368,""
"মধুরোড স্টেশন","railway",23.244352,90.756259,""
"চাঁদপুর","railway",23.23092,90.643051,""
"রাজশাহী বিশ্ববিদ্যালয় রেলওয়ে স্টেশন","railway",24.375464,88.643191,""
"সেতাবগঞ্জ রেল ষ্টেশন","railway",25.800636,88.459361,""
"আড়ানী রেল ষ্টেশন","railway",24.289764,88.882573,""
"কাকিনা রেল ষ্টেশন","railway",25.956043,89.241679,""
"Godavari","railway",17.007002,81.771347,""
"Kendrapara","railway",20.496219,86.412002,""
"Ratnagiri Road","railway",20.637006,86.206858,""
"Lalitgiri","railway",20.597627,86.287347,""
"Bajipara","railway",20.53999,86.363783,""
"Marshaghai Road","railway",20.451226,86.467048,""
"Nuagaon","railway",20.364549,86.56062,""
"Kalaghar","railway",20.382094,86.510097,""
"Kheri Town","railway",27.902503,80.788688,""
"Boraki","railway",28.507608,77.563744,""
"Badmal","railway",20.384953,83.271662,""
"Kantabanji","railway",20.473957,82.907301,""
"Nawapara Road","railway",20.809726,82.562564,""
"Muribahal","railway",20.385358,83.017384,""
"Lakhna","railway",20.730189,82.663038,""
"Rahenbata","railway",20.324298,83.095511,""
"Khariar Road","railway",20.901324,82.510975,""
"Bhatgaon","railway",21.160311,81.717507,""
"Abhanpur Junction","railway",21.052042,81.745496,""
"Kendri","railway",21.102096,81.741142,""
"Chataud","railway",20.990561,81.73168,""
"Sirry","railway",20.949604,81.722553,""
"Dhamtari","railway",20.715191,81.551003,""
"Sarsonpuri","railway",20.781155,81.638687,""
"Kurud","railway",20.849657,81.700648,""
"Rajim","railway",20.969942,81.868305,""
"চন্দ্র দিঘলিয়া","railway",23.073528,89.776878,""
"Belsonda","railway",21.154377,82.035486,""
"Lakholi","railway",21.201527,81.888604,""
"Arang Mahanadi","railway",21.189606,81.955468,""
"Arand","railway",21.10245,82.181009,""
"Bhimkhoj","railway",21.080441,82.287971,""
"Bagbahra","railway",21.046545,82.383819,""
"Dungripali","railway",21.060841,83.559072,""
"Barpali","railway",21.184209,83.595399,""
"Ghormara","railway",24.442653,86.864274,""
"Harinsing","railway",24.239391,87.57408,""
"Pinargaria","railway",24.211055,87.642369,""
"جسّڑ","railway",32.084467,74.950436,""
"Raninagar Jalpaiguri Junction","railway",26.543983,88.648017,""
"Ukilerhat","railway",21.824735,88.2302,""
"Ambari Falakata","railway",26.641148,88.510506,""
"Khewra Salt Mines","railway",32.647697,73.008351,""
"Kalyani Nagar Station","railway",18.549237,73.905866,""
"Ramwadi Station","railway",18.560018,73.915157,""
"Narundi","railway",24.865008,90.119934,""
"Payradanga Rail Station","railway",23.128482,88.545507,""
"Rawaal","railway",32.701373,73.186999,""
"Uren","railway",25.171111,86.224498,""
"Mohitnagar","railway",26.53065,88.667677,""
"Rajendra Nagar Terminal (Patna)","railway",25.603007,85.162345,""
"Kaliyaganj","railway",25.639014,88.327628,""
"DFO office","railway",31.065653,73.968294,""
"Lunar Lake","railway",31.079852,74.001666,""
"Matigara Station","railway",26.717789,88.38464,""
"Tariasujan","railway",26.654011,84.271153,""
"Kumarbagh","railway",26.874295,84.512071,""
"Sathi","railway",27.015853,84.504031,""
"Kharwa Chanda","railway",24.417088,73.811671,""
"Mahanadi","railway",26.882527,88.319197,""
"Bhandarkund","railway",21.836262,78.918438,""
"Sikarpur Halt","railway",21.984928,78.946034,""
"Linga","railway",21.964799,78.937226,""
"Bisapur Kalan Halt","railway",21.913548,78.922473,""
"Kukrakhapa","railway",21.808047,78.908772,""
"Neora","railway",25.575049,84.986958,""
"Ankorha","railway",24.76092,84.169784,""
"Ghoswar Junction","railway",25.741195,85.246793,""
"Sarai","railway",25.780492,85.276706,""
"Bithauli","railway",25.817436,85.29183,""
"New Tundla","railway",27.202479,78.214409,""
"Khurja Juction","railway",28.20737,77.818512,""
"Hathras Qila","railway",27.594749,78.058301,""
"Hathras Junction","railway",27.624587,78.137283,""
"Bhanga","railway",24.854009,92.480134,""
"Shikohabad","railway",27.086294,78.575418,""
"Bargarh Road","railway",21.333028,83.643326,""
"Betberia Ghola","railway",22.350756,88.574728,""
"Motiganj","railway",27.096771,82.115262,""
"Khaliapali","railway",20.949141,83.535962,""
"Bally Halt","railway",22.652328,88.338538,""
"Deobahal","railway",21.371538,83.735917,""
"Sambalpur Road","railway",21.477722,83.976197,""
"test sation","railway",21.83515,82.794235,""
"Indas","railway",23.157392,87.634683,""
"Bovaichandi","railway",23.131627,87.726608,""
"Shankrul","railway",23.142012,87.654733,""
"Sahaspur Road","railway",23.132529,87.676011,""
"Dhagaria","railway",23.243589,87.504398,""
"Dhansimla","railway",23.26734,87.465916,""
"Hamirhati PH","railway",23.322341,87.360057,""
"Sonamukhi","railway",23.293606,87.414873,""
"Betur","railway",23.190434,87.580229,""
"Kumrul","railway",23.180453,87.603921,""
"Patrasayer","railway",23.217327,87.536508,""
"Bikna","railway",23.244528,87.097222,""
"Belboni","railway",23.27655,87.152004,""
"Nobanda","railway",23.27042,87.138678,""
"Beliatore","railway",23.315257,87.222953,""
"Chhandar","railway",23.303182,87.250559,""
"Brindabanpur","railway",23.307628,87.280141,""
"Srirampur P.H.","railway",23.324422,87.319215,""
"Sarsoki","railway",26.013442,79.529331,""
"নিমতলা","railway",23.612644,90.328719,""
"কেরানীগঞ্জ","railway",23.648648,90.415591,""
"শিবচর","railway",23.386254,90.129962,""
"নগরকান্দা","railway",23.358794,89.896176,""
"Sreenagar Railway Station","railway",23.537935,90.291659,""
"মাওয়া","railway",23.503729,90.274483,""
"মুকসুদপুর","railway",23.329915,89.853093,""
"মহেশপুর","railway",23.283448,89.780371,""
"লোহাগড়া","railway",23.200895,89.65267,""
"নড়াইল","railway",23.17697,89.495664,""
"জামদিয়া","railway",23.161054,89.377449,""
"পদ্মবিলা জংশন","railway",23.147484,89.349775,""
"Ettumanoor","railway",9.675149,76.546011,""
"Imambari Railway Station","railway",23.79206,91.172772,""
"Bekal Fort","railway",12.386917,75.043022,""
"گھوٹکی","railway",27.99407,69.313417,""
"سری رامپورہ","railway",31.741438,74.382719,""
"Norla Road","railway",20.040664,83.373276,""
"Kandel Road","railway",20.129057,83.277241,""
"Rupra Road","railway",20.084823,83.331765,""
"Ramchandrapur P.H.","railway",19.990897,83.348079,""
"Deypur P.H.","railway",19.975959,83.271614,""
"Bhawanipatna","railway",19.933762,83.158461,""
"Kusumkasa","railway",20.644381,81.091365,""
"Dalli Rajhara","railway",20.587574,81.068452,""
"Balod","railway",20.740687,81.20507,""
"Sarmatanr","railway",24.344172,85.657847,""
"بدوملہی","railway",31.983974,74.65756,""
"کلاس گورایہ","railway",32.069767,74.832424,""
"နွားးထိုးကြီး","railway",21.432265,95.659555,""
"ထူးကြီးဘူတာ","railway",20.818669,94.637425,""
"Antagarh","railway",20.093367,81.139234,""
"Keoti","railway",20.227303,81.080921,""
"Bhanupratappur","railway",20.297467,81.064705,""
"Gudum","railway",20.438218,81.08548,""
"Pakokku","railway",21.349552,95.064942,""
"ကျောက်ပန်းတောင်း","railway",20.830663,95.125605,""
"Bhainsbod","railway",20.690334,81.126322,""
"ကလေးမြို့မီးရထားဘူတာ","railway",23.189155,94.028986,""
"Latabor","railway",20.802281,81.268515,""
"Sikosa","railway",20.868754,81.285991,""
"Gundardehi","railway",20.948838,81.30278,""
"Risama","railway",21.058888,81.324856,""
"Hanthawaddy Railway Station","railway",22.720723,94.064812,""
"Myauk Kin Yan","railway",22.655171,94.086555,""
"လက်ပန်ဘူတာ","railway",22.352118,94.151201,""
"မြင်းဇာဘူတာ","railway",22.283986,94.149574,""
"ရေမျက်နီဘူတာ","railway",21.917807,94.215532,""
"Kusheshwar Asthan","railway",25.812726,86.302347,""
"မျက်မြှောင်ဘူတာ","railway",21.924038,94.257111,""
"ကျောချောင်းဘူတာ","railway",21.941949,94.284269,""
"Harauli Fatehpur","railway",25.76615,85.217383,""
"ကျောဘူတာ","railway",21.923432,94.363691,""
"Kyaw Thar Railway Station","railway",21.766716,94.40549,""
"ဇီးပြားဘူတာ","railway",21.624348,94.456346,""
"ဝန်တင်ဘူတာ","railway",21.601979,94.505567,""
"Kanthit Railway Station","railway",21.622967,94.641773,""
"Mahipur","railway",20.170358,85.009778,""
"Sarla Junction","railway",21.506611,84.014492,""
"Rengali","railway",21.636047,84.042488,""
"Lapanga","railway",21.732491,84.039622,""
"Brundamal","railway",21.806509,84.016452,""
"ကောလင်း","railway",23.791637,95.678482,""
"Jharsuguda Road","railway",21.846127,84.0115,""
"ထန်းကုန်းဘူတာ","railway",23.071865,95.501462,""
"Kechobahal","railway",21.9205,83.872212,""
"ရေဦးဘူတာ","railway",22.751698,95.415276,""
"ဘုတလင်","railway",22.398917,95.140195,""
"အာလကပ္ပ","railway",21.934296,95.488111,""
"ညောင်ပင်ဝန်း","railway",21.981844,95.682276,""
"Korba","railway",22.337575,82.713103,""
"Pantnagar","railway",29.017494,79.518084,""
"کوٹلہ جام","railway",31.702605,71.095675,""
"ဒလန့်ကျွန်ဘူတာ","railway",19.64667,95.762742,""
"ဗိဿနိုးဘူတာ","railway",20.01644,95.393195,""
"Saota","railway",23.48839,87.977445,""
"Bankapasi","railway",23.5704,88.037219,""
"Malihati Talibpur Road","railway",23.79372,88.126194,""
"Dignagar","railway",23.318876,88.455907,""
"Nigan","railway",23.505156,87.992506,""
"Bira","railway",22.789751,88.572234,""
"Chandpara","railway",22.961669,88.78518,""
"Satberia Halt","railway",23.047781,88.791404,""
"သရက်","railway",19.325563,95.168415,""
"ဥရှစ်ပင်","railway",18.688432,94.99859,""
"ကြံခင်း ဘူတာရုံ","railway",18.332564,95.245744,""
"Lar Road","railway",26.21372,83.910233,""
"Kanchausi","railway",26.59782,79.634769,""
"Sonik","railway",26.586191,80.559833,""
"Jhinjhak","railway",26.554804,79.734649,""
"Murshadpur","railway",29.572871,78.376002,""
"Habibwala","railway",29.348234,78.478785,""
"Jakhanian","railway",25.740937,83.369664,""
"Chit Baragaon","railway",25.744711,84.002795,""
"Ankuspur","railway",25.571319,83.494012,""
"Jhilahi","railway",27.068988,82.177813,""
"Hafizpur","railway",28.672533,77.78645,""
"Chureb","railway",26.782568,82.978087,""
"Chakraj Mal","railway",29.249784,78.536047,""
"Dhanichha","railway",25.227165,83.490837,""
"Bighapur","railway",26.355147,80.693454,""
"Deorakot","railway",26.754368,81.906358,""
"Barya Ram","railway",25.566931,82.226592,""
"Dullahapur","railway",25.800019,83.423286,""
"Sanjarpur","railway",26.017403,82.975931,""
"Icbn","railway",25.297415,83.166574,""
"Unchaulia","railway",27.810283,80.068307,""
"Bilhar Ghat","railway",26.681307,82.268998,""
"Parsa Tiwari","railway",26.958122,82.448067,""
"Hasan Bazar","railway",25.278988,84.36366,""
"Dhanari","railway",28.328461,78.509596,""
"Kundarkhi","railway",28.680475,78.788454,""
"Bachhrawan","railway",26.476601,81.104952,""
"Chamrua","railway",28.796206,79.138988,""
"Mahesra","railway",28.853734,78.319396,""
"Dandupur","railway",25.802629,82.041024,""
"Dabtara","railway",28.364596,79.000784,""
"Raghuraj Singh","railway",26.25573,80.879548,""
"Bhatasa","railway",27.504052,79.384897,""
"Sahjanwa","railway",26.763685,83.214938,""
"Maskanwa","railway",27.001379,82.35974,""
"Atrampur","railway",25.572282,81.745967,""
"Chamua","railway",27.137972,84.401647,""
"Behtagokul","railway",27.530434,80.054854,""
"Jaswantnagar","railway",26.872978,78.893731,""
"Peppeganj","railway",26.930569,83.294438,""
"Gaur","railway",26.909364,82.572295,""
"Parsa Khera","railway",28.433378,79.342855,""
"Sisarka","railway",28.429807,78.848242,""
"Balrai","railway",26.920759,78.824029,""
"Hirangaon","railway",27.175703,78.314619,""
"Algawan","railway",27.700793,79.963934,""
"Duganpur","railway",28.656533,79.132087,""
"Baral","railway",28.496037,77.80987,""
"Ahalyapur","railway",26.468381,83.824844,""
"Bhupia Mau","railway",25.875223,81.970286,""
"Chodiala","railway",29.895749,77.737615,""
"Bheerpur","railway",25.265024,81.98924,""
"Maniram","railway",26.840314,83.340817,""
"Bordubi Road","railway",27.399181,95.314595,""
"Baginadi","railway",27.399167,94.182486,""
"Chakiting","railway",26.561675,94.095655,""
"Daldali","railway",25.820221,93.517152,""
"Patipukur","railway",22.606551,88.395245,""
"Gopalnagar","railway",23.062585,88.745686,""
"Nadaul","railway",25.296539,85.017335,""
"Barbenda","railway",23.420954,86.118863,""
"Tulsitanr","railway",24.568996,86.614407,""
"Asansol Junction","railway",23.69131,86.974792,""
"Ambajora Shikaripara","railway",24.239826,87.460436,""
"Bheduasol","railway",23.194712,87.133886,""
"Muradi","railway",23.593203,86.809404,""
"Batasi","railway",26.6095,88.1742,""
"Harapatti","railway",25.883319,87.15205,""
"Handapa","railway",20.943324,84.684665,""
"Demu","railway",23.69726,84.526447,""
"Aungari Dham","railway",25.191331,85.226319,""
"Korahia","railway",26.529398,86.154405,""
"Jatdumri Junction","railway",25.472483,85.094779,""
"Bamangachi","railway",22.749007,88.509976,""
"Rajchandrapur","railway",22.652914,88.321314,""
"Dharminiya","railway",26.829722,84.779917,""
"Dahapara Dham","railway",24.198853,88.246653,""
"Lohna Road","railway",26.221584,86.229463,""
"Bajpatti","railway",26.543216,85.62647,""
"Bholldih","railway",23.898362,86.116955,""
"Machhlandapur","railway",22.856483,88.745193,""
"Gangnapur","railway",23.131652,88.639897,""
"Chourashi","railway",23.628907,86.792148,""
"Chamagram","railway",24.821334,87.963345,""
"Habra","railway",22.840869,88.657583,""
"Kishanpur","railway",25.925249,85.84057,""
"Biramitrapur","railway",22.397131,84.736958,""
"Ramsagar","railway",23.106248,87.277063,""
"Haiaghat","railway",26.020188,85.878319,""
"Bero","railway",23.548325,86.726928,""
"Bansipur","railway",25.124557,86.145287,""
"Karanpurato","railway",25.142555,87.73399,""
"Adalpahari","railway",24.208218,87.709578,""
"Ekchari","railway",25.229642,87.216344,""
"Aurahi","railway",25.823021,87.135054,""
"Govindpur Road","railway",23.06151,85.04422,""
"Bhayna","railway",23.311988,88.641423,""
"Barmasia","railway",24.224415,87.388967,""
"Saragipali","railway",20.984255,84.563895,""
"Goaldih","railway",21.726732,85.547054,""
"Rajendra Pul","railway",25.387447,86.010546,""
"Dadpur","railway",24.828105,86.350627,""
"Bulbulchandi","railway",24.971078,88.243084,""
"Jai Prakash Mahuli","railway",25.453793,85.59885,""
"Irgaon","railway",23.421575,84.783355,""
"Boinda","railway",20.920037,84.748206,""
"Kalyanpur","railway",22.343456,88.414597,""
"Budhdevchak Y Nagar","railway",25.497198,85.328244,""
"Laheriasarai","railway",26.112095,85.90482,""
"Singriawan","railway",25.406218,85.283597,""
"Bhalui","railway",25.073415,86.173186,""
"Jangalmahal Bhadutala","railway",22.484392,87.320727,""
"Basantapur","railway",21.550903,85.674803,""
"Durgapur","railway",23.494862,87.318183,""
"Majhergram","railway",23.108989,88.68802,""
"Garhara","railway",25.440912,86.005308,""
"Thalwara","railway",26.072735,85.897507,""
"Hotar","railway",22.309355,88.399748,""
"Ahiran","railway",24.518868,88.041613,""
"Murarpur","railway",25.232759,86.886908,""
"Kalian Chak","railway",25.03906,87.739077,""
"Harichandanpur","railway",21.326927,85.794789,""
"Simaria","railway",25.410723,86.013734,""
"Sagadapata","railway",21.244303,85.91141,""
"Akaipur","railway",23.095252,88.717382,""
"Sirjam","railway",23.40402,86.835705,""
"Dakshin Durgapur","railway",22.325819,88.406271,""
"Mael","railway",23.574668,85.626042,""
"Jarapada","railway",20.885087,84.887597,""
"Haldita Bihar","railway",26.165603,87.358943,""
"Uttar Radhanagar","railway",22.269188,88.383818,""
"Deenapatti","railway",25.895525,86.939702,""
"Motihari Court","railway",26.630704,84.905647,""
"Netra","railway",22.208428,88.254476,""
"Chakmakrand","railway",25.697764,85.27426,""
"Ekangarsarai","railway",25.222482,85.232264,""
"Semra","railway",26.712088,84.814053,""
"Lalbag Court Road","railway",24.175479,88.246611,""
"Biramdih","railway",23.049499,86.199566,""
"Nariyar","railway",26.240121,85.217642,""
"Godapiasal","railway",22.5307,87.320502,""
"Nakardei","railway",26.952404,84.887678,""
"Rambhaddarpur","railway",25.97777,85.865236,""
"Trivikramdeo Nagar","railway",26.302425,84.709277,""
"Basuldanga","railway",22.203748,88.23394,""
"Bogri Road","railway",22.882021,87.326102,""
"Taljhari","railway",25.082828,87.742271,""
"Gidhaur","railway",24.856169,86.324005,""
"Barhara Kothi","railway",25.776942,87.096319,""
"Harpar Bochaha","railway",25.603989,85.75756,""
"Tamuria","railway",26.245715,86.352761,""
"Howrah Goods","railway",22.590095,88.334688,""
"Barauni Flag","railway",25.474593,85.964563,""
"Athmal Gola","railway",25.453451,85.621995,""
"Miangram","railway",23.851814,88.170693,""
"Gurudas Nagar","railway",22.199708,88.215793,""
"Naba Raynagar","railway",23.148321,88.604293,""
"Guir Saranga","railway",23.126291,87.75336,""
"Guma","railway",22.808582,88.600893,""
"Gram Kharika","railway",25.672045,85.387906,""
"Piardoba","railway",22.956881,87.322164,""
"Dhamua","railway",22.290328,88.392169,""
"Bamur","railway",21.006688,84.474059,""
"Chatra","railway",24.372613,87.848994,""
"Muhammadpur","railway",26.237558,85.85345,""
"Jhantipahari","railway",23.353617,86.904653,""
"Badhauna Halt","railway",25.297819,85.423808,""
"Chandi","railway",25.321606,85.390468,""
"Baragaon","railway",26.755794,81.847511,""
"Chak Kali Lait Halt","railway",28.874271,78.611771,""
"Kathghar","railway",28.825416,78.795794,""
"Chamrola","railway",27.390109,78.1806,""
"Kailsa","railway",28.880578,78.560836,""
"Fursatganj","railway",26.244522,81.415651,""
"Milak","railway",28.612475,79.164117,""
"Jaitipur","railway",26.663321,80.689071,""
"Deoranian","railway",28.627273,79.474534,""
"Jagatbela","railway",26.771582,83.279336,""
"Chhandrauli","railway",26.699676,81.230789,""
"Nima Gopalpur","railway",25.995331,82.361504,""
"Orwara","railway",26.798544,82.843644,""
"Chhata Aschaura","railway",25.823893,84.247821,""
"Haldharpur","railway",25.963348,83.67908,""
"Gangaganj","railway",26.292197,81.201923,""
"Harrawala","railway",30.260246,78.097235,""
"Chaubisi","railway",26.576807,81.433624,""
"Todarpur","railway",27.581237,80.019037,""
"Basuchak","railway",25.531408,83.348223,""
"Jalalpur","railway",26.586902,84.312784,""
"Chakra Road","railway",26.001213,83.672178,""
"Gainjahwa","railway",27.454062,82.245225,""
"Bhadaiyan","railway",26.171113,82.169148,""
"Athsarai","railway",25.678937,81.262207,""
"Tinich","railway",26.878732,82.647851,""
"Ghatpuri","railway",28.12773,79.207581,""
"Koiripur","railway",26.022168,82.340367,""
"Chilhia","railway",27.346748,82.9961,""
"Dhondha Dih","railway",25.674899,83.800618,""
"Didarganj Road","railway",26.092121,82.801661,""
"Puraini","railway",29.38929,78.446354,""
"Dibai","railway",28.195146,78.304554,""
"Trilochan Mahadeo","railway",25.566505,82.803873,""
"Baitalpur","railway",26.55229,83.737958,""
"Mundha Pande","railway",28.799918,78.939776,""
"Hargaon","railway",27.77224,80.728369,""
"Lambhua","railway",26.13415,82.223482,""
"Sarai Mir","railway",26.028142,82.923954,""
"Dhaneta","railway",28.512294,79.264748,""
"Dausni","railway",29.784745,77.979636,""
"Dhamora","railway",28.695038,79.097341,""
"Jaunpur City","railway",25.733741,82.666924,""
"Bharatkund","railway",26.635795,82.126706,""
"Garhnokha","railway",25.097244,84.122838,""
"Bidanpur","railway",25.585119,81.442131,""
"Rupamau","railway",26.230209,81.325346,""
"Nyoriya Husenpur","railway",28.730967,79.888622,""
"Unchdih","railway",25.19242,82.163375,""
"Lakhpat Nagar","railway",27.027626,82.277589,""
"Jahanikhera","railway",27.744077,80.239685,""
"Antu","railway",26.055162,81.897788,""
"Dibnapur","railway",28.524445,79.516981,""
"Gularbhoj","railway",29.111404,79.301821,""
"Richha Road","railway",28.713395,79.488249,""
"Purua Khera","railway",28.385718,78.951303,""
"Laluri Khera","railway",28.607688,79.745854,""
"Tikri","railway",26.941385,82.188767,""
"Barkisalaiya","railway",24.716278,84.138325,""
"Deoraha Baba Road","railway",26.283431,83.870393,""
"Macharya","railway",28.771451,78.803879,""
"Sethal","railway",28.541349,79.56304,""
"Peokol","railway",26.342861,83.930676,""
"Bodarwar","railway",26.878,83.638191,""
"Mahrani Pachhim","railway",26.087672,82.288578,""
"Faizullapur","railway",25.867602,80.897558,""
"Aung","railway",26.161523,80.546668,""
"Khanalampura West","railway",29.945912,77.561297,""
"Bundki","railway",29.522577,78.393285,""
"Gongle","railway",21.222196,80.147885,""
"Chicholi Buzurg","railway",20.612832,79.920242,""
"Magardharra Ph","railway",21.965479,80.125366,""
"Kaniwara","railway",22.218261,79.732914,""
"Gurmura","railway",24.354698,83.0479,""
"Wadsa","railway",20.623997,79.963052,""
"Titwa","railway",21.995946,80.138973,""
"Bhoma","railway",22.171372,79.689457,""
"Gotlam","railway",18.151552,83.365866,""
"Arunnagar","railway",20.708491,79.978972,""
"Chicholi","railway",21.466305,79.70631,""
"Charmal","railway",21.095391,84.204417,""
"Jujumura","railway",21.241612,84.134364,""
"Dongri Buzurg","railway",21.550238,79.693981,""
"Loisingha","railway",20.852667,83.514083,""
"Palari","railway",22.302361,79.817008,""
"Deogan Road","railway",20.554779,83.430063,""
"Nagarwara","railway",22.211952,80.123251,""
"Gurla W","railway",25.289462,75.885029,""
"ထူးကြီး ဘူတာ","railway",17.972761,95.262705,""
"မယ်ဇလီကုန်း","railway",17.8922,95.224704,""
"အင်္ဂပူမြို့","railway",17.815744,95.264412,""
"Satraon","railway",26.282987,83.820004,""
"Mahipal Road","railway",24.289086,88.188572,""
"Landaura","railway",29.814493,77.941557,""
"Masodha","railway",26.707339,82.125772,""
"Pipalsana","railway",28.952101,78.83529,""
"Barra Bazar","railway",22.590157,88.351176,""
"Ramva","railway",25.890615,80.853021,""
"Malwan","railway",26.017439,80.685861,""
"Sasni","railway",27.703652,78.122202,""
"Raisi","railway",29.692832,78.066434,""
"Sansartali","railway",19.529222,83.479773,""
"Shujaatpur","railway",25.606067,81.402063,""
"Katoghan","railway",25.730783,81.162412,""
"Ladda","railway",19.102767,83.41252,""
"Yadvendra nagar","railway",25.761436,82.742891,""
"Silao","railway",25.084122,85.437309,""
"Kanwar","railway",25.703652,81.214644,""
"Rudauli","railway",26.762188,81.754202,""
"Sath Naraini","railway",25.794653,81.038895,""
"Matlabpur","railway",28.990095,78.657437,""
"Malethu Kanak","railway",26.603763,82.124787,""
"Jimidipeta","railway",19.044582,83.422344,""
"Katoriya","railway",24.740725,86.729214,""
"အုတ်ဖို","railway",18.126915,95.672767,""
"Munderwa","railway",26.776804,82.903415,""
"ကြို့ပင်ကောက်","railway",18.23108,95.648262,""
"ဆင်မြီးဆွဲ","railway",18.738719,95.357977,""
"Karatagi","railway",15.619668,76.677961,""
"Patasahi","railway",21.984451,84.950369,""
"Meghahatuburu","railway",22.099065,85.252879,""
"Karampada","railway",22.062286,85.224091,""
"Rangra","railway",22.043238,85.14584,""
"Rakshi","railway",22.007659,85.08251,""
"Tupadih","railway",22.052516,85.178968,""
"Barbil","railway",22.104861,85.369045,""
"Champajharan","railway",22.064964,84.909558,""
"Chandiposh","railway",22.029342,84.919695,""
"Lathikata","railway",22.140626,84.891089,""
"Dumetra","railway",22.213873,84.932843,""
"Sunakhani","railway",21.03374,85.157202,""
"Samal (under construction)","railway",21.110215,85.138351,""
"Kevadiya","railway",21.888506,73.689329,""
"Moriya","railway",22.000101,73.500906,""
"Chandod","railway",22.011111,73.444886,""
"下却","railway",29.162589,93.457979,""
"康萨","railway",29.209876,93.939795,""
"热米","railway",29.05058,93.339211,""
"扎囊","railway",29.263361,91.33893,""
"山南","railway",29.249949,91.755675,""
"Lahabon","railway",24.640684,86.600482,""
"Telwa Bazar Halt","railway",24.694468,86.557213,""
"Kalambani Budruk","railway",17.766092,73.42069,""
"Bolani Khadan","railway",22.102691,85.33297,""
"Bara Jamda","railway",22.164968,85.409283,""
"Kiriburu","railway",22.075188,85.25227,""
"Singhpokharia","railway",22.499569,85.796729,""
"Jhinkpani","railway",22.420733,85.771205,""
"Chaibasa","railway",22.559303,85.812196,""
"Pandrasali","railway",22.633899,85.807315,""
"Talaburu","railway",22.34827,85.754801,""
"Kandra Jn","railway",22.852884,86.048033,""
"Chandil Junction","railway",22.955837,86.071859,""
"Barabhum","railway",23.093505,86.211887,""
"Nimdih","railway",22.99455,86.143225,""
"Bangurkela","railway",22.286823,84.971207,""
"Orga","railway",22.448679,84.916026,""
"Gunda Bihar","railway",22.996054,86.093966,""
"Jhimri","railway",23.071444,86.078791,""
"Latemda","railway",23.098067,85.989533,""
"Bakarkudi","railway",23.097539,85.96371,""
"Illoo","railway",23.318247,85.865587,""
"Tiraldih","railway",23.13484,85.92905,""
"Suisa","railway",23.196808,85.908593,""
"Muri Junction","railway",23.377696,85.866955,""
"Shanki","railway",23.579903,85.378017,""
"Sidhwar","railway",23.586321,85.480824,""
"Barkakana Junction","railway",23.6242,85.468601,""
"Kotshila Junction","railway",23.411277,86.07953,""
"Karra","railway",23.121644,85.132764,""
"Mondorbag Railway station","railway",23.687966,91.15235,""
"Balasiring","railway",23.268604,85.281015,""
"Hatia","railway",23.309405,85.308495,""
"Argora","railway",23.347264,85.315037,""
"Ranchi","railway",23.349319,85.335569,""
"ရေချမ်းပြင် ဘူတာ","railway",20.254256,92.820568,""
"ဇော်ပူဂျာ","railway",20.201889,92.815605,""
"ဘုမေ","railway",20.146786,92.866607,""
"Pandabeswar","railway",23.712169,87.277177,""
"Nilakantheswar","railway",21.423548,85.798191,""
"Kajoragram","railway",23.616403,87.185636,""
"Kachujor","railway",23.841759,87.463977,""
"Hazaribag Town","railway",23.983198,85.340366,""
"Porjanpur","railway",21.785579,85.524112,""
"Godda","railway",24.829714,87.192858,""
"Namkon","railway",23.351654,85.376276,""
"Jonha","railway",23.358654,85.609523,""
"Harubera","railway",23.500213,85.760403,""
"Silli","railway",23.351675,85.828293,""
"Gangaghat","railway",23.361689,85.507513,""
"Sindri Town","railway",23.661462,86.480248,""
"Malkera Junction","railway",23.779749,86.297051,""
"Rakhitpur","railway",23.723877,86.489582,""
"کالا خطائی اسٹیشن","railway",31.832349,74.461019,""
"Chandrapura Junction","railway",23.755358,86.11971,""
"Katrasgarh","railway",23.79617,86.30179,""
"DHANBAD JUNCTION","railway",23.792742,86.427681,""
"Sindri Block Hut","railway",23.68206,86.437055,""
"Loyabad","railway",23.774221,86.350413,""
"Tata Sijua Halt","railway",23.77448,86.331285,""
"Mugma","railway",23.75185,86.748658,""
"ظریف شہید ریلوے اسٹیشن","railway",29.795067,71.403947,""
"Barhi","railway",24.302575,85.408973,""
"Pipradih","railway",24.390627,85.492968,""
"Dumri Bihar","railway",23.807063,85.763778,""
"Nimiaghat","railway",23.931553,86.077111,""
"खजुरी","railway",26.642338,86.115055,""
"Jaynagar (Nepal Railways)","railway",26.589226,86.134834,""
"जनकपुर रेलवे स्टेशन","railway",26.734024,85.936971,""
"New Giridih","railway",24.219505,86.322978,""
"Parbatonia","railway",22.508327,84.947012,""
"Bano","railway",22.664807,84.902613,""
"Bes","railway",23.905611,85.324248,""
"Kuju","railway",23.725451,85.502205,""
"Lohardaga","railway",23.446741,84.706787,""
"Nagjua","railway",23.385349,84.885757,""
"Akashi","railway",23.404771,84.831139,""
"Narkopi","railway",23.378197,84.967026,""
"Tangarbansali","railway",23.374478,85.060643,""
"Itki","railway",23.352131,85.127719,""
"Barkichampi","railway",23.551158,84.734396,""
"Untari Road","railway",24.341139,83.835255,""
"Satbahini","railway",24.375269,83.84038,""
"Kosiara","railway",24.47721,83.904664,""
"Kajrat Nawadih","railway",24.590262,84.049946,""
"Nabinagar Road","railway",24.65413,84.094441,""
"Karkatta","railway",24.298603,83.838063,""
"Garhwa Road","railway",24.214778,83.885327,""
"Koderma Junction","railway",24.435188,85.527945,""
"Laundh","railway",24.709306,85.423258,""
"Chainpur","railway",23.730145,85.583334,""
"Digwar Halt","railway",23.690209,85.53407,""
"Ranchi Road","railway",23.666087,85.51263,""
"Arigada","railway",23.64433,85.467985,""
"Karmahat","railway",23.713041,85.541714,""
"Ispat Nagar","railway",23.709131,86.142595,""
"Dugda","railway",23.758739,86.161582,""
"Telo","railway",23.811408,86.134166,""
"Chetar","railway",23.680306,84.653502,""
"Richughuta","railway",23.659094,84.586385,""
"Kole","railway",23.685732,85.124962,""
"Sondimra","railway",23.470293,85.799532,""
"Dilwa","railway",24.537976,85.419563,""
"Bendi","railway",23.756679,84.426163,""
"Kumandih","railway",23.764323,84.365243,""
"Ambikapur","railway",23.136827,83.144012,""
"Daltonganj","railway",24.034042,84.074406,""
"Arambag","railway",22.888193,87.791574,""
"Rema","railway",24.409417,86.026176,""
"দোহাজারী নতুন রেলওয়ে স্টেশন","railway",22.170182,92.066183,""
"Garwa","railway",24.17553,83.813491,""
"Ambadala","railway",19.83526,83.457221,""
"Renukoot","railway",24.203231,83.040035,""
"Biratoli","railway",23.722784,84.777866,""
"Kusmahi","railway",23.783224,84.7832,""
"Bukru","railway",23.845537,84.864559,""
"Shivpur","railway",23.918077,84.97115,""
"Phulbasia","railway",23.864114,84.910621,""
"Harnagar","railway",25.86603,86.255647,""
"میرپور ماتھیلو","railway",28.019437,69.552629,""
"ڈھرکی","railway",28.045652,69.687718,""
"صادق آباد","railway",28.3019,70.128593,""
"Chharra","railway",23.375508,86.422946,""
"Bagalia","railway",23.447013,86.518935,""
"Anara","railway",23.481713,86.560558,""
"كندھ كوٹ","railway",28.251648,69.185495,""
"Begowala Ghartal","railway",32.463114,74.283863,""
"مندرہ ریلوے اسٹیشن","railway",33.364657,73.238034,""
"Khila Train Station","railway",23.171128,91.12876,""
"Māluka","railway",22.20201,85.672993,""
"Murga Mahadev Road","railway",22.060202,85.465474,""
"Hansdiha","railway",24.611544,87.085474,""
"Palāsthali","railway",23.835958,87.052981,""
"নাথেরপেটুয়া রেলওয়ে স্টেশন","railway",23.113221,91.115424,""
"Dumka","railway",24.289847,87.255188,""
"Ahmadpur Junction","railway",23.832677,87.692805,""
"Chowhatta","railway",23.824931,87.7519,""
"Labpur","railway",23.812563,87.8057,""
"Daskalgram","railway",23.751112,87.926891,""
"Kirnahar","railway",23.764003,87.88054,""
"Nirol","railway",23.731482,88.01569,""
"Komarpur","railway",23.734366,87.997046,""
"Gopalpurgram","railway",23.819963,87.780964,""
"Gnandas Kandra","railway",23.739328,87.969321,""
"Nabagram Kankurhati Halt","railway",23.660922,88.10115,""
"Ambalgram","railway",23.692813,88.079121,""
"Pachandi","railway",23.722434,88.050747,""
"Daud Khan","railway",27.83003,78.098663,""
"Mandrak","railway",27.7683,78.11026,""
"Aligarh Junction","railway",27.888807,78.074736,""
"Garh Jaipur","railway",23.414336,86.147276,""
"Mirza Cheuki Railway Station","railway",25.259072,87.496635,""
"Pirpainti","railway",25.290036,87.421128,""
"Ammapali","railway",25.271662,87.459249,""
"Mohanpur","railway",24.48914,86.786097,""
"Chunbhati","railway",26.84353,88.341211,""
"Rajmahal","railway",25.054054,87.83425,""
"Kottekad","railway",10.816174,76.693311,""
"Maharajpur","railway",25.207084,87.746999,""
"Dhanpatdih","railway",24.417131,86.915067,""
"Numaligarh","railway",26.609539,93.86285,""
"Vidyasagar","railway",24.083252,86.704203,""
"Langcholiet railway station","railway",25.758316,93.307618,""
"Nailalung railway station","railway",25.772915,93.387018,""
"Bar Langfer S railway station","railway",25.754918,93.243649,""
"Lahing","railway",26.741201,94.437149,""
"Seleng Hat","railway",26.78379,94.482874,""
"Kampur railway station","railway",26.160519,92.657332,""
"Jamunamukh","railway",26.109469,92.740531,""
"Jugijan railway station","railway",26.03938,92.802796,""
"Barua Bamungaon","railway",26.669138,93.98385,""
"vavuniya Railway  station","railway",8.753866,80.493663,""
"Rajgram","railway",24.545107,87.867761,""
"Pakur","railway",24.637965,87.855867,""
"Kaoraid","railway",24.308315,90.512447,""
"Tilbhita","railway",24.675582,87.842654,""
"পদ্মা রেল স্টেশন","railway",23.398367,90.218818,""
"Bulandshahr","railway",28.393109,77.847953,""
"Gulaothi","railway",28.581566,77.801351,""
"Bechimari","railway",26.357427,90.522296,""
"Chapar","railway",26.275328,90.437863,""
"Awangkhal","railway",24.831786,93.563009,""
"Noney","railway",24.85911,93.632503,""
"Haochong","railway",24.838321,93.717829,""
"Phayeng","railway",24.819512,93.820538,""
"Imphal","railway",24.763945,93.865498,""
"Maulkhang","railway",23.901266,92.664059,""
"Kwanpui","railway",23.99519,92.645359,""
"Hortoki","railway",24.077872,92.628227,""
"সিলেট রেলওয়ে স্টেশন","railway",24.881761,91.867988,""
"আফজালাবাদ","railway",24.92368,91.688518,""
"সৎপুর","railway",24.916502,91.702589,""
"খাজাঞ্চিগাঁও","railway",24.877301,91.770414,""
"বরমচাল","railway",24.587583,91.978853,""
"মোগলাবাজার","railway",24.797604,91.910159,""
"রামদিয়া","railway",23.707275,89.524492,""
"Sukhovi","railway",25.760215,93.712517,""
"Dhansiripar","railway",25.782143,93.635423,""
"Molvom","railway",25.742709,93.850183,""
"চট্টগ্রাম রেলওয়ে স্টেশন","railway",22.334021,91.829558,""
"ফৌজদারহাট","railway",22.410665,91.75575,""
"Lanela","railway",27.101215,70.826207,""
"Velpuru","railway",16.140604,79.853321,""
"Rompicherla","railway",16.239047,79.895622,""
"Nemalipuri","railway",16.425714,79.933566,""
"Kungalagunta","railway",16.293834,79.905184,""
"চট্টগ্রাম বিশ্ববিদ্যালয় রেলওয়ে স্টেশন","railway",22.470807,91.794923,""
"Subhagpur","railway",27.172831,81.976725,""
"Intiyathok","railway",27.293444,82.035949,""
"Bhawanipur Kalan","railway",27.349969,82.082696,""
"Mahtha Bazar","railway",27.42509,82.930419,""
"Mahadev Buzurg","railway",27.480182,82.844711,""
"Shohratgarh","railway",27.392064,82.956889,""
"Tilakpur Station","railway",24.876827,89.001805,""
"波密","railway",29.896959,95.596786,""
"通麦","railway",30.104316,95.081433,""
"鲁朗","railway",29.830892,94.738171,""
"Khairatiya Bandh Road","railway",28.344747,81.039337,""
"Dudhwa","railway",28.508931,80.673172,""
"Bichia","railway",28.306238,81.154143,""
"Manjhra Purab","railway",28.2749,81.051653,""
"Murthiha","railway",28.182534,81.272027,""
"Babaganj","railway",27.960817,81.566177,""
"Raibojha","railway",27.969243,81.472844,""
"Matera","railway",27.783804,81.554765,""
"Mailani Junction","railway",28.284551,80.347724,""
"Ernakulam D Cabin","railway",9.979947,76.302228,""
"Hendegir","railway",23.697654,85.177058,""
"Thakurbari Railway Station","railway",26.797227,92.700043,""
"Vadakara railway station","railway",11.593951,75.58703,""
"صالح بھبرو اسٹیشن","railway",25.398515,69.399058,""
"Majhola Pakarya","railway",28.82081,79.891867,""
"Handia Khas","railway",25.35697,82.191046,""
"Matokhar","railway",25.131954,85.806313,""
"Sarsa Jamalpur","railway",25.184234,85.782999,""
"Basudebpur Station","railway",24.470117,88.962906,""
"Patalpani Waterfall","railway",22.505236,75.799555,""
"বিপুলাসার স্টেশন","railway",23.077209,91.108075,""
"Kayamkulam Junction","railway",9.181302,76.5121,""
"Mirersharai","railway",22.75373,91.59811,""
"مغلپورہ","railway",31.56041,74.379377,""
"আনন্দপুর","railway",23.090391,91.431302,""
"Belonia Railway Station","railway",23.241666,91.450142,""
"পরশুরাম রেলওয়ে স্টেশন","railway",23.216143,91.445304,""
"ফুলগাজী রেলওয়ে স্টেশন","railway",23.147527,91.431265,""
"Sonarpur Junction","railway",22.443192,88.430341,""
"বারৈয়াঢালা রেলওয়ে স্টেশন","railway",22.67723,91.634303,""
"Shantirbazar Railway Station","railway",23.322407,91.532267,""
"বাড়বকুণ্ড রেলওয়ে স্টেশন","railway",22.578732,91.681873,""
"Kahiliya","railway",27.774941,79.960203,""
"Pt Ram Prasad Bismil","railway",27.811223,79.958369,""
"Jamuguri","railway",26.386115,93.959168,""
"Kalubathan","railway",23.759182,86.661487,""
"Lalsot","railway",26.54919,76.354993,""
"Binauri","railway",26.514915,76.36559,""
"Mandawari","railway",26.474298,76.425666,""
"Piplai","railway",26.50845,76.551635,""
"Bamanwas","railway",26.534971,76.578629,""
"Khuntla","railway",26.516396,76.659065,""
"UDei Kalan","railway",26.515471,76.715992,""
"Bagma","railway",23.555555,91.421459,""
"Jirighat","railway",24.804077,93.107679,""
"Moinarband","railway",24.853874,92.834034,""
"Atamanda","railway",28.564383,79.463553,""
"Sarkara","railway",29.161355,79.063399,""
"Hempur Ismail","railway",29.175415,78.996759,""
"Sandai","railway",28.569098,80.005831,""
"Mighauna","railway",28.236646,79.829309,""
"Pratabpur","railway",28.56643,79.83125,""
"Rawat Ganj","railway",26.956588,83.286034,""
"Jhamat","railway",27.205495,83.34396,""
"Purandarpur","railway",27.184269,83.328783,""
"Lehra","railway",27.168567,83.228421,""
"Kauriaa Jungle","railway",26.877186,83.301889,""
"Gauri Sriram","railway",26.76988,84.187461,""
"Sher","railway",26.355949,84.616157,""
"Paterhi","railway",25.917719,84.800777,""
"Banni Mahamman Patti","railway",25.889971,84.777651,""
"Nunkhar","railway",26.425558,83.879996,""
"Kusmhi","railway",26.700253,83.495086,""
"Unaula","railway",26.786476,83.469664,""
"Lakshmiganj","railway",26.930259,83.782638,""
"Kath Kuiyan","railway",26.856975,84.04834,""
"Chaf","railway",26.822129,84.103814,""
"Kasturi","railway",27.14076,81.751901,""
"Ramchaura","railway",26.995914,83.269005,""
"Miranpur Katra","railway",28.036811,79.675334,""
"Bartara","railway",27.829149,80.024272,""
"Neri","railway",27.688455,80.394522,""
"Katili","railway",27.616433,80.60072,""
"Deokali","railway",27.977166,80.707562,""
"Parsehra Mal","railway",27.721836,80.72981,""
"Bhurjiha Baragn","railway",27.631832,80.725462,""
"Tappa Khajuria","railway",27.580528,80.776049,""
"Ramalpur","railway",27.538362,80.906535,""
"Shankarpur","railway",27.43381,81.021963,""
"Munda Gopal Ashram","railway",27.263496,81.133214,""
"Nisoi","railway",28.291068,79.237858,""
"Reoti Bahora Khera","railway",28.314486,79.117889,""
"Karengi","railway",28.343184,79.051089,""
"Jargaon","railway",28.553517,78.767291,""
"Aliganj","railway",29.114262,78.919765,""
"Padiya Nagla","railway",29.072771,78.902461,""
"Roshanpur","railway",29.031234,78.882688,""
"Jalpur","railway",28.995048,78.85883,""
"Sehal","railway",28.894374,78.822938,""
"Got","railway",28.84516,78.820642,""
"Shahzad Nagar","railway",28.73205,79.065454,""
"Dohna","railway",28.455806,79.438465,""
"Soron Shukar Kshetra","railway",27.883766,78.749233,""
"Kartauli","railway",28.17127,79.248615,""
"Shukarullahpur","railway",27.449096,79.469711,""
"Ballupur","railway",27.587175,79.141662,""
"Narthar","railway",27.632265,79.022969,""
"Patiali","railway",27.684181,78.983997,""
"Garkha","railway",27.748157,78.883273,""
"Amila","railway",26.188336,83.522814,""
"Ghosi","railway",26.119395,83.544774,""
"Kopaganj","railway",26.024275,83.572315,""
"Katra","railway",26.844045,82.20438,""
"Nawabganj Gonda","railway",26.87011,82.14902,""
"Gurli Ramgarhwa","railway",27.185035,83.780019,""
"Khushal Nagar","railway",26.987897,83.698703,""
"Mahuawa Khurd","railway",26.857777,83.601528,""
"Nigatpur","railway",25.251089,82.760408,""
"Kachhwa Road","railway",25.250917,82.707122,""
"Sidhauna Rampur","railway",25.522404,83.140761,""
"Tajpur Dehma","railway",25.728162,83.930275,""
"Karimuddin Pur","railway",25.700835,83.862482,""
"Saheri","railway",25.560829,83.45636,""
"Rajmalpur Road","railway",25.893449,83.788921,""
"Chilkahar","railway",25.8271,83.964792,""
"Sanwara","railway",25.841916,83.920343,""
"Sagarpali","railway",25.757949,84.100041,""
"Dal Chapra","railway",25.827938,84.427399,""
"Pirumadara","railway",29.337837,79.060392,""
"Chakarpur","railway",28.964741,80.014182,""
"Banbasa","railway",28.992439,80.073994,""
"Bahelia Buzurg","railway",28.037786,80.533421,""
"Ramna","railway",24.23968,83.606353,""
"Salai Banwa","railway",24.438268,83.010377,""
"Paras Pani","railway",24.390124,83.034379,""
"Muirpur Road","railway",24.205961,83.094254,""
"Karwandia","railway",24.950416,84.091977,""
"Khurmabad","railway",24.977438,83.946076,""
"Muthani","railway",25.142014,83.661736,""
"Kumahu","railway",25.02087,83.849188,""
"Padma","railway",24.210376,85.353261,""
"Yadudih","railway",24.329898,85.701412,""
"Keshwari","railway",24.207646,85.849797,""
"Chegro","railway",24.022632,86.024123,""
"Tokisud","railway",23.678549,85.238948,""
"Mangra","railway",23.885159,84.117081,""
"Chianki","railway",23.978038,84.111869,""
"Kajri","railway",24.125238,84.066796,""
"Rajhura","railway",24.154619,84.015473,""
"Tolra","railway",24.180251,83.928362,""
"Jogidih","railway",24.276401,83.052771,""
"Katari","railway",24.999603,85.268788,""
"Khudaganj Bazar","railway",25.084148,85.22382,""
"Mira Bigha","railway",25.130704,84.98779,""
"Tehta","railway",25.112534,84.984967,""
"Karona","railway",25.262766,85.005774,""
"Taregna","railway",25.353707,85.037186,""
"Nadwan","railway",25.396399,85.065731,""
"Nadaon","railway",25.567062,84.018145,""
"Tarighat","railway",25.551391,83.614506,""
"Chaura BH","railway",24.908551,86.293291,""
"Kusumha Bihar","railway",25.101566,85.775388,""
"Baghi Bardiha","railway",24.949359,85.623013,""
"Wazerganj","railway",24.812788,85.225219,""
"Manjhwe","railway",24.814985,85.319102,""
"Sadipur","railway",24.931345,85.588241,""
"Karahdih","railway",25.070829,85.433722,""
"Lemuabad","railway",25.482521,85.7784,""
"Parmanandpur Junction","railway",25.741192,85.134363,""
"Madhubani","railway",26.348876,86.077018,""
"Ugna","railway",26.238471,86.095297,""
"Raghubans Nagar","railway",25.757348,87.061347,""
"Sukhsena","railway",25.794513,87.116186,""
"Sukhasan Kothi","railway",25.846532,87.155984,""
"Bharat Khand","railway",25.40033,86.805969,""
"Tilrath","railway",25.442145,86.066129,""
"Majnupur Nawada","railway",25.544309,85.92513,""
"Naopara Mahishasur","railway",24.317168,88.147028,""
"Mahipal","railway",24.297541,88.176392,""
"Morgram","railway",24.304808,88.022089,""
"Lohapur","railway",24.302334,87.963408,""
"Takipur","railway",24.305209,87.907223,""
"Swadinpur","railway",24.233402,87.812089,""
"Kurwa","railway",24.24768,87.287789,""
"Kurmahat","railway",24.531437,87.11534,""
"Behrajor","railway",24.7706,87.190719,""
"Kumradol","railway",24.661948,87.064682,""
"Panjwara Road","railway",24.876704,87.013714,""
"Telia","railway",24.905635,86.976496,""
"Murahara","railway",24.914077,86.933578,""
"Punsia","railway",24.954266,87.003795,""
"Kollikhutaha","railway",25.191183,86.988182,""
"Maheshi","railway",25.239604,86.788014,""
"Kalyanpur Road","railway",25.25411,86.610029,""
"Mirjan","railway",14.500378,74.424779,""
"Dabolim","railway",15.387177,73.851524,""
"Achirne","railway",16.446684,73.743893,""
"Nandgaon Road","railway",16.387627,73.730882,""
"Kadavai","railway",17.265293,73.552191,""
"Rameswaram","railway",9.281952,79.309004,""
"Amalanagar","railway",10.562086,76.172199,""
"Nilambur Road","railway",11.278811,76.253845,""
"Shimoga Town","railway",13.943762,75.583578,""
"Gayabari","railway",26.859196,88.312477,""
"Secunderabad Junction","railway",17.433859,78.502051,""
"Bamhni","railway",20.922678,79.364628,""
"Bamhani Banjar","railway",22.478156,80.362707,""
"Barabhati","railway",20.862131,80.06107,""
"Arjuni","railway",20.818186,80.023112,""
"Wadegaon","railway",20.764409,79.981867,""
"Lamta","railway",22.136019,80.12405,""
"Dhapewara","railway",21.87242,80.191244,""
"Kanhad Gaon","railway",21.741196,80.208095,""
"Hatta Road","railway",21.705276,80.207858,""
"Khara","railway",21.665147,80.203817,""
"Birsola","railway",21.599112,80.207339,""
"Nagradham P.H.","railway",21.500612,80.199345,""
"Sukli","railway",21.666543,79.67784,""
"Patansaongi","railway",21.345316,79.009903,""
"Takli Bansali P.H.","railway",21.355999,78.991465,""
"Bothiya","railway",22.384066,79.952143,""
"Khairranji","railway",22.420673,80.046284,""
"Dewalgaon","railway",20.911493,80.087384,""
"လေးအိမ်ဘူတာ","railway",20.441703,95.410358,""
"Thiruvananthapuram Central","railway",8.487017,76.952641,""
"Perinad","railway",8.948607,76.620676,""
"Ochira","railway",9.131837,76.52516,""
"Kaladi","railway",10.165329,76.427575,""
"Sitampet","railway",16.79782,81.210948,""
"Kaikaram","railway",16.8151,81.364112,""
"Marampalli","railway",16.84379,81.633606,""
"Kesavaram","railway",16.931297,81.880567,""
"Peddabrahmadevam","railway",16.990976,82.078741,""
"Halakatta","railway",17.042732,76.991817,""
"Piprithan","railway",26.478841,88.124344,""
"Taiabpur","railway",26.384258,88.160687,""
"Simraha","railway",26.193585,87.322292,""
"Kumaripur","railway",25.437808,87.606678,""
"Mahiyarpur","railway",25.41301,87.613657,""
"ڈیرہ نواب","railway",29.1519,71.255231,""
"مبارک پور","railway",29.239542,71.371539,""
"Mandi Sadiq Ganj","railway",30.153684,73.738651,""
"Mahabuang","railway",22.715425,84.941587,""
"Pakra","railway",22.857664,84.949395,""
"Kurkura","railway",22.790873,84.927176,""
"Mecheri Road","railway",11.804862,77.922027,""
"হিরনপুর রেলওয়ে স্টেশন","railway",24.848749,90.645441,""
"Thiruvalla","railway",9.392567,76.579849,""
"মশাখালী","railway",24.385381,90.535811,""
"শ্রীপুর","railway",24.198986,90.479557,""
"মনু রেল স্টেশন","railway",24.426032,91.939108,""
"Dobh Bhali","railway",28.880333,76.523745,""
"Maganoor","railway",16.466743,77.421116,""
"Talakal","railway",15.398545,75.986976,""
"Joypurhat Railway Station","railway",25.098994,89.025758,""
"Sarai Kale Khan","railway",28.589189,77.258065,""
"Manjhi","railway",25.818214,84.603664,""
"Tejnarayanpur","railway",25.339257,87.710989,""
"ပုဏ္ဏားကျွန်း ဘူတာ","railway",20.338669,93.010446,""
"Sant Gadge Baba Yavatmal Railway Station","railway",20.366836,78.091279,""
"মৈশাদী","railway",23.234854,90.697702,""
"শাহতলী","railway",23.240624,90.724888,""
"Raninagar Railway Station","railway",24.741447,88.969519,""
"Shahagola Railway Station, Mirat, Naogaon","railway",24.679446,88.975695,""
"Naldanga Hut Railway Station, Naogaon Highway, Naldanga, Natore","railway",24.50234,88.959163,""
"Rajshahi - Dhaka Hwy, Natore","railway",24.409972,88.966914,""
"Naya Raipur","railway",21.217926,81.800905,""
"Kharkhara","railway",28.908206,76.42505,""
"Meham","railway",28.981633,76.258383,""
"Azim Nagar Railway Station, Gopalpur, Natore","railway",24.206105,89.006322,""
"Simurali","railway",23.041183,88.510262,""
"Railway station","railway",11.242733,79.728099,""
"Pembarti","railway",17.692958,79.117144,""
"BaroTakia Railway Station Bazar, Mirsharai, Chittagong","railway",22.753035,91.598421,""
"Sitakund Railway Station","railway",22.622985,91.660387,""
"Kulukkallur Railway Station (കുലുക്കല്ലൂർ റെയിൽവേ സ്റ്റേഷൻ)","railway",10.868188,76.239209,""
"ဂျုပ်ချောင်းလေးဘူတာ","railway",20.969818,94.718486,""
"ভাটিয়ারী রেলওয়ে স্টেশন","railway",22.429973,91.748846,""
"Punpun Ghat Halt","railway",25.498686,85.10092,""
"St fatak","railway",21.662215,70.52946,""
"شجاع آباد ریلوے اسٹیشن","railway",29.873069,71.324271,""
"لِياقت پُور","railway",28.937154,70.945898,""
"راجن پور","railway",29.100254,70.33787,""
"Railway Station, Mannar","railway",8.971341,79.893744,""
"دریا خان","railway",31.785591,71.108811,""
"Zan Hmwe Station","railway",21.917404,94.363161,""
"پنو عاقل","railway",27.850339,69.114742,""
"Kada Bari Halt","railway",26.480833,88.729189,""
"Jalpaiguri","railway",26.518625,88.724013,""
"Kakdwip","railway",21.881292,88.193995,""
"سِہالہ ریلوے اسٹیشن","railway",33.551484,73.201032,""
"کلیام آوان ریلوے اسٹیشن","railway",33.43277,73.223062,""
"Sulaimanabad","railway",33.590203,72.314063,""
"ময়নামতি রেলওয়ে স্টেশন","railway",23.43471,91.171021,""
"আলীশ্বর রেলওয়ে স্টেশন","railway",23.306137,91.138195,""
"New Bamour Gaon","railway",26.343835,78.091625,""
"Shyampur","railway",25.694314,89.148845,""
"CBD Belapur","railway",19.019008,73.03913,""
"কক্সবাজার রেলওয়ে স্টেশন","railway",21.429361,92.015037,""
"Rishra Railway Station","railway",22.725186,88.343363,""
"Ballalpur","railway",24.754504,87.91146,""
"Jamirghata","railway",24.916701,88.067865,""
"Khaltipur","railway",24.875073,88.021297,""
"Tildanga","railway",24.78643,87.873534,""
"Belur Math","railway",22.631302,88.350583,""
"পদ্মা রেলসেতু","railway",23.411614,90.257301,""
"خوشاب ریلوے سٹیشن","railway",32.29866,72.342532,""
"جوہرآباد ریلوے اسٹیشن","railway",32.291658,72.282015,""
"ہڈالی ریلوے اسٹیشن","railway",32.297141,72.180659,""
"بجار ریلوے اسٹیشن","railway",32.30084,72.05357,""
"مِٹھہّ ٹوانہ ریلوے اسٹیشن","railway",32.296912,72.087969,""
"کندیاں جنکشن ریلوے اسٹیشن","railway",32.453202,71.48644,""
"میانوالی","railway",32.57939,71.535317,""
"بیٹرولی ریلوے اسٹیشن","railway",32.632831,71.552189,""
"سمند والا ریلوے اسٹیشن","railway",32.693414,71.562572,""
"پائی خیل ریلوے اسٹیشن","railway",32.764699,71.574779,""
"داؤد خیل ریلوے اسٹیشن","railway",32.882293,71.581692,""
"کالاباغ ریلوے اسٹیشن","railway",32.960701,71.536175,""
"مسّان ریلوے اسٹیشن","railway",32.927591,71.718519,""
"سوہان برج ریلوے اسٹیشن","railway",33.003597,71.768065,""
"انجرا ریلوے اسٹیشن","railway",33.127438,71.850769,""
"خٹک آباد ریلوے اسٹیشن","railway",33.172526,71.863633,""
"چھب ریلوے اسٹیشن","railway",33.231941,71.90042,""
"جھمٹ ریلوے اسٹیشن","railway",33.295034,71.898623,""
"اُچھری ریلوے اسٹیشن","railway",33.364768,71.927272,""
"نمل ریلوے اسٹیشن","railway",33.506073,72.118298,""
"بسال شریف ریلوے اسٹیشن","railway",33.549149,72.257742,""
"کاہل ریلوے اسٹیشن","railway",33.536746,72.323352,""
"چونترہ ریلوے اسٹیشن","railway",33.51338,72.380602,""
"گگن ریلوے اسٹیشن","railway",33.538788,72.515995,""
"چُورہ شریف ریلوے اسٹیشن","railway",33.474196,72.090655,""
"لنگر ریلوے اسٹیشن","railway",33.457628,72.052552,""
"قطبال ریلوے اسٹیشن","railway",33.577345,72.761524,""
"ترنول ریلوے اسٹیشن","railway",33.649955,72.909802,""
"مِسّہ کسَوال ریلوے اسٹیشن","railway",33.196892,73.368353,""
"Shd Ramphal Balhara (Bahu Akbarpur)","railway",28.895367,76.468207,""
"Behlba","railway",28.931378,76.308618,""
"بکٹرالہ ریلوے اسٹیشن","railway",33.075351,73.448629,""
"ٹاٹے پور ریلوے اسٹیشن","railway",30.22485,71.649971,""
"مہر شاہ","railway",30.236813,71.886364,""
"Achalgank Railway Station","railway",26.441718,80.550932,""
"Mandan Mishra Halt","railway",26.214242,86.183519,""
"DARAGANJ STATION","railway",25.444426,81.880497,""
"Tughlkabad railway station","railway",28.503987,77.293819,""
"Mahendragarh Railway Station","railway",28.28059,76.148194,""
"Sikar Railway Station","railway",27.616907,75.152817,""
"Bethuadahari Railway Station","railway",23.610563,88.385496,""
"Agra Fort","railway",27.183003,78.018713,""
"ramgarhwa rack point","railway",26.874227,84.797911,""
"খানাবাড়ি রেল স্টেশন","railway",23.953488,90.798539,""
"روشن بھیلہ","railway",31.062042,74.352385,""
"قصور جنکشن","railway",31.117886,74.442669,""
"عثمان والا","railway",30.89689,74.23817,""
"کنگنپور","railway",30.758448,74.12198,""
"تقی پور","railway",31.582547,74.526869,""
"ہربنس پورہ","railway",31.569025,74.436553,""
"Poreyahat","railway",24.687568,87.173248,""
"Qadian","railway",31.826383,75.388288,""
"Kharaundh","railway",24.643123,85.442509,""
"Katareah","railway",25.399892,87.196248,""
"Thana Bihpur Junction","railway",25.393625,86.935675,""
"Kursela","railway",25.438806,87.252116,""
"Kakni","railway",24.542566,86.997482,""
"Harlatanr","railway",24.531098,86.920089,""
"Kharaiadih","railway",24.508329,86.828868,""
"Bhagalpur Junction","railway",25.241364,86.972797,""
"چناب نگر","railway",31.758769,72.90785,""
"Rishikesh","railway",30.107775,78.28763,""
"Shahgarh","railway",28.557251,80.049632,""
"Prasadpur","railway",28.543852,80.087592,""
"Puranpur","railway",28.514349,80.151295,""
"Sehramau","railway",28.357025,80.300327,""
"Khalilabad","railway",26.775121,83.05424,""
"Maghar","railway",26.750166,83.133671,""
"Harinagar","railway",27.156264,84.324314,""
"Amolwa","railway",27.21184,84.477948,""
"Bhitiharwa Ashram","railway",27.24451,84.483973,""
"Gaunaha","railway",27.289892,84.518906,""
"Chhitauni","railway",27.148199,83.956101,""
"Vaishali","railway",25.968654,85.138519,""
"Lalganj Pakri","railway",25.85495,85.192745,""
"Saraiya Junction","railway",26.022759,85.118511,""
"Sahebganj","railway",26.296695,84.914851,""
"Deoria","railway",26.18289,84.998504,""
"Paru Khas","railway",26.081336,85.056246,""
"Kesariya","railway",26.349152,84.859702,""
"Chhapra Gramin Junction","railway",25.780531,84.77751,""
"Goldinganj","railway",25.753992,84.82685,""
"Fazalchak","railway",25.43643,85.163795,""
"Ganpura","railway",25.533898,85.045102,""
"Sarthua","railway",25.421045,85.246324,""
"Gawaspur","railway",25.429376,85.193237,""
"Daniyawan Junction","railway",25.422183,85.287256,""
"Railway Station","railway",12.555708,78.577165,""
"Mal Bazaar","railway",26.865893,88.737386,""
"New Mal Junction","railway",26.873104,88.7236,""
"Banarhat","railway",26.798976,89.025757,""
"明泽（预留）","railway",29.266003,91.871712,""
"Maranayakanahalli","railway",12.718609,77.76398,""
"藏木（预留）","railway",29.19554,92.511129,""
"甲格（预留）","railway",29.104094,93.395378,""
"奔中（预留）","railway",29.204643,93.585354,""
"里龙（预留）","railway",29.181079,93.781508,""
"洞噶（预留）","railway",29.047385,93.163801,""
"扎绕（预留）","railway",29.236225,94.074754,""
"Belakoba","railway",26.591365,88.585422,""
"昌果（预留）","railway",29.330786,90.984697,""
"杰德秀（预留）","railway",29.280835,91.136804,""
"嘎扎（预留）","railway",29.26971,91.234412,""
"金鲁（预留）","railway",29.257872,91.581889,""
"甲村（预留）","railway",29.252462,91.651025,""
"拜珍（预留）","railway",29.293152,92.083119,""
"林达（预留）","railway",29.113627,92.636961,""
"冲康（预留）","railway",29.073345,92.88608,""
"雪嘎（预留）","railway",29.26698,94.26297,""
"中沙坝（预留）","railway",29.395922,94.420882,""
"Baneshwar","railway",26.3981,89.496909,""
"Alipur Duar Court","railway",26.501588,89.52788,""
"Alipur Duar Junction","railway",26.523273,89.533694,""
"Raja Bhat Khawa","railway",26.619817,89.529071,""
"Samuktala Road","railway",26.483885,89.634845,""
"New Alipurduar","railway",26.486333,89.54164,""
"Golakganj Junction","railway",26.108174,89.830652,""
"New Cooch Behar Junction","railway",26.352971,89.469067,""
"Chapaguri","railway",26.349126,89.337661,""
"Matabhanga","railway",26.364391,89.199412,""
"Mayanaguri Road","railway",26.526855,88.799942,""
"Bhotpatti","railway",26.470876,88.851328,""
"Changrabandha","railway",26.412773,88.919931,""
"New Changrabandha","railway",26.437301,88.902912,""
"Dashapalla","railway",20.34506,84.854263,""
"Sonepur","railway",20.838689,83.872976,""
"Kamakhyaguri","railway",26.476861,89.729907,""
"Fakiragram Junction","railway",26.364447,90.185858,""
"Kokrajhar","railway",26.404636,90.272596,""
"Salakati","railway",26.4427,90.353805,""
"Bongaigaon","railway",26.478533,90.560299,""
"Bhanga Railway Station","railway",23.400481,89.984496,""
"ভাঙ্গা জংশন","railway",23.374555,90.022415,""
"শাহবাগ মেট্রোরেল স্টেশন","railway",23.73954,90.396158,""
"Railway Residential Hotel Dhaka Railway Station","railway",23.731763,90.425967,""
"বনানী রেলওয়ে স্টেশন","railway",23.795668,90.400924,""
"Tingrai","railway",27.458035,95.560125,""
"Digboi","railway",27.382125,95.6175,""
"Bargolai","railway",27.285878,95.707591,""
"ঢাকা বিমানবন্দর","railway",23.85232,90.408191,""
"Rani Kamlapati","railway",23.220883,77.439369,""
"Bhopal Junction","railway",23.266485,77.413084,""
"Dibrugarh Town","railway",27.477862,94.900784,""
"Niz Chatia","railway",26.748044,93.04765,""
"Mariani Junction","railway",26.652632,94.308191,""
"Meleng","railway",26.679337,94.356985,""
"Sapekhati","railway",27.11067,95.16209,""
"Bhojo","railway",27.063578,95.032342,""
"Safrai","railway",27.028126,94.940868,""
"Rajkot Junction","railway",22.312431,70.80255,""
"Duliajan","railway",27.367363,95.30665,""
"Bhudevi Nagar","railway",17.492966,78.502168,""
"Ammuguda","railway",17.488844,78.523693,""
"Neredmet","railway",17.478111,78.536672,""
"Ferozguda","railway",17.464892,78.460306,""
"Suchitra Centre","railway",17.489226,78.472906,""
"Daklongia","railway",26.685548,94.282654,""
"Naid Gaam Railway Station","railway",34.069153,74.66153,""
"Namrup","railway",27.196799,95.314157,""
"Kharahat","railway",27.070462,94.749642,""
"Khowang","railway",27.282388,94.902574,""
"Tangni","railway",27.452326,94.714598,""
"Khumtai","railway",26.6245,93.850186,""
"Badulipar","railway",26.64702,93.874808,""
"Rangaliting","railway",26.657021,93.918533,""
"Parasnath","railway",23.987309,86.03797,""
"Nazira","railway",26.903258,94.722425,""
"Oating","railway",26.427718,93.985928,""
"Bhilgaon","railway",26.341754,93.922021,""
"নন্দনগাছি রেল স্টেশন","railway",24.315166,88.801373,""
"Relwai Stesan","railway",23.973184,78.480205,""
"Relwai Stesan Sumreri","railway",24.007956,78.398971,""
"Khurai Relway Stesan","railway",24.052146,78.331059,""
"Phulwari Sharif","railway",25.586607,85.08028,""
"Masjid","railway",18.952295,72.838177,""
"Mumbai CSMT","railway",18.940493,72.835786,""
"Saugor Railway Station","railway",23.847924,78.743222,""
"Saugor Railway Station P...... 2","railway",23.847203,78.744333,""
"Jamalpur Junction","railway",25.315354,86.493348,""
"Dharhara","railway",25.258076,86.411649,""
"Badarpur Junction","railway",24.865057,92.556227,""
"Badarpur Ghat","railway",24.874122,92.582326,""
"Dijaobra","railway",25.558028,93.093405,""
"Sewapuri","railway",25.350818,82.769253,""
"Kapsethi","railway",25.357622,82.718184,""
"Parsipur","railway",25.370603,82.637419,""
"Mondh","railway",25.426916,82.486852,""
"Suriawan","railway",25.460949,82.424792,""
"Sarai Kansrai","railway",25.516,82.346151,""
"Kharghar","railway",19.025841,73.0593,""
"Seawoods","railway",19.021819,73.019159,""
"Jogeshwari (Harbour Line)","railway",19.141154,72.849421,""
"Jogeshwari (Western Line)","railway",19.136114,72.848936,""
"Bankura Jn.","railway",23.224151,87.075546,""
"Wetalwadi","railway",18.903325,75.197269,""
"Amalner Bhandyache","railway",18.932548,75.330672,""
"Bhasha Shahid","railway",24.830302,92.787569,""
"New Silchar","railway",24.847998,92.771854,""
"Chargola","railway",24.847193,92.424341,""
"Bamhrauli","railway",25.444983,81.738618,""
"Jadcherla","railway",16.752956,78.142032,""
"Sanjeevaiah Park","railway",17.4357,78.476402,""
"Tiruchanur","railway",13.63345,79.481684,""
"ဘုတလင်ဘူတာ","railway",22.399058,95.140538,""
"Rupasibari","railway",24.854989,92.52929,""
"Nischintapur","railway",23.799098,91.240755,""
"ကြီးနီဘူတာရုံ","railway",20.868819,94.876377,""
"Sabroom","railway",23.013792,91.701161,""
"Pawakhali","railway",26.336297,87.94977,""
"Nilambazar","railway",24.745947,92.355639,""
"Kanaibazar","railway",24.640546,92.32395,""
"Elenga railway station","railway",24.330056,89.928195,""
"Babupur","railway",27.336895,81.07922,""
"Saroba Railway Station","railway",32.577528,72.865565,""
"Chilikidara","railway",21.248089,85.808846,""
"Nakarikallu","railway",16.354633,79.919557,""
"Jamira","railway",24.318482,92.527931,""
"Patharkandi","railway",24.610651,92.322128,""
"Churaibari","railway",24.433733,92.241436,""
"Dharmanagar","railway",24.369978,92.169932,""
"Tilbhum","railway",24.488762,92.271913,""
"Kalkalighat","railway",24.580638,92.295464,""
"New Ashok Nagar","railway",28.591321,77.30252,""
"Sir M Visvesvaraya Terminal","railway",12.999655,77.641154,""
"ဇီးပြားဘူတာရုံ","railway",21.624458,94.456209,""
"Palasdhari Station","railway",18.853177,73.350808,""
"Shah Ali Banda Metro Station","railway",17.353976,78.472887,""
"လက်ပန်ဘူတာရုံ","railway",22.352335,94.150935,""
"မြင်းဇာဘူတာရုံ","railway",22.284141,94.149408,""
"Nigatapur","railway",25.251486,82.760559,""
"karavadi Railway Station","railway",15.55269,80.113477,""
"CHHAPRA KACHERI","railway",25.785707,84.745935,""
"Sin Hpyu Kyun Railway Station","railway",20.662388,94.672858,""
"ကုက္ကိုတန်း","railway",20.717738,94.652145,""
"Thiruketheeswaram","railway",8.915418,79.947775,""
"Jaffna","railway",9.665466,80.020706,""
"Mayapur","railway",22.869022,87.867193,""
"Train station","railway",17.588464,80.029914,""
"ملتان چھاؤنی ریلوے اسٹیشن","railway",30.180475,71.44467,""
"نیو ملتان سٹی ریلوے اسٹیشن","railway",30.183734,71.516796,""
"ملتان شہر ریلوے اسٹیشن","railway",30.18233,71.465431,""
"پیراں غائب ریلوے اسٹیشن","railway",30.196706,71.557928,""
"چک ریلوے اسٹیشن","railway",29.946479,71.324265,""
"بستی شاہ نال ریلوے اسٹیشن","railway",29.6183,71.560059,""
"آدم واہن ریلوے اسٹیشن","railway",29.467077,71.645169,""
"Dugga","railway",33.177671,74.938777,""
"Lodhipur Bishanpur","railway",28.871911,78.710154,""
"Phiding","railway",25.205255,93.144714,""
"ဂန့်ဂေါဘူတာရုံ","railway",22.172461,94.142458,""
"ကြက်ရိုးဘူတာရုံ","railway",21.877864,94.354621,""
"بہل","railway",31.41244,71.022879,""
"လယ်ကိုင်း ဘူတာ","railway",20.317676,94.738707,""
"Bapatla Railway Station","railway",15.908437,80.468538,""
"စကုဘူတာ","railway",20.231821,94.795557,""
"စကုဘူတာရုံ","railway",20.23172,94.795523,""
"ဘူတာ","railway",20.100529,94.837274,""
"ဘူတာရုံ","railway",20.100607,94.83718,""
"Ma Gyi Thone Pin Railway Station","railway",20.01382,94.894347,""
"ထနောင်းတော ဘူတာ","railway",20.257683,94.763984,""
"ထနောင်းတော ဘူတာရုံ","railway",20.257685,94.763798,""
"Erode Diesel Loco Shed Track: Double Electric-Line","railway",11.323833,77.718172,""
"Nilphamari College Station, Train station","railway",25.931261,88.838673,""
"Toronibari Railway Station, Train station","railway",26.023555,88.824129,""
"Metro Rail Depot","railway",23.877698,90.356668,""
"نصرپور","railway",34.018878,71.677955,""
"تارو جبہ","railway",34.017187,71.727712,""
"پیر پیائی","railway",34.009731,71.897379,""
"حیات شیر پاؤ شہید","railway",34.006855,72.060318,""
"اکوڑا خٹک","railway",33.994682,72.147148,""
"خیرآباد کنڈ","railway",33.900221,72.226282,""
"واہ کینٹ ریلوے","railway",33.758237,72.793033,""
"بودھو","railway",33.794753,72.76792,""
"ہری پور بند","railway",32.468401,74.104368,""
"نوتہیہ ریلوے اسٹیشن","railway",31.922418,73.55391,""
"رتن ہالٹ","railway",31.816974,73.464436,""
"کلانچ والا","railway",29.294391,71.444935,""
"جھتھا بھٹہ","railway",28.681574,70.741961,""
"آدم صحابہ","railway",28.359697,70.224356,""
"ماچھی گوٹھ","railway",28.256688,70.065855,""
"شہید حیدر علی","railway",28.201604,69.990573,""
"رتی","railway",28.085344,69.856656,""
"سرحد","railway",28.037102,69.417268,""
"ماہیسر","railway",27.921762,69.198875,""
"مندو ڈیرو","railway",27.680151,68.981379,""
"سادھوکے","railway",31.890327,74.242861,""
"کابل دریا","railway",34.018423,71.992722,""
"رسالپور کینٹ","railway",34.062628,72.002686,""
"رشکئی","railway",34.116052,72.019773,""
"گجر گڑھی","railway",34.22568,72.013733,""
"کلپانی","railway",34.242054,71.985595,""
"خوشحال گڑھ","railway",33.473225,71.870452,""
"سنی گمبٹ","railway",33.502291,71.672673,""
"پنجگرائیں","railway",31.917513,71.153917,""
"جمن شاہ","railway",30.871015,70.941962,""
"شادن لنڈ","railway",30.463593,70.725383,""
"یارو کھوسہ","railway",30.164857,70.611919,""
"پائیگاہ","railway",29.950904,70.633283,""
"عظمت والا","railway",29.570144,70.53371,""
"محمد پور دیوان","railway",29.478456,70.493194,""
"فاضل پور","railway",29.301312,70.445174,""
"بدلی مزاری","railway",28.767354,70.0657,""
"Krishnarajapuram","railway",13.000546,77.675456,""
"Gaura railway station","railway",25.727359,82.117342,""
"Jalalpur Dhai","railway",26.008276,81.155756,""
"Harishanker Rd","railway",20.627092,82.765351,""
"Kamtaul Station","railway",26.327708,85.815736,""
"Kantadih railway station","railway",23.218684,86.296886,""
"Khundaur Station","railway",26.048922,82.020398,""
"Komakhan railway station","railway",20.980936,82.456767,""
"Kurebhar railway station","railway",26.410094,82.112054,""
"Lachhmanpur Station","railway",26.052485,81.256925,""
"Malipur railway station","railway",26.281108,82.630791,""
"Mathurapur railway station","railway",24.36265,86.634855,""
"Mau Aimma Station","railway",25.698062,81.913348,""
"Narpatganj railway station","railway",26.343989,87.109757,""
"Siddapur","railway",15.522362,76.639637,""
"Piparpur Station","railway",26.152024,82.041694,""
"Turekala Road","railway",20.568892,82.80986,""
"تورہ تیگہ","railway",34.128037,71.119798,""
"لنڈی خانہ","railway",34.10949,71.109523,""
"سلطان خیل","railway",34.082297,71.193904,""
"زنتارا","railway",34.072523,71.220943,""
"کٹا کشتہ","railway",34.049431,71.250963,""
"شاہ گئی","railway",34.018555,71.276003,""
"Gangavathi Railway station","railway",15.442212,76.550108,""
"چاغی","railway",34.010073,71.303947,""
"میڈانک","railway",34.008229,71.308365,""
"باگیاری","railway",33.99865,71.324821,""
"کروڑ","railway",31.218813,70.963624,""
"ڈيره غازي خان","railway",30.050979,70.623012,""
"جام پور","railway",29.638422,70.577249,""
"روجھان","railway",28.711845,69.943746,""
"بخشاپور","railway",28.362457,69.379451,""
"Kempegowda International Airport Halt","railway",13.210658,77.676159,""
"فورٹ عباس","railway",29.190482,72.855369,""
"شہباز والا","railway",29.276238,72.929367,""
"رفیق -آباد","railway",29.393726,72.994989,""
"فقیر والی","railway",29.469367,73.037433,""
"کھاٹن","railway",29.671343,73.174692,""
"ڈونگہ بونگہ","railway",29.745719,73.226918,""
"راؤخانوالا","railway",31.189107,74.327309,""
"اتھل پور","railway",31.161373,74.387212,""
"ڈھولن","railway",30.950056,74.263585,""
"بستی قطب","railway",30.78571,74.161639,""
"حاجی چاند","railway",30.698638,74.069371,""
"منڈی احمد آباد","railway",30.654915,74.027067,""
"گل شیر","railway",30.603272,73.912801,""
"قلعہ دیوا سنگھ","railway",30.512034,73.757342,""
"چک کمبو","railway",30.426318,73.595745,""
"مولوی والا","railway",30.403932,73.539096,""
"پاکپتن","railway",30.355016,73.39512,""
"پکا سدھار","railway",30.318946,73.274569,""
"مراد چشتی","railway",30.310875,73.20444,""
"محمد نگر","railway",30.266721,72.982224,""
"گگو","railway",30.217242,72.827631,""
"ظاہرنگر","railway",30.130348,72.599884,""
"ماچھیانوالہ","railway",30.103269,72.520339,""
"وہاڑی","railway",30.044927,72.350095,""
"ظفر اقبال","railway",30.008336,72.280128,""
"میلسی","railway",29.8073,72.176911,""
"فارم نور محمد","railway",29.885318,72.221413,""
"اشرف شاہ","railway",29.75513,72.110586,""
"سردار جھنڈیر","railway",29.719263,72.049117,""
"جمرانی واہ","railway",29.58118,71.745318,""
"شہیدانوالا","railway",29.612442,71.643403,""
"رکن پور","railway",29.678657,71.669826,""
"سراج والا","railway",29.722221,71.68704,""
"دُنیا پُور","railway",29.80683,71.721055,""
"قُطب پُور","railway",29.902056,71.758842,""
"سکھ بیس","railway",29.989265,71.792412,""
"جہانیاں","railway",30.042333,71.812812,""
"پرویز والا","railway",30.126424,71.8467,""
"جنگل مڑیالہ","railway",30.183154,71.868178,""
"Pindra Road Railway Station","railway",25.494661,82.852906,""
"Nagpur Junction railway station","railway",21.152373,79.088236,""
"Daund Junction Chord Line","railway",18.466708,74.552691,""
"Ghunwara Railway Station","railway",24.134469,80.630389,""
"Barakalan","railway",25.491291,83.849393,""
"Shisho","railway",26.204707,85.865739,""
"Nathganj","railway",24.546846,85.382073,""
"Narayanpur Anant","railway",26.089031,85.40895,""
"Alambagh West Cabin","railway",26.828609,80.907209,""
"Salim Pur Bihar","railway",25.468962,85.467748,""
"Kayasthagram","railway",24.719135,92.34764,""
"Daniyawan Bazar Halt","railway",25.434872,85.291229,""
"Sitabinji","railway",21.500176,85.789558,""
"Maa Ahorwa Bhawani Dham railway station","railway",26.532263,81.501444,""
"Sriramanagar","railway",15.492386,76.616629,""
"Jawaharnagar","railway",23.919835,91.901765,""
"Saintala","railway",20.434005,83.334737,""
"Diyawan","railway",25.381183,85.283462,""
"Baskatwa B. H. Railway Station","railway",24.546962,85.367147,""
"Tangiriapal","railway",21.167829,85.924041,""
"Pratapganj Railway Station","railway",26.312793,86.956403,""
"Therubali","railway",19.335605,83.421319,""
"Moabund","railway",26.668895,94.072192,""
"Lachhmanpur","railway",26.050588,81.25753,""
"Urma Railway Station","railway",23.152838,86.248994,""
"Gadadharpur","railway",24.01354,87.691723,""
"Makhdumpur Gaya","railway",25.077542,84.978747,""
"Lalgopalganj Railway Station","railway",25.642242,81.629924,""
"Kanth","railway",29.059364,78.621503,""
"Gaura","railway",25.735657,82.108267,""
"Metyal Sahar","railway",23.48218,86.74847,""
"Tamna railway station","railway",23.268947,86.352373,""
"Sujnipara Junction","railway",24.57058,88.036997,""
"Noadar Dhal","railway",23.446035,87.743118,""
"Jhartarbha railway station","railway",20.749642,83.709637,""
"Narpatganj","railway",26.340091,87.111691,""
"Manikui","railway",22.919952,86.067081,""
"Lalgarh Bihar Halt Railway Station","railway",24.160747,83.973521,""
"Banpas","railway",23.403125,87.747565,""
"Saneh Road","railway",29.690023,78.450151,""
"Viswanath Charali","railway",26.769691,93.165423,""
"Tinsukia Junction","railway",27.486839,95.35772,""
"Hubballi","railway",15.350058,75.149476,""
"Khajurhat Railway Station","railway",26.52729,82.126863,""
"Pariawan Kalakankar Road","railway",25.825289,81.368595,""
"Madankata Railway Station","railway",24.164916,86.703856,""
"Gooty Fort Railway Station","railway",15.139245,77.64726,""
"Sindhanur","railway",15.756644,76.768416,""
"Bhedia railway station","railway",23.589986,87.711392,""
"Siddharth Nagar","railway",27.27547,83.08806,""
"Kansrao Railway Station","railway",30.078806,78.141807,""
"Sankarpur","railway",24.441785,86.637646,""
"Kumrabad Rohini","railway",24.475023,86.643502,""
"Hatpuraini Railway station","railway",25.143372,86.985775,""
"Runni Saidpur Railway Station","railway",26.411461,85.51992,""
"Rampur Halt Railway Station","railway",25.171379,86.140835,""
"Rajla Halt","railway",24.755658,86.42272,""
"Narganjo Halt","railway",24.74389,86.457904,""
"Mekra Mamarkhabad Halt","railway",25.472233,85.827955,""
"Kanhaipur Halt","railway",25.454535,85.841152,""
"Joramow Railway Station","railway",24.203678,86.705437,""
"Mananpur Railway Station","railway",25.105585,86.155739,""
"Bahuara Halt","railway",25.899113,84.78553,""
"Kafurpur","railway",28.865685,78.360762,""
"Shashidal Railway Station","railway",23.638528,91.146879,""
"শিবগঞ্জ রেলওয়ে স্টেশন","railway",25.998261,88.403457,""
"Ruhia Railway Station","railway",26.168245,88.405464,""
"Kismat Railway Station","railway",26.222146,88.44713,""
"Sultanpur School Railway Station","railway",25.822972,88.403704,""
"Nayaniburuz Railway Station","railway",26.277688,88.496106,""
"Panchagarh Railway Station","railway",26.326556,88.535884,""
"demo railway","railway",21.841698,82.780661,""
"Nagbhir Junction","railway",20.580054,79.700197,""
"Chhaprawat Halt","railway",28.541386,77.799537,""
"Fatehpur Makrandpur","railway",28.376758,77.675048,""
"Shahbaz Kuli","railway",25.631599,83.675125,""
"Yusufpur","railway",25.636485,83.747452,""
"Ghazipur Ghat","railway",25.603094,83.609822,""
"Taraon","railway",25.525865,83.310831,""
"Nandganj","railway",25.544852,83.397276,""
"Baruna","railway",25.569067,84.072624,""
"V.V. Giri Halt","railway",25.570677,84.178657,""
"लोहारपट्टी रेलवे स्टेशन","railway",26.796646,85.846559,""
"Dharamjaigarh Road","railway",22.423939,83.171887,""
"Talegaon Railway Station","railway",18.736744,73.670546,""
"Akurdi Railway Station","railway",18.64822,73.764899,""
"Shibganj Railway Station","railway",25.998389,88.403692,""
"Karepalli Junction Railway Station","railway",17.509802,80.269634,""
"Atharabari","railway",24.640821,90.712981,""
"Nawada Railway Station","railway",24.891175,85.550774,""
"پرچی جی ویری","railway",25.56726,69.895101,""
"چھور جنگشن","railway",25.531952,69.842798,""
"نیا چھور","railway",25.528304,69.832093,""
"Loknath","railway",22.872022,88.033305,""
"Sahasralingam","railway",26.38047,84.932312,""
"Madhuban","railway",26.436122,85.13937,""
"Piprahan","railway",26.221704,85.251264,""
"Bansghat","railway",26.371467,85.042349,""
"Nagarukhra Jn. (Proposed)","railway",22.945399,88.637162,""
"للہ","railway",32.545769,72.73044,""
"Hazratpur","railway",26.233838,84.970291,""
"للہ ٹائون","railway",32.559752,72.752405,""
"Pavagada","railway",14.116491,77.296108,""
"Piprahi","railway",26.530143,85.373256,""
"Sheohar","railway",26.509213,85.311637,""
"Rajepur","railway",26.360391,85.211977,""
"Dhaka","railway",26.676008,85.177646,""
"Phenhara","railway",26.534046,85.15747,""
"Bathna Halt","railway",26.341768,85.121241,""
"Mehsi Junction","railway",26.354474,85.09639,""
"Baruraj","railway",26.241827,85.106416,""
"Warangal Airport","airport",17.914055,79.603609,""
"Jeypore","airport",18.881287,82.552768,""
"Dibrugarh Mohanbari Airport","airport",27.485468,95.017076,""
"Marnah Ghar","airport",32.338186,68.939803,""
"Belab","airport",30.34003,70.556703,""
"Gurha Salim","airport",32.878564,73.605353,""
"Kot Addu","airport",30.494907,70.971156,""
"Mad Juma","airport",28.35619,70.600235,""
"Mir Baz","airport",31.189576,70.180039,""
"Car Nicobar Air Force Station","airport",9.156225,92.821517,""
"SLAF Hingurakgoda","airport",8.050969,80.97872,""
"Jindal Vijaynagar Airport","airport",15.175137,76.63327,""
"Hasimara Air Force Station","airport",26.701816,89.366478,""
"Sookerating Airfield","airport",27.551521,95.572803,""
"Chabua Air Force Station","airport",27.463005,95.114313,""
"Ondwa Airport","airport",25.142732,74.611925,""
"Suratgarh Airbase","airport",29.389206,73.904714,""
"Sidhi","airport",24.401763,81.814776,""
"Amla Airstrip","airport",21.925589,78.113685,""
"Kovilpatti","airport",9.151394,77.820006,""
"Harihar Airstrip","airport",14.533295,75.785216,""
"Nuagaon Airstrip","airport",20.512386,83.446975,""
"Aamby Valley Airfield","airport",18.61014,73.378333,""
"Turial","airport",23.745844,92.803016,""
"Naini Airfield (historical)","airport",25.324239,81.841817,""
"Salerno Landing Zone Airport","airport",33.3638,69.956101,""
"Baljek Airstrip","airport",25.661488,90.345039,""
"Urgun Airport","airport",32.931801,69.156303,""
"Thal Airport","airport",33.3876,70.588798,""
"Kashmor Airport","airport",28.4706,69.599098,""
"Pano Aqil Southeast Airport","airport",27.813101,69.167099,""
"Chirat Airport","airport",33.968102,71.967499,""
"Chore Airport","airport",25.525999,69.771797,""
"Miran Shah Airport","airport",33.014702,70.0644,""
"Rafiqui Air Base","airport",30.758101,72.282501,""
"Mushaf Air Base","airport",32.048599,72.665001,""
"Sahiwal Airport","airport",31.889583,72.309382,""
"Basal Airport","airport",33.527933,72.257962,""
"ঠাকুরগাঁও বিমানবন্দর","airport",26.015794,88.404925,""
"শমশেরনগর বিমানবন্দর","airport",24.39904,91.912727,""
"Dhorpatan Airport","airport",28.492931,83.050396,""
"Rolpa Airport","airport",28.267011,82.756265,""
"Kochi Naval Airport","airport",9.947301,76.272265,""
"လမ်းရွာလေဆိပ်","airport",20.940399,94.822601,""
"Phonngbyin Airport","airport",24.25,94.782997,""
"Salingyi Airport","airport",22.1,95.016998,""
"Basant Nagar Airstrip","airport",18.70113,79.393161,""
"RAF Garhbeta Abandoned Airbase","airport",22.785005,87.359269,""
"Mijicajan Airstrip","airport",26.823096,93.216428,""
"Birpur Abandoned Airstrip","airport",26.508963,87.018184,""
"JK Airport","airport",25.020612,73.898505,""
"Piardoba Airbase (Abandoned)","airport",22.98971,87.297589,""
"जिरी विमानस्थल","airport",27.62585,86.230658,""
"Phulbani Airstrip","airport",20.464128,84.264687,""
"চকরিয়া পুরাতন বিমানবন্দর","airport",21.768789,92.073983,""
"Nepalgunj Travels Pvt.Ltd.","airport",28.065433,81.624959,""
"Phalgunanda Sukilumba Airport","airport",26.877292,87.905465,""
"Arasmeta Airstrip","airport",21.945434,82.347078,""
"বাংলাদেশ এয়ার ফোর্স একাডেমি, যশোর","airport",23.189228,89.149929,""
"Suntharali Airport-Kotbada","airport",29.171845,81.575847,""
"Ulundurpet Airfield (Abandoned)","airport",11.68898,79.321326,""
"Chettinad Airfield (Abandoned)","airport",10.164724,78.793944,""
"Abbaspur Airfield (historical)","airport",32.062692,72.516846,""
"Forbesganj Airport","airport",26.297029,87.283043,""
"Naval Air Station","airport",11.645532,92.731177,""
"Parma Valley ALG","airport",33.838581,78.324187,""
"Tuljapur Heliport","airport",17.993939,76.07782,""
"Pandaveswar Airfield (Abandoned)","airport",23.637908,87.346835,""
"Dolpa Airport","airport",28.986562,82.818144,""
"Darchula Airport (IATA)","airport",29.667723,80.54576,""
"Wagowal Airstrip","airport",32.180208,72.541294,""
"jindal airport","airport",21.941419,83.345541,""
"Noakhali Airport","airport",22.73917,91.065433,""
"Guru Jasnath Ji Airport Bikaner","airport",28.062646,73.201032,""
"Gannavaram Airport","airport",16.527236,80.785684,""
"Falcon airway","airport",24.661286,80.259192,""
"Pune Airport","airport",18.584851,73.919613,""
"Sahnewal Airport - Ludhiana","airport",30.854123,75.95178,""
"Thiruvananthapuram International Airport","airport",8.481957,76.919633,""
"Chhatrapati Shivaji Maharaj International Airport","airport",19.090155,72.862915,""
"Chennai International Airport","airport",12.993366,80.167299,""
"Mangalore International Airport","airport",12.954854,74.88384,""
"Lal Bahadur Shastri International Airport","airport",25.451074,82.862688,""
"Veer Savarkar International Airport","airport",11.640749,92.729312,""
"Banaras Hindu University Airstrip And Flying Club","airport",25.253614,82.99109,""
"Tambaram Air Force Station","airport",12.903514,80.121325,""
"Jaipur International Airport","airport",26.828094,75.819108,""
"Allahabad Bamrauli Airport","airport",25.436898,81.739185,""
"Vadodara Green Airport Harni","airport",22.336467,73.226721,""
"Coimbatore International Airport","airport",11.032886,77.045867,""
"HAL Airport","airport",12.951479,77.669346,""
"Salem Airport","airport",11.782305,78.064529,""
"Begumpet Airport","airport",17.454091,78.46832,""
"Kanpur Civil Airport","airport",26.440598,80.363609,""
"Kanpur Chakeri Airport","airport",26.405427,80.415466,""
"Agatti Airport","airport",10.823271,72.17548,""
"Yelahanka Air Force Station","airport",13.137601,77.603192,""
"Jakkur Aerodrome","airport",13.077928,77.597609,""
"Sardar Vallabhbhai Patel International Airport","airport",23.075883,72.631209,""
"ملتان انٹرنیشنل ائیرپورٹ","airport",30.205531,71.419635,""
"Kota Airport","airport",25.160299,75.845509,""
"Safdarjung Airport","airport",28.584986,77.205907,""
"Devi Ahilyabai Holkar Airport","airport",22.720202,75.796755,""
"Rajkot Airport","airport",22.309223,70.779529,""
"Juhu Aerodrome","airport",19.097809,72.833132,""
"Hadapsar Gliding Centre","airport",18.493067,73.942482,""
"Jamshedpur Sonari Airport","airport",22.813634,86.169296,""
"Bhuntar Airport","airport",31.876077,77.153886,""
"Netaji Subhash Chandra Bose International Airport","airport",22.656365,88.444808,""
"Sulur Air Force Station","airport",11.012967,77.157892,""
"Bareilly Air Force Station","airport",28.420746,79.450047,""
"Tirupati Airport","airport",13.632622,79.541512,""
"Thanjavur Air Force Station","airport",10.722651,79.110684,""
"INS Rajali","airport",13.06594,79.692983,""
"Tuticorin Airport","airport",8.726447,78.027608,""
"Calicut International Airport","airport",11.136371,75.955333,""
"NDA Gliderdrome","airport",18.472916,73.782052,""
"Biju Patnaik International Airport","airport",20.252434,85.813002,""
"Charbatia Air Base","airport",20.547665,85.887529,""
"Goa International Airport","airport",15.380586,73.832657,""
"Kandla Airport","airport",23.112578,70.100727,""
"Porbandar","airport",21.650323,69.656646,""
"Mithapur Airstrip","airport",22.411908,68.99217,""
"Ranchi Birsa Munda Airport","airport",23.315009,85.321161,""
"Surat Airport","airport",21.115396,72.745527,""
"Amreli Airstrip","airport",21.621583,71.22598,""
"Jammu Airport","airport",32.688632,74.839142,""
"Bir Tikendrajit International Airport","airport",24.758168,93.896468,""
"Bihta Air Force Station","airport",25.587433,84.883431,""
"Madurai International Airport","airport",9.836307,78.089673,""
"Pithoragarh","airport",29.593518,80.239002,""
"Jayprakash Narayan International Airport","airport",25.591898,85.087613,""
"SLAF Anuradhapura","airport",8.303353,80.430525,""
"Gorakhpur Air Force Station","airport",26.733795,83.45303,""
"Gwalior Airport","airport",26.297916,78.227248,""
"Dr. Panjabrao Deshmukh Airport","airport",20.815403,77.72234,""
"Nagarjuna Sagar","airport",16.541711,79.318317,""
"Sultanpur Airfield","airport",26.247528,82.042752,""
"Satna Airport","airport",24.562547,80.852964,""
"Poonch Airport","airport",33.771355,74.082841,""
"Rajouri Airport","airport",33.377525,74.315417,""
"Hosur Aerodrome","airport",12.6634,77.770925,""
"Abu Road","airport",24.493993,72.782161,""
"Daman Airport","airport",20.431128,72.841007,""
"Leh Kushok Bakula Rimpochee Airport","airport",34.13527,77.546227,""
"Nanded Shri Guru Gobind Singh Ji Airport","airport",19.181814,77.326111,""
"Muzzafarpur Airport","airport",26.118266,85.313633,""
"Bellary Airport","airport",15.1622,76.881985,""
"Purnea Airport","airport",25.76482,87.40955,""
"Gaya International Airport","airport",24.743322,84.949718,""
"Ratnagiri Airport","airport",17.013948,73.329224,""
"သံတွဲ လေဆိပ်","airport",18.465062,94.301512,""
"Phalodi Airstrip","airport",27.112306,72.389847,""
"Mehsana Airport","airport",23.601198,72.374174,""
"Keshod","airport",21.314004,70.269179,""
"Deesa Airport","airport",24.268296,72.204164,""
"Bagdogra Airport","airport",26.681812,88.331893,""
"Bhavnagar Airport","airport",21.753221,72.185917,""
"Vijay Nagar Airstrip","airport",19.88359,73.840227,""
"Bokaro Airport","airport",23.642465,86.148704,""
"RGIA Phase II","airport",17.25052,78.419422,""
"Bhadrapur Airport","airport",26.570814,88.079367,""
"Burnpur Airport","airport",23.630989,86.974683,""
"Kalaikunda Air Force Station","airport",22.337556,87.215848,""
"Dhanbad Airport","airport",23.834108,86.425122,""
"Arjan Singh Air Force Station","airport",23.47344,87.432028,""
"Durgapur Airstrip","airport",23.583946,87.334872,""
"त्रिभुवन अन्तर्राष्ट्रिय विमानस्थल","airport",27.693707,85.359138,""
"Bilasa Devi Kevat Bilaspur Airport","airport",21.989098,82.113161,""
"Chorhata Airport","airport",24.5036,81.220691,""
"Daltonganj Medininagar Airstrip","airport",24.020084,84.095384,""
"Dehri Airstrip","airport",24.925946,84.12953,""
"Shivpuri Airstrip","airport",25.408967,77.67099,""
"Sawai Madhopur Airstrip","airport",26.041646,76.360629,""
"Jagdalpur Airport","airport",19.073788,82.035394,""
"JSPL Airstrip","airport",21.936448,83.346261,""
"Swami Vivekananda Airport","airport",21.185377,81.748138,""
"Shimla Airport","airport",31.083108,77.067279,""
"Chhatrapati Sambhajinagar Airport","airport",19.864356,75.393896,""
"Lalitpur Airstrip","airport",24.716292,78.416571,""
"Jhansi Airport","airport",25.489807,78.561133,""
"Vellore Airport","airport",12.908252,79.06596,""
"Jabalpur Airport","airport",23.180381,80.056775,""
"PAP Complex Heliport","airport",31.2911,75.608384,""
"Pokhara Airport","airport",28.200578,83.981143,""
"কক্সবাজার বিমানবন্দর","airport",21.456287,91.96292,""
"Dr. Babasaheb Ambedkar International Airport","airport",21.0895,79.043894,""
"Nimach","airport",24.432838,74.869308,""
"Baramati Airport","airport",18.227598,74.585263,""
"Tarpura Airfield","airport",27.729538,75.240415,""
"Cooch Behar","airport",26.332521,89.469285,""
"Bentayan Airstrip","airport",23.094707,75.885093,""
"Rampur Airfield","airport",28.817231,78.928224,""
"Jhunjhununu","airport",28.107134,75.375373,""
"Malda Airport","airport",25.010331,88.126698,""
"Maharaja Bir Bikram Airport","airport",23.888075,91.238755,""
"Bhilai Airport","airport",21.295342,81.379651,""
"Lokpriya Gopinath Bordoloi International Airport","airport",26.111334,91.585318,""
"Coast Guard Air enclave","airport",12.963259,74.890134,""
"Chapra Airfield","airport",25.782702,84.7637,""
"Gaya Abandoned Airbase","airport",24.611921,84.904502,""
"ঈশ্বরদী বিমানবন্দর","airport",24.155166,89.048362,""
"Patiala Aviation Academy","airport",30.315163,76.361412,""
"Hashimara Air Force Station","airport",26.700534,89.365327,""
"Bokaro West Airstrip","airport",23.787085,85.570938,""
"Dr. Bhimrao Ambedkar Airstrip","airport",28.905022,77.676813,""
"Rajahmundry Airport","airport",17.105141,81.811025,""
"Palia Kalan Airfield","airport",28.46881,80.573042,""
"Raisuna Airfield","airport",21.696943,85.582118,""
"Akbarpur Airfield","airport",26.446314,82.570164,""
"Giridih Airstrip","airport",24.202073,86.289421,""
"Korba Airstrip","airport",22.414029,82.719457,""
"Khowai Airstrip","airport",24.061092,91.604046,""
"Kamalpur Airfield","airport",24.135945,91.810894,""
"Kalka","airport",30.823619,76.883269,""
"Banasthali Airfield","airport",26.407897,75.869489,""
"Jhalawar Airfield","airport",24.585299,76.220662,""
"Sojat Airstrip","airport",25.929005,73.684865,""
"Noon Airstrip","airport",25.150219,72.529631,""
"Mandvi Airstrip","airport",22.840139,69.305957,""
"Jamnagar Airport","airport",22.466513,70.008147,""
"Diu Airport","airport",20.714567,70.922042,""
"Dehradun Jolly Grant Airport","airport",30.192143,78.181512,""
"Akola Airport","airport",20.697578,77.056504,""
"Raxaul","airport",26.995566,84.820505,""
"Silchar Airport","airport",24.912516,92.980384,""
"Rourkela Airport","airport",22.255126,84.815457,""
"阿里昆莎机场","airport",32.101466,80.052835,""
"Deoghar International Airport","airport",24.446228,86.701033,""
"Arrah Airstrip","airport",25.565991,84.650031,""
"Ulaw Aerodrome","airport",25.427741,86.088453,""
"Aizawl Lengpui Airport","airport",23.840948,92.621232,""
"Naharlagun Heliport","airport",27.111353,93.696267,""
"Lilabari Airport","airport",27.2962,94.097881,""
"Pasighat Airport","airport",28.065492,95.336512,""
"Kangra Airport, Gaggal","airport",32.164606,76.263146,""
"Hirakud Airfield","airport",21.579435,84.006261,""
"Khavda Abandoned Airstrip","airport",23.847536,69.727979,""
"Nagaur Airstrip","airport",27.206325,73.709056,""
"বগুড়া বিমানবন্দর","airport",24.865735,89.316849,""
"Narnaul Airport","airport",28.073795,76.205737,""
"Bhiwani Airport","airport",28.837535,76.177795,""
"Bhagalpur Airfield","airport",25.248657,87.011687,""
"Biratnagar Airport","airport",26.482808,87.263581,""
"Mysore Mandakalli Airport","airport",12.230315,76.651613,""
"Sirsa Air Force Station","airport",29.562918,75.005431,""
"Guna","airport",24.654623,77.346941,""
"Rae Bareilly Fursatganj Airport","airport",26.249985,81.380886,""
"Pilani New Airstrip","airport",28.348022,75.594504,""
"Prithviganj Airstrap","airport",25.854952,82.024881,""
"林芝米林机场","airport",29.303535,94.335645,""
"拉萨贡嘎国际机场","airport",29.296274,90.908315,""
"Veer Surendra Sai Airport","airport",21.915919,84.050497,""
"Saharsa Airfield","airport",25.892341,86.582989,""
"Ambala Air Force Station","airport",30.371907,76.815354,""
"Raigarh Airfield","airport",21.822241,83.364147,""
"Shaikh Zaid Airport","airport",28.382008,70.279262,""
"Sukinda Airfield","airport",21.03224,85.754221,""
"Neyveli Airport","airport",11.613337,79.527955,""
"Jumla Airport","airport",29.274177,82.193191,""
"IAF helicopter base","airport",34.129676,77.554236,""
"Hisar Airport","airport",29.179334,75.755438,""
"Yongphula Domestic Airport","airport",27.256621,91.514421,""
"Dhana","airport",23.754005,78.856292,""
"Utkela","airport",20.097726,83.183383,""
"Pakistan Military Airfield Rahwali","airport",32.237513,74.131144,""
"Pantnagar Airport","airport",29.033033,79.47193,""
"Uttarlai Airforce Base","airport",25.81231,71.485566,""
"Bhisiana Air Force Station","airport",30.268396,74.758343,""
"Khajuraho Airport","airport",24.813005,79.914193,""
"Sri Sathya Sai Airport","airport",14.149736,77.791627,""
"Adilabad Airfield","airport",19.66364,78.549586,""
"Khambhaliya Airstrip","airport",22.243789,69.661537,""
"Dimapur Airport","airport",25.884141,93.77126,""
"Latur Airport","airport",18.411853,76.464621,""
"Jomsom Airport","airport",28.780584,83.723108,""
"Chaudhary Charan Singh International Airport","airport",26.760873,80.892967,""
"Lucknow Air Force Station","airport",26.987358,80.895132,""
"日喀则和平机场","airport",29.350221,89.30302,""
"تربیلا ڈیم ایئر پورٹ","airport",33.982758,72.60957,""
"Meghauli Airport","airport",27.577293,84.229094,""
"Bhagatanwala","airport",32.0564,72.948628,""
"Karnal Flying Club","airport",29.714392,77.036636,""
"PAF BASE Nur Khan","airport",33.617322,73.097304,""
"Gauchar Airport","airport",30.284567,79.161641,""
"रामेछाप विमानस्थल","airport",27.392903,86.059781,""
"Qasim Airport","airport",33.56034,73.033122,""
"Azamgarh Airport","airport",26.156461,83.116447,""
"Bhuj Rudra Mata Air Force Base","airport",23.27565,69.663475,""
"Mundra Airport","airport",22.835238,69.766079,""
"پی اے ایف بیس مرید","airport",32.908345,72.774841,""
"Simara Airport","airport",27.160025,84.980053,""
"اسلام آباد بین الاقوامی ہوائی اڈا","airport",33.551228,72.826901,""
"भरतपुर विमानस्थल","airport",27.67691,84.428646,""
"Gujrat Airport","airport",32.627811,74.067079,""
"गौतम बुद्ध विमानस्थल","airport",27.505674,83.414761,""
"راولا کوٹ ہوائی اڈا","airport",33.849161,73.798017,""
"Phalodi Air Force Station","airport",27.104866,72.212894,""
"Jaisalmer Airforce","airport",26.899554,70.898646,""
"Jodhpur Airbase","airport",26.251343,73.051692,""
"Amrita Devi Bishnoi Airport Jodhpur","airport",26.263391,73.052477,""
"Bikaner Nal Air Force Station","airport",28.070401,73.205327,""
"Kadanwari Airport","airport",27.204092,69.146986,""
"Jamal Din Wali Airport","airport",28.50817,70.063237,""
"Awantipura Air Force Station","airport",33.877168,74.976679,""
"Dera Ismail Khan Airport","airport",31.910927,70.89327,""
"Rangai Lunda Air Strip","airport",19.297608,84.876812,""
"Wana Airport","airport",32.305681,69.571688,""
"Bajhang Airport","airport",29.538358,81.1834,""
"Balewa Airport","airport",28.213492,83.665879,""
"Bajura (Kolti) Airport","airport",29.502953,81.668498,""
"Al Habieb Airport","airport",28.428968,71.238825,""
"Kempegowda International Airport","airport",13.197573,77.706264,""
"Nepalgunj Airport","airport",28.102595,81.667779,""
"Cochin International Airport","airport",10.15446,76.402659,""
"Mahendranagar Airport","airport",28.95846,80.147843,""
"سیالکوٹ انٹرنیشنل ایئرپورٹ","airport",32.535457,74.363332,""
"Palam AFS","airport",28.574848,77.110296,""
"Dumka Airfield","airport",24.230571,87.269945,""
"Hindon Airport","airport",28.704336,77.361669,""
"Gua Airstrip","airport",22.216936,85.384921,""
"Islamkot International Airport","airport",24.846604,70.093166,""
"Kohat Airbase","airport",33.570244,71.439988,""
"Nadargul","airport",17.305356,78.56153,""
"Shillong Airport","airport",25.703586,91.977751,""
"Manang Airport","airport",28.641409,84.087041,""
"Bidar Air Force Station","airport",17.901952,77.473341,""
"तुलसीपुर विमानस्थल","airport",28.111543,82.293709,""
"Sanphebagar Airport","airport",29.236948,81.215531,""
"Darchula Airport","airport",29.668533,80.548424,""
"धनगढी बिमानस्थल","airport",28.754006,80.583016,""
"दिपायल सिलगढी विमानस्थल","airport",29.262153,80.936014,""
"Patan Airport","airport",29.463577,80.549133,""
"Lalgarh Airstrip","airport",29.849921,74.024602,""
"Sri Guru Ram Dass Jee International Airport","airport",31.708668,74.797446,""
"Pathankot Air Force Station","airport",32.238014,75.62739,""
"Beas Jallowal Airport","airport",31.560418,75.340992,""
"Adampur Air Force Station","airport",31.437193,75.75951,""
"Maharishi Valmiki International Airport","airport",26.748874,82.159912,""
"Chaworjahari Airport","airport",28.627319,82.19422,""
"Barrackpore Air Force Station","airport",22.781771,88.360613,""
"Ambikapur Airport","airport",22.993778,83.194611,""
"स्याङ्बोचे हवाइ-मैदान","airport",27.811309,86.712245,""
"Phaplu Airport","airport",27.518049,86.585171,""
"Rumjatar Airport","airport",27.302533,86.550887,""
"Lamidanda Airport","airport",27.25268,86.672452,""
"Ziro Airfield","airport",27.588422,93.828574,""
"Saifai Airstrip","airport",26.920987,79.060455,""
"LANDING ZONE","airport",33.262545,72.727637,""
"Savitri Jindal Airport","airport",20.909962,85.036242,""
"Ashtamudi Seaplane Port","airport",8.900974,76.586922,""
"ကျောက်ထု(တောင်)လေတပ်လေယာဉ်ကွင်း","airport",21.390095,94.124256,""
"Talcha Airport","airport",29.521173,82.14672,""
"Simikot Airport","airport",29.970574,81.819047,""
"Musikot Airport","airport",28.63612,82.449969,""
"Janakpur Airport","airport",26.71004,85.922328,""
"Kushinagar International Airport","airport",26.776206,83.890488,""
"Kangel Danda Airport","airport",27.410577,86.646431,""
"دخوست هوائی ډګر","airport",33.334913,69.952313,""
"Hubballi Airport","airport",15.360474,75.07798,""
"Pokhara International Airport","airport",28.187876,84.015048,""
"ပုဂံညောင်‌ဦးလေဆိပ်","airport",21.175479,94.929595,""
"မကွေးလေဆိပ်","airport",20.153675,94.967557,""
"Solapur Airport","airport",17.62764,75.934238,""
"Jorhat Rowriah Airport","airport",26.729382,94.174204,""
"IIT Kanpur Airstrip","airport",26.519701,80.232769,""
"तेन्जिङ हिलारी विमानस्थल","airport",27.686699,86.729511,""
"Sarsawa Air Force Station","airport",29.994023,77.426431,""
"Kishanganj Airport","airport",26.076083,87.939879,""
"PAF Vehari","airport",30.091535,72.153323,""
"Balurghat","airport",25.26243,88.796194,""
"সৈয়দপুর বিমানবন্দর","airport",25.758361,88.909195,""
"ကလေးမြို့ လေဆိပ်","airport",23.18898,94.049099,""
"ပခုက္ကူ လေဆိပ်","airport",21.405354,95.112647,""
"Behala Airport","airport",22.505843,88.293411,""
"Halwara Airport","airport",30.746638,75.629769,""
"Kazi Nazrul Islam Airport","airport",23.624602,87.242147,""
"ميدان هوايي شکار قلعه","airport",34.172194,69.035553,""
"Imlikheda Airstrip","airport",22.001716,78.918199,""
"Mohamedabad Airfield","airport",27.316053,79.451877,""
"Daporijo Airfield","airport",27.985816,94.223208,""
"Navi Mumbai International Airport","airport",18.991391,73.064634,""
"Pulbhari","airport",26.836668,92.743892,""
"Pertabghur Airfield","airport",26.759551,93.080384,""
"লালমনিরহাট পরিত্যক্ত বিমানাঙ্গন","airport",25.889298,89.428925,""
"Dundigul Air Force Academy","airport",17.653008,78.401652,""
"Hakimpet Air Force Station","airport",17.550003,78.523581,""
"Shirdi Airport","airport",19.690578,74.374117,""
"سندھڑی ہوائی اڈا","airport",25.683979,69.077905,""
"শাহ আমানত আন্তর্জাতিক বিমানবন্দর","airport",22.253645,91.813706,""
"Pune International Airport","airport",18.580202,73.919491,""
"Sirohi","airport",24.895015,72.845401,""
"ခန္တီး လေဆိပ်","airport",25.9879,95.674164,""
"ဟုမ္မလင်း လေဆိပ်","airport",24.899086,94.915499,""
"မုံရွာလေဆိပ်","airport",22.223816,95.093691,""
"အမ်းလေဆိပ်","airport",19.770203,94.026573,""
"ကျောက်ဖြူလေဆိပ်","airport",19.422431,93.535374,""
"မာန်အောင်လေဆိပ်","airport",18.844341,93.684248,""
"ပုသိမ်လေဆိပ်","airport",16.812745,94.774324,""
"Agra Airport","airport",27.156701,77.950862,""
"Chandrapur Morwa Airstrip","airport",19.994487,79.222668,""
"Kailashahar Airport","airport",24.308833,92.007355,""
"Fateh Jang Airfield","airport",33.550924,72.630797,""
"শাহ মখদুম বিমানবন্দর","airport",24.43788,88.615053,""
"Andhau Airfield","airport",25.615602,83.560402,""
"Chitrakoot Airport / Karwi Airstrip","airport",25.163634,80.93116,""
"Heliport","airport",16.743326,82.291916,""
"Udhampur Air Force Station","airport",32.902635,75.154422,""
"Nuapada Airstrip","airport",20.869925,82.519601,""
"Sheikh ul-Alam International Airport","airport",33.993377,74.776954,""
"Khandwa Airstrip","airport",21.857299,76.334633,""
"Dhule Airport","airport",20.926548,74.738349,""
"Gelephu","airport",26.887518,90.464576,""
"Bathpalathang Airport","airport",27.56401,90.746078,""
"এম এ জি ওসমানী আন্তর্জাতিক বিমানবন্দর","airport",24.9638,91.8625,""
"Pokhran Airfield","airport",27.08656,71.350818,""
"तुम्लिङ्टार एयरपोर्ट","airport",27.315161,87.194054,""
"Bhojpur Airport","airport",27.147275,87.051153,""
"বরিশাল বিমানবন্দর","airport",22.803678,90.300256,""
"যশোর বিমানবন্দর","airport",23.184579,89.158755,""
"Gardez Airport","airport",33.628348,69.238261,""
"فرودگاه لوگر","airport",33.922619,69.077234,""
"Along Airport","airport",28.176154,94.804642,""
"Munger AIrfield","airport",25.346102,86.483503,""
"Belgaum Airport","airport",15.859706,74.615497,""
"Kishangarh Airport","airport",26.587059,74.80823,""
"Thanagazi Airfield","airport",27.3084,76.265454,""
"Dungarpur Airstrip","airport",23.84588,73.840962,""
"Birlagram Nagda Airfield","airport",23.447459,75.419682,""
"Kalaburagi Airport","airport",17.306465,76.964938,""
"China Bay Airport","airport",8.539627,81.180919,""
"Machuka Advanced Landing Ground","airport",28.602533,94.125769,""
"হযরত শাহজালাল আন্তর্জাতিক বিমানবন্দর","airport",23.842332,90.401729,""
"তেজগাঁও বিমানবন্দর","airport",23.778869,90.384074,""
"শমসেরনগর","airport",24.397812,91.914029,""
"কুমিল্লা বিমানবন্দর","airport",23.439098,91.188731,""
"Band Tal Airstrip","airport",25.999623,78.261194,""
"Palus Airfield","airport",17.11181,74.447457,""
"Baikunth Airstrip","airport",21.4989,81.792786,""
"Diglipur INS Kohasa","airport",13.236045,93.049488,""
"Ratlam Airport","airport",23.381071,75.024573,""
"Barbil Tonto Airport","airport",22.04623,85.37351,""
"Burhar Airstrip","airport",23.234253,81.50428,""
"Dondi Airstrip","airport",20.528024,81.082181,""
"Khanidanda Airport","airport",27.181193,86.772141,""
"Thamkharka Airport","airport",27.048175,86.857733,""
"Taplejung Airport","airport",27.351297,87.69707,""
"Gondia Airport","airport",21.528263,80.291033,""
"টাঙ্গাইল বিমানবন্দর","airport",24.229642,89.907872,""
"Karad Airport","airport",17.285855,74.157715,""
"Sravasti Airfield","airport",27.499654,82.032616,""
"Therubali Airstrip","airport",19.345616,83.434317,""
"Jashpur Airstrip","airport",22.932748,84.230069,""
"Ramanujganj Airstrip","airport",23.746481,83.707264,""
"Domestic Airport(Saw)","airport",21.155995,94.160839,""
"Jaffna International Airport","airport",9.792527,80.069856,""
"Birwa Airstrip","airport",22.092001,80.596392,""
"拉萨陆航基地","airport",29.590618,91.020987,""
"Jeypore Airport","airport",18.879533,82.552279,""
"ကိုကိုးကျွန်းလေဆိပ်","airport",14.138248,93.367694,""
"Central Industrial Security Force Quaters","airport",11.133499,75.958749,""
"Kannur International Airport","airport",11.917247,75.544418,""
"علامہ اقبال انٹرنیشنل ائیرپورٹ‎","airport",31.519517,74.401359,""
"Kadapa Airport","airport",14.515614,78.768636,""
"Kolar Air Field","airport",13.189252,78.165054,""
"SLAF Vavuniya","airport",8.739235,80.497503,""
"بنوں ہوائی اڈا","airport",32.971796,70.524274,""
"Parachinar Airport","airport",33.902365,70.071579,""
"ڈیرہ غازی خان بین الاقوامی ہوائی اڈا","airport",29.959643,70.488281,""
"当雄机场","airport",30.486394,91.080667,""
"Cholavaram Airstrip","airport",13.208466,80.151878,""
"Tuting Advanced Landing Ground","airport",28.988669,94.898959,""
"Rupsi Airport","airport",26.141283,89.907335,""
"Sindhudurg Airport","airport",16.001027,73.529103,""
"Banswara Airstrip","airport",23.58918,74.315225,""
"Parade Ground","airport",24.25555,90.153926,""
"INS Shikra","airport",18.913917,72.828628,""
"INS Parundu","airport",9.325736,78.971656,""
"सुर्खेत विमानस्थल","airport",28.585686,81.635743,""
"日喀则定日机场","airport",28.603383,86.797665,""
"Rajbiraj Airport","airport",26.508799,86.737418,""
"Darbhanga Airport","airport",26.194939,85.917644,""
"Manohar International Airport","airport",15.736722,73.862494,""
"Ojhar Air Force Station","airport",20.114128,73.922251,""
"Tezpur Air Force Station","airport",26.713482,92.784262,""
"阿里普兰机场","airport",30.397766,81.13319,""
"Baldota Koppal Aerodrome","airport",15.359241,76.22014,""
"Sant Gadge Baba Yavatmal Airport","airport",20.395898,78.215975,""
"ژوب ہوائی اڈا","airport",31.357513,69.463735,""
"বাজিতপুর আঞ্চলিক বিমানবন্দর","airport",24.212207,90.906627,""
"Minhas","airport",33.8644,72.404352,""
"Osmanabad","airport",18.280339,76.05685,""
"Shirpur Airstrip","airport",21.324068,74.957511,""
"Jalgaon Airport","airport",20.963484,75.627629,""
"Canning Helipad","airport",22.320073,88.651891,""
"Itanagar Holongi Airport","airport",26.969815,93.641925,""
"Shivamogga Airport","airport",13.857825,75.619404,""
"Dirial Airfield","airport",27.401395,95.276527,""
"NCC Airstrip","airport",9.521854,77.095939,""
"Deesa Air Force Station","airport",24.325991,71.979551,""
"Sui Airport","airport",28.645412,69.17673,""
"山南隆子机场","airport",28.423304,92.347926,""
"Khost International Airport","airport",33.285259,69.808786,""
"Rajanpur Airport","airport",29.259824,70.197155,""
"Maa Ganga Airport","airport",30.582782,78.323164,""
"Chandar","airport",32.07782,73.790339,""
"خانپُور","airport",28.641883,70.631187,""
"منگلا","airport",33.050947,73.63719,""
"Kandhkot Airport","airport",28.273507,69.276265,""
"Datia Airstrip","airport",25.656318,78.5082,""
"西藏应急救援基地拉萨通用机场","airport",29.659968,91.271357,""
"टीकापुर बिमानस्थल","airport",28.521897,81.123548,""
"Ledo Airfield (Abandoned)","airport",27.302208,95.73725,""
"Gandhinagar Army Airfield","airport",19.965336,73.808644,""
"Noida International Airport","airport",28.170983,77.608204,""
"Marhamtabad Airport","airport",26.582898,79.968641,""
"Benti Airstrip","airport",25.673566,81.494006,""
"次角林航空基地","airport",29.636471,91.143892,""
"Kargi Road Airstrip","airport",22.244003,82.018369,""
"Vinnampalli Heliport","airport",13.037344,79.203604,""
"Bhimbar Airstrip","airport",32.97043,74.06496,""
"Vijayapura Airport","airport",16.861398,75.80722,""
"Vidyanagar Jindal Airport","airport",15.171916,76.636726,""
"Surbung Airport","airport",22.938601,93.615516,""
"Pondicherry Airport","airport",11.968771,79.812197,""
"Nashik International Airport","airport",20.113015,73.896432,""
"Chashma Airport","airport",32.42467,71.45882,""
"منڈی بهاؤالدین","airport",32.601149,73.505636,""
"Rairangpur Airstrip","airport",22.305118,86.135125,""
"Mullaitivu Airport","airport",9.269128,80.727677,""
"မြင်းခြံလေဆိပ်","airport",21.48503,95.393089,""
"Mandla Air Strip","airport",22.500888,80.328984,""
"Phaltan Airfield","airport",17.975161,74.424477,""
"Rajkot International Airport","airport",22.381705,71.039958,""
"Muirpur Airstrip","airport",24.12517,83.0375,""
"Iranamadu Airport","airport",9.306085,80.489068,""
"Pakyong Airport","airport",27.232718,88.588498,""
"Malkangiri Airport","airport",18.327507,81.92246,""
"Sindhu Ghat Heliport","airport",34.083298,77.611456,""
"Fukche Advanced Landing Ground","airport",32.937694,79.213576,""
"Bhogapuram Heliport","airport",17.997213,83.479935,""
"فیصل آباد بین الاقوامی ہوائی اڈا","airport",31.366504,72.996658,""
"New General Aviation Aerodrome","airport",31.866141,74.402969,""
"British Faram Bazar Airport","airport",26.335784,85.087075,""
"रेसुङ्गा विमानस्थल","airport",28.023479,83.254334,""
"Sarsawa Airport","airport",29.989212,77.406543,""
"Devi Ahilyabai Holkar Airport, Indore","airport",22.720202,75.796755,""
"Madhubani","airport",26.329128,86.060468,""
"Rajiv Gandhi International Airport","airport",17.231319,78.432162,""
"Visakhapatnam International Airport","airport",17.721667,83.235339,""
"Chandigarh International Airport","airport",30.67421,76.789502,""
"སྤ་རོ་གནམ་ཐང༌།","airport",27.403216,89.424404,""
"باچا خان انٹرنیشنل ائرپورٹ","airport",33.99101,71.512146,""
"Jaisalmer Civil Airport","airport",26.870303,70.856502,""
"Jaisalmer Air Force Station","airport",26.890033,70.868549,""
"Maharana Pratap Airport","airport",24.6175,73.899987,""
"بہاولپور ہوائی اڈہ","airport",29.348499,71.719605,""
"Umaria Airstrip","airport",23.533709,80.80734,""
"Kurnool Airport","airport",15.715503,78.168518,""
"စစ်တွေ လေဆိပ်","airport",20.133046,92.872985,""
"Tiruchirapalli International Airport","airport",10.763445,78.72091,""
"Raja Bhoj Airport","airport",23.290195,77.328748,""
"Indira Gandhi International Airport","airport",28.555407,77.097122,""
"Vijayawada Airport","airport",16.528857,80.804545,""
